# File generated by ImageToStl.com - Free Image and 3D model conversion tools

mtllib Eva00HighPoly.mtl

o obj1
v -0.03957998 -0.05673281 2.678803
v -0.07375997 -0.00099481 2.6521
v -0.01038998 -0.06669078 2.69017201
v 0.01038998 -0.06669078 2.69017201
v 0.07375997 -0.00099481 2.6521
v 0.03957998 -0.05673281 2.678803
v -0.13872 0.29937023 3.00656598
v -0.14692 0.30568423 2.99152798
v -0.24447 0.23188312 2.96384498
v -0.1875 0.10114123 3.04483799
v -0.16971 0.05913721 3.01859
v -0.16151 0.06676518 3.05529799
v -0.15511 0.01702218 3.009808
v -0.15511 0.00581018 2.952455
v -0.05756998 0.02615021 3.004884
v -0.15511 0.01702218 3.009808
v -0.25586 0.15973612 2.97228799
v -0.16971 0.05913721 3.01859
v -0.1875 0.10114123 3.04483799
v -0.26066 0.15815922 2.95977699
v -0.24447 0.23797122 2.94898298
v -0.30143 0.17391322 2.92235799
v -0.24447 0.23797122 2.94898298
v -0.26066 0.15815922 2.95977699
v -0.24447 0.23188312 2.96384498
v -0.30143 0.17832412 2.87157799
v -0.28504 0.27853322 2.85154698
v -0.27705 0.14204211 2.75087199
v -0.30143 0.17832412 2.87157799
v -0.30143 0.17391322 2.92235799
v -0.28504 0.27853322 2.85154698
v -0.28504 0.26068222 2.91426598
v -0.24447 0.23797122 2.94898298
v -0.14692 0.30568423 2.99152798
v -0.28504 0.26068222 2.91426598
v -0.24447 0.23797122 2.94898298
v -0.25586 0.15973612 2.97228799
v -0.28504 0.26068222 2.91426598
v 0.24447 0.23797122 2.94898298
v 0.14692 0.30568423 2.99152798
v 0.24447 0.23188312 2.96384498
v 0.13872 0.29937023 3.00656598
v 0.16151 0.06676518 3.05529799
v 0.16971 0.05913721 3.01859
v 0.1875 0.10114123 3.04483799
v 0.1875 0.10114123 3.04483799
v 0.16971 0.05913721 3.01859
v 0.25586 0.15973612 2.97228799
v 0.15511 0.01702218 3.009808
v 0.1875 0.10114123 3.04483799
v 0.25586 0.15973612 2.97228799
v 0.24447 0.23188312 2.96384498
v 0.28504 0.27853322 2.85154698
v 0.30143 0.17391322 2.92235799
v 0.30143 0.17832412 2.87157799
v 0.24447 0.23797122 2.94898298
v 0.30143 0.17391322 2.92235799
v 0.28504 0.26068222 2.91426598
v 0.26066 0.15815922 2.95977699
v 0.28504 0.26068222 2.91426598
v 0.27705 0.14204211 2.75087199
v 0.28504 0.27853322 2.85154698
v 0.30143 0.17832412 2.87157799
v 0.25586 0.15973612 2.97228799
v 0.26066 0.15815922 2.95977699
v 0.24447 0.23188312 2.96384498
v 0.28504 0.26068222 2.91426598
v 0.14692 0.30568423 2.99152798
v 0.24447 0.23797122 2.94898298
v 0.24447 0.23797122 2.94898298
v 0.15511 0.01702218 3.009808
v 0.05756998 0.02615021 3.004884
v 0.15511 0.00581018 2.952455
v -0.05728995 -0.00556276 2.638829
v 0.28025 -0.02381279 2.841655
v 0.26066 -0.03960879 2.887699
v 0.23467 -0.04553279 2.825644
v 0 0.06849617 2.57217999
v 0 0.04841114 2.576754
v -0.04471498 0.03460617 2.620157
v -0.05756998 0.05072214 2.62806
v 0 -0.05658976 2.668401
v 0 -0.05658976 2.668401
v 0.05728995 -0.00556276 2.638829
v 0.14032 0.07185419 2.68257099
v 0.2282699 0.14693511 2.71761199
v 0.22008 0.02022316 2.696159
v 0.05756998 0.05072214 2.62806
v 0.07375997 -0.00099481 2.6521
v 0.30623 0.07341817 2.77653599
v 0.27705 0.14204211 2.75087199
v 0.1795 -0.04511376 2.89258
v 0.23467 -0.04553279 2.825644
v 0.26066 -0.03960879 2.887699
v 0.2022899 -0.01435478 2.937004
v 0.1859 0.03386121 2.981739
v 0.17131 -0.06141277 2.868471
v 0.1859 0.03386121 2.981739
v 0.236162 0.0852332 2.98325499
v 0.16971 0.05913721 3.01859
v 0.25586 0.15973612 2.97228799
v 0.27045 0.13172522 2.97524399
v 0.30623 0.16030521 2.81816499
v 0.30143 0.17391322 2.92235799
v 0.15511 0.01702218 3.009808
v 0.30143 0.17832412 2.87157799
v 0.26066 0.15815922 2.95977699
v -0.27045 0.13172522 2.97524399
v -0.30143 0.17391322 2.92235799
v -0.30623 0.16030521 2.81816499
v -0.15511 0.01702218 3.009808
v -0.16971 0.05913721 3.01859
v -0.1859 0.03386121 2.981739
v -0.1859 0.03386121 2.981739
v -0.2022899 -0.01435478 2.937004
v -0.1795 -0.04511376 2.89258
v -0.23467 -0.04553279 2.825644
v -0.17131 -0.06141277 2.868471
v -0.26066 -0.03960879 2.887699
v -0.30623 0.07341817 2.77653599
v -0.22008 0.02022316 2.696159
v -0.28025 -0.02381279 2.841655
v -0.23467 -0.04553279 2.825644
v -0.30143 0.17832412 2.87157799
v -0.27705 0.14204211 2.75087199
v -0.27705 0.14204211 2.75087199
v -0.22008 0.02022316 2.696159
v -0.30623 0.07341817 2.77653599
v -0.26066 0.15815922 2.95977699
v -0.236162 0.0852332 2.98325499
v -0.25586 0.15973612 2.97228799
v -0.317694 0.00953016 2.867304
v -0.2282699 0.14693511 2.71761199
v -0.14032 0.07185419 2.68257099
v -0.322845 0.11272812 2.94668899
v -0.07375997 -0.00099481 2.6521
v -0.05756998 0.05072214 2.62806
v -0.26066 -0.03960879 2.887699
v 0.10734 -0.0851288 2.88579001
v 0.06496 -0.0967318 2.87624001
v 0.06496 -0.08681775 2.86879701
v 0.03737998 -0.11671678 2.88129801
v 0.04973495 -0.10404778 2.91651201
v 0.04705595 -0.0941868 2.90910901
v 0.02977997 -0.10939079 2.84336701
v 0.03737998 -0.10684878 2.87388901
v 0.04722696 -0.12187778 2.97690101
v 0.04465597 -0.11491978 2.97274901
v 0.06528496 -0.05614675 2.951841
v 0.072474 -0.07156975 2.96306601
v 0.12205 -0.04860575 2.949683
v 0.06458395 -0.09851576 2.87910201
v 0.05163997 -0.10512478 2.91712101
v 0.03882598 -0.11725778 2.88222601
v 0.04389494 -0.09485078 2.99553501
v 0.05099195 -0.10734377 3.00339401
v 0.105684 -0.08713175 2.88833901
v 0.11334 -0.07716675 2.91422701
v 0.11334 -0.06724377 2.90677601
v 0.06775999 -0.09275575 2.95013601
v 0.111657 -0.0792218 2.91666301
v 0.120665 -0.05166675 2.950721
v -0.02897995 -0.14595078 2.89844601
v -0.04576998 -0.14443277 2.99669701
v -0.04218 -0.11340378 2.91506601
v -0.02178996 -0.18750478 2.96789001
v -0.02398997 -0.12677078 2.87829801
v -0.01718997 -0.14939778 2.89674001
v 0 -0.16717578 2.90463701
v -0.01058995 -0.09912475 2.82797801
v 0 -0.15303778 2.89524001
v 0 -0.0953488 2.81776301
v 0.01718997 -0.14939778 2.89674001
v 0.01058995 -0.09912475 2.82797801
v 0.02178996 -0.18750478 2.96789001
v 0.02897995 -0.14595078 2.89844601
v 0.02398997 -0.12677078 2.87829801
v 0.04218 -0.11340378 2.91506601
v 0 -0.19580578 2.96412501
v 0.04576998 -0.14443277 2.99669701
v -0.13162 -0.04143078 2.948314
v -0.123872 -0.07723679 2.91304601
v -0.119329 -0.0681708 2.90794801
v -0.179886 -0.04593976 2.892403
v -0.182578 -0.03281773 2.884632
v -0.115878 -0.07502378 2.87906801
v 0.179886 -0.04593976 2.892403
v 0.120817 -0.0833108 2.88747101
v 0.115878 -0.07502378 2.87906801
v 0.119329 -0.0681708 2.90794801
v 0.123872 -0.07723679 2.91304601
v 0.13162 -0.04143078 2.948314
v -0.06775999 -0.09275575 2.95013601
v -0.120665 -0.05166675 2.950721
v -0.111657 -0.0792218 2.91666301
v -0.122051 -0.04860575 2.949683
v -0.114855 -0.03316773 2.938448
v -0.11334 -0.06724377 2.90677601
v -0.105685 -0.08713175 2.88833901
v -0.06458395 -0.09851576 2.87910201
v -0.05163997 -0.10512478 2.91712101
v -0.072474 -0.07156975 2.96306601
v -0.05099195 -0.10734377 3.00339401
v -0.04389494 -0.09485078 2.99553501
v -0.03882598 -0.11725778 2.88222601
v -0.06528496 -0.05614675 2.951841
v -0.04973596 -0.10404778 2.91651201
v -0.04705595 -0.0941868 2.90910901
v -0.04465597 -0.11491978 2.97274901
v -0.02977997 -0.10939079 2.84336701
v -0.02977997 -0.09949478 2.83593701
v -0.03737998 -0.10684878 2.87388901
v -0.03737998 -0.11671678 2.88129801
v -0.03737998 -0.16018977 3.03457801
v -0.07455998 -0.03793073 3.011004
v -0.04936999 -0.09824778 2.94437801
v -0.10734 -0.0851288 2.88579001
v -0.10734 -0.07520677 2.87834101
v -0.06496 -0.08681775 2.86879701
v -0.00879997 -0.19822577 2.98250701
v -0.04936999 -0.09824778 2.94437801
v 0 -0.14463078 2.90765901
v -0.03737998 -0.16018977 3.03457801
v -0.04936999 -0.09824778 2.94437801
v -0.00879997 -0.19822577 2.98250701
v -0.17131 -0.06141277 2.868471
v -0.04157996 -0.10031679 2.84333801
v 0 -0.14463078 2.90765901
v -0.15511 0.00581018 2.952455
v -0.1795 -0.04511376 2.89258
v -0.07455998 -0.03793073 3.011004
v -0.05756998 0.02615021 3.004884
v -0.15511 0.00581018 2.952455
v -0.03097999 -0.10423177 3.05377201
v -0.07455998 -0.03793073 3.011004
v -0.03737998 -0.16018977 3.03457801
v -0.05756998 0.02615021 3.004884
v 0 -0.08660676 2.81034201
v 0.04157996 -0.10031679 2.84333801
v 0.04936999 -0.09824778 2.94437801
v 0.00879997 -0.19822577 2.98250701
v 0.04936999 -0.09824778 2.94437801
v 0.07455998 -0.03793073 3.011004
v 0.03737998 -0.16018977 3.03457801
v 0.00879997 -0.19822577 2.98250701
v 0.04936999 -0.09824778 2.94437801
v 0.03737998 -0.16018977 3.03457801
v 0.1795 -0.04511376 2.89258
v 0.15511 0.00581018 2.952455
v 0.17131 -0.06141277 2.868471
v 0.15511 0.00581018 2.952455
v 0.05756998 0.02615021 3.004884
v 0.07455998 -0.03793073 3.011004
v 0.03737998 -0.16018977 3.03457801
v 0.07455998 -0.03793073 3.011004
v 0.03097999 -0.10423177 3.05377201
v 0.05756998 0.02615021 3.004884
v -0.03097999 -0.10423177 3.05377201
v 0.03097999 -0.10423177 3.05377201
v -0.05756998 0.02615021 3.004884
v 0.05756998 0.02615021 3.004884
v 0 -0.14463078 2.90765901
v 0.00879997 -0.19822577 2.98250701
v -0.00879997 -0.19822577 2.98250701
v 0.450869 -0.06861175 2.93112801
v 0.483649 -0.03648176 2.824417
v 0.533019 -0.02761175 2.939098
v 0.533019 0.01304815 2.873278
v 0.508429 0.0616782 2.807498
v 0.450869 -0.02703178 3.029147
v 0.533019 0.02191816 2.987968
v 0.450869 0.12029823 3.02833799
v 0.533019 0.10361823 2.98747799
v 0.533019 0.13614822 2.92983799
v 0.450869 0.16896822 2.92967799
v 0.467259 0.13527811 2.78230699
v 0.533019 0.11119822 2.87248799
v 0.533019 0.06183818 2.840318
v 0.467259 0.13527811 2.78230699
v 0.462656 0.12632309 2.57914699
v 0.385299 0.13527811 2.78230699
v 0.389081 0.12873519 2.54610299
v 0.34265 -0.04214176 2.835492
v 0.361989 0.06360317 2.565568
v 0.385516 -0.03034179 2.581898
v 0.260985 0.10082312 2.96165299
v 0.27719 0.01885317 2.983163
v 0.450869 -0.06861175 2.93112801
v 0.34265 -0.04214176 2.835492
v 0.483649 -0.03648176 2.824417
v 0.263969 0.09847817 2.88544799
v 0.385299 0.13527811 2.78230699
v 0.263969 0.02575818 2.885867
v 0.34265 -0.04214176 2.835492
v 0.500239 0.0693582 2.75005799
v 0.483649 -0.03648176 2.824417
v 0.469112 -0.01977377 2.569807
v 0.496142 0.06643314 2.53000699
v 0.467259 0.13527811 2.78230699
v 0.533019 0.02191816 2.987968
v 0.533019 0.01304815 2.873278
v 0.533019 0.10361823 2.98747799
v 0.533019 -0.02761175 2.939098
v 0.533019 0.11119822 2.87248799
v 0.533019 0.13614822 2.92983799
v 0.533019 0.06183818 2.840318
v 0.450917 -0.00151377 2.485995
v 0.474024 0.06337518 2.475187
v 0.452374 0.12681019 2.48453099
v 0.380195 0.06338716 2.479831
v 0.392139 -0.00150078 2.489911
v 0.400018 0.12681209 2.48525599
v 0.424944 0.07685911 2.40137699
v 0.450917 -0.00151377 2.485995
v 0.474024 0.06337518 2.475187
v 0.474024 0.06337518 2.475187
v 0.398816 -0.15839286 1.83907501
v 0.409403 -0.11653086 1.83540501
v 0.410902 -0.14998386 1.83664301
v 0.404483 -0.16103486 1.83481401
v 0.398816 -0.15839286 1.83907501
v 0.410902 -0.14998386 1.83664301
v 0.419943 -0.08576588 1.68935201
v 0.422638 -0.08367984 1.71866801
v 0.417888 -0.10075287 1.68975701
v 0.409058 -0.08023284 1.68417101
v 0.424768 -0.08190487 1.72720501
v 0.420628 -0.10119487 1.71898301
v 0.410138 -0.07707386 1.72580501
v 0.421723 -0.08416186 1.68040501
v 0.418983 -0.10322687 1.68122801
v 0.406383 -0.10358587 1.68459301
v 0.405988 -0.10352787 1.72724001
v 0.422043 -0.10272987 1.72771801
v 0.380926 -0.23274686 1.81097202
v 0.388541 -0.21094986 1.83602502
v 0.3737 -0.20740186 1.82263302
v 0.457024 -0.11336886 1.83346801
v 0.450049 -0.11514686 1.80014101
v 0.442999 -0.11186186 1.80376401
v 0.391171 -0.20589786 1.84362902
v 0.3819 -0.18891186 1.84042701
v 0.395933 -0.20954086 1.83068702
v 0.398399 -0.20313586 1.83854402
v 0.386569 -0.23138186 1.80727202
v 0.402445 -0.20531586 1.82487102
v 0.403838 -0.19937286 1.83197402
v 0.401353 -0.19049486 1.82331601
v 0.391446 -0.22785786 1.80165302
v 0.395442 -0.19945386 1.80665502
v 0.386838 -0.23162686 1.79859002
v 0.387704 -0.21880486 1.79634002
v 0.380267 -0.23552386 1.80512902
v 0.373189 -0.22399386 1.80724002
v 0.443409 -0.11775287 1.78375801
v 0.450049 -0.11514686 1.80014101
v 0.443229 -0.13409787 1.78779901
v 0.448054 -0.13166886 1.80099701
v 0.433489 -0.09343289 1.76289601
v 0.445804 -0.09950988 1.77734401
v 0.437654 -0.09959887 1.77535201
v 0.429304 -0.10225487 1.78165601
v 0.408758 -0.05293284 1.737091
v 0.409533 -0.05445382 1.796856
v 0.418908 -0.04183184 1.736525
v 0.415333 -0.06829785 1.78307601
v 0.415373 -0.06642888 1.73569801
v 0.419313 -0.04241983 1.791016
v 0.432318 -0.01412587 1.681495
v 0.437903 -0.01124982 1.681979
v 0.437218 -0.01808087 1.681545
v 0.442163 -0.07239083 1.79941401
v 0.456603 -0.05916682 1.828055
v 0.453243 -0.09211383 1.82719501
v 0.438969 -0.13312186 1.80866301
v 0.428109 -0.13485386 1.80146601
v 0.398816 -0.15839286 1.83907501
v 0.401353 -0.19049486 1.82331601
v 0.389236 -0.18896086 1.82253001
v 0.426819 -0.13638186 1.79363801
v 0.404483 -0.16103486 1.83481401
v 0.415749 -0.16683686 1.84277601
v 0.454469 -0.08114782 1.79310201
v 0.460124 -0.08079085 1.83027801
v 0.460299 -0.08914188 1.83024001
v 0.450094 -0.09948382 1.79380401
v 0.410902 -0.14998386 1.83664301
v 0.409738 -0.13599586 1.79771301
v 0.432233 -0.13581386 1.83476701
v 0.458194 -0.09884784 1.83158601
v 0.430168 -0.13438786 1.79183401
v 0.402078 -0.14505887 1.70305401
v 0.401278 -0.13503687 1.74275601
v 0.411323 -0.13542287 1.70046901
v 0.408198 -0.14793287 1.74617901
v 0.408903 -0.15565187 1.70580001
v 0.410458 -0.12387087 1.73972001
v 0.462824 -0.05269483 1.831784
v 0.456599 -0.04917184 1.79934
v 0.447799 -0.04484085 1.801086
v 0.442163 -0.07239083 1.79941401
v 0.433918 -0.08153383 1.78089001
v 0.417668 -0.07012883 1.79351401
v 0.447809 -0.08199386 1.77703001
v 0.401209 -0.16669186 1.87327701
v 0.40187 -0.14034786 1.87362501
v 0.389447 -0.16501886 1.85922601
v 0.418973 -0.13847186 1.91242801
v 0.40861 -0.15258686 1.88889301
v 0.416458 -0.15232586 1.89413001
v 0.450094 -0.09948382 1.79380401
v 0.418168 -0.04015586 1.911918
v 0.408518 -0.05216684 1.934098
v 0.432528 -0.02181181 1.923888
v 0.432008 -0.02817586 1.908908
v 0.414618 -0.05421386 1.915535
v 0.410523 -0.08767387 1.92425001
v 0.417833 -0.10587785 1.92982001
v 0.410918 -0.08060982 1.94229601
v 0.436848 -0.11257985 1.93110301
v 0.433318 -0.10669785 1.94997701
v 0.452949 -0.06694988 1.79899701
v 0.461444 -0.06734983 1.83037501
v 0.448254 -0.06934783 1.79999301
v 0.442163 -0.07239083 1.79941401
v 0.417668 -0.07012883 1.79351401
v 0.437388 -0.06808088 1.78922101
v 0.443409 -0.11775287 1.78375801
v 0.433824 -0.12380487 1.77024401
v 0.436869 -0.11681387 1.78219201
v 0.436099 -0.11208587 1.78417801
v 0.447809 -0.08199386 1.77703001
v 0.434889 -0.08328585 1.76313501
v 0.438859 -0.07934187 1.77593901
v 0.432559 -0.07351486 1.77959501
v 0.446372 -0.04085383 1.805308
v 0.440537 -0.03693483 1.791117
v 0.450177 -0.03550384 1.791787
v 0.451877 -0.03743682 1.804799
v 0.430182 -0.03958086 1.803386
v 0.431867 -0.03842584 1.792914
v 0.456042 -0.03224984 1.833103
v 0.453262 -0.02277586 1.806206
v 0.455297 -0.03755084 1.832219
v 0.452949 -0.06694988 1.79899701
v 0.448254 -0.06934783 1.79999301
v 0.450429 -0.06603084 1.785496
v 0.455162 -0.02621684 1.83387
v 0.432889 -0.06816487 1.78634501
v 0.433644 -0.06903986 1.79742801
v 0.442239 -0.06635187 1.78273701
v 0.440409 -0.06134985 1.768817
v 0.445804 -0.09950988 1.77734401
v 0.433489 -0.09343289 1.76289601
v 0.434889 -0.08328585 1.76313501
v 0.442373 -0.13121686 1.83195601
v 0.432233 -0.13581386 1.83476701
v 0.430168 -0.13438786 1.79183401
v 0.449313 -0.12118686 1.83106901
v 0.415723 -0.04267184 1.700181
v 0.415758 -0.04211883 1.676604
v 0.407228 -0.05251788 1.701946
v 0.438542 -0.03185187 1.774676
v 0.440537 -0.03693483 1.791117
v 0.420568 -0.04587386 1.663225
v 0.407143 -0.05165283 1.676615
v 0.414298 -0.05282788 1.66316
v 0.412188 -0.06319587 1.676403
v 0.413748 -0.06371187 1.699875
v 0.419658 -0.05384783 1.658964
v 0.418498 -0.06185983 1.66309
v 0.425163 -0.05043088 1.658454
v 0.437388 -0.06808088 1.78922101
v 0.456603 -0.05916682 1.828055
v 0.442163 -0.07239083 1.79941401
v 0.424513 -0.05803285 1.658253
v 0.410458 -0.12387087 1.73972001
v 0.422208 -0.13026287 1.73339601
v 0.411323 -0.13542287 1.70046901
v 0.437388 -0.06808088 1.78922101
v 0.439348 -0.04803983 1.788986
v 0.423463 -0.12796687 1.74099801
v 0.420428 -0.14664587 1.73754201
v 0.418843 -0.15087287 1.71214001
v 0.419948 -0.13757587 1.70895501
v 0.421748 -0.13773087 1.69969701
v 0.419998 -0.15487587 1.70406701
v 0.408903 -0.15565187 1.70580001
v 0.408198 -0.14793287 1.74617901
v 0.422543 -0.14586187 1.74554701
v 0.452484 -0.04828583 1.785943
v 0.441794 -0.04944383 1.769367
v 0.443459 -0.04509787 1.78386
v 0.436299 -0.04050885 1.786265
v 0.418983 -0.10322687 1.68122801
v 0.416648 -0.10139987 1.67079601
v 0.418898 -0.09376489 1.67089401
v 0.406383 -0.10358587 1.68459301
v 0.418673 -0.08564185 1.67016001
v 0.421723 -0.08416186 1.68040501
v 0.418748 -0.09412288 1.64426001
v 0.416513 -0.10076088 1.64469701
v 0.404773 -0.10329787 1.66036501
v 0.409243 -0.10137188 1.64364001
v 0.416083 -0.09829687 1.63897301
v 0.416688 -0.09092485 1.63841301
v 0.417823 -0.08831685 1.64426001
v 0.410468 -0.08563285 1.64306201
v 0.407438 -0.08093284 1.65939901
v 0.409058 -0.08023284 1.68417101
v 0.441988 -0.03659586 1.796286
v 0.456158 -0.03091082 1.830534
v 0.443588 -0.04272882 1.80638
v 0.441424 -0.10097986 1.79560201
v 0.401278 -0.13503687 1.74275601
v 0.402248 -0.12197886 1.79816501
v 0.410458 -0.12387087 1.73972001
v 0.409738 -0.13599586 1.79771301
v 0.408198 -0.14793287 1.74617901
v 0.411758 -0.11131187 1.78773401
v 0.432038 -0.10212187 1.78211501
v 0.433918 -0.08153383 1.78089001
v 0.453243 -0.09211383 1.82719501
v 0.437473 -0.10775286 1.80186101
v 0.413513 -0.15447987 1.66672301
v 0.418173 -0.15131487 1.66550001
v 0.417613 -0.15845687 1.66682601
v 0.433918 -0.08153383 1.78089001
v 0.442163 -0.07239083 1.79941401
v 0.408758 -0.05293284 1.737091
v 0.407228 -0.05251788 1.701946
v 0.415373 -0.06642888 1.73569801
v 0.450269 -0.12800086 1.83572201
v 0.438969 -0.13312186 1.80866301
v 0.418908 -0.04183184 1.736525
v 0.415723 -0.04267184 1.700181
v 0.413748 -0.06371187 1.699875
v 0.418973 -0.13847186 1.91242801
v 0.419208 -0.12806886 1.91934701
v 0.404343 -0.13297986 1.89912701
v 0.421748 -0.03662882 1.79333
v 0.443588 -0.04272882 1.80638
v 0.439348 -0.04803983 1.788986
v 0.419658 -0.05384783 1.658964
v 0.425163 -0.05043088 1.658454
v 0.424513 -0.05803285 1.658253
v 0.446372 -0.04085383 1.805308
v 0.438243 -0.01437686 1.758969
v 0.440133 -0.01407687 1.75124
v 0.424638 -0.00772683 1.749439
v 0.436048 -0.03005086 1.757074
v 0.444888 -0.01860282 1.797447
v 0.42777 -0.01138685 1.801193
v 0.441988 -0.03659586 1.796286
v 0.437218 -0.03030287 1.750393
v 0.420168 -0.03027384 1.747221
v 0.421748 -0.03662882 1.79333
v 0.410398 -0.09335988 1.63951401
v 0.416688 -0.09092485 1.63841301
v 0.416083 -0.09829687 1.63897301
v 0.410902 -0.14998386 1.83664301
v 0.415749 -0.16683686 1.84277601
v 0.404483 -0.16103486 1.83481401
v 0.407233 -0.15317087 1.66921301
v 0.400993 -0.14953187 1.68522601
v 0.413413 -0.14667387 1.66774401
v 0.407818 -0.16013087 1.68797301
v 0.413513 -0.15447987 1.66672301
v 0.412338 -0.16073187 1.67115901
v 0.407818 -0.16013087 1.68797301
v 0.408903 -0.15565187 1.70580001
v 0.402078 -0.14505887 1.70305401
v 0.409443 -0.13991687 1.68269401
v 0.418173 -0.15131487 1.66550001
v 0.411323 -0.13542287 1.70046901
v 0.417613 -0.15845687 1.66682601
v 0.456434 -0.11974286 1.83456901
v 0.437473 -0.10775286 1.80186101
v 0.449313 -0.12118686 1.83106901
v 0.431223 -0.11581086 1.78958501
v 0.457024 -0.11336886 1.83346801
v 0.456599 -0.04917184 1.79934
v 0.462824 -0.05269483 1.831784
v 0.462909 -0.05873886 1.831066
v 0.437473 -0.10775286 1.80186101
v 0.453243 -0.09211383 1.82719501
v 0.449313 -0.12118686 1.83106901
v 0.450429 -0.06603084 1.785496
v 0.440409 -0.06134985 1.768817
v 0.452484 -0.04828583 1.785943
v 0.441794 -0.04944383 1.769367
v 0.404343 -0.13297986 1.89912701
v 0.40187 -0.14034786 1.87362501
v 0.40861 -0.15258686 1.88889301
v 0.418973 -0.13847186 1.91242801
v 0.404343 -0.13297986 1.89912701
v 0.436859 -0.10920486 1.79665201
v 0.442999 -0.11186186 1.80376401
v 0.450049 -0.11514686 1.80014101
v 0.389447 -0.16501886 1.85922601
v 0.40187 -0.14034786 1.87362501
v 0.398816 -0.15839286 1.83907501
v 0.431068 -0.14448586 1.85079401
v 0.432233 -0.13581386 1.83476701
v 0.441808 -0.14309786 1.86813601
v 0.439348 -0.04803983 1.788986
v 0.443588 -0.04272882 1.80638
v 0.456603 -0.05916682 1.828055
v 0.434344 -0.13573387 1.78630801
v 0.432624 -0.13479987 1.77275201
v 0.3819 -0.18891186 1.84042701
v 0.389447 -0.16501886 1.85922601
v 0.398816 -0.15839286 1.83907501
v 0.389236 -0.18896086 1.82253001
v 0.460124 -0.08079085 1.83027801
v 0.454469 -0.08114782 1.79310201
v 0.444839 -0.07607183 1.79467001
v 0.417983 -0.15939087 1.67209501
v 0.417613 -0.15845687 1.66682601
v 0.420203 -0.15374587 1.67112101
v 0.412338 -0.16073187 1.67115901
v 0.417838 -0.15588387 1.69529901
v 0.419993 -0.14870487 1.69386901
v 0.407818 -0.16013087 1.68797301
v 0.419998 -0.15487587 1.70406701
v 0.408903 -0.15565187 1.70580001
v 0.421748 -0.13773087 1.69969701
v 0.418883 -0.14105287 1.69165701
v 0.419183 -0.14839587 1.66958701
v 0.409443 -0.13991687 1.68269401
v 0.411323 -0.13542287 1.70046901
v 0.418173 -0.15131487 1.66550001
v 0.413413 -0.14667387 1.66774401
v 0.426043 -0.06186186 1.704442
v 0.426383 -0.06412087 1.696736
v 0.429188 -0.04658483 1.696363
v 0.427363 -0.04841988 1.704545
v 0.430213 -0.06493787 1.730191
v 0.413748 -0.06371187 1.699875
v 0.432298 -0.04796187 1.730859
v 0.415723 -0.04267184 1.700181
v 0.418908 -0.04183184 1.736525
v 0.435213 -0.04716186 1.738812
v 0.432423 -0.06646286 1.73887101
v 0.415373 -0.06642888 1.73569801
v 0.409738 -0.13599586 1.79771301
v 0.408198 -0.14793287 1.74617901
v 0.421328 -0.14308287 1.75231301
v 0.430168 -0.13438786 1.79183401
v 0.422543 -0.14586187 1.74554701
v 0.423463 -0.12796687 1.74099801
v 0.422353 -0.12649087 1.74898601
v 0.431223 -0.11581086 1.78958501
v 0.411758 -0.11131187 1.78773401
v 0.410458 -0.12387087 1.73972001
v 0.456863 -0.03871283 1.910894
v 0.432528 -0.02181181 1.923888
v 0.457313 -0.03438481 1.929357
v 0.413118 -0.10756686 1.79740601
v 0.468508 -0.06742086 1.93894901
v 0.464228 -0.09220883 1.92443601
v 0.432008 -0.02817586 1.908908
v 0.464508 -0.08126786 1.94290101
v 0.433318 -0.10669785 1.94997701
v 0.436848 -0.11257985 1.93110301
v 0.410783 -0.10297887 1.78781901
v 0.432038 -0.10212187 1.78211501
v 0.413118 -0.10756686 1.79740601
v 0.437473 -0.10775286 1.80186101
v 0.450177 -0.03550384 1.791787
v 0.438542 -0.03185187 1.774676
v 0.452357 -0.02082685 1.793142
v 0.439972 -0.01971988 1.775993
v 0.420963 -0.06976387 1.89750701
v 0.414618 -0.05421386 1.915535
v 0.423138 -0.03792987 1.898967
v 0.410523 -0.08767387 1.92425001
v 0.418168 -0.04015586 1.911918
v 0.434618 -0.03206787 1.897479
v 0.436088 -0.02482984 1.874096
v 0.420128 -0.03301785 1.879292
v 0.421893 -0.02491287 1.835812
v 0.425663 -0.07258687 1.87736701
v 0.437553 -0.01315186 1.833885
v 0.444353 -0.02707383 1.883732
v 0.452738 -0.01734385 1.83172
v 0.441538 -0.03028784 1.899271
v 0.432008 -0.02817586 1.908908
v 0.456863 -0.03871283 1.910894
v 0.42777 -0.01138685 1.801193
v 0.419548 -0.02066186 1.813783
v 0.437553 -0.01315186 1.833885
v 0.416588 -0.02444485 1.804216
v 0.413233 -0.04261884 1.808154
v 0.420213 -0.07313684 1.83103801
v 0.409533 -0.05445382 1.796856
v 0.407918 -0.06815383 1.80437601
v 0.421748 -0.03662882 1.79333
v 0.417668 -0.07012883 1.79351401
v 0.419313 -0.04241983 1.791016
v 0.402553 -0.08775488 1.78963101
v 0.403938 -0.10671386 1.80438701
v 0.402478 -0.12425586 1.81303901
v 0.413118 -0.10756686 1.79740601
v 0.402248 -0.12197886 1.79816501
v 0.414863 -0.07498483 1.78593101
v 0.415333 -0.06829785 1.78307601
v 0.411758 -0.11131187 1.78773401
v 0.410783 -0.10297887 1.78781901
v 0.402553 -0.08775488 1.78963101
v 0.409738 -0.13599586 1.79771301
v 0.409403 -0.11653086 1.83540501
v 0.403833 -0.11179286 1.88616401
v 0.40187 -0.14034786 1.87362501
v 0.404343 -0.13297986 1.89912701
v 0.411358 -0.10661386 1.91677501
v 0.419208 -0.12806886 1.91934701
v 0.417833 -0.10587785 1.92982001
v 0.41167 -0.16751486 1.86920301
v 0.400649 -0.19469686 1.84545001
v 0.419634 -0.16586086 1.86291801
v 0.406226 -0.19122886 1.83550301
v 0.415749 -0.16683686 1.84277601
v 0.401209 -0.16669186 1.87327701
v 0.392957 -0.19267886 1.84743901
v 0.401353 -0.19049486 1.82331601
v 0.389447 -0.16501886 1.85922601
v 0.3819 -0.18891186 1.84042701
v 0.420978 -0.10102287 1.73647201
v 0.432038 -0.10212187 1.78211501
v 0.405988 -0.10352787 1.72724001
v 0.410783 -0.10297887 1.78781901
v 0.422043 -0.10272987 1.72771801
v 0.424768 -0.08190487 1.72720501
v 0.423753 -0.08272485 1.73587501
v 0.433918 -0.08153383 1.78089001
v 0.414863 -0.07498483 1.78593101
v 0.417668 -0.07012883 1.79351401
v 0.410138 -0.07707386 1.72580501
v 0.41167 -0.16751486 1.86920301
v 0.421458 -0.16068086 1.88210701
v 0.401209 -0.16669186 1.87327701
v 0.431278 -0.15767686 1.87393801
v 0.40861 -0.15258686 1.88889301
v 0.419634 -0.16586086 1.86291801
v 0.425934 -0.15471586 1.85450601
v 0.438178 -0.00988083 1.686574
v 0.437903 -0.01124982 1.681979
v 0.433218 -0.00714385 1.68522
v 0.415749 -0.16683686 1.84277601
v 0.435548 -0.00963484 1.707559
v 0.439073 -0.01491986 1.686349
v 0.426748 -0.00464885 1.6974
v 0.436898 -0.00964086 1.715839
v 0.424893 -0.00637286 1.71725
v 0.435693 -0.01721685 1.7073
v 0.434133 -0.02352784 1.705927
v 0.436728 -0.02025388 1.685568
v 0.434733 -0.02607684 1.714173
v 0.422013 -0.02612387 1.715783
v 0.423838 -0.02362887 1.695701
v 0.430973 -0.02028988 1.683414
v 0.437218 -0.01808087 1.681545
v 0.434933 -0.01215784 1.721719
v 0.436898 -0.00964086 1.715839
v 0.424893 -0.00637286 1.71725
v 0.424638 -0.00772683 1.749439
v 0.437278 -0.01364784 1.744592
v 0.433503 -0.02428584 1.7204
v 0.440133 -0.01407687 1.75124
v 0.435898 -0.02831183 1.743192
v 0.420168 -0.03027384 1.747221
v 0.422013 -0.02612387 1.715783
v 0.437218 -0.03030287 1.750393
v 0.434733 -0.02607684 1.714173
v 0.462758 -0.07425586 1.90795601
v 0.453243 -0.09211383 1.82719501
v 0.456603 -0.05916682 1.828055
v 0.449313 -0.12118686 1.83106901
v 0.456158 -0.03091082 1.830534
v 0.456768 -0.04176787 1.903042
v 0.456863 -0.03871283 1.910894
v 0.464228 -0.09220883 1.92443601
v 0.459948 -0.10781686 1.91830801
v 0.452508 -0.13609786 1.89885301
v 0.449288 -0.13749186 1.88608601
v 0.436848 -0.11257985 1.93110301
v 0.452738 -0.01734385 1.83172
v 0.441538 -0.03028784 1.899271
v 0.410902 -0.14998386 1.83664301
v 0.432233 -0.13581386 1.83476701
v 0.431068 -0.14448586 1.85079401
v 0.415749 -0.16683686 1.84277601
v 0.410902 -0.14998386 1.83664301
v 0.425934 -0.15471586 1.85450601
v 0.431068 -0.14448586 1.85079401
v 0.416243 -0.01513885 1.717036
v 0.419233 -0.01895688 1.748924
v 0.424893 -0.00637286 1.71725
v 0.420168 -0.03027384 1.747221
v 0.422013 -0.02612387 1.715783
v 0.424638 -0.00772683 1.749439
v 0.402553 -0.08775488 1.78963101
v 0.399298 -0.08949588 1.72764101
v 0.410783 -0.10297887 1.78781901
v 0.441988 -0.03659586 1.796286
v 0.444888 -0.01860282 1.797447
v 0.456158 -0.03091082 1.830534
v 0.414863 -0.07498483 1.78593101
v 0.410138 -0.07707386 1.72580501
v 0.447799 -0.04484085 1.801086
v 0.434719 -0.04020885 1.798811
v 0.405988 -0.10352787 1.72724001
v 0.430779 -0.10257186 1.79169501
v 0.431223 -0.11581086 1.78958501
v 0.449313 -0.12118686 1.83106901
v 0.430168 -0.13438786 1.79183401
v 0.451877 -0.03743682 1.804799
v 0.432318 -0.01412587 1.681495
v 0.433218 -0.00714385 1.68522
v 0.421748 -0.03662882 1.79333
v 0.441988 -0.03659586 1.796286
v 0.443588 -0.04272882 1.80638
v 0.426838 -0.01279382 1.683937
v 0.418808 -0.01385085 1.695599
v 0.416243 -0.01513885 1.717036
v 0.426748 -0.00464885 1.6974
v 0.423838 -0.02362887 1.695701
v 0.422013 -0.02612387 1.715783
v 0.430973 -0.02028988 1.683414
v 0.437218 -0.01808087 1.681545
v 0.421458 -0.16068086 1.88210701
v 0.416458 -0.15232586 1.89413001
v 0.40861 -0.15258686 1.88889301
v 0.424893 -0.00637286 1.71725
v 0.431278 -0.15767686 1.87393801
v 0.433343 -0.15161286 1.88288001
v 0.441808 -0.14309786 1.86813601
v 0.449288 -0.13749186 1.88608601
v 0.452508 -0.13609786 1.89885301
v 0.431278 -0.15767686 1.87393801
v 0.433343 -0.15161286 1.88288001
v 0.425934 -0.15471586 1.85450601
v 0.416588 -0.02444485 1.804216
v 0.419233 -0.01895688 1.748924
v 0.421748 -0.03662882 1.79333
v 0.431068 -0.14448586 1.85079401
v 0.42777 -0.01138685 1.801193
v 0.424638 -0.00772683 1.749439
v 0.456158 -0.03091082 1.830534
v 0.456603 -0.05916682 1.828055
v 0.443588 -0.04272882 1.80638
v 0.420168 -0.03027384 1.747221
v 0.452738 -0.01734385 1.83172
v 0.444888 -0.01860282 1.797447
v 0.437553 -0.01315186 1.833885
v 0.456158 -0.03091082 1.830534
v 0.410138 -0.07707386 1.72580501
v 0.409058 -0.08023284 1.68417101
v 0.399298 -0.08949588 1.72764101
v 0.42777 -0.01138685 1.801193
v 0.399708 -0.09131287 1.68468401
v 0.405988 -0.10352787 1.72724001
v 0.452357 -0.02082685 1.793142
v 0.443482 -0.01871184 1.793044
v 0.433237 -0.01274583 1.797722
v 0.406383 -0.10358587 1.68459301
v 0.446227 -0.01849482 1.810364
v 0.453262 -0.02277586 1.806206
v 0.439972 -0.01971988 1.775993
v 0.42777 -0.01138685 1.801193
v 0.444839 -0.07607183 1.79467001
v 0.431819 -0.07296786 1.79285101
v 0.415333 -0.06829785 1.78307601
v 0.437388 -0.06808088 1.78922101
v 0.417668 -0.07012883 1.79351401
v 0.452949 -0.06694988 1.79899701
v 0.431348 -0.06574987 1.747084
v 0.415373 -0.06642888 1.73569801
v 0.433398 -0.04800485 1.74753
v 0.439348 -0.04803983 1.788986
v 0.432423 -0.06646286 1.73887101
v 0.435213 -0.04716186 1.738812
v 0.418908 -0.04183184 1.736525
v 0.419313 -0.04241983 1.791016
v 0.410398 -0.09335988 1.63951401
v 0.410468 -0.08563285 1.64306201
v 0.421748 -0.03662882 1.79333
v 0.404198 -0.09258687 1.64299601
v 0.397258 -0.09126685 1.65973901
v 0.399708 -0.09131287 1.68468401
v 0.407438 -0.08093284 1.65939901
v 0.404773 -0.10329787 1.66036501
v 0.406383 -0.10358587 1.68459301
v 0.409243 -0.10137188 1.64364001
v 0.416083 -0.09829687 1.63897301
v 0.433824 -0.12380487 1.77024401
v 0.432624 -0.13479987 1.77275201
v 0.409058 -0.08023284 1.68417101
v 0.426278 -0.04882084 1.663761
v 0.425163 -0.05043088 1.658454
v 0.420568 -0.04587386 1.663225
v 0.426228 -0.04761486 1.687648
v 0.415758 -0.04211883 1.676604
v 0.427163 -0.05485283 1.662994
v 0.424863 -0.05996083 1.66298
v 0.424513 -0.05803285 1.658253
v 0.427173 -0.05517988 1.687338
v 0.429188 -0.04658483 1.696363
v 0.426383 -0.06412087 1.696736
v 0.424923 -0.06281684 1.687235
v 0.413748 -0.06371187 1.699875
v 0.412188 -0.06319587 1.676403
v 0.418498 -0.06185983 1.66309
v 0.415723 -0.04267184 1.700181
v 0.441808 -0.14309786 1.86813601
v 0.432233 -0.13581386 1.83476701
v 0.442373 -0.13121686 1.83195601
v 0.449288 -0.13749186 1.88608601
v 0.437543 -0.13793286 1.91450001
v 0.416458 -0.15232586 1.89413001
v 0.449288 -0.13749186 1.88608601
v 0.449313 -0.12118686 1.83106901
v 0.418973 -0.13847186 1.91242801
v 0.452508 -0.13609786 1.89885301
v 0.391171 -0.20589786 1.84362902
v 0.392957 -0.19267886 1.84743901
v 0.3819 -0.18891186 1.84042701
v 0.413118 -0.10756686 1.79740601
v 0.437473 -0.10775286 1.80186101
v 0.431223 -0.11581086 1.78958501
v 0.398399 -0.20313586 1.83854402
v 0.400649 -0.19469686 1.84545001
v 0.403838 -0.19937286 1.83197402
v 0.406226 -0.19122886 1.83550301
v 0.437543 -0.13793286 1.91450001
v 0.419208 -0.12806886 1.91934701
v 0.418973 -0.13847186 1.91242801
v 0.401353 -0.19049486 1.82331601
v 0.436848 -0.11257985 1.93110301
v 0.417833 -0.10587785 1.92982001
v 0.401209 -0.16669186 1.87327701
v 0.40861 -0.15258686 1.88889301
v 0.452508 -0.13609786 1.89885301
v 0.37956 -0.22764886 1.79795802
v 0.386838 -0.23162686 1.79859002
v 0.380267 -0.23552386 1.80512902
v 0.455162 -0.02621684 1.83387
v 0.446227 -0.01849482 1.810364
v 0.37607 -0.21741786 1.79918302
v 0.373189 -0.22399386 1.80724002
v 0.387704 -0.21880486 1.79634002
v 0.379367 -0.19927186 1.81056702
v 0.395442 -0.19945386 1.80665502
v 0.3737 -0.20740186 1.82263302
v 0.389236 -0.18896086 1.82253001
v 0.3819 -0.18891186 1.84042701
v 0.401353 -0.19049486 1.82331601
v 0.433283 0.21338507 2.31321298
v 0.426288 0.10107417 2.31632999
v 0.426418 0.12299218 2.40409099
v 0.433453 0.16481517 2.19067499
v 0.433518 0.18826608 2.39951599
v 0.440023 0.12279818 2.40341799
v 0.439888 0.10187217 2.31620899
v 0.439553 -0.02460685 1.948879
v 0.433013 0.07764813 2.05259699
v 0.425958 -0.02463385 1.948783
v 0.433223 0.02291813 1.926009
v 0.440208 0.13580919 2.48624399
v 0.426608 0.13578109 2.48614799
v 0.440023 0.12279818 2.40341799
v 0.432788 0.19032119 2.50213299
v 0.426418 0.12299218 2.40409099
v 0.439888 0.10187217 2.31620899
v 0.433518 0.18826608 2.39951599
v 0.426418 0.12299218 2.40409099
v 0.426608 0.13578109 2.48614799
v 0.426288 0.10107417 2.31632999
v 0.440208 0.13580919 2.48624399
v 0.425958 -0.02463385 1.948783
v 0.433223 0.02291813 1.926009
v 0.432538 -0.01379684 1.919917
v 0.440023 0.12279818 2.40341799
v 0.433518 0.18826608 2.39951599
v 0.433223 0.02291813 1.926009
v 0.439553 -0.02460685 1.948879
v 0.439553 -0.02460685 1.948879
v 0.425958 -0.02463385 1.948783
v 0.457923 0.0693051 2.15091499
v 0.486983 0.07049011 2.22737799
v 0.481418 0.02008013 2.124469
v 0.462433 0.11561117 2.29162299
v 0.457313 -0.03438481 1.929357
v 0.471318 -0.03414586 1.985166
v 0.474583 -0.05524483 1.981272
v 0.468508 -0.06742086 1.93894901
v 0.471328 -0.07149186 1.99424501
v 0.464508 -0.08126786 1.94290101
v 0.482233 -0.0443898 2.140523
v 0.447248 -0.07548685 2.11923601
v 0.464013 -0.06656385 2.23416801
v 0.418453 -0.0755458 2.11902901
v 0.433318 -0.10669785 1.94997701
v 0.464073 -0.04045778 2.330704
v 0.402418 -0.06877482 2.23516401
v 0.490988 -0.03603083 2.256388
v 0.465413 0.01373917 2.46412
v 0.488518 0.01569312 2.363846
v 0.402473 -0.04266881 2.331699
v 0.497123 0.05683314 2.37955
v 0.408618 0.01384515 2.464485
v 0.462188 0.12323218 2.43593099
v 0.486098 0.08191913 2.34810899
v 0.491828 -0.01131584 2.131081
v 0.482233 -0.0443898 2.140523
v 0.471328 -0.07149186 1.99424501
v 0.432528 -0.02181181 1.923888
v 0.457923 0.0693051 2.15091499
v 0.457313 -0.03438481 1.929357
v 0.474583 -0.05524483 1.981272
v 0.481418 0.02008013 2.124469
v 0.486983 0.07049011 2.22737799
v 0.510178 0.01980011 2.242137
v 0.497123 0.05683314 2.37955
v 0.490988 -0.03603083 2.256388
v 0.486098 0.08191913 2.34810899
v 0.471318 -0.03414586 1.985166
v 0.488518 0.01569312 2.363846
v 0.387028 0.01736013 2.123696
v 0.408518 -0.05216684 1.934098
v 0.389438 -0.04512681 2.140855
v 0.364588 0.06661712 2.22838299
v 0.371793 -0.03660179 2.257296
v 0.410918 -0.08060982 1.94229601
v 0.389908 0.02082115 2.393245
v 0.375498 0.08427316 2.37654699
v 0.402473 -0.04266881 2.331699
v 0.389908 0.02082115 2.393245
v 0.371793 -0.03660179 2.257296
v 0.408618 0.01384515 2.464485
v 0.402418 -0.06877482 2.23516401
v 0.389438 -0.04512681 2.140855
v 0.410918 -0.08060982 1.94229601
v 0.418453 -0.0755458 2.11902901
v 0.375498 0.08427316 2.37654699
v 0.410988 0.12257918 2.43655499
v 0.403233 0.11571017 2.29196899
v 0.364588 0.06661712 2.22838299
v 0.407528 0.0694221 2.15132399
v 0.457923 0.0693051 2.15091499
v 0.462433 0.11561117 2.29162299
v 0.432528 -0.02181181 1.923888
v 0.462188 0.12323218 2.43593099
v 0.387028 0.01736013 2.123696
v 0.408518 -0.05216684 1.934098
v 0.422078 0.04450018 2.49053
v 0.451743 0.04444618 2.490343
v 0.450063 0.11055009 2.47305299
v 0.422078 0.04450018 2.49053
v 0.436803 0.07188517 2.49768299
v 0.423318 0.11021219 2.47337899
v 0.436803 0.07188517 2.49768299
v 0.450063 0.11055009 2.47305299
v 0.436803 0.07188517 2.49768299
v 0.436803 0.07188517 2.49768299
v 0.437963 -0.15026186 1.87178301
v 0.433548 -0.14693086 1.86809901
v 0.432438 -0.14303086 1.87606601
v 0.437113 -0.14737586 1.87731101
v 0.437113 -0.14737586 1.87731101
v 0.432438 -0.14303086 1.87606601
v 0.428758 -0.14709886 1.88236101
v 0.434058 -0.15076086 1.88207801
v 0.434058 -0.15076086 1.88207801
v 0.428758 -0.14709886 1.88236101
v 0.425728 -0.15557586 1.88111101
v 0.432303 -0.15652986 1.88088601
v 0.433548 -0.14693086 1.86809901
v 0.437963 -0.15026186 1.87178301
v 0.436208 -0.15602286 1.87058401
v 0.431838 -0.15508586 1.86711501
v 0.432303 -0.15652986 1.88088601
v 0.425728 -0.15557586 1.88111101
v 0.427438 -0.15999586 1.87315801
v 0.433153 -0.15941386 1.87534701
v 0.431838 -0.15508586 1.86711501
v 0.436208 -0.15602286 1.87058401
v 0.433153 -0.15941386 1.87534701
v 0.427438 -0.15999586 1.87315801
v 0.437113 -0.14737586 1.87731101
v 0.432303 -0.15652986 1.88088601
v 0.436208 -0.15602286 1.87058401
v 0.437963 -0.15026186 1.87178301
v 0.434058 -0.15076086 1.88207801
v 0.433153 -0.15941386 1.87534701
v 0.443514 -0.12578587 1.78585601
v 0.450764 -0.12607187 1.78716001
v 0.444034 -0.13200986 1.79189201
v 0.451339 -0.13039186 1.79039101
v 0.444034 -0.13200986 1.79189201
v 0.451339 -0.13039186 1.79039101
v 0.446039 -0.13065186 1.79968501
v 0.452419 -0.12941686 1.79585901
v 0.450764 -0.12607187 1.78716001
v 0.443514 -0.12578587 1.78585601
v 0.452089 -0.12020686 1.78842901
v 0.445139 -0.11712686 1.78902501
v 0.446039 -0.13065186 1.79968501
v 0.452419 -0.12941686 1.79585901
v 0.447599 -0.12278286 1.80300401
v 0.452934 -0.12412286 1.79809301
v 0.447599 -0.12278286 1.80300401
v 0.452934 -0.12412286 1.79809301
v 0.447144 -0.11577086 1.79681401
v 0.453179 -0.11923386 1.79389201
v 0.447144 -0.11577086 1.79681401
v 0.453179 -0.11923386 1.79389201
v 0.445139 -0.11712686 1.78902501
v 0.452089 -0.12020686 1.78842901
v 0.452934 -0.12412286 1.79809301
v 0.451339 -0.13039186 1.79039101
v 0.452089 -0.12020686 1.78842901
v 0.450764 -0.12607187 1.78716001
v 0.452419 -0.12941686 1.79585901
v 0.453179 -0.11923386 1.79389201
v 0.283323 0.58311601 0.13412396
v 0.290861 0.44739001 0.09642997
v 0.290924 0.554356 0.00123592
v 0.276726 0.50394801 0.15297396
v 0.26306 0.62175801 0.07475192
v 0.235255 0.57934902 0.23685796
v 0.263529 0.52563102 0.23591496
v 0.290862 0.449275 0.00123593
v 0.256935 0.595362 0.00123592
v 0.133466 0.50394801 0.15297396
v 0.146663 0.52563102 0.23591496
v 0.126869 0.58311601 0.13412396
v 0.174937 0.57934902 0.23685796
v 0.119268 0.554356 0.00123592
v 0.1307719 0.44739001 0.09642997
v 0.147132 0.62175801 0.07475192
v 0.130771 0.449275 0.00123593
v 0.153257 0.595362 0.00123592
v 0.155951 -0.00559598 0.08134895
v 0.134258 -0.00567997 -0.00253397
v 0.175178 -0.03298699 0.05401694
v 0.175406 -0.037696 0.00877595
v 0.244449 -0.00139498 0.08134895
v 0.253701 0.08207799 0.09831499
v 0.155951 -0.00559598 0.08134895
v 0.175178 -0.03298699 0.05401694
v 0.29832 0.15590391 0.07569395
v 0.280178 0.00124097 -0.00253397
v 0.236373 -0.03008401 0.05401694
v 0.236373 -0.03008401 0.05401694
v 0.236595 -0.03479397 0.00877595
v 0.319399 0.188987 -0.00159199
v 0.263401 0.17594991 0.12752589
v 0.287295 0.40825601 0.10396987
v 0.146199 0.08074898 0.09925698
v 0.2436079 0.27502502 0.21423698
v 0.15276 0.17052291 0.12752589
v 0.268098 0.33563401 0.15862897
v 0.1617 0.27114202 0.21423698
v 0.28725 0.409199 0.02668395
v 0.256935 0.595362 0.00123592
v 0.147132 0.62175801 0.07475192
v 0.249862 0.574612 0.05967189
v 0.249863 0.287158 0.04741893
v 0.1603299 0.574612 0.05967189
v 0.160329 0.287158 0.04741893
v 0.146663 0.52563102 0.23591496
v 0.263529 0.52563102 0.23591496
v 0.174937 0.57934902 0.23685796
v 0.235255 0.57934902 0.23685796
v 0.175878 0.50864203 0.38953896
v 0.160329 0.287158 0.04741893
v 0.192374 0.38612003 0.39142397
v 0.1603299 0.574612 0.05967189
v 0.217818 0.38612003 0.39142397
v 0.249863 0.287158 0.04741893
v 0.234314 0.50864203 0.38953896
v 0.169753 0.25040201 0.13883598
v 0.249862 0.574612 0.05967189
v 0.2404389 0.25040201 0.13883598
v 0.217818 0.38612003 0.39142397
v 0.192374 0.38612003 0.39142397
v 0.2404389 0.25040201 0.13883598
v 0.169753 0.25040201 0.13883598
v 0.133466 0.50394801 0.15297396
v 0.1307719 0.44739001 0.09642997
v 0.276726 0.50394801 0.15297396
v 0.290861 0.44739001 0.09642997
v 0.146663 0.52563102 0.23591496
v 0.263529 0.52563102 0.23591496
v 0.1307719 0.44739001 0.09642997
v 0.130771 0.449275 0.00123593
v 0.290861 0.44739001 0.09642997
v 0.290862 0.449275 0.00123593
v 0.1302109 0.401651 0.02385595
v 0.130255 0.40071401 0.10114187
v 0.28725 0.409199 0.02668395
v 0.287295 0.40825601 0.10396987
v 0.140163 0.32947101 0.15862898
v 0.1617 0.27114202 0.21423698
v 0.268098 0.33563401 0.15862897
v 0.287295 0.40825601 0.10396987
v 0.130255 0.40071401 0.10114187
v 0.2436079 0.27502502 0.21423698
v 0.231013 0.27679003 0.42723898
v 0.2437379 0.34182403 0.43477297
v 0.205096 0.27679003 0.42723898
v 0.205096 0.23999501 0.15391698
v 0.292275 0.24000601 0.15391698
v 0.26545 0.18228201 0.16145699
v 0.30217 0.33617002 0.20292687
v 0.257404 0.22401302 0.25476598
v 0.292275 0.24000601 0.15391698
v 0.253633 0.24757493 0.37257298
v 0.205096 0.16478691 0.19348289
v 0.205096 0.22401302 0.25476598
v 0.169281 0.16365401 0.19538699
v 0.2437379 0.34182403 0.43477297
v 0.231013 0.27679003 0.42723898
v 0.205096 0.24757493 0.37257298
v 0.152788 0.22401302 0.25476598
v 0.240911 0.16365401 0.19538699
v 0.26545 0.18228201 0.16145699
v 0.205096 0.27679003 0.42723898
v 0.156559 0.24757493 0.37257298
v 0.117917 0.24000601 0.15391698
v 0.144742 0.18228201 0.16145699
v 0.292275 0.24000601 0.15391698
v 0.205096 0.24000601 0.15391698
v 0.205096 0.33617002 0.20292687
v 0.108022 0.33617002 0.20292687
v 0.155951 -0.00559598 0.08134895
v 0.09886497 0.1436139 -0.00159199
v 0.134258 -0.00567997 -0.00253397
v 0.146199 0.08074898 0.09925698
v 0.121933 0.14874891 0.07286696
v 0.124042 0.39460602 0.28491997
v 0.166454 0.34182403 0.43477297
v 0.179179 0.27679003 0.42723898
v 0.205096 0.34182403 0.43477297
v 0.166454 0.34182403 0.43477297
v 0.28615 0.39460602 0.28491997
v 0.205096 0.39460602 0.28491997
v 0.205096 0.34182403 0.43477297
v 0.205096 0.18270491 0.16145699
v 0.26545 0.18228201 0.16145699
v 0.240911 0.16365401 0.19538699
v 0.2437379 0.34182403 0.43477297
v 0.30217 0.33617002 0.20292687
v 0.205096 0.39460602 0.28491997
v 0.11445 0.272677 -0.00064903
v 0.15276 0.17052291 0.12752589
v 0.130255 0.40071401 0.10114187
v 0.140163 0.32947101 0.15862898
v 0.1617 0.27114202 0.21423698
v 0.1302109 0.401651 0.02385595
v 0.11445 0.272677 -0.00064903
v 0.1302109 0.401651 0.02385595
v 0.28725 0.409199 0.02668395
v 0.319399 0.188987 -0.00159199
v 0.280178 0.00124097 -0.00253397
v 0.09886497 0.1436139 -0.00159199
v 0.236595 -0.03479397 0.00877595
v 0.134258 -0.00567997 -0.00253397
v 0.175406 -0.037696 0.00877595
v 0.130771 0.449275 0.00123593
v 0.119268 0.554356 0.00123592
v 0.290924 0.554356 0.00123592
v 0.153257 0.595362 0.00123592
v 0.256935 0.595362 0.00123592
v 0.290862 0.449275 0.00123593
v 0.161271 0.50771204 0.49415096
v 0.166927 0.56802203 0.35372296
v 0.154205 0.52937803 0.34618296
v 0.110845 0.44547703 0.40650397
v 0.152788 0.44547304 0.56766697
v 0.176351 0.57556303 0.42911796
v 0.171639 0.49639605 0.71657796
v 0.143362 0.43419206 0.75427197
v 0.105536 0.41819607 0.92109097
v 0.163621 0.54233607 0.86215496
v 0.248921 0.50771204 0.49415096
v 0.255987 0.52937803 0.34618296
v 0.243265 0.56802203 0.35372296
v 0.15958 0.55862408 1.02397796
v 0.257404 0.44547304 0.56766697
v 0.299347 0.44547703 0.40650397
v 0.238553 0.49639605 0.71657796
v 0.281814 0.43419206 0.73656397
v 0.309711 0.41819607 0.92109097
v 0.264001 0.54257907 0.86360396
v 0.233841 0.57556303 0.42911796
v 0.260703 0.55862408 1.02397796
v 0.238553 0.49639605 0.71657796
v 0.248921 0.50771204 0.49415096
v 0.171639 0.49639605 0.71657796
v 0.161271 0.50771204 0.49415096
v 0.163621 0.54233607 0.86215496
v 0.264001 0.54257907 0.86360396
v 0.260703 0.55862408 1.02397796
v 0.15958 0.55862408 1.02397796
v 0.176351 0.57556303 0.42911796
v 0.233841 0.57556303 0.42911796
v 0.205096 0.37294004 0.47812797
v 0.205096 0.33994803 0.35278097
v 0.205096 0.37294004 0.55729997
v 0.205096 0.31167107 0.96985498
v 0.205096 0.33994803 0.35278097
v 0.282848 0.44544902 0.26136297
v 0.299347 0.44547703 0.40650397
v 0.110845 0.44547703 0.40650397
v 0.127344 0.44544902 0.26136297
v 0.205096 0.33994803 0.35278097
v 0.127344 0.44544902 0.26136297
v 0.282848 0.44544902 0.26136297
v 0.127344 0.44544902 0.26136297
v 0.154205 0.52937803 0.34618296
v 0.282848 0.44544902 0.26136297
v 0.166927 0.56802203 0.35372296
v 0.255987 0.52937803 0.34618296
v 0.243265 0.56802203 0.35372296
v 0.110845 0.44547703 0.40650397
v 0.154205 0.52937803 0.34618296
v 0.127344 0.44544902 0.26136297
v 0.299347 0.44547703 0.40650397
v 0.282848 0.44544902 0.26136297
v 0.255987 0.52937803 0.34618296
v 0.094163 0.38886009 1.18435797
v 0.301046 0.38886009 1.18708297
v 0.269055 0.3993761 1.31938697
v 0.213284 0.49657709 1.20851196
v 0.245575 0.3354591 1.30482997
v 0.187201 0.48912409 1.18609996
v 0.1969079 0.49657709 1.20851196
v 0.222991 0.48912409 1.18609996
v 0.164616 0.3354591 1.30482997
v 0.152185 0.3808811 1.33433397
v 0.164616 0.3354591 1.30482997
v 0.245575 0.3354591 1.30482997
v 0.245575 0.3354591 1.30482997
v 0.205096 0.25222209 1.12940098
v 0.205096 0.31167107 0.96985498
v 0.187201 0.48912409 1.18609996
v 0.1969079 0.49657709 1.20851196
v 0.213284 0.49657709 1.20851196
v 0.222991 0.48912409 1.18609996
v 0.141137 0.3993761 1.31938697
v 0.256344 0.4148781 1.32756197
v 0.153848 0.4148781 1.32756197
v 0.256344 0.4148781 1.32756197
v 0.153848 0.4148781 1.32756197
v 0.152185 0.3808811 1.33433397
v 0.258007 0.3808811 1.33433397
v 0.258007 0.3808811 1.33433397
v 0.164616 0.3354591 1.30482997
v 0.164616 0.3309011 1.31646698
v 0.245575 0.3309011 1.31646698
v 0.245575 0.23643002 1.59384398
v 0.205096 0.10477802 1.53447899
v 0.245575 0.3354591 1.30482997
v 0.164616 0.3354591 1.30482997
v 0.164616 0.3309011 1.31646698
v 0.117917 0.24000601 0.15391698
v 0.108022 0.33617002 0.20292687
v 0.124042 0.39460602 0.28491997
v 0.124042 0.39460602 0.28491997
v 0.28615 0.39460602 0.28491997
v 0.166454 0.34182403 0.43477297
v 0.179179 0.27679003 0.42723898
v 0.28615 0.39460602 0.28491997
v 0.205096 0.18270491 0.16145699
v 0.144742 0.18228201 0.16145699
v 0.205096 0.16478691 0.19348289
v 0.169281 0.16365401 0.19538699
v 0.117917 0.24000601 0.15391698
v 0.144742 0.18228201 0.16145699
v -0.283324 0.58311601 0.13412396
v -0.290925 0.554356 0.00123592
v -0.290862 0.44739001 0.09642997
v -0.276727 0.50394801 0.15297396
v -0.235256 0.57934902 0.23685796
v -0.263061 0.62175801 0.07475192
v -0.26353 0.52563102 0.23591496
v -0.290863 0.449275 0.00123593
v -0.256936 0.595362 0.00123592
v -0.133467 0.50394801 0.15297396
v -0.12687 0.58311601 0.13412396
v -0.146664 0.52563102 0.23591496
v -0.174938 0.57934902 0.23685796
v -0.119269 0.554356 0.00123592
v -0.130773 0.44739001 0.09642997
v -0.1471329 0.62175801 0.07475192
v -0.1307719 0.449275 0.00123593
v -0.153258 0.595362 0.00123592
v -0.280178 0.00124097 -0.00253397
v -0.09886497 0.1436139 -0.00159199
v -0.134258 -0.00567997 -0.00253397
v -0.319399 0.188987 -0.00159199
v -0.11445 0.272677 -0.00064903
v -0.28725 0.409199 0.02668395
v -0.175406 -0.037696 0.00877595
v -0.236595 -0.03479397 0.00877595
v -0.1302109 0.401651 0.02385595
v -0.130255 0.40071401 0.10114187
v -0.11445 0.272677 -0.00064903
v -0.1302109 0.401651 0.02385595
v -0.1617 0.27114202 0.21423698
v -0.15276 0.17052291 0.12752589
v -0.140163 0.32947101 0.15862898
v -0.146199 0.08074898 0.09925698
v -0.121933 0.14874891 0.07286696
v -0.09886497 0.1436139 -0.00159199
v -0.155951 -0.00559598 0.08134895
v -0.134258 -0.00567997 -0.00253397
v -0.2436079 0.27502502 0.21423698
v -0.1617 0.27114202 0.21423698
v -0.268098 0.33563401 0.15862897
v -0.130255 0.40071401 0.10114187
v -0.287295 0.40825601 0.10396987
v -0.140163 0.32947101 0.15862898
v -0.287295 0.40825601 0.10396987
v -0.130255 0.40071401 0.10114187
v -0.28725 0.409199 0.02668395
v -0.1471329 0.62175801 0.07475192
v -0.256936 0.595362 0.00123592
v -0.1302109 0.401651 0.02385595
v -0.249863 0.574612 0.05967189
v -0.160331 0.574612 0.05967189
v -0.249864 0.287158 0.04741893
v -0.1603299 0.287158 0.04741893
v -0.146664 0.52563102 0.23591496
v -0.174938 0.57934902 0.23685796
v -0.26353 0.52563102 0.23591496
v -0.235256 0.57934902 0.23685796
v -0.175879 0.50864203 0.38953896
v -0.192375 0.38612003 0.39142397
v -0.1603299 0.287158 0.04741893
v -0.160331 0.574612 0.05967189
v -0.217819 0.38612003 0.39142397
v -0.234315 0.50864203 0.38953896
v -0.249864 0.287158 0.04741893
v -0.169754 0.25040201 0.13883598
v -0.249863 0.574612 0.05967189
v -0.24044 0.25040201 0.13883598
v -0.217819 0.38612003 0.39142397
v -0.24044 0.25040201 0.13883598
v -0.192375 0.38612003 0.39142397
v -0.169754 0.25040201 0.13883598
v -0.133467 0.50394801 0.15297396
v -0.276727 0.50394801 0.15297396
v -0.130773 0.44739001 0.09642997
v -0.290862 0.44739001 0.09642997
v -0.146664 0.52563102 0.23591496
v -0.26353 0.52563102 0.23591496
v -0.130773 0.44739001 0.09642997
v -0.290862 0.44739001 0.09642997
v -0.1307719 0.449275 0.00123593
v -0.290863 0.449275 0.00123593
v -0.146199 0.08074898 0.09925698
v -0.253701 0.08207799 0.09831499
v -0.155951 -0.00559598 0.08134895
v -0.287295 0.40825601 0.10396987
v -0.28725 0.409199 0.02668395
v -0.319399 0.188987 -0.00159199
v -0.1617 0.27114202 0.21423698
v -0.2436079 0.27502502 0.21423698
v -0.15276 0.17052291 0.12752589
v -0.268098 0.33563401 0.15862897
v -0.263402 0.17594991 0.12752589
v -0.231014 0.27679003 0.42723898
v -0.205097 0.27679003 0.42723898
v -0.243739 0.34182403 0.43477297
v -0.205097 0.23999501 0.15391698
v -0.265451 0.18228201 0.16145699
v -0.292276 0.24000601 0.15391698
v -0.302171 0.33617002 0.20292687
v -0.292276 0.24000601 0.15391698
v -0.257405 0.22401302 0.25476598
v -0.253634 0.24757493 0.37257298
v -0.205097 0.16478691 0.19348289
v -0.169282 0.16365401 0.19538699
v -0.205097 0.22401302 0.25476598
v -0.243739 0.34182403 0.43477297
v -0.231014 0.27679003 0.42723898
v -0.1527889 0.22401302 0.25476598
v -0.205097 0.24757493 0.37257298
v -0.240912 0.16365401 0.19538699
v -0.265451 0.18228201 0.16145699
v -0.15656 0.24757493 0.37257298
v -0.205097 0.27679003 0.42723898
v -0.144743 0.18228201 0.16145699
v -0.117918 0.24000601 0.15391698
v -0.292276 0.24000601 0.15391698
v -0.205097 0.33617002 0.20292687
v -0.205097 0.24000601 0.15391698
v -0.108023 0.33617002 0.20292687
v -0.29832 0.15590391 0.07569395
v -0.124043 0.39460602 0.28491997
v -0.166455 0.34182403 0.43477297
v -0.17918 0.27679003 0.42723898
v -0.205097 0.34182403 0.43477297
v -0.166455 0.34182403 0.43477297
v -0.286151 0.39460602 0.28491997
v -0.205097 0.34182403 0.43477297
v -0.205097 0.39460602 0.28491997
v -0.205097 0.18270491 0.16145699
v -0.240912 0.16365401 0.19538699
v -0.265451 0.18228201 0.16145699
v -0.243739 0.34182403 0.43477297
v -0.302171 0.33617002 0.20292687
v -0.205097 0.39460602 0.28491997
v -0.175406 -0.037696 0.00877595
v -0.175178 -0.03298699 0.05401694
v -0.236595 -0.03479397 0.00877595
v -0.280178 0.00124097 -0.00253397
v -0.236373 -0.03008401 0.05401694
v -0.236373 -0.03008401 0.05401694
v -0.244449 -0.00139498 0.08134895
v -0.175178 -0.03298699 0.05401694
v -0.1307719 0.449275 0.00123593
v -0.290925 0.554356 0.00123592
v -0.119269 0.554356 0.00123592
v -0.256936 0.595362 0.00123592
v -0.153258 0.595362 0.00123592
v -0.134258 -0.00567997 -0.00253397
v -0.155951 -0.00559598 0.08134895
v -0.290863 0.449275 0.00123593
v 0.245575 0.23643002 1.59384398
v 0.174741 0.22077712 1.59926698
v 0.235451 0.22077712 1.59926698
v -0.117918 0.24000601 0.15391698
v -0.108023 0.33617002 0.20292687
v -0.124043 0.39460602 0.28491997
v -0.124043 0.39460602 0.28491997
v -0.286151 0.39460602 0.28491997
v -0.166455 0.34182403 0.43477297
v -0.17918 0.27679003 0.42723898
v -0.286151 0.39460602 0.28491997
v -0.144743 0.18228201 0.16145699
v -0.205097 0.18270491 0.16145699
v -0.169282 0.16365401 0.19538699
v -0.205097 0.16478691 0.19348289
v -0.117918 0.24000601 0.15391698
v -0.144743 0.18228201 0.16145699
v -0.270215 -0.03891177 2.89039
v -0.313919 -0.03567578 2.935345
v -0.313385 -0.02565976 2.847038
v -0.211371 -0.01115574 2.937692
v -0.265606 -0.03460474 2.891896
v -0.267406 -0.02442778 2.900639
v -0.283666 -0.02036877 2.848455
v -0.282677 -0.01211478 2.864747
v -0.317146 -0.03178777 2.938986
v -0.307893 0.00512021 3.016674
v -0.302928 0.00908916 3.005109
v -0.247018 0.07871919 2.98881599
v -0.277373 0.12680522 2.97901899
v -0.311216 0.06405418 3.024566
v -0.310568 -0.02160276 2.940221
v -0.310568 -0.01211478 2.864747
v -0.264468 -0.01270874 2.976787
v -0.303977 0.00373619 3.020625
v -0.244081 0.07623218 2.98296099
v -0.196141 0.03352521 2.979163
v -0.20913 0.03284321 2.973945
v -0.254888 0.00707518 3.012844
v -0.321125 0.13843522 2.97665399
v -0.274517 0.12461522 2.97324199
v -0.275038 0.10912812 2.96888099
v -0.317178 0.12031122 2.96661599
v -0.195082 0.03213619 2.984207
v -0.314019 0.06196819 3.021478
v -0.324877 0.13808312 2.97056399
v -0.288427 -0.02566578 2.847055
v -0.210592 -0.01356979 2.941453
v -0.249473 0.06870017 2.97709899
v -0.221906 -0.00474174 2.939072
v -0.308073 0.05660717 3.009177
v -0.317287 -0.02057578 2.848045
v -0.2022899 -0.01435478 2.937004
v 0.317694 0.00953016 2.867304
v 0.28025 -0.02381279 2.841655
v 0.30623 0.07341817 2.77653599
v 0.322845 0.11272812 2.94668899
v 0.30623 0.16030521 2.81816499
v 0.27045 0.13172522 2.97524399
v 0.27705 0.14204211 2.75087199
v 0.26066 -0.03960879 2.887699
v 0.236162 0.0852332 2.98325499
v 0.1859 0.03386121 2.981739
v 0.2022899 -0.01435478 2.937004
v 0.270215 -0.03891177 2.89039
v 0.313386 -0.02565976 2.847038
v 0.313919 -0.03567578 2.935345
v 0.267406 -0.02442778 2.900639
v 0.265606 -0.03460474 2.891896
v 0.211372 -0.01115574 2.937692
v 0.282677 -0.01211478 2.864747
v 0.283666 -0.02036877 2.848455
v 0.302929 0.00908916 3.005109
v 0.307893 0.00512021 3.016674
v 0.317147 -0.03178777 2.938986
v 0.247018 0.07871919 2.98881599
v 0.311216 0.06405418 3.024566
v 0.277373 0.12680522 2.97901899
v 0.317288 -0.02057578 2.848045
v 0.310568 -0.01211478 2.864747
v 0.264468 -0.01270874 2.976787
v 0.303977 0.00373619 3.020625
v 0.20913 0.03284321 2.973945
v 0.196141 0.03352521 2.979163
v 0.244081 0.07623218 2.98296099
v 0.254888 0.00707518 3.012844
v 0.321125 0.13843522 2.97665399
v 0.274517 0.12461522 2.97324199
v 0.324877 0.13808312 2.97056399
v 0.317178 0.12031122 2.96661599
v 0.195082 0.03213619 2.984207
v 0.314019 0.06196819 3.021478
v 0.288427 -0.02566578 2.847055
v 0.210592 -0.01356979 2.941453
v 0.275038 0.10912812 2.96888099
v 0.308073 0.05660717 3.009177
v 0.310568 -0.02160276 2.940221
v 0.221907 -0.00474174 2.939072
v 0.249474 0.06870017 2.97709899
v 0.02398997 -0.10509078 2.88476601
v -0.02398997 -0.10509078 2.88476601
v 0 -0.18408777 2.98187101
v -0.01058995 -0.07968178 2.83459901
v -0.02178996 -0.17648077 2.98701401
v -0.04218 -0.08761276 2.93261101
v 0.04117095 -0.12960877 3.01305801
v 0.02178996 -0.17648077 2.98701401
v 0 -0.07854476 2.81886501
v 0.01058995 -0.07968178 2.83459901
v -0.04117095 -0.12960877 3.01305801
v 0.04218 -0.08761276 2.93261101
v -0.072932 -0.07387276 2.96354701
v -0.05246895 -0.10801477 3.00188801
v -0.04722696 -0.12187778 2.97690101
v -0.03211498 -0.11076678 2.84871901
v -0.04865097 -0.12199878 2.97655901
v -0.06496 -0.0967318 2.87624001
v -0.11334 -0.07716675 2.91422701
v -0.120817 -0.0833108 2.88747101
v 0.072932 -0.07387276 2.96354701
v 0.05246895 -0.10801477 3.00188801
v -0.123254 -0.08321775 2.89003401
v -0.126027 -0.07771279 2.91323201
v -0.176881 -0.04928775 2.894484
v -0.133061 -0.04518677 2.945258
v -0.128074 -0.02772976 2.947768
v 0.03211498 -0.11076678 2.84871901
v 0.04865097 -0.12199878 2.97655901
v 0.123254 -0.08321775 2.89003401
v 0.176881 -0.04928775 2.894484
v 0.126027 -0.07771279 2.91323201
v 0.133061 -0.04518677 2.945258
v 0.128074 -0.02772976 2.947768
v 0.244744 0.30938011 1.41225798
v 0.143802 0.30938011 1.41225798
v 0.163294 0.3420271 1.26498997
v 0.225252 0.3420271 1.26498997
v 0.1942729 0.45860111 1.45984197
v 0.176307 0.45168609 1.25698397
v 0.143802 0.30938011 1.41225798
v 0.157298 0.33106411 1.50104098
v 0.244744 0.30938011 1.41225798
v 0.212239 0.45168609 1.25698397
v 0.163294 0.3420271 1.26498997
v 0.231248 0.33106411 1.50104098
v 0.225252 0.3420271 1.26498997
v 0.143802 0.30938011 1.41225798
v 0.244744 0.30938011 1.41225798
v 0.231248 0.33106411 1.50104098
v 0.157298 0.33106411 1.50104098
v 0.212239 0.45168609 1.25698397
v 0.176307 0.45168609 1.25698397
v 0.1942729 0.45860111 1.45984197
v 0.1942729 0.45860111 1.45984197
v 0.157298 0.33106411 1.50104098
v 0.231248 0.33106411 1.50104098
v 0.164616 0.23643002 1.59384398
v 0.205096 0.12205412 1.55474999
v 0.245575 0.3309011 1.31646698
v 0.164616 0.23643002 1.59384398
v 0.245575 0.23643002 1.59384398
v 0.164616 0.3309011 1.31646698
v 0.245575 0.23643002 1.59384398
v 0.205096 0.10477802 1.53447899
v 0.245575 0.3309011 1.31646698
v 0.205096 0.25222209 1.12940098
v 0.245575 0.3309011 1.31646698
v 0.235451 0.22077712 1.59926698
v 0.235451 0.22077712 1.59926698
v 0.174741 0.22077712 1.59926698
v 0.205096 0.12205412 1.55474999
v -0.161272 0.50771204 0.49415096
v -0.154206 0.52937803 0.34618296
v -0.1669279 0.56802203 0.35372296
v -0.110846 0.44547703 0.40650397
v -0.1527889 0.44547304 0.56766697
v -0.176352 0.57556303 0.42911796
v -0.17164 0.49639605 0.71657796
v -0.1433629 0.43419206 0.75427197
v -0.105536 0.41819607 0.92109097
v -0.163621 0.54233607 0.86215496
v -0.248922 0.50771204 0.49415096
v -0.243266 0.56802203 0.35372296
v -0.255988 0.52937803 0.34618296
v -0.159581 0.55862408 1.02397796
v -0.257405 0.44547304 0.56766697
v -0.299348 0.44547703 0.40650397
v -0.238554 0.49639605 0.71657796
v -0.281814 0.43419206 0.73656397
v -0.309712 0.41819607 0.92109097
v -0.264002 0.54257907 0.86360396
v -0.233842 0.57556303 0.42911796
v -0.260704 0.55862408 1.02397796
v -0.238554 0.49639605 0.71657796
v -0.17164 0.49639605 0.71657796
v -0.248922 0.50771204 0.49415096
v -0.161272 0.50771204 0.49415096
v -0.163621 0.54233607 0.86215496
v -0.264002 0.54257907 0.86360396
v -0.260704 0.55862408 1.02397796
v -0.159581 0.55862408 1.02397796
v -0.176352 0.57556303 0.42911796
v -0.233842 0.57556303 0.42911796
v -0.205097 0.37294004 0.47812797
v -0.205097 0.33994803 0.35278097
v -0.205097 0.37294004 0.55729997
v -0.205097 0.31167107 0.96985498
v -0.205097 0.33994803 0.35278097
v -0.299348 0.44547703 0.40650397
v -0.282849 0.44544902 0.26136297
v -0.110846 0.44547703 0.40650397
v -0.127345 0.44544902 0.26136297
v -0.205097 0.33994803 0.35278097
v -0.282849 0.44544902 0.26136297
v -0.127345 0.44544902 0.26136297
v -0.127345 0.44544902 0.26136297
v -0.282849 0.44544902 0.26136297
v -0.154206 0.52937803 0.34618296
v -0.1669279 0.56802203 0.35372296
v -0.255988 0.52937803 0.34618296
v -0.243266 0.56802203 0.35372296
v -0.110846 0.44547703 0.40650397
v -0.127345 0.44544902 0.26136297
v -0.154206 0.52937803 0.34618296
v -0.299348 0.44547703 0.40650397
v -0.255988 0.52937803 0.34618296
v -0.282849 0.44544902 0.26136297
v -0.094163 0.38886009 1.18435797
v -0.301047 0.38886009 1.18708297
v -0.269056 0.3993761 1.31938697
v -0.213285 0.49657709 1.20851196
v -0.245576 0.3354591 1.30482997
v -0.187202 0.48912409 1.18609996
v -0.196909 0.49657709 1.20851196
v -0.222992 0.48912409 1.18609996
v -0.164617 0.3354591 1.30482997
v -0.152186 0.3808811 1.33433397
v -0.245576 0.3354591 1.30482997
v -0.164617 0.3354591 1.30482997
v -0.245576 0.3354591 1.30482997
v -0.205097 0.31167107 0.96985498
v -0.205097 0.25222209 1.12940098
v -0.187202 0.48912409 1.18609996
v -0.213285 0.49657709 1.20851196
v -0.196909 0.49657709 1.20851196
v -0.222992 0.48912409 1.18609996
v -0.141138 0.3993761 1.31938697
v -0.256345 0.4148781 1.32756197
v -0.256345 0.4148781 1.32756197
v -0.153849 0.4148781 1.32756197
v -0.153849 0.4148781 1.32756197
v -0.152186 0.3808811 1.33433397
v -0.258008 0.3808811 1.33433397
v -0.258008 0.3808811 1.33433397
v -0.164617 0.3354591 1.30482997
v -0.164617 0.3309011 1.31646698
v -0.245576 0.3309011 1.31646698
v -0.205097 0.10477802 1.53447899
v -0.245576 0.23643002 1.59384398
v -0.245576 0.3354591 1.30482997
v -0.164617 0.3309011 1.31646698
v -0.164617 0.3354591 1.30482997
v -0.245576 0.23643002 1.59384398
v -0.235451 0.22077712 1.59926698
v -0.174741 0.22077712 1.59926698
v -0.164617 0.23643002 1.59384398
v -0.205096 0.12205412 1.55474999
v -0.245576 0.3309011 1.31646698
v -0.245576 0.23643002 1.59384398
v -0.164617 0.23643002 1.59384398
v -0.164617 0.3309011 1.31646698
v -0.245576 0.23643002 1.59384398
v -0.205097 0.10477802 1.53447899
v -0.245576 0.3309011 1.31646698
v -0.205097 0.25222209 1.12940098
v -0.245576 0.3309011 1.31646698
v -0.235451 0.22077712 1.59926698
v -0.235451 0.22077712 1.59926698
v -0.205096 0.12205412 1.55474999
v -0.174741 0.22077712 1.59926698
v 0.106893 0.27570013 1.78675498
v 0.09224498 0.27867615 1.92798598
v 0.06916999 0.38921715 1.92798597
v 0.1555449 0.28657411 1.48013198
v 0.261269 0.37748411 1.40670897
v 0.233448 0.28657411 1.48013198
v 0.131422 0.37748411 1.40670897
v 0.197223 0.46405611 1.44319196
v 0.277548 0.27570013 1.78675498
v 0.307433 0.39000613 1.74619297
v 0.315479 0.38921715 1.92514797
v 0.199712 0.50170213 1.76634796
v 0.200365 0.49831215 1.92798596
v 0.192278 0.23516713 1.78675498
v 0.191696 0.24231405 1.92798598
v 0.08730298 0.39000613 1.74619297
v 0.197223 0.46405611 1.44319196
v 0.131422 0.37748411 1.40670897
v 0.09394598 0.38433012 1.57168297
v 0.198373 0.48498712 1.60474596
v 0.233448 0.28657411 1.48013198
v 0.193471 0.24667212 1.63822298
v 0.1555449 0.28657411 1.48013198
v 0.12344 0.28303512 1.63822298
v 0.299645 0.38433012 1.57168297
v 0.261269 0.37748411 1.40670897
v 0.263502 0.28303512 1.63822298
v 0.291261 0.27867615 1.92798598
v 0.061019 0.38921715 1.93962797
v 0.07899099 0.38237015 1.95806097
v 0.15737 0.45853215 2.02587097
v 0.07743996 0.27867615 1.93988798
v 0.2360939 0.27867616 2.16134098
v 0.257082 0.29356616 2.15044598
v 0.255587 0.38921716 2.13664397
v 0.183629 0.24231405 1.99084398
v 0.208787 0.47823616 2.10472896
v 0.183629 0.24231405 1.99084398
v 0.303308 0.29356615 1.95491098
v 0.18086 0.26031815 1.99167498
v 0.09263497 0.29052915 1.95500598
v 0.09263497 0.29052915 1.93420298
v 0.1611829 0.48654815 2.02628496
v 0.204975 0.45022016 2.10431397
v 0.185986 0.48633915 1.98108496
v 0.240645 0.38237015 2.02479297
v 0.22445 0.29052916 2.14226798
v 0.240645 0.38237016 2.12174897
v 0.18086 0.26031815 1.97732598
v 0.240645 0.38237015 2.02479297
v 0.07899099 0.38237015 1.92419697
v 0.07899099 0.38237015 1.92419697
v 0.185986 0.48633915 1.98108496
v 0.18086 0.26031815 1.99167498
v 0.22445 0.29052915 2.03740298
v 0.18086 0.26031815 1.97732598
v 0.208787 0.47823616 2.10472896
v 0.200365 0.49831215 1.92798596
v 0.204975 0.45022016 2.10431397
v 0.22445 0.29052915 2.03740298
v 0.09263497 0.29052915 1.93420298
v 0.185986 0.48633915 1.98108496
v 0.18086 0.26031815 1.97732598
v 0.05473798 0.28143917 2.19823798
v 0.139428 0.26627616 2.12227698
v 0.157443 0.33798916 2.15866697
v 0.152461 0.43041115 1.95952797
v 0.231276 0.44467215 2.00757297
v 0.245075 0.33798915 1.99307097
v 0.04996097 0.33798916 2.06653597
v 0.152461 0.29471115 1.95952798
v 0.139428 0.26627616 2.12227698
v 0.05473798 0.28143917 2.19823798
v 0.139428 0.45884616 2.12227697
v 0.152461 0.43041115 1.95952797
v 0.231276 0.28045015 2.00757298
v 0.05473798 0.44368317 2.19823797
v 0.231276 0.44467215 2.00757297
v 0.157443 0.33798916 2.15866697
v 0.139428 0.26627616 2.12227698
v 0.231276 0.28045015 2.00757298
v 0.139428 0.45884616 2.12227697
v 0.04996097 0.33798916 2.06653597
v 0.1556839 0.33798914 1.90654597
v 0.152461 0.29471115 1.95952798
v 0.04996097 0.33798916 2.06653597
v 0.05473798 0.28143917 2.19823798
v 0.06376898 0.33798917 2.23198897
v 0.139428 0.45884616 2.12227697
v 0.05473798 0.44368317 2.19823797
v -0.244744 0.30938011 1.41225798
v -0.163294 0.3420271 1.26498997
v -0.143802 0.30938011 1.41225798
v -0.225252 0.3420271 1.26498997
v -0.1942729 0.45860111 1.45984197
v -0.143802 0.30938011 1.41225798
v -0.176307 0.45168609 1.25698397
v -0.157298 0.33106411 1.50104098
v -0.244744 0.30938011 1.41225798
v -0.212239 0.45168609 1.25698397
v -0.163294 0.3420271 1.26498997
v -0.231248 0.33106411 1.50104098
v -0.225252 0.3420271 1.26498997
v -0.143802 0.30938011 1.41225798
v -0.231248 0.33106411 1.50104098
v -0.244744 0.30938011 1.41225798
v -0.157298 0.33106411 1.50104098
v -0.212239 0.45168609 1.25698397
v -0.1942729 0.45860111 1.45984197
v -0.176307 0.45168609 1.25698397
v -0.1942729 0.45860111 1.45984197
v -0.231248 0.33106411 1.50104098
v -0.157298 0.33106411 1.50104098
v -0.106894 0.27570013 1.78675498
v -0.06916999 0.38921715 1.92798597
v -0.09224498 0.27867615 1.92798598
v -0.1555449 0.28657411 1.48013198
v -0.233448 0.28657411 1.48013198
v -0.261269 0.37748411 1.40670897
v -0.131422 0.37748411 1.40670897
v -0.197223 0.46405611 1.44319196
v -0.277548 0.27570013 1.78675498
v -0.315479 0.38921715 1.92514797
v -0.307433 0.39000613 1.74619297
v -0.199712 0.50170213 1.76634796
v -0.200366 0.49831215 1.92798596
v -0.191696 0.24231405 1.92798598
v -0.192278 0.23516713 1.78675498
v -0.08730298 0.39000613 1.74619297
v -0.197223 0.46405611 1.44319196
v -0.09394598 0.38433012 1.57168297
v -0.131422 0.37748411 1.40670897
v -0.198373 0.48498712 1.60474596
v -0.233448 0.28657411 1.48013198
v -0.1555449 0.28657411 1.48013198
v -0.193472 0.24667212 1.63822298
v -0.123441 0.28303512 1.63822298
v -0.299645 0.38433012 1.57168297
v -0.261269 0.37748411 1.40670897
v -0.263502 0.28303512 1.63822298
v -0.291261 0.27867615 1.92798598
v -0.061019 0.38921715 1.93962797
v -0.15737 0.45853215 2.02587097
v -0.078992 0.38237015 1.95806097
v -0.07743996 0.27867615 1.93988798
v -0.236095 0.27867616 2.16134098
v -0.255587 0.38921716 2.13664397
v -0.257082 0.29356616 2.15044598
v -0.183629 0.24231405 1.99084398
v -0.208787 0.47823616 2.10472896
v -0.183629 0.24231405 1.99084398
v -0.303308 0.29356615 1.95491098
v -0.09263497 0.29052915 1.95500598
v -0.18086 0.26031815 1.99167498
v -0.09263497 0.29052915 1.93420298
v -0.1611829 0.48654815 2.02628496
v -0.204975 0.45022016 2.10431397
v -0.240645 0.38237015 2.02479297
v -0.185986 0.48633915 1.98108496
v -0.22445 0.29052916 2.14226798
v -0.240645 0.38237016 2.12174897
v -0.18086 0.26031815 1.97732598
v -0.078992 0.38237015 1.92419697
v -0.240645 0.38237015 2.02479297
v -0.185986 0.48633915 1.98108496
v -0.078992 0.38237015 1.92419697
v -0.18086 0.26031815 1.99167498
v -0.22445 0.29052915 2.03740298
v -0.18086 0.26031815 1.97732598
v -0.208787 0.47823616 2.10472896
v -0.200366 0.49831215 1.92798596
v -0.204975 0.45022016 2.10431397
v -0.22445 0.29052915 2.03740298
v -0.09263497 0.29052915 1.93420298
v -0.185986 0.48633915 1.98108496
v -0.18086 0.26031815 1.97732598
v -0.157443 0.33798916 2.15866697
v -0.139429 0.26627616 2.12227698
v -0.05473798 0.28143917 2.19823798
v -0.245076 0.33798915 1.99307097
v -0.231276 0.44467215 2.00757297
v -0.152461 0.43041115 1.95952797
v -0.04996097 0.33798916 2.06653597
v -0.139429 0.26627616 2.12227698
v -0.152461 0.29471115 1.95952798
v -0.05473798 0.28143917 2.19823798
v -0.139429 0.45884616 2.12227697
v -0.152461 0.43041115 1.95952797
v -0.231276 0.28045015 2.00757298
v -0.05473798 0.44368317 2.19823797
v -0.231276 0.44467215 2.00757297
v -0.157443 0.33798916 2.15866697
v -0.231276 0.28045015 2.00757298
v -0.139429 0.45884616 2.12227697
v -0.04996097 0.33798916 2.06653597
v -0.152461 0.29471115 1.95952798
v -0.1556839 0.33798914 1.90654597
v -0.04996097 0.33798916 2.06653597
v -0.05473798 0.44368317 2.19823797
v -0.06376898 0.33798917 2.23198897
v -0.1556839 0.33798914 1.90654597
v -0.06376898 0.33798917 2.23198897
v -0.05473798 0.44368317 2.19823797
v -0.04967695 0.51249018 2.37299796
v -0.142008 0.35439917 2.29934097
v -0.122271 0.34920218 2.36122197
v -0.02658396 0.16192806 2.09552199
v 0 0.13481316 2.13532299
v 0.000536 0.16568217 2.22498099
v 0 0.48822119 2.51603396
v 0 0.53132519 2.50195996
v -0.04385995 0.48419019 2.46273696
v 0 0.20551518 2.38737698
v -0.116244 0.24658619 2.52201498
v -0.09888797 0.29608618 2.44369398
v 0 0.57001618 2.44192596
v 0 0.52029318 2.35456096
v -0.14763 0.34935519 2.58037697
v -0.05961996 0.4578692 2.64351797
v -0.05883496 0.44958719 2.54452197
v -0.114581 0.34747019 2.47287597
v -0.121226 0.35394218 2.37433997
v -0.224514 0.24072511 2.72363998
v -0.165579 0.2828322 2.65368898
v -0.138678 0.1840532 2.59488599
v -0.124584 0.4015542 2.70664797
v -0.05961996 0.4578692 2.64351797
v -0.150559 0.3470242 2.58920297
v 0 0.48822119 2.51603396
v -0.118566 0.24115919 2.52951298
v 0 0.20059618 2.39619198
v 0 0.13524709 2.48981899
v -0.04149597 0.20064817 2.19110598
v -0.03557896 0.51914015 1.93920696
v -0.05894994 0.53677816 2.10593396
v 0 0.53677816 2.10593396
v 0 0.52029318 2.35456096
v -0.03480297 0.53403417 2.30122296
v -0.03480297 0.53403417 2.30122296
v -0.1834 0.35535217 2.23617497
v 0 0.17219017 2.23825299
v 0 0.21248118 2.32406498
v 0 0.5283232 2.62246596
v 0 0.48822119 2.51603396
v -0.05961996 0.4578692 2.64351797
v -0.103952 0.23000706 2.15421898
v -0.04385995 0.48419019 2.46273696
v 0 0.55364918 2.33064596
v 0 0.57458017 2.27033696
v -0.03480297 0.53403417 2.30122296
v 0 0.53980216 2.18122496
v -0.00707698 0.15720215 1.93813899
v -0.00771397 0.12418915 1.93796799
v -0.02450495 0.0899261 2.06636199
v 0 0.52029318 2.35456096
v 0 0.4887872 2.67649996
v -0.225749 0.1166922 2.67518199
v 0 0.06003112 2.529099
v -0.102595 0.04200615 2.62508
v -0.101953 0.53001217 2.22167896
v 0 0.53980216 2.18122496
v -0.03480297 0.53403417 2.30122296
v -0.09219497 0.39551521 2.82234297
v 0 0.4581682 2.69945297
v 0 0.4581682 2.69945297
v 0 0.12418915 1.93796799
v -0.00771397 0.12418915 1.93796799
v -0.00707698 0.15720215 1.93813899
v -0.02688699 0.48508914 1.90925796
v -0.02869898 0.47966615 1.92121596
v -0.02688699 0.48508914 1.90925796
v 0 0.48508914 1.90925796
v 0 0.47966615 1.92121596
v 0 0.19394006 2.05411199
v 0 0.18318815 1.93618499
v -0.00707698 0.18318815 1.93618499
v -0.02450495 0.19394006 2.05411199
v 0 0.51914015 1.93920696
v 0 0.48508914 1.90925796
v -0.02450495 0.19394006 2.05411199
v -0.02551996 0.19075305 1.97266999
v 0 0.19075305 1.97266999
v 0 0.22021115 1.93944898
v 0 0.19075305 1.97266999
v -0.02551996 0.19075305 1.97266999
v -0.02612298 0.22021115 1.93944898
v -0.02730095 0.38442415 1.92614297
v 0 0.38442415 1.92614297
v -0.02869898 0.47966615 1.92121596
v 0 0.47966615 1.92121596
v 0 0.15720215 1.93813899
v 0 0.17729017 2.22899499
v -0.10357 0.35721518 2.37171697
v -0.104615 0.35247418 2.35859997
v 0 0.0899261 2.06636199
v 0 0.17729017 2.22899499
v -0.105475 0.24313919 2.53509698
v 0 0.20503518 2.39736798
v -0.10357 0.35721518 2.37171697
v 0 0.20503518 2.39736798
v -0.137468 0.3490042 2.59478597
v 0 0.07827613 2.11682199
v -0.104615 0.35247418 2.35859997
v -0.04385995 0.48419019 2.46273696
v -0.101953 0.51329917 2.22167896
v -0.03557896 0.50242715 1.93920696
v -0.05894994 0.52006516 2.10593396
v -0.04385995 0.48419019 2.46273696
v -0.115975 0.35535217 2.23617497
v -0.06573599 0.23000706 2.15421898
v -0.02869898 0.47966615 1.92121596
v -0.02450495 0.19394006 2.05411199
v -0.00707698 0.18318815 1.93618499
v 0 0.19394006 2.05411199
v 0 0.12418915 1.93796799
v 0 0.17729017 2.22899499
v -0.03480297 0.53403417 2.30122296
v -0.07215195 0.46121617 2.20812397
v -0.115975 0.35535217 2.23617497
v -0.03480297 0.53403417 2.30122296
v -0.101953 0.51329917 2.22167896
v 0 0.53980216 2.18122496
v 0 0.53980216 2.18122496
v -0.05894994 0.52006516 2.10593396
v -0.02869898 0.47966615 1.92121596
v -0.119641 0.45192015 1.97381497
v -0.05894994 0.52006516 2.10593396
v -0.05894994 0.52006516 2.10593396
v -0.115975 0.35535217 2.23617497
v -0.07215195 0.46121617 2.20812397
v -0.1577579 0.42939516 2.14690397
v -0.06573599 0.23000706 2.15421898
v -0.1579869 0.33825416 2.14511497
v -0.02730095 0.38442415 1.92614297
v -0.02612298 0.22021115 1.93944898
v -0.114105 0.30986115 1.98008398
v -0.144581 0.45820516 2.07236097
v -0.02450495 0.19394006 2.05411199
v -0.123282 0.28325516 2.05633098
v -0.11603 0.29130215 2.00402998
v -0.02730095 0.38442415 1.92614297
v -0.110146 0.37793715 1.95707597
v -0.119641 0.45192015 1.97381497
v -0.1579869 0.33825416 2.14511497
v -0.1577579 0.42939516 2.14690397
v -0.141188 0.30585716 2.11096698
v -0.144581 0.45820516 2.07236097
v -0.114105 0.30986115 1.98008398
v -0.11603 0.29130215 2.00402998
v -0.123282 0.28325516 2.05633098
v -0.02551996 0.19075305 1.97266999
v -0.141188 0.30585716 2.11096698
v -0.05961996 0.4578692 2.64351797
v -0.13454 0.3513352 2.58595997
v -0.137468 0.3490042 2.59478597
v -0.103154 0.24856619 2.52759798
v -0.105475 0.24313919 2.53509698
v 0 0.20503518 2.39736798
v -0.2232789 0.36475721 2.77209697
v -0.13454 0.3513352 2.58595997
v -0.103154 0.24856619 2.52759798
v 0.10734 -0.07520677 2.87834101
v 0.02977997 -0.09949478 2.83593701
v 0.114855 -0.03316773 2.938448
v 0.182578 -0.03281773 2.884632
v 0.06376898 0.33798917 2.23198897
v 0.1556839 0.33798914 1.90654597
v 0.05473798 0.44368317 2.19823797
v -0.139429 0.26627616 2.12227698
v -0.05473798 0.28143917 2.19823798
v -0.139429 0.45884616 2.12227697
v -0.04385995 0.48419019 2.46273696
v -0.110146 0.37793715 1.95707597
v -0.02869898 0.47966615 1.92121596
v 0.04967695 0.51249018 2.37299796
v 0.122271 0.34920218 2.36122197
v 0.142008 0.35439917 2.29934097
v 0.02658396 0.16192806 2.09552199
v -0.000537 0.16568217 2.22498099
v 0.04385995 0.48419019 2.46273696
v 0.09888696 0.29608618 2.44369398
v 0.116244 0.24658619 2.52201498
v 0.14763 0.34935519 2.58037697
v 0.05883496 0.44958719 2.54452197
v 0.05961996 0.4578692 2.64351797
v 0.11458 0.34747019 2.47287597
v 0.121226 0.35394218 2.37433997
v 0.224514 0.24072511 2.72363998
v 0.138678 0.1840532 2.59488599
v 0.165579 0.2828322 2.65368898
v 0.124583 0.4015542 2.70664797
v 0.150559 0.3470242 2.58920297
v 0.05961996 0.4578692 2.64351797
v 0.118565 0.24115919 2.52951298
v 0.04149597 0.20064817 2.19110598
v 0.03557896 0.51914015 1.93920696
v 0.05894994 0.53677816 2.10593396
v 0.03480297 0.53403417 2.30122296
v 0.03480297 0.53403417 2.30122296
v 0.1834 0.35535217 2.23617497
v 0.05961996 0.4578692 2.64351797
v 0.103952 0.23000706 2.15421898
v 0.04385995 0.48419019 2.46273696
v 0.03480297 0.53403417 2.30122296
v 0.00707698 0.15720215 1.93813899
v 0.02450495 0.0899261 2.06636199
v 0.00771397 0.12418915 1.93796799
v 0.225749 0.1166922 2.67518199
v 0.102595 0.04200615 2.62508
v 0.101953 0.53001217 2.22167896
v 0.03480297 0.53403417 2.30122296
v 0.09219497 0.39551521 2.82234297
v 0.00707698 0.15720215 1.93813899
v 0.00771397 0.12418915 1.93796799
v 0.02688699 0.48508914 1.90925796
v 0.02869898 0.47966615 1.92121596
v 0.02688699 0.48508914 1.90925796
v 0.00707698 0.18318815 1.93618499
v 0.02450495 0.19394006 2.05411199
v 0.02450495 0.19394006 2.05411199
v 0.02551996 0.19075305 1.97266999
v 0.02551996 0.19075305 1.97266999
v 0.02612298 0.22021115 1.93944898
v 0.02730095 0.38442415 1.92614297
v 0.02869898 0.47966615 1.92121596
v 0.104615 0.35247418 2.35859997
v 0.10357 0.35721518 2.37171697
v 0.105475 0.24313919 2.53509698
v 0.10357 0.35721518 2.37171697
v 0.137468 0.3490042 2.59478597
v 0.04385995 0.48419019 2.46273696
v 0.104615 0.35247418 2.35859997
v 0.101953 0.51329917 2.22167896
v 0.05894994 0.52006516 2.10593396
v 0.03557896 0.50242715 1.93920696
v 0.04385995 0.48419019 2.46273696
v 0.115975 0.35535217 2.23617497
v 0.06573498 0.23000706 2.15421898
v 0.02869898 0.47966615 1.92121596
v 0.02450495 0.19394006 2.05411199
v 0.00707698 0.18318815 1.93618499
v 0.03480297 0.53403417 2.30122296
v 0.115975 0.35535217 2.23617497
v 0.07215195 0.46121617 2.20812397
v 0.03480297 0.53403417 2.30122296
v 0.101953 0.51329917 2.22167896
v 0.05894994 0.52006516 2.10593396
v 0.119641 0.45192015 1.97381497
v 0.02869898 0.47966615 1.92121596
v 0.05894994 0.52006516 2.10593396
v 0.05894994 0.52006516 2.10593396
v 0.115975 0.35535217 2.23617497
v 0.1577579 0.42939516 2.14690397
v 0.07215195 0.46121617 2.20812397
v 0.06573498 0.23000706 2.15421898
v 0.1579869 0.33825416 2.14511497
v 0.02730095 0.38442415 1.92614297
v 0.114104 0.30986115 1.98008398
v 0.02612298 0.22021115 1.93944898
v 0.14458 0.45820516 2.07236097
v 0.02450495 0.19394006 2.05411199
v 0.11603 0.29130215 2.00402998
v 0.123281 0.28325516 2.05633098
v 0.02730095 0.38442415 1.92614297
v 0.119641 0.45192015 1.97381497
v 0.110145 0.37793715 1.95707597
v 0.1579869 0.33825416 2.14511497
v 0.141188 0.30585716 2.11096698
v 0.1577579 0.42939516 2.14690397
v 0.14458 0.45820516 2.07236097
v 0.114104 0.30986115 1.98008398
v 0.11603 0.29130215 2.00402998
v 0.123281 0.28325516 2.05633098
v 0.02551996 0.19075305 1.97266999
v 0.141188 0.30585716 2.11096698
v 0.05961996 0.4578692 2.64351797
v 0.137468 0.3490042 2.59478597
v 0.134539 0.3513352 2.58595997
v 0.105475 0.24313919 2.53509698
v 0.103153 0.24856619 2.52759798
v 0.2232789 0.36475721 2.77209697
v 0.134539 0.3513352 2.58595997
v 0.103153 0.24856619 2.52759798
v 0.04385995 0.48419019 2.46273696
v 0.110145 0.37793715 1.95707597
v 0.02869898 0.47966615 1.92121596
v -0.13872 0.29937023 3.00656598
v -0.103264 0.31389523 2.99384298
v -0.14692 0.30568423 2.99152798
v 0.13872 0.29937023 3.00656598
v 0.14692 0.30568423 2.99152798
v 0.103265 0.31389523 2.99384298
v -0.05756998 0.33665123 3.03385697
v -0.05756998 0.36156023 3.03055797
v -0.1018339 0.32511923 3.00126798
v 0.05756998 0.33665123 3.03385697
v 0.13872 0.29937023 3.00656598
v 0.1018339 0.32511923 3.00126798
v -0.08550399 0.07104416 2.63855699
v -0.188141 0.1332882 2.68031299
v 0.07683598 0.36566121 2.80295797
v 0.186082 0.34002721 2.76108297
v -0.187112 0.23665721 2.72069798
v -0.186083 0.34002721 2.76108297
v 0.08550298 0.07104416 2.63855699
v 0 0.08606613 2.55856599
v 0.188141 0.1332882 2.68031299
v 0.187111 0.23665721 2.72069798
v 0.04471498 0.03460617 2.620157
v 0.05756998 0.05072214 2.62806
v 0.031614 -0.01235977 2.616072
v 0.02467495 0.00980713 2.605768
v 0 -0.04051778 2.632391
v -0.031614 -0.01235977 2.616072
v -0.02467495 0.00980713 2.605768
v 0 -0.01392076 2.597224
v 0 -0.04051778 2.632391
v 0 0.01742513 2.581818
v -0.28504 0.26068222 2.91426598
v -0.263984 0.37178822 2.94480097
v -0.263984 0.37178822 2.88208197
v -0.14692 0.37523021 2.80243697
v -0.28504 0.27853322 2.85154698
v -0.263984 0.37178822 2.88208197
v -0.1018339 0.32511923 3.00126798
v -0.076837 0.36566121 2.80295797
v -0.04550999 0.33592822 2.86543097
v -0.05460697 0.36578222 2.88481597
v 0.05460697 0.36578222 2.88481597
v -0.263984 0.37178822 2.94480097
v -0.242177 0.38237222 2.93937697
v -0.242177 0.38237222 2.89049797
v -0.135277 0.43424422 2.87045797
v -0.263984 0.37178822 2.88208197
v -0.242177 0.38237222 2.89049797
v -0.103264 0.31389523 2.99384298
v -0.09621095 0.45323222 2.95688997
v -0.135277 0.43424422 2.97292997
v -0.135277 0.43424422 2.97292997
v -0.263984 0.37178822 2.94480097
v -0.06231296 0.31795522 2.93112298
v -0.09621095 0.45323222 2.89416997
v -0.09621095 0.45323222 2.95688997
v -0.06231296 0.31795522 2.93112298
v -0.135277 0.43424422 2.87045797
v -0.242177 0.38237222 2.89049797
v -0.242177 0.38237222 2.93937697
v -0.242177 0.35738122 2.93937697
v -0.242177 0.35738122 2.89049797
v -0.141871 0.40605622 2.88143897
v -0.09621095 0.45323222 2.89416997
v -0.111425 0.44584522 2.89991897
v -0.111425 0.44584522 2.94879797
v -0.135277 0.43424422 2.87045797
v -0.141871 0.43104722 2.88143897
v -0.111425 0.44584522 2.89991897
v -0.135277 0.43424422 2.97292997
v -0.09621095 0.45323222 2.95688997
v -0.111425 0.44584522 2.94879797
v -0.135277 0.43424422 2.97292997
v -0.141871 0.43104722 2.96129897
v -0.242177 0.38237222 2.93937697
v -0.242177 0.35738122 2.93937697
v -0.141871 0.40605622 2.96129897
v -0.141871 0.40605622 2.88143897
v -0.111425 0.42085422 2.94879797
v -0.111425 0.42085422 2.89991897
v -0.111425 0.44584522 2.94879797
v -0.111425 0.44584522 2.89991897
v -0.111425 0.42085422 2.89991897
v -0.141871 0.43104722 2.88143897
v -0.141871 0.43104722 2.96129897
v -0.111425 0.42085422 2.94879797
v -0.141871 0.40605622 2.96129897
v 0.28504 0.26068222 2.91426598
v 0.28504 0.27853322 2.85154698
v 0.263984 0.37178822 2.88208197
v 0.263984 0.37178822 2.88208197
v 0.28504 0.27853322 2.85154698
v 0.14692 0.37523021 2.80243697
v 0.263984 0.37178822 2.94480097
v 0.263984 0.37178822 2.88208197
v 0.242177 0.38237222 2.89049797
v 0.242177 0.38237222 2.89049797
v 0.263984 0.37178822 2.88208197
v 0.135277 0.43424422 2.87045797
v 0.103265 0.31389523 2.99384298
v 0.14692 0.30568423 2.99152798
v 0.135277 0.43424422 2.97292997
v 0.263984 0.37178822 2.94480097
v 0.06231296 0.31795522 2.93112298
v 0.103265 0.31389523 2.99384298
v 0.09621095 0.45323222 2.95688997
v 0.135277 0.43424422 2.87045797
v 0.06231296 0.31795522 2.93112298
v 0.242177 0.35738122 2.93937697
v 0.242177 0.38237222 2.93937697
v 0.242177 0.38237222 2.89049797
v 0.141871 0.43104722 2.88143897
v 0.141871 0.40605622 2.88143897
v 0.09621095 0.45323222 2.89416997
v 0.09621095 0.45323222 2.95688997
v 0.111425 0.44584522 2.94879797
v 0.135277 0.43424422 2.87045797
v 0.09621095 0.45323222 2.89416997
v 0.111425 0.44584522 2.89991897
v 0.111425 0.44584522 2.94879797
v 0.09621095 0.45323222 2.95688997
v 0.135277 0.43424422 2.97292997
v 0.135277 0.43424422 2.97292997
v 0.263984 0.37178822 2.94480097
v 0.242177 0.38237222 2.93937697
v 0.242177 0.35738122 2.93937697
v 0.242177 0.35738122 2.89049797
v 0.141871 0.40605622 2.88143897
v 0.141871 0.40605622 2.96129897
v 0.111425 0.42085422 2.89991897
v 0.111425 0.42085422 2.89991897
v 0.111425 0.44584522 2.89991897
v 0.111425 0.44584522 2.94879797
v 0.111425 0.42085422 2.94879797
v 0.141871 0.43104722 2.96129897
v 0.141871 0.40605622 2.96129897
v 0.1018339 0.32511923 3.00126798
v -0.05342298 0.54780423 2.98229096
v 0 0.61040323 2.98146395
v 0 0.48435122 2.87127796
v 0.09378695 0.43987522 2.92646497
v 0.09063297 0.39512621 2.83014397
v 0.06287497 0.43857821 2.84258297
v 0.09799796 0.49564222 2.95273396
v 0.01449799 0.47501922 2.87187296
v 0.05342298 0.54780423 2.98229096
v -0.093786 0.43987522 2.92646497
v -0.09799796 0.49564222 2.95273396
v -0.06287497 0.43857821 2.84258297
v -0.093786 0.43987522 2.92646497
v -0.1018339 0.48825422 2.96757796
v -0.09799796 0.49564222 2.95273396
v 0.1018339 0.48825422 2.96757796
v 0.09378695 0.43987522 2.92646497
v 0.09799796 0.49564222 2.95273396
v 0.103265 0.31389523 2.99384298
v -0.09063297 0.39512621 2.83014397
v -0.103264 0.31389523 2.99384298
v -0.05756998 0.54030923 2.99686196
v -0.05342298 0.54780423 2.98229096
v -0.09799796 0.49564222 2.95273396
v 0.09799796 0.49564222 2.95273396
v 0.05342298 0.54780423 2.98229096
v 0.05756998 0.54030923 2.99686196
v 0 0.60305423 2.99626095
v 0 0.61040323 2.98146395
v -0.09799796 0.49564222 2.95273396
v -0.01449799 0.47501922 2.87187296
v -0.13872 0.29937023 3.00656598
v 0.05756998 0.36156023 3.03055797
v -0.28504 0.27853322 2.85154698
v 0.04550999 0.33592822 2.86543097
v -0.263984 0.37178822 2.88208197
v -0.141871 0.43104722 2.88143897
v -0.14692 0.30568423 2.99152798
v -0.103264 0.31389523 2.99384298
v -0.09621095 0.45323222 2.89416997
v -0.09621095 0.45323222 2.95688997
v -0.09621095 0.45323222 2.89416997
v -0.141871 0.43104722 2.96129897
v -0.263984 0.37178822 2.94480097
v -0.242177 0.35738122 2.89049797
v 0.263984 0.37178822 2.94480097
v 0.242177 0.38237222 2.93937697
v 0.141871 0.43104722 2.88143897
v 0.09621095 0.45323222 2.95688997
v 0.135277 0.43424422 2.97292997
v 0.09621095 0.45323222 2.89416997
v 0.09621095 0.45323222 2.89416997
v 0.242177 0.35738122 2.89049797
v 0.111425 0.44584522 2.89991897
v 0.141871 0.43104722 2.88143897
v 0.141871 0.43104722 2.96129897
v 0.141871 0.43104722 2.96129897
v 0.111425 0.42085422 2.94879797
v -0.1018339 0.32511923 3.00126798
v -0.103264 0.31389523 2.99384298
v 0.1018339 0.32511923 3.00126798
v 0.103265 0.31389523 2.99384298
v -0.1018339 0.48825422 2.96757796
v 0.1018339 0.48825422 2.96757796
v -0.06287497 0.43857821 2.84258297
v 0 0.08606613 2.55856599
v 0.05756998 0.05072214 2.62806
v 0 0.06849617 2.57217999
v -0.05756998 0.05072214 2.62806
v -0.08550399 0.07104416 2.63855699
v -0.08550399 0.07104416 2.63855699
v -0.188141 0.1332882 2.68031299
v -0.187112 0.23665721 2.72069798
v -0.187112 0.23665721 2.72069798
v -0.28504 0.27853322 2.85154698
v -0.186083 0.34002721 2.76108297
v -0.14692 0.37523021 2.80243697
v -0.076837 0.36566121 2.80295797
v -0.06231296 0.31795522 2.93112298
v -0.04550999 0.33592822 2.86543097
v -0.05460697 0.36578222 2.88481597
v -0.09063297 0.39512621 2.83014397
v 0.06287497 0.43857821 2.84258297
v 0.09063297 0.39512621 2.83014397
v -0.01449799 0.47501922 2.87187296
v -0.06287497 0.43857821 2.84258297
v 0 0.48435122 2.87127796
v 0.01449799 0.47501922 2.87187296
v 0.187111 0.23665721 2.72069798
v 0.27705 0.14204211 2.75087199
v 0.2282699 0.14693511 2.71761199
v 0.186082 0.34002721 2.76108297
v 0.28504 0.27853322 2.85154698
v 0.14692 0.37523021 2.80243697
v 0.07683598 0.36566121 2.80295797
v 0.06231296 0.31795522 2.93112298
v 0.04550999 0.33592822 2.86543097
v 0.05460697 0.36578222 2.88481597
v -0.45087 -0.06861175 2.93112701
v -0.53302 -0.02761175 2.939098
v -0.48365 -0.03648176 2.824417
v -0.53302 0.01304815 2.873278
v -0.50843 0.0616782 2.807498
v -0.45087 -0.02703178 3.029147
v -0.45087 0.12029823 3.02833799
v -0.53302 0.02191816 2.987968
v -0.53302 0.10361823 2.98747799
v -0.53302 0.13614822 2.92983799
v -0.45087 0.16896822 2.92967799
v -0.46726 0.13527811 2.78230699
v -0.53302 0.11119822 2.87248799
v -0.53302 0.06183818 2.840318
v -0.46726 0.13527811 2.78230699
v -0.3853 0.13527811 2.78230699
v -0.462657 0.12632309 2.57914699
v -0.389082 0.12873519 2.54610299
v -0.34265 -0.04214176 2.835492
v -0.385517 -0.03034179 2.581898
v -0.361989 0.06360317 2.565568
v -0.260985 0.10082312 2.96165299
v -0.27719 0.01885317 2.983163
v -0.45087 -0.06861175 2.93112701
v -0.48365 -0.03648176 2.824417
v -0.34265 -0.04214176 2.835492
v -0.26397 0.09847817 2.88544799
v -0.3853 0.13527811 2.78230699
v -0.26397 0.02575818 2.885867
v -0.34265 -0.04214176 2.835492
v -0.50024 0.0693582 2.75005799
v -0.469112 -0.01977377 2.569807
v -0.48365 -0.03648176 2.824417
v -0.496143 0.06643314 2.53000699
v -0.46726 0.13527811 2.78230699
v -0.53302 0.02191816 2.987968
v -0.53302 0.10361823 2.98747799
v -0.53302 0.01304815 2.873278
v -0.53302 -0.02761175 2.939098
v -0.53302 0.11119822 2.87248799
v -0.53302 0.13614822 2.92983799
v -0.53302 0.06183818 2.840318
v -0.450917 -0.00151377 2.485995
v -0.452374 0.12681019 2.48453099
v -0.474024 0.06337518 2.475187
v -0.39214 -0.00150078 2.489911
v -0.380196 0.06338716 2.479831
v -0.400018 0.12681209 2.48525599
v -0.450917 -0.00151377 2.485995
v -0.424945 0.07685911 2.40137699
v -0.474024 0.06337518 2.475187
v -0.474024 0.06337518 2.475187
v -0.398817 -0.15839286 1.83907501
v -0.410902 -0.14998386 1.83664301
v -0.409403 -0.11653086 1.83540501
v -0.404484 -0.16103486 1.83481401
v -0.410902 -0.14998386 1.83664301
v -0.398817 -0.15839286 1.83907501
v -0.419943 -0.08576588 1.68935201
v -0.417888 -0.10075287 1.68975701
v -0.422638 -0.08367984 1.71866801
v -0.409058 -0.08023284 1.68417101
v -0.420628 -0.10119487 1.71898301
v -0.424768 -0.08190487 1.72720501
v -0.410138 -0.07707386 1.72580501
v -0.421723 -0.08416186 1.68040501
v -0.418983 -0.10322687 1.68122801
v -0.406383 -0.10358587 1.68459301
v -0.405988 -0.10352787 1.72724001
v -0.422043 -0.10272987 1.72771801
v -0.380927 -0.23274686 1.81097202
v -0.3737 -0.20740186 1.82263302
v -0.388541 -0.21094986 1.83602502
v -0.457024 -0.11336886 1.83346801
v -0.442999 -0.11186186 1.80376401
v -0.450049 -0.11514686 1.80014101
v -0.381901 -0.18891186 1.84042701
v -0.391171 -0.20589786 1.84362902
v -0.395933 -0.20954086 1.83068702
v -0.398399 -0.20313586 1.83854402
v -0.386569 -0.23138186 1.80727202
v -0.402445 -0.20531586 1.82487102
v -0.403839 -0.19937286 1.83197402
v -0.401353 -0.19049486 1.82331601
v -0.395443 -0.19945386 1.80665502
v -0.391446 -0.22785786 1.80165302
v -0.386838 -0.23162686 1.79859002
v -0.387704 -0.21880486 1.79634002
v -0.380267 -0.23552386 1.80512902
v -0.37319 -0.22399386 1.80724002
v -0.443409 -0.11775287 1.78375801
v -0.443229 -0.13409787 1.78779901
v -0.450049 -0.11514686 1.80014101
v -0.448054 -0.13166886 1.80099701
v -0.433489 -0.09343289 1.76289601
v -0.437654 -0.09959887 1.77535201
v -0.445804 -0.09950988 1.77734401
v -0.429304 -0.10225487 1.78165601
v -0.408758 -0.05293284 1.737091
v -0.418908 -0.04183184 1.736525
v -0.409533 -0.05445382 1.796856
v -0.415333 -0.06829785 1.78307601
v -0.415373 -0.06642888 1.73569801
v -0.419313 -0.04241983 1.791016
v -0.432318 -0.01412587 1.681495
v -0.437218 -0.01808087 1.681545
v -0.437903 -0.01124982 1.681979
v -0.442163 -0.07239083 1.79941401
v -0.453243 -0.09211383 1.82719501
v -0.456603 -0.05916682 1.828055
v -0.428109 -0.13485386 1.80146601
v -0.438969 -0.13312186 1.80866301
v -0.398817 -0.15839286 1.83907501
v -0.389236 -0.18896086 1.82253001
v -0.401353 -0.19049486 1.82331601
v -0.426819 -0.13638186 1.79363801
v -0.404484 -0.16103486 1.83481401
v -0.415749 -0.16683686 1.84277601
v -0.454469 -0.08114782 1.79310201
v -0.460299 -0.08914188 1.83024001
v -0.460124 -0.08079085 1.83027801
v -0.450094 -0.09948382 1.79380401
v -0.410902 -0.14998386 1.83664301
v -0.432233 -0.13581386 1.83476701
v -0.409738 -0.13599586 1.79771301
v -0.458194 -0.09884784 1.83158601
v -0.430168 -0.13438786 1.79183401
v -0.402078 -0.14505887 1.70305401
v -0.411323 -0.13542287 1.70046901
v -0.401278 -0.13503687 1.74275601
v -0.408198 -0.14793287 1.74617901
v -0.408903 -0.15565187 1.70580001
v -0.410458 -0.12387087 1.73972001
v -0.462824 -0.05269483 1.831784
v -0.447799 -0.04484085 1.801086
v -0.456599 -0.04917184 1.79934
v -0.442163 -0.07239083 1.79941401
v -0.417668 -0.07012883 1.79351401
v -0.433918 -0.08153383 1.78089001
v -0.447809 -0.08199386 1.77703001
v -0.401209 -0.16669186 1.87327701
v -0.389447 -0.16501886 1.85922601
v -0.401871 -0.14034786 1.87362501
v -0.418973 -0.13847186 1.91242801
v -0.416458 -0.15232586 1.89413001
v -0.40861 -0.15258686 1.88889301
v -0.450094 -0.09948382 1.79380401
v -0.418168 -0.04015586 1.911918
v -0.432528 -0.02181181 1.923888
v -0.408518 -0.05216684 1.934098
v -0.432008 -0.02817586 1.908908
v -0.410523 -0.08767387 1.92425001
v -0.414618 -0.05421386 1.915535
v -0.410918 -0.08060982 1.94229601
v -0.417833 -0.10587785 1.92982001
v -0.436848 -0.11257985 1.93110301
v -0.433318 -0.10669785 1.94997701
v -0.452949 -0.06694988 1.79899701
v -0.448254 -0.06934783 1.79999301
v -0.461444 -0.06734983 1.83037501
v -0.442163 -0.07239083 1.79941401
v -0.437388 -0.06808088 1.78922101
v -0.417668 -0.07012883 1.79351401
v -0.443409 -0.11775287 1.78375801
v -0.436869 -0.11681387 1.78219201
v -0.433824 -0.12380487 1.77024401
v -0.436099 -0.11208587 1.78417801
v -0.447809 -0.08199386 1.77703001
v -0.438859 -0.07934187 1.77593901
v -0.434889 -0.08328585 1.76313501
v -0.432559 -0.07351486 1.77959501
v -0.446372 -0.04085383 1.805308
v -0.450177 -0.03550384 1.791787
v -0.440537 -0.03693483 1.791117
v -0.451877 -0.03743682 1.804799
v -0.431867 -0.03842584 1.792914
v -0.430182 -0.03958086 1.803386
v -0.456042 -0.03224984 1.833103
v -0.453262 -0.02277586 1.806206
v -0.455297 -0.03755084 1.832219
v -0.452949 -0.06694988 1.79899701
v -0.450429 -0.06603084 1.785496
v -0.448254 -0.06934783 1.79999301
v -0.455162 -0.02621684 1.83387
v -0.432889 -0.06816487 1.78634501
v -0.433644 -0.06903986 1.79742801
v -0.442239 -0.06635187 1.78273701
v -0.440409 -0.06134985 1.768817
v -0.445804 -0.09950988 1.77734401
v -0.433489 -0.09343289 1.76289601
v -0.434889 -0.08328585 1.76313501
v -0.442373 -0.13121686 1.83195601
v -0.430168 -0.13438786 1.79183401
v -0.432233 -0.13581386 1.83476701
v -0.449313 -0.12118686 1.83106901
v -0.415723 -0.04267184 1.700181
v -0.407228 -0.05251788 1.701946
v -0.415758 -0.04211883 1.676604
v -0.438542 -0.03185187 1.774676
v -0.440537 -0.03693483 1.791117
v -0.407143 -0.05165283 1.676615
v -0.420568 -0.04587386 1.663225
v -0.412188 -0.06319587 1.676403
v -0.414298 -0.05282788 1.66316
v -0.413748 -0.06371187 1.699875
v -0.418498 -0.06185983 1.66309
v -0.419658 -0.05384783 1.658964
v -0.425163 -0.05043088 1.658454
v -0.437388 -0.06808088 1.78922101
v -0.442163 -0.07239083 1.79941401
v -0.456603 -0.05916682 1.828055
v -0.424513 -0.05803285 1.658253
v -0.410458 -0.12387087 1.73972001
v -0.411323 -0.13542287 1.70046901
v -0.422208 -0.13026287 1.73339601
v -0.437388 -0.06808088 1.78922101
v -0.439348 -0.04803983 1.788986
v -0.423463 -0.12796687 1.74099801
v -0.420428 -0.14664587 1.73754201
v -0.418843 -0.15087287 1.71214001
v -0.419948 -0.13757587 1.70895501
v -0.421748 -0.13773087 1.69969701
v -0.419998 -0.15487587 1.70406701
v -0.408903 -0.15565187 1.70580001
v -0.408198 -0.14793287 1.74617901
v -0.422543 -0.14586187 1.74554701
v -0.452484 -0.04828583 1.785943
v -0.443459 -0.04509787 1.78386
v -0.441794 -0.04944383 1.769367
v -0.436299 -0.04050885 1.786265
v -0.418983 -0.10322687 1.68122801
v -0.418898 -0.09376489 1.67089401
v -0.416648 -0.10139987 1.67079601
v -0.406383 -0.10358587 1.68459301
v -0.418673 -0.08564185 1.67016001
v -0.421723 -0.08416186 1.68040501
v -0.418748 -0.09412288 1.64426001
v -0.416513 -0.10076088 1.64469701
v -0.404773 -0.10329787 1.66036501
v -0.409243 -0.10137188 1.64364001
v -0.416083 -0.09829687 1.63897301
v -0.416688 -0.09092485 1.63841301
v -0.417823 -0.08831685 1.64426001
v -0.410468 -0.08563285 1.64306201
v -0.407438 -0.08093284 1.65939901
v -0.409058 -0.08023284 1.68417101
v -0.441988 -0.03659586 1.796286
v -0.443588 -0.04272882 1.80638
v -0.456158 -0.03091082 1.830534
v -0.441424 -0.10097986 1.79560201
v -0.401278 -0.13503687 1.74275601
v -0.410458 -0.12387087 1.73972001
v -0.402248 -0.12197886 1.79816501
v -0.409738 -0.13599586 1.79771301
v -0.408198 -0.14793287 1.74617901
v -0.411758 -0.11131187 1.78773401
v -0.432038 -0.10212187 1.78211501
v -0.453243 -0.09211383 1.82719501
v -0.433918 -0.08153383 1.78089001
v -0.437473 -0.10775286 1.80186101
v -0.413513 -0.15447987 1.66672301
v -0.417613 -0.15845687 1.66682601
v -0.418173 -0.15131487 1.66550001
v -0.433918 -0.08153383 1.78089001
v -0.442163 -0.07239083 1.79941401
v -0.408758 -0.05293284 1.737091
v -0.415373 -0.06642888 1.73569801
v -0.407228 -0.05251788 1.701946
v -0.438969 -0.13312186 1.80866301
v -0.450269 -0.12800086 1.83572201
v -0.418908 -0.04183184 1.736525
v -0.415723 -0.04267184 1.700181
v -0.413748 -0.06371187 1.699875
v -0.418973 -0.13847186 1.91242801
v -0.404343 -0.13297986 1.89912701
v -0.419208 -0.12806886 1.91934701
v -0.421748 -0.03662882 1.79333
v -0.439348 -0.04803983 1.788986
v -0.443588 -0.04272882 1.80638
v -0.419658 -0.05384783 1.658964
v -0.424513 -0.05803285 1.658253
v -0.425163 -0.05043088 1.658454
v -0.446372 -0.04085383 1.805308
v -0.438243 -0.01437686 1.758969
v -0.424638 -0.00772683 1.749439
v -0.440133 -0.01407687 1.75124
v -0.436048 -0.03005086 1.757074
v -0.444888 -0.01860282 1.797447
v -0.42777 -0.01138685 1.801193
v -0.441988 -0.03659586 1.796286
v -0.437218 -0.03030287 1.750393
v -0.420168 -0.03027384 1.747221
v -0.421748 -0.03662882 1.79333
v -0.410398 -0.09335988 1.63951401
v -0.416083 -0.09829687 1.63897301
v -0.416688 -0.09092485 1.63841301
v -0.410902 -0.14998386 1.83664301
v -0.404484 -0.16103486 1.83481401
v -0.415749 -0.16683686 1.84277601
v -0.407233 -0.15317087 1.66921301
v -0.413413 -0.14667387 1.66774401
v -0.400993 -0.14953187 1.68522601
v -0.407818 -0.16013087 1.68797301
v -0.412338 -0.16073187 1.67115901
v -0.413513 -0.15447987 1.66672301
v -0.407818 -0.16013087 1.68797301
v -0.408903 -0.15565187 1.70580001
v -0.409443 -0.13991687 1.68269401
v -0.402078 -0.14505887 1.70305401
v -0.418173 -0.15131487 1.66550001
v -0.411323 -0.13542287 1.70046901
v -0.417613 -0.15845687 1.66682601
v -0.456434 -0.11974286 1.83456901
v -0.437473 -0.10775286 1.80186101
v -0.431223 -0.11581086 1.78958501
v -0.449313 -0.12118686 1.83106901
v -0.457024 -0.11336886 1.83346801
v -0.456599 -0.04917184 1.79934
v -0.462909 -0.05873886 1.831066
v -0.462824 -0.05269483 1.831784
v -0.437473 -0.10775286 1.80186101
v -0.449313 -0.12118686 1.83106901
v -0.453243 -0.09211383 1.82719501
v -0.450429 -0.06603084 1.785496
v -0.452484 -0.04828583 1.785943
v -0.440409 -0.06134985 1.768817
v -0.441794 -0.04944383 1.769367
v -0.404343 -0.13297986 1.89912701
v -0.40861 -0.15258686 1.88889301
v -0.401871 -0.14034786 1.87362501
v -0.404343 -0.13297986 1.89912701
v -0.418973 -0.13847186 1.91242801
v -0.436859 -0.10920486 1.79665201
v -0.450049 -0.11514686 1.80014101
v -0.442999 -0.11186186 1.80376401
v -0.389447 -0.16501886 1.85922601
v -0.398817 -0.15839286 1.83907501
v -0.401871 -0.14034786 1.87362501
v -0.431068 -0.14448586 1.85079401
v -0.441808 -0.14309786 1.86813601
v -0.432233 -0.13581386 1.83476701
v -0.439348 -0.04803983 1.788986
v -0.456603 -0.05916682 1.828055
v -0.443588 -0.04272882 1.80638
v -0.434344 -0.13573387 1.78630801
v -0.432624 -0.13479987 1.77275201
v -0.381901 -0.18891186 1.84042701
v -0.398817 -0.15839286 1.83907501
v -0.389447 -0.16501886 1.85922601
v -0.389236 -0.18896086 1.82253001
v -0.460124 -0.08079085 1.83027801
v -0.444839 -0.07607183 1.79467001
v -0.454469 -0.08114782 1.79310201
v -0.417983 -0.15939087 1.67209501
v -0.420203 -0.15374587 1.67112101
v -0.417613 -0.15845687 1.66682601
v -0.412338 -0.16073187 1.67115901
v -0.417838 -0.15588387 1.69529901
v -0.419993 -0.14870487 1.69386901
v -0.407818 -0.16013087 1.68797301
v -0.408903 -0.15565187 1.70580001
v -0.419998 -0.15487587 1.70406701
v -0.421748 -0.13773087 1.69969701
v -0.418883 -0.14105287 1.69165701
v -0.409443 -0.13991687 1.68269401
v -0.419183 -0.14839587 1.66958701
v -0.411323 -0.13542287 1.70046901
v -0.413413 -0.14667387 1.66774401
v -0.418173 -0.15131487 1.66550001
v -0.426043 -0.06186186 1.704442
v -0.429188 -0.04658483 1.696363
v -0.426383 -0.06412087 1.696736
v -0.427363 -0.04841988 1.704545
v -0.413748 -0.06371187 1.699875
v -0.430213 -0.06493787 1.730191
v -0.432298 -0.04796187 1.730859
v -0.415723 -0.04267184 1.700181
v -0.418908 -0.04183184 1.736525
v -0.435213 -0.04716186 1.738812
v -0.415373 -0.06642888 1.73569801
v -0.432423 -0.06646286 1.73887101
v -0.409738 -0.13599586 1.79771301
v -0.421328 -0.14308287 1.75231301
v -0.408198 -0.14793287 1.74617901
v -0.430168 -0.13438786 1.79183401
v -0.423463 -0.12796687 1.74099801
v -0.422543 -0.14586187 1.74554701
v -0.422353 -0.12649087 1.74898601
v -0.431223 -0.11581086 1.78958501
v -0.411758 -0.11131187 1.78773401
v -0.410458 -0.12387087 1.73972001
v -0.456863 -0.03871283 1.910894
v -0.457313 -0.03438481 1.929357
v -0.432528 -0.02181181 1.923888
v -0.413118 -0.10756686 1.79740601
v -0.464228 -0.09220883 1.92443601
v -0.468508 -0.06742086 1.93894901
v -0.432008 -0.02817586 1.908908
v -0.464508 -0.08126786 1.94290101
v -0.433318 -0.10669785 1.94997701
v -0.436848 -0.11257985 1.93110301
v -0.410783 -0.10297887 1.78781901
v -0.413118 -0.10756686 1.79740601
v -0.432038 -0.10212187 1.78211501
v -0.437473 -0.10775286 1.80186101
v -0.450177 -0.03550384 1.791787
v -0.452357 -0.02082685 1.793142
v -0.438542 -0.03185187 1.774676
v -0.439972 -0.01971988 1.775993
v -0.420963 -0.06976387 1.89750701
v -0.423138 -0.03792987 1.898967
v -0.414618 -0.05421386 1.915535
v -0.410523 -0.08767387 1.92425001
v -0.418168 -0.04015586 1.911918
v -0.434618 -0.03206787 1.897479
v -0.436088 -0.02482984 1.874096
v -0.420128 -0.03301785 1.879292
v -0.421893 -0.02491287 1.835812
v -0.425663 -0.07258687 1.87736701
v -0.437553 -0.01315186 1.833885
v -0.452738 -0.01734385 1.83172
v -0.444353 -0.02707383 1.883732
v -0.441538 -0.03028784 1.899271
v -0.432008 -0.02817586 1.908908
v -0.456863 -0.03871283 1.910894
v -0.42777 -0.01138685 1.801193
v -0.437553 -0.01315186 1.833885
v -0.419548 -0.02066186 1.813783
v -0.416588 -0.02444485 1.804216
v -0.413233 -0.04261884 1.808154
v -0.420213 -0.07313684 1.83103801
v -0.409533 -0.05445382 1.796856
v -0.407918 -0.06815383 1.80437601
v -0.421748 -0.03662882 1.79333
v -0.417668 -0.07012883 1.79351401
v -0.419313 -0.04241983 1.791016
v -0.402553 -0.08775488 1.78963101
v -0.403938 -0.10671386 1.80438701
v -0.402478 -0.12425586 1.81303901
v -0.413118 -0.10756686 1.79740601
v -0.402248 -0.12197886 1.79816501
v -0.414863 -0.07498483 1.78593101
v -0.415333 -0.06829785 1.78307601
v -0.411758 -0.11131187 1.78773401
v -0.410783 -0.10297887 1.78781901
v -0.402553 -0.08775488 1.78963101
v -0.409738 -0.13599586 1.79771301
v -0.409403 -0.11653086 1.83540501
v -0.403833 -0.11179286 1.88616401
v -0.401871 -0.14034786 1.87362501
v -0.404343 -0.13297986 1.89912701
v -0.411358 -0.10661386 1.91677501
v -0.419208 -0.12806886 1.91934701
v -0.417833 -0.10587785 1.92982001
v -0.41167 -0.16751486 1.86920301
v -0.419634 -0.16586086 1.86291801
v -0.400649 -0.19469686 1.84545001
v -0.415749 -0.16683686 1.84277601
v -0.406226 -0.19122886 1.83550301
v -0.401209 -0.16669186 1.87327701
v -0.392957 -0.19267886 1.84743901
v -0.401353 -0.19049486 1.82331601
v -0.389447 -0.16501886 1.85922601
v -0.381901 -0.18891186 1.84042701
v -0.420978 -0.10102287 1.73647201
v -0.405988 -0.10352787 1.72724001
v -0.432038 -0.10212187 1.78211501
v -0.410783 -0.10297887 1.78781901
v -0.424768 -0.08190487 1.72720501
v -0.422043 -0.10272987 1.72771801
v -0.423753 -0.08272485 1.73587501
v -0.433918 -0.08153383 1.78089001
v -0.414863 -0.07498483 1.78593101
v -0.417668 -0.07012883 1.79351401
v -0.410138 -0.07707386 1.72580501
v -0.41167 -0.16751486 1.86920301
v -0.401209 -0.16669186 1.87327701
v -0.421458 -0.16068086 1.88210701
v -0.431278 -0.15767686 1.87393801
v -0.40861 -0.15258686 1.88889301
v -0.425935 -0.15471586 1.85450601
v -0.419634 -0.16586086 1.86291801
v -0.438178 -0.00988083 1.686574
v -0.433218 -0.00714385 1.68522
v -0.437903 -0.01124982 1.681979
v -0.415749 -0.16683686 1.84277601
v -0.439073 -0.01491986 1.686349
v -0.435548 -0.00963484 1.707559
v -0.426748 -0.00464885 1.6974
v -0.436898 -0.00964086 1.715839
v -0.424893 -0.00637286 1.71725
v -0.435693 -0.01721685 1.7073
v -0.434133 -0.02352784 1.705927
v -0.436728 -0.02025388 1.685568
v -0.434733 -0.02607684 1.714173
v -0.422013 -0.02612387 1.715783
v -0.423838 -0.02362887 1.695701
v -0.430973 -0.02028988 1.683414
v -0.437218 -0.01808087 1.681545
v -0.434933 -0.01215784 1.721719
v -0.424893 -0.00637286 1.71725
v -0.436898 -0.00964086 1.715839
v -0.424638 -0.00772683 1.749439
v -0.433503 -0.02428584 1.7204
v -0.437278 -0.01364784 1.744592
v -0.440133 -0.01407687 1.75124
v -0.435898 -0.02831183 1.743192
v -0.420168 -0.03027384 1.747221
v -0.422013 -0.02612387 1.715783
v -0.437218 -0.03030287 1.750393
v -0.434733 -0.02607684 1.714173
v -0.462758 -0.07425586 1.90795601
v -0.456603 -0.05916682 1.828055
v -0.453243 -0.09211383 1.82719501
v -0.449313 -0.12118686 1.83106901
v -0.456158 -0.03091082 1.830534
v -0.456768 -0.04176787 1.903042
v -0.464228 -0.09220883 1.92443601
v -0.456863 -0.03871283 1.910894
v -0.459948 -0.10781686 1.91830801
v -0.452508 -0.13609786 1.89885301
v -0.449288 -0.13749186 1.88608601
v -0.436848 -0.11257985 1.93110301
v -0.452738 -0.01734385 1.83172
v -0.441538 -0.03028784 1.899271
v -0.410902 -0.14998386 1.83664301
v -0.431068 -0.14448586 1.85079401
v -0.432233 -0.13581386 1.83476701
v -0.415749 -0.16683686 1.84277601
v -0.425935 -0.15471586 1.85450601
v -0.410902 -0.14998386 1.83664301
v -0.431068 -0.14448586 1.85079401
v -0.416243 -0.01513885 1.717036
v -0.424893 -0.00637286 1.71725
v -0.419233 -0.01895688 1.748924
v -0.420168 -0.03027384 1.747221
v -0.422013 -0.02612387 1.715783
v -0.424638 -0.00772683 1.749439
v -0.402553 -0.08775488 1.78963101
v -0.410783 -0.10297887 1.78781901
v -0.399298 -0.08949588 1.72764101
v -0.441988 -0.03659586 1.796286
v -0.456158 -0.03091082 1.830534
v -0.444888 -0.01860282 1.797447
v -0.414863 -0.07498483 1.78593101
v -0.410138 -0.07707386 1.72580501
v -0.447799 -0.04484085 1.801086
v -0.434719 -0.04020885 1.798811
v -0.405988 -0.10352787 1.72724001
v -0.430779 -0.10257186 1.79169501
v -0.431223 -0.11581086 1.78958501
v -0.430168 -0.13438786 1.79183401
v -0.449313 -0.12118686 1.83106901
v -0.451877 -0.03743682 1.804799
v -0.432318 -0.01412587 1.681495
v -0.433218 -0.00714385 1.68522
v -0.421748 -0.03662882 1.79333
v -0.443588 -0.04272882 1.80638
v -0.441988 -0.03659586 1.796286
v -0.426838 -0.01279382 1.683937
v -0.418808 -0.01385085 1.695599
v -0.426748 -0.00464885 1.6974
v -0.416243 -0.01513885 1.717036
v -0.423838 -0.02362887 1.695701
v -0.422013 -0.02612387 1.715783
v -0.430973 -0.02028988 1.683414
v -0.437218 -0.01808087 1.681545
v -0.421458 -0.16068086 1.88210701
v -0.40861 -0.15258686 1.88889301
v -0.416458 -0.15232586 1.89413001
v -0.424893 -0.00637286 1.71725
v -0.431278 -0.15767686 1.87393801
v -0.433343 -0.15161286 1.88288001
v -0.441808 -0.14309786 1.86813601
v -0.449288 -0.13749186 1.88608601
v -0.452508 -0.13609786 1.89885301
v -0.431278 -0.15767686 1.87393801
v -0.433343 -0.15161286 1.88288001
v -0.425935 -0.15471586 1.85450601
v -0.416588 -0.02444485 1.804216
v -0.421748 -0.03662882 1.79333
v -0.419233 -0.01895688 1.748924
v -0.431068 -0.14448586 1.85079401
v -0.42777 -0.01138685 1.801193
v -0.424638 -0.00772683 1.749439
v -0.456158 -0.03091082 1.830534
v -0.443588 -0.04272882 1.80638
v -0.456603 -0.05916682 1.828055
v -0.420168 -0.03027384 1.747221
v -0.452738 -0.01734385 1.83172
v -0.437553 -0.01315186 1.833885
v -0.444888 -0.01860282 1.797447
v -0.456158 -0.03091082 1.830534
v -0.410138 -0.07707386 1.72580501
v -0.399298 -0.08949588 1.72764101
v -0.409058 -0.08023284 1.68417101
v -0.42777 -0.01138685 1.801193
v -0.405988 -0.10352787 1.72724001
v -0.399708 -0.09131287 1.68468401
v -0.452357 -0.02082685 1.793142
v -0.433237 -0.01274583 1.797722
v -0.443482 -0.01871184 1.793044
v -0.406383 -0.10358587 1.68459301
v -0.453262 -0.02277586 1.806206
v -0.446227 -0.01849482 1.810364
v -0.439972 -0.01971988 1.775993
v -0.42777 -0.01138685 1.801193
v -0.444839 -0.07607183 1.79467001
v -0.431819 -0.07296786 1.79285101
v -0.415333 -0.06829785 1.78307601
v -0.417668 -0.07012883 1.79351401
v -0.437388 -0.06808088 1.78922101
v -0.452949 -0.06694988 1.79899701
v -0.431348 -0.06574987 1.747084
v -0.415373 -0.06642888 1.73569801
v -0.433398 -0.04800485 1.74753
v -0.439348 -0.04803983 1.788986
v -0.435213 -0.04716186 1.738812
v -0.432423 -0.06646286 1.73887101
v -0.418908 -0.04183184 1.736525
v -0.419313 -0.04241983 1.791016
v -0.410398 -0.09335988 1.63951401
v -0.410468 -0.08563285 1.64306201
v -0.421748 -0.03662882 1.79333
v -0.404198 -0.09258687 1.64299601
v -0.397258 -0.09126685 1.65973901
v -0.407438 -0.08093284 1.65939901
v -0.399708 -0.09131287 1.68468401
v -0.404773 -0.10329787 1.66036501
v -0.406383 -0.10358587 1.68459301
v -0.409243 -0.10137188 1.64364001
v -0.416083 -0.09829687 1.63897301
v -0.433824 -0.12380487 1.77024401
v -0.432624 -0.13479987 1.77275201
v -0.409058 -0.08023284 1.68417101
v -0.426278 -0.04882084 1.663761
v -0.420568 -0.04587386 1.663225
v -0.425163 -0.05043088 1.658454
v -0.426228 -0.04761486 1.687648
v -0.415758 -0.04211883 1.676604
v -0.427163 -0.05485283 1.662994
v -0.424863 -0.05996083 1.66298
v -0.424513 -0.05803285 1.658253
v -0.427173 -0.05517988 1.687338
v -0.426383 -0.06412087 1.696736
v -0.429188 -0.04658483 1.696363
v -0.424923 -0.06281684 1.687235
v -0.413748 -0.06371187 1.699875
v -0.412188 -0.06319587 1.676403
v -0.418498 -0.06185983 1.66309
v -0.415723 -0.04267184 1.700181
v -0.441808 -0.14309786 1.86813601
v -0.442373 -0.13121686 1.83195601
v -0.432233 -0.13581386 1.83476701
v -0.449288 -0.13749186 1.88608601
v -0.416458 -0.15232586 1.89413001
v -0.437543 -0.13793286 1.91450001
v -0.449288 -0.13749186 1.88608601
v -0.449313 -0.12118686 1.83106901
v -0.418973 -0.13847186 1.91242801
v -0.452508 -0.13609786 1.89885301
v -0.391171 -0.20589786 1.84362902
v -0.381901 -0.18891186 1.84042701
v -0.392957 -0.19267886 1.84743901
v -0.413118 -0.10756686 1.79740601
v -0.431223 -0.11581086 1.78958501
v -0.437473 -0.10775286 1.80186101
v -0.398399 -0.20313586 1.83854402
v -0.400649 -0.19469686 1.84545001
v -0.403839 -0.19937286 1.83197402
v -0.406226 -0.19122886 1.83550301
v -0.437543 -0.13793286 1.91450001
v -0.418973 -0.13847186 1.91242801
v -0.419208 -0.12806886 1.91934701
v -0.401353 -0.19049486 1.82331601
v -0.436848 -0.11257985 1.93110301
v -0.417833 -0.10587785 1.92982001
v -0.40861 -0.15258686 1.88889301
v -0.401209 -0.16669186 1.87327701
v -0.452508 -0.13609786 1.89885301
v -0.379561 -0.22764986 1.79795802
v -0.380267 -0.23552386 1.80512902
v -0.386838 -0.23162686 1.79859002
v -0.455162 -0.02621684 1.83387
v -0.446227 -0.01849482 1.810364
v -0.376071 -0.21741786 1.79918302
v -0.37319 -0.22399386 1.80724002
v -0.387704 -0.21880486 1.79634002
v -0.395443 -0.19945386 1.80665502
v -0.379368 -0.19927186 1.81056702
v -0.3737 -0.20740186 1.82263302
v -0.389236 -0.18896086 1.82253001
v -0.381901 -0.18891186 1.84042701
v -0.401353 -0.19049486 1.82331601
v -0.433283 0.21338507 2.31321298
v -0.426418 0.12299218 2.40409099
v -0.426288 0.10107417 2.31632999
v -0.433453 0.16481517 2.19067499
v -0.440023 0.12279818 2.40341799
v -0.433518 0.18826608 2.39951599
v -0.439888 0.10187217 2.31620899
v -0.439553 -0.02460685 1.948879
v -0.433013 0.07764813 2.05259699
v -0.425958 -0.02463385 1.948783
v -0.433223 0.02291813 1.926009
v -0.440208 0.13580919 2.48624399
v -0.440023 0.12279818 2.40341799
v -0.426608 0.13578109 2.48614799
v -0.432788 0.19032119 2.50213299
v -0.439888 0.10187217 2.31620899
v -0.426418 0.12299218 2.40409099
v -0.433518 0.18826608 2.39951599
v -0.426608 0.13578109 2.48614799
v -0.426418 0.12299218 2.40409099
v -0.426288 0.10107417 2.31632999
v -0.440208 0.13580919 2.48624399
v -0.425958 -0.02463385 1.948783
v -0.432538 -0.01379684 1.919917
v -0.433223 0.02291813 1.926009
v -0.440023 0.12279818 2.40341799
v -0.433518 0.18826608 2.39951599
v -0.433223 0.02291813 1.926009
v -0.439553 -0.02460685 1.948879
v -0.425958 -0.02463385 1.948783
v -0.439553 -0.02460685 1.948879
v -0.457923 0.0693051 2.15091499
v -0.481418 0.02008013 2.124469
v -0.486983 0.07049011 2.22737799
v -0.462433 0.11561117 2.29162299
v -0.457313 -0.03438481 1.929357
v -0.471318 -0.03414586 1.985166
v -0.474583 -0.05524483 1.981272
v -0.468508 -0.06742086 1.93894901
v -0.464508 -0.08126786 1.94290101
v -0.471328 -0.07149186 1.99424501
v -0.482233 -0.0443898 2.140523
v -0.447248 -0.07548685 2.11923601
v -0.418453 -0.0755458 2.11902901
v -0.464013 -0.06656385 2.23416801
v -0.433318 -0.10669785 1.94997701
v -0.402418 -0.06877482 2.23516401
v -0.464073 -0.04045778 2.330704
v -0.490988 -0.03603083 2.256388
v -0.465413 0.01373917 2.46412
v -0.488518 0.01569312 2.363846
v -0.402473 -0.04266881 2.331699
v -0.497123 0.05683314 2.37955
v -0.408618 0.01384515 2.464485
v -0.462188 0.12323218 2.43593099
v -0.486098 0.08191913 2.34810899
v -0.491828 -0.01131584 2.131081
v -0.471328 -0.07149186 1.99424501
v -0.482233 -0.0443898 2.140523
v -0.432528 -0.02181181 1.923888
v -0.457313 -0.03438481 1.929357
v -0.457923 0.0693051 2.15091499
v -0.474583 -0.05524483 1.981272
v -0.481418 0.02008013 2.124469
v -0.486983 0.07049011 2.22737799
v -0.510178 0.01980011 2.242137
v -0.497123 0.05683314 2.37955
v -0.490988 -0.03603083 2.256388
v -0.486098 0.08191913 2.34810899
v -0.471318 -0.03414586 1.985166
v -0.488518 0.01569312 2.363846
v -0.387028 0.01736013 2.123696
v -0.389438 -0.04512681 2.140855
v -0.408518 -0.05216684 1.934098
v -0.364588 0.06661712 2.22838299
v -0.371793 -0.03660179 2.257296
v -0.410918 -0.08060982 1.94229601
v -0.389908 0.02082115 2.393245
v -0.375498 0.08427316 2.37654699
v -0.402473 -0.04266881 2.331699
v -0.371793 -0.03660179 2.257296
v -0.389908 0.02082115 2.393245
v -0.408618 0.01384515 2.464485
v -0.402418 -0.06877482 2.23516401
v -0.389438 -0.04512681 2.140855
v -0.418453 -0.0755458 2.11902901
v -0.410918 -0.08060982 1.94229601
v -0.375498 0.08427316 2.37654699
v -0.410988 0.12257918 2.43655499
v -0.403233 0.11571017 2.29196899
v -0.364588 0.06661712 2.22838299
v -0.407528 0.0694221 2.15132399
v -0.457923 0.0693051 2.15091499
v -0.462433 0.11561117 2.29162299
v -0.432528 -0.02181181 1.923888
v -0.462188 0.12323218 2.43593099
v -0.387028 0.01736013 2.123696
v -0.408518 -0.05216684 1.934098
v -0.422078 0.04450018 2.49053
v -0.451743 0.04444618 2.490343
v -0.450063 0.11055009 2.47305299
v -0.422078 0.04450018 2.49053
v -0.436803 0.07188517 2.49768299
v -0.436803 0.07188517 2.49768299
v -0.423318 0.11021219 2.47337899
v -0.436803 0.07188517 2.49768299
v -0.450063 0.11055009 2.47305299
v -0.436803 0.07188517 2.49768299
v -0.437963 -0.15026186 1.87178301
v -0.432438 -0.14303086 1.87606601
v -0.433548 -0.14693086 1.86809901
v -0.437113 -0.14737586 1.87731101
v -0.437113 -0.14737586 1.87731101
v -0.428758 -0.14709886 1.88236101
v -0.432438 -0.14303086 1.87606601
v -0.434058 -0.15076086 1.88207801
v -0.434058 -0.15076086 1.88207801
v -0.425728 -0.15557586 1.88111101
v -0.428758 -0.14709886 1.88236101
v -0.432303 -0.15652986 1.88088601
v -0.433548 -0.14693086 1.86809901
v -0.436208 -0.15602286 1.87058401
v -0.437963 -0.15026186 1.87178301
v -0.431838 -0.15508586 1.86711501
v -0.432303 -0.15652986 1.88088601
v -0.427438 -0.15999586 1.87315801
v -0.425728 -0.15557586 1.88111101
v -0.433153 -0.15941386 1.87534701
v -0.431838 -0.15508586 1.86711501
v -0.433153 -0.15941386 1.87534701
v -0.436208 -0.15602286 1.87058401
v -0.427438 -0.15999586 1.87315801
v -0.437113 -0.14737586 1.87731101
v -0.436208 -0.15602286 1.87058401
v -0.432303 -0.15652986 1.88088601
v -0.437963 -0.15026186 1.87178301
v -0.434058 -0.15076086 1.88207801
v -0.433153 -0.15941386 1.87534701
v -0.443514 -0.12578587 1.78585601
v -0.444034 -0.13200986 1.79189201
v -0.450764 -0.12607187 1.78716001
v -0.451339 -0.13039186 1.79039101
v -0.444034 -0.13200986 1.79189201
v -0.446039 -0.13065186 1.79968501
v -0.451339 -0.13039186 1.79039101
v -0.452419 -0.12941686 1.79585901
v -0.450764 -0.12607187 1.78716001
v -0.452089 -0.12020686 1.78842901
v -0.443514 -0.12578587 1.78585601
v -0.445139 -0.11712686 1.78902501
v -0.446039 -0.13065186 1.79968501
v -0.447599 -0.12278286 1.80300401
v -0.452419 -0.12941686 1.79585901
v -0.452934 -0.12412286 1.79809301
v -0.447599 -0.12278286 1.80300401
v -0.447144 -0.11577086 1.79681401
v -0.452934 -0.12412286 1.79809301
v -0.453179 -0.11923386 1.79389201
v -0.447144 -0.11577086 1.79681401
v -0.445139 -0.11712686 1.78902501
v -0.453179 -0.11923386 1.79389201
v -0.452089 -0.12020686 1.78842901
v -0.452934 -0.12412286 1.79809301
v -0.452089 -0.12020686 1.78842901
v -0.451339 -0.13039186 1.79039101
v -0.450764 -0.12607187 1.78716001
v -0.452419 -0.12941686 1.79585901
v -0.453179 -0.11923386 1.79389201
v -0.00262713 -0.19860607 3.03823401
v -0.00262713 -0.19860607 3.03823401
v -0.01115942 -0.16057007 3.09030501
v 0.00262713 -0.19860607 3.03823401
v 0.08550298 0.07104416 2.63855699
v 0.14032 0.07185419 2.68257099
v 0.05756998 0.05072214 2.62806
v 0.188141 0.1332882 2.68031299
v 0.2282699 0.14693511 2.71761199
v 0.112901 -0.11314379 2.79217001
v 0.00200599 -0.12446179 2.81111901
v 0.00200599 -0.13033479 2.72213601
v 0.05633598 -0.11110978 2.86766301
v -0.05232399 -0.11110978 2.86766301
v -0.108889 -0.11314379 2.79217001
v -0.214699 -0.07693775 2.88895501
v -0.280624 -0.07186379 2.83727301
v 0.218711 -0.07693775 2.88895501
v 0.284636 -0.07186379 2.83727301
v -0.108889 -0.11314379 2.79217001
v -0.304219 -0.07160976 2.83545501
v -0.109699 -0.11188379 2.78332001
v 0.00200599 -0.13033479 2.72213601
v 0.00200599 -0.1289268 2.71226201
v -0.280624 -0.07186379 2.83727301
v 0.112901 -0.11314379 2.79217001
v 0.1137109 -0.11188379 2.78332001
v 0.284636 -0.07186379 2.83727301
v 0.308231 -0.07160976 2.83545501
v 0.00200599 -0.12446179 2.81111901
v 0.05633598 -0.08230276 2.87175401
v 0.00200599 -0.08235975 2.81709201
v 0.05633598 -0.11110978 2.86766301
v 0.05633598 -0.11110978 2.86766301
v 0.218711 -0.05457677 2.892132
v 0.05633598 -0.08230276 2.87175401
v 0.218711 -0.07693775 2.88895501
v 0.218711 -0.07693775 2.88895501
v 0.284636 -0.03359475 2.842695
v 0.218711 -0.05457677 2.892132
v 0.284636 -0.07186379 2.83727301
v -0.05232399 -0.11110978 2.86766301
v -0.05232399 -0.08230276 2.87175401
v 0.284636 -0.07186379 2.83727301
v 0.308231 -0.03333279 2.840897
v 0.284636 -0.03359475 2.842695
v 0.308231 -0.07160976 2.83545501
v -0.05232399 -0.08230276 2.87175401
v -0.214699 -0.07693775 2.88895501
v -0.05232399 -0.11110978 2.86766301
v -0.214699 -0.05457677 2.892132
v 0.322271 -0.07765778 2.82166101
v 0.322271 -0.02347275 2.829347
v 0.308231 -0.03333279 2.840897
v -0.214699 -0.05457677 2.892132
v -0.280624 -0.07186379 2.83727301
v -0.214699 -0.07693775 2.88895501
v -0.280624 -0.03359475 2.842695
v 0.314951 -0.01499375 2.77959
v 0.314336 0.08390316 2.75313399
v 0.322271 -0.02347275 2.829347
v 0.322271 -0.07765778 2.82166101
v 0.310061 0.0242832 2.721458
v 0.314336 0.01684418 2.731905
v 0.310061 0.13830921 2.72591299
v 0.310061 0.13729521 2.74035999
v -0.304219 -0.03333279 2.840897
v -0.304219 -0.07160976 2.83545501
v -0.280624 -0.07186379 2.83727301
v -0.280624 -0.03359475 2.842695
v -0.304219 -0.03333279 2.840897
v -0.318259 -0.07765778 2.82166101
v -0.318259 -0.02347275 2.829347
v -0.310324 0.08390316 2.75313399
v -0.310324 0.01684418 2.731905
v -0.310939 -0.01499375 2.77959
v -0.318259 -0.02347275 2.829347
v -0.306064 0.13729521 2.74035999
v -0.306064 0.0242832 2.721458
v -0.318259 -0.07765778 2.82166101
v -0.306064 0.13830921 2.72591299
v 0.210566 0.1388691 2.67276499
v 0.310061 0.0242832 2.721458
v 0.117986 0.05321516 2.647885
v 0.105581 0.00114514 2.635359
v 0.246986 -0.0037838 2.710692
v 0.105581 0.00114514 2.635359
v 0.310061 0.0242832 2.721458
v 0.310061 0.13830921 2.72591299
v 0.2323459 -0.0176498 2.711407
v 0.191246 -0.02106479 2.694888
v 0.136916 -0.07156477 2.67869101
v 0.314336 0.01684418 2.731905
v 0.04391598 0.00997813 2.573132
v 0.00200599 -0.1288098 2.64179901
v 0.00200599 0.05557216 2.510951
v 0.1735309 -0.08770779 2.71421201
v 0.105581 0.00114514 2.635359
v 0.06650596 0.05148615 2.596266
v 0.117986 0.05321516 2.647885
v 0.04391598 0.00997813 2.573132
v -0.06249397 0.05148615 2.596266
v 0.00200599 0.05557216 2.510951
v -0.03990399 0.00997813 2.573132
v 0.06650596 0.05148615 2.596266
v 0.04391598 0.00997813 2.573132
v 0.136916 -0.07156477 2.67869101
v 0.184931 -0.05018279 2.709051
v 0.1735309 -0.08770779 2.71421201
v 0.191246 -0.02106479 2.694888
v -0.1329039 -0.07156477 2.67869101
v -0.03990399 0.00997813 2.573132
v -0.187234 -0.02106479 2.694888
v -0.1015689 0.00114514 2.635359
v -0.242974 -0.0037838 2.710692
v -0.306064 0.0242832 2.721458
v -0.228334 -0.0176498 2.711407
v -0.310324 0.01684418 2.731905
v -0.1015689 0.00114514 2.635359
v -0.06249397 0.05148615 2.596266
v -0.03990399 0.00997813 2.573132
v -0.169519 -0.08770779 2.71421201
v -0.180919 -0.05018279 2.709051
v -0.1329039 -0.07156477 2.67869101
v -0.169519 -0.08770779 2.71421201
v -0.113974 0.05321516 2.647885
v 0.236201 -0.09281781 2.77924101
v 0.224816 -0.04218777 2.735249
v 0.314951 -0.01499375 2.77959
v -0.187234 -0.02106479 2.694888
v 0.322271 -0.07765778 2.82166101
v 0.246986 -0.0037838 2.710692
v 0.314336 0.01684418 2.731905
v 0.223181 -0.08900979 2.75532001
v 0.224816 -0.04218777 2.735249
v 0.236201 -0.09281781 2.77924101
v 0.2323459 -0.0176498 2.711407
v 0.191246 -0.02106479 2.694888
v 0.184931 -0.05018279 2.709051
v 0.1735309 -0.08770779 2.71421201
v 0.2323459 -0.0176498 2.711407
v -0.306064 0.0242832 2.721458
v -0.2065539 0.1388691 2.67276499
v -0.113974 0.05321516 2.647885
v -0.1015689 0.00114514 2.635359
v -0.318259 -0.07765778 2.82166101
v -0.109699 -0.11188379 2.78332001
v -0.304219 -0.07160976 2.83545501
v -0.306064 0.13830921 2.72591299
v -0.2321889 -0.09281781 2.77924101
v 0.00200599 -0.1289268 2.71226201
v 0.236201 -0.09281781 2.77924101
v 0.00200599 -0.1288098 2.64179901
v 0.322271 -0.07765778 2.82166101
v 0.1137109 -0.11188379 2.78332001
v 0.236201 -0.09281781 2.77924101
v 0.223181 -0.08900979 2.75532001
v 0.308231 -0.07160976 2.83545501
v -0.2321889 -0.09281781 2.77924101
v -0.219169 -0.08900979 2.75532001
v 0.1735309 -0.08770779 2.71421201
v -0.310939 -0.01499375 2.77959
v -0.220804 -0.04218777 2.735249
v -0.2321889 -0.09281781 2.77924101
v -0.169519 -0.08770779 2.71421201
v -0.242974 -0.0037838 2.710692
v -0.310324 0.01684418 2.731905
v -0.318259 -0.07765778 2.82166101
v -0.228334 -0.0176498 2.711407
v -0.220804 -0.04218777 2.735249
v -0.187234 -0.02106479 2.694888
v -0.180919 -0.05018279 2.709051
v -0.228334 -0.0176498 2.711407
v -0.219169 -0.08900979 2.75532001
v -0.2321889 -0.09281781 2.77924101
v -0.169519 -0.08770779 2.71421201
v -0.48308 0.20358423 2.99302198
v -0.472295 0.19674423 3.09446699
v -0.462125 0.21696423 2.98807198
v -0.4493 0.21399423 3.10771198
v -0.472295 0.06766921 3.11969699
v -0.48308 0.12643923 3.03364199
v -0.48308 -0.02582574 3.033836
v -0.472295 0.19674423 3.09446699
v -0.461105 -0.10786077 3.06403101
v -0.475955 -0.11062077 3.02233201
v -0.471275 -0.11459577 2.99609601
v -0.48146 -0.04567075 2.985657
v -0.44483 -0.18851577 3.03125701
v -0.48206 -0.06826074 2.93129601
v -0.43526 -0.20980078 2.88863602
v -0.46823 -0.03448077 2.820537
v -0.427535 -0.07846078 2.71570201
v -0.444425 -0.13670579 2.83202701
v -0.433025 -0.21614577 3.07312102
v -0.427535 -0.05176077 2.700732
v -0.4727 0.17713912 2.93090699
v -0.38684 0.14308911 2.82026699
v -0.366485 0.17713912 2.93090699
v -0.441785 -0.10985577 3.07699201
v -0.366485 0.12643923 3.03364199
v -0.366485 0.17713912 2.93090699
v -0.366485 0.23124423 2.98882198
v -0.46823 0.14308911 2.82026699
v -0.452975 -0.11438577 3.02390701
v -0.44483 -0.18851577 3.03125701
v -0.444215 -0.11264577 3.04421601
v -0.40718 0.22819923 3.10825098
v -0.471275 -0.11459577 2.99609601
v -0.441785 -0.10985577 3.07699201
v -0.44117 0.05803918 3.136901
v -0.40718 0.05707919 3.128892
v -0.41411 0.05803918 3.136901
v -0.449915 0.05707919 3.128892
v -0.48308 0.12643923 3.03364199
v -0.366485 0.12643923 3.03364199
v -0.452975 -0.11438577 3.02390701
v -0.475955 -0.11062077 3.02233201
v -0.471275 -0.11459577 2.99609601
v -0.48308 0.17062922 2.94439199
v -0.444215 -0.11264577 3.04421601
v -0.461105 -0.10786077 3.06403101
v -0.433025 -0.21614577 3.07312102
v -0.416345 -0.21116578 2.88905702
v -0.41858 -0.21749577 3.07352602
v -0.441785 -0.10985577 3.07699201
v -0.41045 -0.11158077 3.07622701
v -0.41858 -0.21749577 3.07352602
v -0.366485 -0.06826074 2.93129601
v -0.43526 -0.20980078 2.88863602
v -0.38684 -0.03448077 2.820537
v -0.416345 -0.21116578 2.88905702
v -0.410645 -0.13670579 2.83202701
v -0.427535 -0.07846078 2.71570201
v -0.427535 -0.05176077 2.700732
v -0.40718 0.05707919 3.128892
v -0.366485 -0.02582574 3.033836
v -0.40718 0.22819923 3.10825098
v -0.366485 0.12643923 3.03364199
v -0.406775 0.27606422 2.92532598
v -0.366485 0.23124423 2.98882198
v -0.40718 0.20215911 2.78666698
v -0.38684 0.14308911 2.82026699
v -0.40922 0.26718423 3.10909098
v -0.40718 0.22819923 3.10825098
v -0.40718 0.15993411 2.76893699
v -0.44789 0.15993411 2.76893699
v -0.366485 0.17713912 2.93090699
v -0.40718 0.15993411 2.76893699
v -0.366485 -0.02582574 3.033836
v -0.48308 -0.02582574 3.033836
v -0.444425 -0.13670579 2.83202701
v -0.410645 -0.13670579 2.83202701
v -0.48146 -0.04567075 2.985657
v -0.366485 -0.02582574 3.033836
v -0.48206 -0.06826074 2.93129601
v -0.366485 -0.06826074 2.93129601
v -0.44504 0.26721423 3.10993198
v -0.448295 0.27606422 2.92532598
v -0.48308 -0.02582574 3.033836
v -0.44789 0.20215911 2.78666698
v -0.46823 0.14308911 2.82026699
v -0.4727 0.17713912 2.93090699
v -0.44789 0.15993411 2.76893699
v -0.38684 -0.03448077 2.820537
v -0.427535 -0.05176077 2.700732
v -0.46823 -0.03448077 2.820537
v -0.420815 0.1596492 2.58925199
v -0.434255 0.1596492 2.58925199
v -0.48308 0.17062922 2.94439199
v -0.48308 0.12643923 3.03364199
v -0.444425 -0.13670579 2.83202701
v -0.427535 -0.07846078 2.71570201
v -0.410645 -0.13670579 2.83202701
v -0.44117 0.05803918 3.136901
v -0.44015 0.26643427 3.55738198
v -0.44117 0.28764424 3.12730198
v -0.43385 0.06543424 3.565887
v -0.42122 0.06543424 3.565887
v -0.41411 0.05803918 3.136901
v -0.41492 0.26643427 3.55738198
v -0.41411 0.28764424 3.12730198
v -0.4493 0.21399423 3.10771198
v -0.472295 0.06766921 3.11969699
v -0.449915 0.05707919 3.128892
v -0.472295 0.19674423 3.09446699
v -0.44015 0.26643427 3.55738198
v -0.427535 0.30975424 3.15160198
v -0.44117 0.28764424 3.12730198
v -0.427535 0.28993827 3.55699198
v -0.40718 0.15993411 2.76893699
v -0.427535 0.1935342 2.60612599
v -0.427535 0.19387921 2.73452599
v -0.420815 0.1596492 2.58925199
v -0.44117 0.05803918 3.136901
v -0.44504 0.26721423 3.10993198
v -0.4493 0.21399423 3.10771198
v -0.449915 0.05707919 3.128892
v -0.427535 0.30975424 3.15160198
v -0.41411 0.28764424 3.12730198
v -0.427535 0.32115422 2.91344698
v -0.44117 0.28764424 3.12730198
v -0.40922 0.26718423 3.10909098
v -0.406775 0.27606422 2.92532598
v -0.41492 0.26643427 3.55738198
v -0.41411 0.28764424 3.12730198
v -0.427535 0.32115422 2.91344698
v -0.44789 0.20215911 2.78666698
v -0.448295 0.27606422 2.92532598
v -0.427535 0.23622411 2.76028098
v -0.427535 0.23622411 2.76028098
v -0.44789 0.15993411 2.76893699
v -0.44789 0.20215911 2.78666698
v -0.427535 0.19387921 2.73452599
v -0.449915 0.05707919 3.128892
v -0.441785 -0.10985577 3.07699201
v -0.41045 -0.11158077 3.07622701
v -0.40718 0.05707919 3.128892
v -0.434255 0.1596492 2.58925199
v -0.44789 0.15993411 2.76893699
v -0.427535 0.19387921 2.73452599
v -0.44117 0.28764424 3.12730198
v -0.448295 0.27606422 2.92532598
v -0.41411 0.28764424 3.12730198
v -0.40718 0.22819923 3.10825098
v -0.40922 0.26718423 3.10909098
v -0.44504 0.26721423 3.10993198
v -0.406775 0.27606422 2.92532598
v -0.40718 0.20215911 2.78666698
v -0.461105 -0.10786077 3.06403101
v -0.441785 -0.10985577 3.07699201
v -0.449915 0.05707919 3.128892
v -0.472295 0.06766921 3.11969699
v -0.41411 0.05803918 3.136901
v -0.40718 0.05707919 3.128892
v -0.441785 -0.10985577 3.07699201
v -0.41858 -0.21749577 3.07352602
v -0.41045 -0.11158077 3.07622701
v -0.433025 -0.21614577 3.07312102
v -0.427535 0.23622411 2.76028098
v -0.40718 0.15993411 2.76893699
v -0.427535 0.19387921 2.73452599
v -0.40718 0.20215911 2.78666698
v -0.427535 0.28993827 3.55699198
v -0.44015 0.26643427 3.55738198
v -0.41492 0.26643427 3.55738198
v -0.427535 0.1935342 2.60612599
v -0.420815 0.1596492 2.58925199
v -0.434255 0.1596492 2.58925199
v -0.43385 0.06543424 3.565887
v -0.41411 0.05803918 3.136901
v -0.42122 0.06543424 3.565887
v -0.44117 0.05803918 3.136901
v -0.41492 0.26643427 3.55738198
v -0.44015 0.26643427 3.55738198
v -0.42122 0.06543424 3.565887
v 0.48308 0.20358423 2.99302198
v 0.462125 0.21696423 2.98807198
v 0.472295 0.19674423 3.09446699
v 0.4493 0.21399423 3.10771198
v 0.472295 0.06766921 3.11969699
v 0.48308 -0.02582574 3.033836
v 0.48308 0.12643923 3.03364199
v 0.472295 0.19674423 3.09446699
v 0.461105 -0.10786077 3.06403101
v 0.475955 -0.11062077 3.02233201
v 0.471275 -0.11459577 2.99609601
v 0.48146 -0.04567075 2.985657
v 0.44483 -0.18851577 3.03125701
v 0.48206 -0.06826074 2.93129601
v 0.43526 -0.20980078 2.88863602
v 0.46823 -0.03448077 2.820537
v 0.444425 -0.13670579 2.83202701
v 0.427535 -0.07846078 2.71570201
v 0.433025 -0.21614577 3.07312102
v 0.427535 -0.05176077 2.700732
v 0.4727 0.17713912 2.93090699
v 0.366485 0.17713912 2.93090699
v 0.38684 0.14308911 2.82026699
v 0.441785 -0.10985577 3.07699201
v 0.366485 0.12643923 3.03364199
v 0.366485 0.23124423 2.98882198
v 0.366485 0.17713912 2.93090699
v 0.46823 0.14308911 2.82026699
v 0.452975 -0.11438577 3.02390701
v 0.444215 -0.11264577 3.04421601
v 0.44483 -0.18851577 3.03125701
v 0.40718 0.22819923 3.10825098
v 0.471275 -0.11459577 2.99609601
v 0.441785 -0.10985577 3.07699201
v 0.44117 0.05803918 3.136901
v 0.41411 0.05803918 3.136901
v 0.40718 0.05707919 3.128892
v 0.449915 0.05707919 3.128892
v 0.48308 0.12643923 3.03364199
v 0.366485 0.12643923 3.03364199
v 0.452975 -0.11438577 3.02390701
v 0.471275 -0.11459577 2.99609601
v 0.475955 -0.11062077 3.02233201
v 0.48308 0.17062922 2.94439199
v 0.444215 -0.11264577 3.04421601
v 0.461105 -0.10786077 3.06403101
v 0.433025 -0.21614577 3.07312102
v 0.41858 -0.21749577 3.07352602
v 0.416345 -0.21116578 2.88905702
v 0.441785 -0.10985577 3.07699201
v 0.41045 -0.11158077 3.07622701
v 0.366485 -0.06826074 2.93129601
v 0.41858 -0.21749577 3.07352602
v 0.43526 -0.20980078 2.88863602
v 0.38684 -0.03448077 2.820537
v 0.416345 -0.21116578 2.88905702
v 0.410645 -0.13670579 2.83202701
v 0.427535 -0.07846078 2.71570201
v 0.427535 -0.05176077 2.700732
v 0.40718 0.05707919 3.128892
v 0.366485 -0.02582574 3.033836
v 0.40718 0.22819923 3.10825098
v 0.366485 0.12643923 3.03364199
v 0.406775 0.27606422 2.92532598
v 0.40718 0.20215911 2.78666698
v 0.366485 0.23124423 2.98882198
v 0.38684 0.14308911 2.82026699
v 0.40922 0.26718423 3.10909098
v 0.40718 0.22819923 3.10825098
v 0.40718 0.15993411 2.76893699
v 0.44789 0.15993411 2.76893699
v 0.366485 0.17713912 2.93090699
v 0.40718 0.15993411 2.76893699
v 0.366485 -0.02582574 3.033836
v 0.48308 -0.02582574 3.033836
v 0.444425 -0.13670579 2.83202701
v 0.410645 -0.13670579 2.83202701
v 0.48146 -0.04567075 2.985657
v 0.48206 -0.06826074 2.93129601
v 0.366485 -0.02582574 3.033836
v 0.366485 -0.06826074 2.93129601
v 0.448295 0.27606422 2.92532598
v 0.44504 0.26721423 3.10993198
v 0.48308 -0.02582574 3.033836
v 0.44789 0.20215911 2.78666698
v 0.46823 0.14308911 2.82026699
v 0.4727 0.17713912 2.93090699
v 0.44789 0.15993411 2.76893699
v 0.38684 -0.03448077 2.820537
v 0.46823 -0.03448077 2.820537
v 0.427535 -0.05176077 2.700732
v 0.420815 0.1596492 2.58925199
v 0.434255 0.1596492 2.58925199
v 0.48308 0.12643923 3.03364199
v 0.48308 0.17062922 2.94439199
v 0.444425 -0.13670579 2.83202701
v 0.410645 -0.13670579 2.83202701
v 0.427535 -0.07846078 2.71570201
v 0.44117 0.05803918 3.136901
v 0.44117 0.28764424 3.12730198
v 0.44015 0.26643427 3.55738198
v 0.43385 0.06543424 3.565887
v 0.42122 0.06543424 3.565887
v 0.41492 0.26643427 3.55738198
v 0.41411 0.05803918 3.136901
v 0.41411 0.28764424 3.12730198
v 0.4493 0.21399423 3.10771198
v 0.449915 0.05707919 3.128892
v 0.472295 0.06766921 3.11969699
v 0.472295 0.19674423 3.09446699
v 0.44015 0.26643427 3.55738198
v 0.44117 0.28764424 3.12730198
v 0.427535 0.30975424 3.15160198
v 0.427535 0.28993827 3.55699198
v 0.40718 0.15993411 2.76893699
v 0.427535 0.19387921 2.73452599
v 0.427535 0.1935342 2.60612599
v 0.420815 0.1596492 2.58925199
v 0.44117 0.05803918 3.136901
v 0.4493 0.21399423 3.10771198
v 0.44504 0.26721423 3.10993198
v 0.449915 0.05707919 3.128892
v 0.427535 0.30975424 3.15160198
v 0.427535 0.32115422 2.91344698
v 0.41411 0.28764424 3.12730198
v 0.44117 0.28764424 3.12730198
v 0.40922 0.26718423 3.10909098
v 0.406775 0.27606422 2.92532598
v 0.41492 0.26643427 3.55738198
v 0.41411 0.28764424 3.12730198
v 0.427535 0.32115422 2.91344698
v 0.448295 0.27606422 2.92532598
v 0.44789 0.20215911 2.78666698
v 0.427535 0.23622411 2.76028098
v 0.427535 0.23622411 2.76028098
v 0.44789 0.20215911 2.78666698
v 0.44789 0.15993411 2.76893699
v 0.427535 0.19387921 2.73452599
v 0.449915 0.05707919 3.128892
v 0.41045 -0.11158077 3.07622701
v 0.441785 -0.10985577 3.07699201
v 0.40718 0.05707919 3.128892
v 0.44789 0.15993411 2.76893699
v 0.434255 0.1596492 2.58925199
v 0.427535 0.19387921 2.73452599
v 0.44117 0.28764424 3.12730198
v 0.448295 0.27606422 2.92532598
v 0.41411 0.28764424 3.12730198
v 0.40922 0.26718423 3.10909098
v 0.40718 0.22819923 3.10825098
v 0.44504 0.26721423 3.10993198
v 0.406775 0.27606422 2.92532598
v 0.40718 0.20215911 2.78666698
v 0.461105 -0.10786077 3.06403101
v 0.449915 0.05707919 3.128892
v 0.441785 -0.10985577 3.07699201
v 0.472295 0.06766921 3.11969699
v 0.41411 0.05803918 3.136901
v 0.40718 0.05707919 3.128892
v 0.441785 -0.10985577 3.07699201
v 0.41045 -0.11158077 3.07622701
v 0.41858 -0.21749577 3.07352602
v 0.433025 -0.21614577 3.07312102
v 0.427535 0.23622411 2.76028098
v 0.427535 0.19387921 2.73452599
v 0.40718 0.15993411 2.76893699
v 0.40718 0.20215911 2.78666698
v 0.427535 0.28993827 3.55699198
v 0.41492 0.26643427 3.55738198
v 0.44015 0.26643427 3.55738198
v 0.427535 0.1935342 2.60612599
v 0.434255 0.1596492 2.58925199
v 0.420815 0.1596492 2.58925199
v 0.43385 0.06543424 3.565887
v 0.42122 0.06543424 3.565887
v 0.41411 0.05803918 3.136901
v 0.44117 0.05803918 3.136901
v 0.44015 0.26643427 3.55738198
v 0.41492 0.26643427 3.55738198
v 0.42122 0.06543424 3.565887
v -0.07536 0.01528119 3.035552
v 0.05756998 0.02615021 3.004884
v 0.07536 0.01528119 3.035552
v -0.05756998 0.02615021 3.004884
v 0.06555998 0.14288123 3.05337499
v -0.07536 0.01528119 3.035552
v 0.07536 0.01528119 3.035552
v -0.05756998 0.33665123 3.03385697
v -0.13872 0.29937023 3.00656598
v -0.1875 0.10114123 3.04483799
v -0.16151 0.06676518 3.05529799
v -0.08195996 0.13344613 3.07574699
v -0.07536 0.05677019 3.079224
v -0.24447 0.23188312 2.96384498
v -0.25586 0.15973612 2.97228799
v -0.06555998 0.11546223 3.08290899
v -0.04117995 0.31893123 3.01191498
v -0.08195996 0.13344613 3.07574699
v -0.06555998 0.14288123 3.05337499
v -0.15511 0.01702218 3.009808
v -0.05756998 0.02615021 3.004884
v -0.07536 0.01528119 3.035552
v -0.05756998 0.33665123 3.03385697
v -0.08195996 0.13344613 3.07574699
v -0.06555998 0.11546223 3.08290899
v 0.07536 0.05677019 3.079224
v 0.06555998 0.14288123 3.05337499
v 0.07536 0.01528119 3.035552
v -0.06555998 0.14288123 3.05337499
v -0.07536 0.05677019 3.079224
v -0.07536 0.01528119 3.035552
v -0.16151 0.06676518 3.05529799
v -0.15511 0.01702218 3.009808
v -0.07536 0.01528119 3.035552
v -0.07536 0.05677019 3.079224
v 0.16151 0.06676518 3.05529799
v 0.05756998 0.33665123 3.03385697
v 0.13872 0.29937023 3.00656598
v 0.08195996 0.13344613 3.07574699
v 0.07536 0.05677019 3.079224
v 0.06555998 0.11546223 3.08290899
v 0.06555998 0.14288123 3.05337499
v 0.08195996 0.13344613 3.07574699
v 0.04117995 0.31893123 3.01191498
v 0.05756998 0.33665123 3.03385697
v 0.07536 0.01528119 3.035552
v 0.05756998 0.02615021 3.004884
v 0.15511 0.01702218 3.009808
v -0.06555998 0.14288123 3.05337499
v 0.04117995 0.31893123 3.01191498
v -0.04117995 0.31893123 3.01191498
v 0.06555998 0.11546223 3.08290899
v 0.08195996 0.13344613 3.07574699
v 0.07536 0.01528119 3.035552
v 0.16151 0.06676518 3.05529799
v 0.07536 0.05677019 3.079224
v 0.15511 0.01702218 3.009808
v 0.05756998 0.36156023 3.03055797
v 0.023274 0.33403123 3.00876897
v -0.023274 0.33403123 3.00876897
v 0 0.31893123 3.01191498
v 0.023274 0.33403123 3.00876897
v 0 0.38684723 3.00817397
v 0 0.41437623 3.02996297
v -0.023274 0.33403123 3.00876897
v -0.05756998 0.36156023 3.03055797
v 0 0.41437623 3.02996297
v 0.05756998 0.36156023 3.03055797
v 0.1018339 0.32511923 3.00126798
v -0.05756998 0.36156023 3.03055797
v 0 0.38684723 3.00817397
v -0.1018339 0.32511923 3.00126798
v 0.02498996 0.40097623 3.05982797
v 0 0.42278423 3.09275197
v 0.03317999 0.27373024 3.11653598
v 0 0.27796624 3.15432998
v 0.06555998 0.18335723 3.05240399
v 0.04117995 0.35945723 3.01125197
v 0.04936999 0.17251524 3.11820799
v 0 0.18440924 3.14974399
v -0.04936999 0.17141424 3.12915199
v -0.03317999 0.27371124 3.11674198
v -0.02498996 0.40096423 3.06002097
v -0.04117995 0.35945723 3.01125197
v -0.06555998 0.18335723 3.05240399
v 0.06555998 0.15796313 3.08121699
v 0.04936999 0.06770622 3.12755799
v 0.04936999 0.17251524 3.11820799
v 0 0.08532822 3.17011299
v 0.07536 0.09719817 3.07809199
v 0 0.18440924 3.14974399
v -0.04936999 0.17141424 3.12915199
v -0.04936999 0.06770622 3.12755799
v -0.07536 0.09719817 3.07809199
v 0.06555998 0.15796313 3.08121699
v -0.07536 0.05578719 3.034353
v 0.07536 0.05578719 3.034353
v 0 0.07346922 3.15626599
v 0.04936999 0.06770622 3.12755799
v -0.04936999 0.06770622 3.12755799
v 0 0.08532822 3.17011299
v -0.04936999 0.06770622 3.12755799
v 0 0.07346922 3.15626599
v -0.07536 0.09719817 3.07809199
v -0.07536 0.05578719 3.034353
v 0.07536 0.05578719 3.034353
v 0.07536 0.09719817 3.07809199
v 0.02498996 0.40097623 3.05982797
v 0.04117995 0.35945723 3.01125197
v -0.02498996 0.40096423 3.06002097
v 0 0.42278423 3.09275197
v 0.06555998 0.18335723 3.05240399
v 0.06555998 0.15796313 3.08121699
v -0.06555998 0.18335723 3.05240399
v 0.07536 0.09719817 3.07809199
v -0.06555998 0.15379123 3.08255099
v -0.07536 0.09719817 3.07809199
v -0.06555998 0.14288123 3.05337499
v 0.06555998 0.11546223 3.08290899
v -0.06555998 0.11546223 3.08290899
v 0.06555998 0.14288123 3.05337499
v -0.06555998 0.15379123 3.08255099
v -0.06555998 0.15379123 3.08255099
v 0.04936999 0.06770622 3.12755799
v -0.04117995 0.35945723 3.01125197
v -0.04308998 0.47378021 2.78663596
v 0 0.4581682 2.69945297
v -0.09219497 0.39551521 2.82234297
v 0 0.48963021 2.83108596
v 0 0.49909721 2.77437196
v 0.04308897 0.47378021 2.78663596
v 0.09219497 0.39551521 2.82234297
v -0.05460697 0.36578222 2.88481597
v 0 0.43707822 2.92204197
v 0.05460697 0.36578222 2.88481597
v -0.076837 0.36566121 2.80295797
v 0.07683598 0.36566121 2.80295797
v 0.04550999 0.33592822 2.86543097
v -0.04550999 0.33592822 2.86543097
v 0.08550298 0.07104416 2.63855699
v -0.28504 0.27853322 2.85154698
v 0.00262713 -0.19860607 3.03823401
v 0.01115942 -0.16057007 3.09030501
v 0.187111 0.23665721 2.72069798
vn 0.42838 -0.8819 0.19681
vn -0.35332 -0.9197 0.17121
vn 0.13779 -0.71122 0.68933
vn -0.13779 -0.71122 0.68933
vn 0.35332 -0.9197 0.17121
vn -0.42838 -0.8819 0.19681
vn -0.45766 0.78951 -0.40894
vn -0.39242 0.81947 -0.4177
vn -0.66709 0.67005 -0.32562
vn -0.39952 0.90695 -0.13351
vn -0.7767 0.45354 0.43707
vn -0.33244 0.91251 0.23836
vn -0.28262 0.49714 0.82035
vn -0.27137 0.60136 0.75148
vn -0.10827 0.12395 0.98636
vn -0.70965 0.67553 -0.20016
vn -0.72859 0.55527 -0.40104
vn -0.69716 0.61524 -0.36803
vn -0.92527 0.3765 0.04619
vn -0.97574 -0.06145 -0.21016
vn -0.89988 -0.30831 -0.30849
vn -0.73436 -0.63811 -0.23137
vn -0.87295 0.45945 -0.1639
vn 0.69716 0.61524 -0.36803
vn 0.39242 0.81947 -0.4177
vn 0.6935 0.62201 -0.36354
vn 0.45763 0.78952 -0.40894
vn 0.33243 0.91251 0.23837
vn 0.7767 0.45354 0.43707
vn 0.40572 0.90903 -0.09518
vn 0.75675 0.61997 -0.20728
vn 0.28261 0.49713 0.82036
vn 0.89988 -0.30831 -0.30849
vn 0.92526 0.3765 0.04619
vn 0.97574 -0.06145 -0.21016
vn 0.87295 0.45946 -0.1639
vn 0.72859 0.55527 -0.40104
vn 0.73436 -0.63811 -0.23137
vn 0.07634 0.01128 0.99702
vn 0.27137 0.60136 0.75148
vn -0.62845 -0.6073 0.48604
vn 0.64016 -0.25757 0.72378
vn 0.43601 0.37375 0.81866
vn 0.63208 0.05309 0.77308
vn 0 -0.86765 0.49717
vn 0 -0.98007 0.19864
vn -0.66085 -0.73643 0.14476
vn -0.60666 -0.74173 0.286
vn 0 -0.51227 0.85882
vn 0.62845 -0.6073 0.48604
vn 0.45506 -0.87707 0.15384
vn 0.56212 -0.81109 -0.1617
vn 0.5813 -0.81352 0.01672
vn 0.60666 -0.74173 0.28599
vn 0.88439 -0.45041 0.12243
vn 0.30528 0.47598 0.82477
vn 0.1595 0.69822 0.69788
vn 0.51335 0.59963 0.61394
vn 0.3975 0.38001 0.83521
vn 0.4781 0.8349 0.27271
vn 0.45839 0.86094 -0.2206
vn 0.7311 -0.26633 -0.62815
vn -0.45839 0.86094 -0.2206
vn -0.7311 -0.26633 -0.62815
vn -0.51335 0.59963 0.61394
vn -0.1595 0.69822 0.69788
vn -0.30528 0.47598 0.82477
vn -0.63208 0.05309 0.77308
vn -0.3975 0.38001 0.83521
vn -0.43601 0.37375 0.81866
vn -0.88439 -0.45041 0.12243
vn -0.5813 -0.81352 0.01672
vn -0.64016 -0.25757 0.72378
vn -0.4781 0.8349 0.27271
vn -0.89043 0.11276 0.44093
vn -0.56212 -0.81109 -0.16169
vn -0.45506 -0.87707 0.15385
vn -0.83344 0.52497 -0.1726
vn 0.72329 -0.406 0.55859
vn 0.50783 -0.5454 0.66681
vn 0.52839 -0.67896 0.50972
vn -0.81354 0.15537 0.56037
vn -0.8259 0.09362 0.556
vn -0.97636 0.20072 0.08018
vn -0.49775 -0.54874 0.67166
vn -0.96167 0.21929 -0.16464
vn -0.56773 0.16764 0.80597
vn -0.93439 0.01592 0.35589
vn 0.05419 0.79516 -0.60398
vn 0.24261 0.83802 -0.48874
vn 0.7913 0.53424 -0.29737
vn 0.45976 -0.22988 0.85777
vn 0.07802 0.02199 0.99671
vn 0.02005 0.12687 0.99172
vn -0.24985 0.87539 -0.41384
vn -0.11709 0.97283 0.19973
vn 0.51813 -0.12101 0.8467
vn 0.9228 -0.0274 0.38431
vn 0.98063 -0.17811 0.08154
vn 0.7101 0.18781 0.6786
vn 0.65542 0.2087 0.72585
vn 0.64816 0.72375 0.23681
vn -0.68569 -0.46719 0.55818
vn -0.8984 0.2982 0.32241
vn -0.95965 -0.28115 -0.00473
vn -0.59111 0.05298 0.80485
vn -0.83291 -0.46795 0.29545
vn -0.33508 -0.58673 0.7372
vn 0 -0.60196 0.79853
vn -0.74053 -0.59687 0.30882
vn 0 -0.73531 0.67773
vn -0 -0.97136 0.2376
vn 0.33508 -0.58674 0.7372
vn 0.74053 -0.59687 0.30882
vn 0.59111 0.05298 0.80485
vn 0.68569 -0.46719 0.55818
vn 0.83291 -0.46795 0.29545
vn 0.95965 -0.28115 -0.00473
vn 0 0.01774 0.99984
vn 0.8984 0.2982 0.32241
vn 0.05693 0.97792 0.20106
vn 0.60368 0.45473 0.65482
vn 0.90955 0.30113 0.28643
vn -0.92623 -0.02308 0.37626
vn -0.97614 -0.0259 0.21558
vn 0.20336 -0.6243 0.75425
vn 0.92623 -0.02308 0.37626
vn -0.32291 -0.31733 0.89165
vn -0.20336 -0.6243 0.75425
vn -0.90955 0.30113 0.28643
vn -0.60368 0.45473 0.65482
vn -0.05693 0.97792 0.20106
vn -0.7101 0.18781 0.6786
vn -0.64809 0.7238 0.23683
vn -0.65543 0.20871 0.72585
vn -0.79132 0.53425 -0.29732
vn -0.66814 0.41793 -0.61557
vn -0.98062 -0.17812 0.08154
vn -0.51819 -0.12105 0.84666
vn -0.45975 -0.22987 0.85778
vn -0.07791 0.02199 0.99672
vn -0.24261 0.83801 -0.48876
vn 0.11709 0.97283 0.19973
vn 0.24985 0.87539 -0.41385
vn -0.02005 0.12688 0.99172
vn -0.05419 0.79516 -0.60398
vn 0.82592 0.09362 0.55595
vn 0.97635 0.20074 0.08024
vn 0.93439 0.0159 0.3559
vn 0.49775 -0.54875 0.67166
vn -0.28298 -0.767 0.57588
vn 0.96167 0.21929 -0.16464
vn 0.81354 0.15537 0.56037
vn -0.86476 0.12595 0.48614
vn -0.72791 0.67415 0.12521
vn -0.75252 0.01409 0.65842
vn -0.72329 -0.40604 0.55855
vn -0.70676 -0.56576 0.42474
vn -0.52839 -0.67896 0.50972
vn -0.46228 -0.27616 0.84263
vn 0 -0.42153 0.90682
vn -0.15961 -0.04221 0.98628
vn -0.48587 0.86577 -0.1199
vn 2E-05 0.22411 0.97456
vn 0.15961 -0.04221 0.98628
vn 0.75252 0.01409 0.65842
vn 0.46228 -0.27616 0.84263
vn 0.72791 0.67415 0.12521
vn 0.86476 0.12595 0.48614
vn 0.48587 0.86577 -0.1199
vn 0.04855 0.11435 0.99225
vn 0.55786 -0.24432 0.79316
vn 0.81142 0.1189 0.57225
vn 0.93796 -0.24807 0.24227
vn 0.92204 -0.38634 -0.0242
vn 0.08852 0.82888 0.55237
vn 0.83024 0.53278 0.16386
vn 0.07683 0.85422 -0.51421
vn 0.78433 0.5258 -0.32918
vn 0.7781 0.0826 -0.62268
vn 0.04558 0.13386 -0.98995
vn 0.4823 -0.19647 -0.85369
vn 0.90497 -0.24454 -0.34819
vn 0.91078 -0.41286 0.00409
vn 0.52231 -0.03735 -0.85193
vn -0.52815 -0.21619 -0.82117
vn -0.57444 -0.08729 -0.81388
vn -0.6062 -0.15662 0.77974
vn -0.98923 -0.12489 -0.07627
vn -0.51943 -0.2078 0.82886
vn -0.39891 0.5394 -0.74156
vn -0.48786 0.70812 0.51045
vn -0.59885 -0.45857 -0.65658
vn -0.69611 -0.46306 0.54864
vn 0.98707 -0.07236 -0.14305
vn 0.61074 -0.16853 0.77369
vn 0.97967 -0.1885 -0.0687
vn 0.4411 -0.4748 0.76157
vn 0.88359 -0.46722 0.03121
vn 0.48093 -0.32224 -0.81539
vn -0.93406 -0.35562 -0.03262
vn -0.56176 -0.4411 0.6999
vn -0.52296 -0.31678 -0.7913
vn -0.02121 -0.99468 -0.10082
vn -0.71915 -0.56366 -0.40633
vn -0.97642 0.05664 -0.20832
vn 0.14442 -0.8989 0.41367
vn 0.01895 -0.964 -0.26522
vn 0.8898 0.0476 -0.45385
vn 0.8559 -0.19529 -0.47885
vn 0.73928 0.08122 0.66849
vn -0.22489 -0.02566 -0.97405
vn 0.8414 -0.06391 -0.53663
vn 0.70988 -0.13705 0.69086
vn -0.23034 -0.04991 -0.97183
vn 0.83443 -0.03186 -0.5502
vn 0.65317 0.00747 0.75717
vn -0.43355 0.02809 0.90069
vn -0.49204 0.01851 0.87038
vn 0.67225 -0.00199 0.74032
vn -0.19089 0.55533 0.80943
vn -0.15029 0.6734 0.72384
vn -0.96307 0.26905 0.01033
vn 0.9785 -0.20564 -0.0159
vn 0.8388 -0.26774 -0.47405
vn 0.3928 -0.06725 -0.91716
vn -0.10929 0.75538 0.64611
vn -0.94347 0.30665 -0.12583
vn 0.60828 0.39747 0.68703
vn 0.6778 0.39823 0.61806
vn 0.58617 0.26091 0.76703
vn 0.942 -0.00399 0.33558
vn 0.93825 0.08989 0.33409
vn 0.69287 -0.65315 -0.30549
vn 0.84121 -0.29302 0.45443
vn 0.49252 -0.72788 -0.47709
vn 0.34702 -0.64919 0.67685
vn 0.29894 -0.94409 -0.13901
vn -0.2836 -0.05774 0.9572
vn -0.96289 -0.00092 0.26989
vn 0.75124 -0.53813 -0.38217
vn 0.6779 -0.25111 0.69094
vn 0.7278 -0.11419 0.67622
vn 0.68034 -0.68999 0.24708
vn 0.6155 -0.41919 0.66742
vn 0.10331 -0.38164 0.91852
vn 0.13806 -0.09906 0.98546
vn -0.98879 0.02759 -0.14677
vn -0.98353 -0.09738 -0.1523
vn -0.21066 0.00227 -0.97756
vn -0.56054 -0.02994 0.82758
vn -0.4957 -0.03817 0.86766
vn -0.51754 -0.39372 -0.75969
vn -0.23048 -0.96685 -0.10995
vn 0.57446 -0.71372 -0.40075
vn 0.51031 -0.74525 0.42917
vn 0.85405 -0.519 0.03525
vn 0.9643 -0.2645 0.01315
vn 0.95564 -0.26287 0.13284
vn 0.19353 0.04358 0.98013
vn 0.17306 0.10629 0.97916
vn -0.3249 -0.5529 -0.7673
vn 0.18616 0.14295 0.97206
vn 0.84629 -0.50384 0.173
vn 0.87324 -0.24638 -0.42041
vn 0.97448 -0.14984 -0.16714
vn 0.97521 -0.18071 0.12772
vn 0.66793 -0.1519 0.72856
vn -0.48372 0.01415 0.87511
vn 0.41594 -0.24769 0.87501
vn 0.91376 -0.18985 0.35916
vn 0.69186 -0.138 0.70872
vn -0.99519 -0.00525 -0.09778
vn -0.99493 -0.02867 -0.0964
vn -0.23938 -0.22608 -0.94424
vn -0.42745 0.19967 0.88172
vn -0.38468 0.22096 0.89621
vn -0.27678 -0.24867 -0.9282
vn 0.96902 -0.16607 -0.18284
vn 0.86966 -0.17162 -0.46287
vn 0.41698 -0.02895 -0.90846
vn 0.78072 -0.40504 -0.47583
vn -0.70556 -0.70853 -0.01302
vn 0.74807 -0.50473 -0.43086
vn -0.45532 0.73058 0.50886
vn -0.98958 0.11516 -0.08637
vn -0.95437 0.25992 -0.14706
vn -0.36675 0.7025 0.60991
vn -0.64769 0.53452 0.54294
vn -0.08118 0.55248 0.82956
vn -0.85282 -0.22883 -0.4694
vn -0.9595 -0.19566 -0.20266
vn -0.18862 -0.36306 -0.91248
vn -0.2477 -0.32059 -0.91426
vn -0.93526 -0.34336 -0.08596
vn -0.99345 -0.0616 0.09626
vn -0.70294 0.5256 0.47918
vn -0.94467 0.09011 0.31541
vn 0.2051 0.62602 0.75235
vn -0.05925 0.30032 0.952
vn 0.76472 -0.19643 0.6137
vn 0.94188 -0.25774 0.21548
vn 0.27853 -0.17022 0.94522
vn 0.63642 -0.36026 0.68204
vn 0.82266 -0.5674 0.0359
vn 0.26463 -0.7214 -0.63996
vn 0.52695 -0.46114 -0.71391
vn 0.71832 -0.6811 -0.1418
vn 0.29987 -0.52704 -0.79518
vn 0.35395 -0.22549 -0.90767
vn 0.33892 -0.18141 0.92316
vn 0.13827 -0.31073 0.94039
vn 0.71576 -0.39119 0.5785
vn 0.83174 -0.14869 0.53489
vn -0.06371 -0.11953 0.99078
vn 0.01581 -0.21001 0.97757
vn 0.99566 -0.0929 -0.00588
vn 0.90052 -0.0232 -0.43419
vn 0.96978 -0.12183 0.21139
vn 0.65957 -0.37008 0.65423
vn 0.95809 -0.03037 -0.28484
vn 0.11498 -0.107 0.98759
vn 0.07306 -0.14601 0.98658
vn 0.1295 -0.27353 0.95311
vn 0.78826 -0.55415 0.26752
vn 0.64349 -0.17833 0.74439
vn 0.91616 -0.23052 0.32788
vn -0.24187 0.013 -0.97022
vn -0.20741 -0.15549 -0.96582
vn -0.99527 0.01739 -0.0956
vn 0.75441 -0.59006 0.28755
vn -0.1022 -0.48945 -0.86602
vn -0.9654 -0.20979 -0.1549
vn -0.77764 -0.61609 -0.12538
vn -0.5403 -0.17136 0.82384
vn -0.47938 -0.0105 0.87754
vn -0.44667 -0.89299 -0.05526
vn -0.29276 -0.4581 0.83931
vn 0.43223 -0.80184 -0.41259
vn 0.36252 -0.81395 0.45394
vn 0.83996 -0.23415 -0.48954
vn 0.80129 -0.34152 -0.49123
vn 0.83862 -0.14288 -0.52565
vn 0.72979 0.00469 0.68366
vn 0.78809 0.18017 0.5886
vn 0.87082 -0.07409 -0.48599
vn 0.78945 -0.15296 -0.59446
vn 0.70006 0.17966 0.69112
vn 0.74896 0.12896 0.64995
vn 0.80181 -0.35496 -0.48073
vn 0.82475 -0.54293 -0.15816
vn 0.38437 -0.37259 -0.84465
vn 0.38809 -0.08473 -0.91772
vn 0.63419 -0.11804 0.76411
vn 0.98354 -0.11569 0.1388
vn 0.80557 -0.15336 -0.57231
vn 0.9834 -0.158 0.0892
vn 0.60805 -0.1835 0.7724
vn -0.44421 -0.09266 0.89112
vn -0.37635 -0.47384 0.79613
vn 0.38517 -0.78116 0.49136
vn 0.4588 -0.829 -0.31978
vn 0.76297 -0.2429 -0.59906
vn -0.17802 -0.54403 -0.81996
vn -0.20295 -0.143 -0.96869
vn 0.65877 -0.39627 0.63953
vn 0.97596 -0.18203 -0.11989
vn 0.89341 -0.4486 -0.02397
vn 0.16345 -0.03321 0.98599
vn -0.99399 -0.10848 -0.01457
vn -0.35013 -0.27135 -0.89654
vn 0.64402 -0.31474 0.69726
vn 0.83422 -0.49979 0.23298
vn -0.341 -0.92091 0.18879
vn 0.45025 -0.8757 -0.17443
vn 0.37881 -0.70389 0.60087
vn 0.72703 0.0261 0.6861
vn -0.41689 0.8099 0.41264
vn -0.90596 0.37626 0.19409
vn -0.75461 -0.63216 0.17589
vn 0.84322 0.05648 -0.5346
vn 0.89155 -0.02842 -0.45204
vn -0.33798 0.02659 -0.94078
vn 0.66469 -0.06292 0.74446
vn 0.84098 -0.17758 -0.5111
vn -0.14643 0.07 -0.98674
vn 0.65731 -0.07328 0.75005
vn -0.64462 -0.07422 0.76089
vn -0.38594 -0.92243 -0.01288
vn -0.77713 -0.62584 0.06628
vn -0.98722 -0.15649 -0.03008
vn -0.1703 -0.70467 -0.68879
vn -0.39127 0.09561 0.91529
vn -0.29912 -0.33718 0.89266
vn -0.28163 -0.33942 -0.89749
vn 0.93514 -0.11341 0.33564
vn 0.73172 -0.48123 -0.48271
vn 0.97161 -0.22552 0.0715
vn 0.48513 -0.22111 -0.84603
vn 0.63043 -0.42772 0.64777
vn 0.75201 -0.17444 0.63565
vn 0.18044 0.00397 0.98358
vn 0.76984 -0.48826 0.41104
vn 0.40592 -0.13224 -0.90429
vn 0.64889 -0.02016 0.76062
vn 0.98445 -0.12822 0.12009
vn 0.65651 0.05928 0.75199
vn 0.99044 -0.08319 0.11008
vn 0.73905 -0.30453 -0.60089
vn 0.76317 -0.33888 -0.55021
vn 0.7358 -0.0065 0.67717
vn 0.61488 0.02272 0.7883
vn 0.82679 -0.00792 -0.56245
vn 0.87015 0.04063 -0.49111
vn 0.65806 -0.23265 0.71612
vn 0.82682 -0.24448 -0.50656
vn 0.85528 -0.04826 -0.51591
vn 0.66985 -0.05677 0.74032
vn 0.74037 0.17888 0.64796
vn 0.81949 -0.15631 -0.55136
vn 0.80105 -0.17862 -0.57133
vn 0.77154 -0.24215 -0.58829
vn -0.61088 -0.79103 0.03298
vn 0.98508 -0.17182 0.00958
vn 0.93492 0.10624 0.33858
vn 0.85136 0.13092 0.50798
vn -0.57595 -0.10392 0.81085
vn 0.82784 -0.26988 -0.49177
vn 0.80002 -0.56469 -0.20271
vn -0.96786 -0.2151 -0.13033
vn -0.80169 0.01754 -0.59749
vn -0.36175 -0.01387 -0.93217
vn -0.22465 0.26982 -0.93634
vn -0.86204 0.13758 -0.48782
vn -0.86562 0.16919 -0.47124
vn -0.98019 -0.10958 -0.165
vn -0.10772 0.13541 -0.98492
vn 0.87407 0.33776 -0.34918
vn 0.70818 -0.01656 -0.70584
vn 0.2146 0.07395 -0.9739
vn -0.81118 0.15684 -0.56337
vn -0.95124 -0.0236 -0.30754
vn -0.97714 0.0451 -0.20774
vn -0.96139 0.24414 -0.12694
vn -0.98744 0.00619 -0.15785
vn -0.9929 -0.03955 -0.1122
vn -0.98589 -0.14572 -0.08239
vn -0.99053 0.09347 0.10054
vn -0.3522 -0.2309 -0.907
vn -0.96871 0.01519 -0.24775
vn -0.95343 0.29983 0.03274
vn 0.31162 0.47509 0.82291
vn 0.52943 0.58509 0.61431
vn 0.68872 0.092 0.71916
vn 0.92331 -0.06902 0.37779
vn -0.31173 0.84902 0.4266
vn 0.69955 -0.0139 0.71445
vn 0.86044 -0.0387 -0.50809
vn 0.26663 0.48445 0.83319
vn 0.67227 0.06365 0.73756
vn 0.74707 -0.42104 0.51441
vn 0.80925 -0.04317 -0.58588
vn 0.00316 -0.45121 -0.89241
vn 0.79886 0.02824 -0.60085
vn 0.99288 -0.03549 0.11368
vn -0.2207 -0.13153 -0.96643
vn 0.81575 0.16788 -0.5535
vn -0.23008 0.10433 -0.96756
vn 0.99206 0.01214 0.12518
vn 0.64255 -0.1245 0.75606
vn 0.592 -0.17559 0.78658
vn 0.6238 0.01551 0.78143
vn -0.47791 -0.13642 0.86775
vn -0.47088 -0.30273 0.82863
vn -0.29219 -0.66069 0.69146
vn 0.87153 0.18016 -0.45605
vn 0.82262 -0.18162 -0.5388
vn 0.73442 0.05042 0.67682
vn 0.67831 -0.25523 0.68903
vn 0.99878 -0.02488 -0.04256
vn 0.88967 -0.04467 -0.45442
vn 0.84581 0.35866 0.39493
vn 0.83312 0.14754 0.53305
vn 0.84739 -0.10588 0.52031
vn -0.98473 -0.01985 -0.17293
vn -0.98213 0.03308 -0.18529
vn -0.99082 0.02279 -0.13324
vn 0.3308 0.0191 -0.94351
vn 0.15673 -0.0464 0.98655
vn -0.67 -0.7055 -0.23104
vn -0.93165 -0.33805 -0.1332
vn 0.58327 0.27346 0.76487
vn -0.99408 0.02811 -0.10493
vn 0.21628 -0.40403 -0.88881
vn 0.33215 0.03705 -0.9425
vn 0.4837 0.05781 -0.87332
vn -0.14637 0.07 -0.98675
vn 0.23538 -0.02695 -0.97153
vn 0.6664 -0.00721 0.74556
vn 0.83727 0.04905 -0.54458
vn -0.78919 -0.61136 -0.05846
vn -0.98373 -0.14151 -0.11071
vn 0.80207 -0.17009 -0.5725
vn 0.77329 -0.13259 -0.62004
vn 0.9766 -0.17641 0.12304
vn 0.62896 -0.18196 0.75584
vn 0.99026 -0.09302 0.10359
vn 0.59495 -0.11602 0.79534
vn 0.32263 0.66841 0.67017
vn -0.48661 -0.80848 0.33101
vn -0.66623 -0.71145 -0.22357
vn -0.5941 -0.49748 -0.63211
vn 0.00075 -0.14246 -0.9898
vn -0.91833 0.09215 0.38494
vn -0.75018 0.13852 0.64656
vn 0.00439 -0.35867 -0.93345
vn 0.00649 0.11271 -0.99361
vn 0.74476 0.13746 0.65302
vn 0.92366 0.0887 0.37281
vn 0.88319 -0.26327 0.38815
vn -0.00379 -0.52449 -0.85141
vn -0.88467 -0.26538 0.38332
vn 0.00977 -0.72434 -0.68937
vn 0.64453 0.52708 0.55386
vn -0.64367 0.52118 0.56041
vn -0.01152 0.66612 -0.74576
vn -0.01677 -0.95594 0.29309
vn 0.42837 -0.34977 -0.83316
vn 0.82067 -0.19001 -0.53889
vn 0.8861 -0.23131 -0.40164
vn 0.4535 -0.14497 -0.87939
vn 0.92893 -0.19418 -0.31525
vn 0.99237 -0.12025 0.02741
vn 0.82495 0.01672 0.56496
vn 0.84772 -0.02066 0.53003
vn 0.34081 0.0949 0.93533
vn 0.41383 0.11364 0.90323
vn -0.38973 0.07623 0.91777
vn 0.46199 0.30996 0.83096
vn -0.37955 0.09964 0.91979
vn 0.84682 0.11028 0.52032
vn 0.60332 0.57304 0.55464
vn 0.91351 0.18641 0.36158
vn -0.44457 0.34075 0.8284
vn 0.9803 0.17232 -0.09653
vn -0.59708 0.57907 0.55513
vn 0.58194 0.24293 -0.7761
vn 0.88476 -0.01379 -0.46583
vn 0.99175 -0.12821 0.00111
vn 0.99846 -0.04128 -0.03715
vn -0.95065 -0.22854 -0.20985
vn -0.91472 -0.0844 0.39517
vn -0.9067 -0.16686 -0.38736
vn -0.89949 0.07382 0.43067
vn -0.94011 0.2214 0.25916
vn -0.94531 0.16706 -0.28015
vn -0.56928 0.27507 -0.77476
vn -0.39637 -0.13505 -0.9081
vn -0.41622 -0.3814 -0.82541
vn -0.53465 0.80808 0.24731
vn 0.54042 0.80501 0.24475
vn 0.50372 0.60065 -0.62087
vn 0.00298 0.98005 -0.19871
vn -0.50545 0.60516 -0.61506
vn 0.96436 -0.24891 -0.08974
vn 0.74242 -0.55616 -0.3735
vn 0.62663 0.24452 -0.73996
vn 0.87684 0.31348 -0.36453
vn 0.23263 0.92852 -0.28935
vn 0.56282 0.82657 0.00424
vn -0.07023 0.81876 0.56982
vn 0.3849 0.70756 0.59264
vn 0.76625 -0.36609 0.52805
vn 0.48621 -0.72316 0.49056
vn 0.09249 0.00468 0.9957
vn 0.47619 0.13567 0.86882
vn 0.12578 -0.96228 0.24123
vn 0.52052 -0.81668 0.24919
vn 0.16596 -0.33983 0.92573
vn 0.58891 -0.40749 0.69795
vn 0.43672 0.49362 0.75208
vn 0.79459 0.22707 0.56308
vn 0.68163 -0.60697 -0.40861
vn 0.2648 -0.65052 -0.71183
vn 0.67649 0.73203 -0.08058
vn 0.88888 0.45783 -0.01702
vn 0.57708 0.21112 -0.78893
vn 0.86759 0.05382 -0.49435
vn 0.88511 0.21208 -0.41424
vn 0.64316 0.31512 0.69788
vn 0.72441 -0.66077 -0.1965
vn 0.70118 0.47257 0.53387
vn 0.47351 -0.04178 -0.8798
vn 0.31449 0.74449 -0.58893
vn 0.58059 0.7097 0.39905
vn 0.57821 -0.58254 0.57124
vn 0.2962 -0.74737 -0.59473
vn -0.73657 0.40021 0.54525
vn -0.58059 0.7097 0.39905
vn -0.89492 0.20316 -0.39729
vn -0.31449 0.74449 -0.58892
vn -0.74418 -0.64895 -0.1583
vn -0.60597 0.3057 0.7344
vn -0.47351 -0.04178 -0.8798
vn -0.54297 -0.58876 0.59879
vn -0.2962 -0.74737 -0.59473
vn -0.52043 0.69673 0.49368
vn -0.69154 -0.57664 0.43505
vn -0.28003 0.3728 0.88465
vn -0.22565 -0.4655 0.8558
vn 0.46964 0.75181 0.46285
vn 0.39705 0.88026 0.25979
vn 0.89666 0.41596 0.1516
vn 0.72194 -0.54511 0.42622
vn 0.38227 0.39834 0.83378
vn 0.27992 -0.47052 0.83681
vn 0.79941 -0.60077 0.00428
vn 0.55314 0.77045 0.31692
vn 0.58585 0.40653 -0.70108
vn -0.55445 0.79623 0.24208
vn 0.43459 0.90053 -0.01287
vn -0.55834 0.76942 0.31025
vn 0.64062 0.67896 -0.35863
vn -0.47159 0.88157 0.021
vn 0.52925 -0.52096 -0.6697
vn 0.58327 -0.49654 -0.64284
vn 0.80089 -0.59877 -0.00702
vn -0.58327 -0.49654 -0.64284
vn -0.80089 -0.59877 -0.00702
vn -0.75783 0.20697 -0.61875
vn -0.70977 0.36768 0.60086
vn 0.70977 0.36768 0.60086
vn 0.75783 0.20697 -0.61875
vn -0.81014 0.33212 0.48309
vn 0.81014 0.33212 0.48309
vn -0.55546 -0.52324 -0.64628
vn -0.63053 0.37453 -0.67982
vn -0.72886 0.58443 -0.35665
vn 0.3753 0.77752 0.50458
vn 0.51204 0.75824 -0.40359
vn 0 0.82665 0.56271
vn 0 -0.99151 0.13002
vn 0.75727 -0.65099 0.05251
vn 0.57259 -0.53139 0.62432
vn 0.77329 -0.48444 -0.40906
vn 0.63061 0.36537 0.68471
vn 0.61803 0.36537 0.69609
vn 0 0.11005 0.99393
vn 0 0.47263 0.88126
vn -0.30381 0.17636 0.93627
vn 0 0.33735 0.94138
vn -0.63061 0.36537 0.68471
vn 0.30381 0.17636 0.93627
vn -0.61803 0.36537 0.69609
vn -0.75727 -0.65099 0.05251
vn -0.57259 -0.53139 0.62432
vn 0 -0.89096 -0.45408
vn 0 -0.7574 -0.65295
vn -0.77329 -0.48444 -0.40906
vn -0.8302 -0.55614 0.0384
vn -0.92427 0.37608 0.0655
vn -0.64974 -0.00995 -0.7601
vn -0.51204 0.75824 -0.40359
vn -0.3753 0.77752 0.50458
vn 0 0.8481 -0.52983
vn 0.64974 -0.00995 -0.7601
vn 0 -0.13981 -0.99018
vn 0 -0.82803 0.56068
vn -0.72412 -0.68014 -0.11427
vn -0.63817 0.29635 -0.71058
vn -0.5154 -0.52435 -0.67781
vn -0.66826 -0.46772 -0.57851
vn -0.98737 0.09031 0.1302
vn -0.96654 0.0183 0.25588
vn -0.48556 0.29683 -0.82227
vn -0.5639 -0.08648 -0.8213
vn -0.98286 -0.11988 0.14005
vn -0.9684 -0.15117 0.19838
vn -0.5413 -0.19614 -0.81764
vn 0.63795 0.2901 -0.71334
vn 0.66826 -0.46772 -0.57851
vn 0.5154 -0.52435 -0.67781
vn -0.51478 0.12059 -0.8488
vn 0.95239 -0.04667 0.30129
vn 0.98737 0.09031 0.1302
vn 0.4687 -0.1294 -0.87383
vn 0.98049 -0.14937 0.1278
vn 0.96824 -0.08468 0.23527
vn 0.57166 -0.18069 -0.80035
vn 0.48556 0.29683 -0.82227
vn 0.5423 0.14596 -0.82741
vn 0 0.19997 0.9798
vn 0 -0.16392 0.98647
vn -0.01119 -0.08701 0.99614
vn -0.00159 -0.15397 0.98807
vn 0.62825 -0.77762 0.02446
vn -0.62825 -0.77762 0.02446
vn -0.97975 0.14661 0.13635
vn 0.98164 0.13109 0.13856
vn 0.9173 0.37214 -0.14165
vn 0.3192 0.14387 -0.9367
vn 0.86886 0.41986 0.26229
vn -0.45217 0.19508 -0.87034
vn -0.29622 0.14594 -0.9439
vn 0.48416 0.2242 -0.84577
vn -0.85335 0.44003 0.2796
vn -0.5188 0.81856 0.24659
vn 0 -0.34763 0.93763
vn -0.90181 0.4053 -0.14989
vn 0.44673 0.68846 -0.57136
vn -0.44673 0.68846 -0.57136
vn 0.5188 0.81856 0.24659
vn -0.80501 0.20362 -0.55722
vn 0.80501 0.20362 -0.55722
vn 0.72059 0.56668 -0.39953
vn 0 0.05505 0.99848
vn -0.88511 0.21208 -0.41424
vn -0.72441 -0.66077 -0.1965
vn -0.64316 0.31512 0.69788
vn -0.70118 0.47257 0.53387
vn -0.31449 0.74449 -0.58892
vn -0.47351 -0.04178 -0.8798
vn -0.58059 0.7097 0.39905
vn -0.57821 -0.58254 0.57124
vn -0.2962 -0.74737 -0.59473
vn 0.73657 0.40021 0.54525
vn 0.89492 0.20316 -0.39729
vn 0.58059 0.7097 0.39905
vn 0.31449 0.74449 -0.58892
vn 0.74418 -0.64895 -0.1583
vn 0.60597 0.3057 0.7344
vn 0.47351 -0.04178 -0.8798
vn 0.54297 -0.58876 0.59879
vn 0.2962 -0.74737 -0.59473
vn -0.72194 -0.54511 0.42622
vn 0.8302 -0.55614 0.0384
vn 0.69154 -0.57664 0.43505
vn -0.79941 -0.60077 0.00428
vn 0.72412 -0.68014 -0.11427
vn -0.52925 -0.52096 -0.6697
vn 0.22565 -0.4655 0.8558
vn -0.27992 -0.47052 0.83681
vn 0.55546 -0.52324 -0.64628
vn 0.63053 0.37453 -0.67982
vn 0.47159 0.88157 0.021
vn 0.55834 0.76942 0.31025
vn 0.72886 0.58443 -0.35665
vn 0.55445 0.79623 0.24208
vn 0.92427 0.37608 0.0655
vn 0.52043 0.69673 0.49368
vn -0.43459 0.90054 -0.01287
vn -0.64062 0.67896 -0.35863
vn -0.58585 0.40653 -0.70108
vn -0.58327 -0.49654 -0.64284
vn 0.58327 -0.49654 -0.64284
vn -0.80089 -0.59877 -0.00702
vn 0.80089 -0.59877 -0.00702
vn 0.75783 0.20697 -0.61875
vn 0.70977 0.36768 0.60086
vn -0.70977 0.36768 0.60086
vn -0.75783 0.20697 -0.61875
vn 0.81014 0.33212 0.48309
vn -0.81014 0.33212 0.48309
vn -0.39705 0.88026 0.25979
vn -0.55315 0.77045 0.31692
vn -0.3753 0.77752 0.50458
vn 0 0.82665 0.56271
vn -0.51204 0.75824 -0.40359
vn -0.57259 -0.53139 0.62432
vn -0.75727 -0.65099 0.05251
vn -0.77329 -0.48444 -0.40906
vn -0.63061 0.36537 0.68471
vn -0.61803 0.36537 0.69609
vn 0 0.11005 0.99393
vn 0.30381 0.17636 0.93627
vn 0 0.47263 0.88126
vn 0.63061 0.36537 0.68471
vn 0 0.33735 0.94138
vn -0.30381 0.17636 0.93627
vn 0.57259 -0.53139 0.62432
vn 0.75727 -0.65099 0.05251
vn 0 -0.7574 -0.65295
vn 0.77329 -0.48444 -0.40906
vn -0.89666 0.41596 0.1516
vn 0.64974 -0.00995 -0.7601
vn 0.51204 0.75824 -0.40359
vn 0.3753 0.77752 0.50458
vn 0 0.8481 -0.52983
vn -0.64974 -0.00995 -0.7601
vn 0 -0.13981 -0.99018
vn 0 -0.82803 0.56068
vn 0.28003 0.3728 0.88465
vn -0.38227 0.39834 0.83378
vn -0.46964 0.75181 0.46285
vn -0.43741 0.88034 0.18348
vn 0.43744 0.88033 0.18348
vn 0.32009 -0.1934 0.92744
vn -0.35771 0.15212 0.92136
vn -0.37811 -0.73378 0.56444
vn 0.72677 -0.68393 -0.06359
vn 0.82035 -0.55508 0.13751
vn 0.29462 -0.32697 -0.89794
vn 0.58527 -0.75085 -0.3061
vn 0.4458 -0.13474 -0.88493
vn -0.94944 0.19561 0.24556
vn -0.92775 0.27051 0.25709
vn -0.7288 -0.54354 -0.41642
vn 0.61875 0.57684 -0.5333
vn 0.44037 0.38929 -0.80903
vn -0.26009 0.93745 -0.2314
vn -0.55797 -0.15327 -0.81558
vn -0.3875 -0.07237 -0.91902
vn 0.17074 0.37867 0.90965
vn -0.25336 0.81207 0.5257
vn 0.69625 -0.42254 -0.58026
vn 0.79829 -0.39828 -0.45179
vn 0.06513 -0.86389 -0.49946
vn 0.34295 0.82391 0.45117
vn -0.28493 0.43356 -0.85489
vn 0.58273 -0.50541 -0.63638
vn 0.18641 -0.98022 0.06655
vn -0.44771 -0.87264 0.19509
vn 0.88796 0.45534 -0.06481
vn -0.95656 0.28152 0.07575
vn -0.66268 -0.43313 -0.61094
vn 0.24244 -0.83489 0.49416
vn 0.73092 0.01267 0.68234
vn -0.00513 -0.99821 0.05959
vn 0.05899 -0.65487 -0.75344
vn -0.71709 -0.657 0.23267
vn -0.74456 -0.61323 -0.26378
vn 0.89043 0.11276 0.44093
vn 0.83344 0.52497 -0.1726
vn -0.32009 -0.1934 0.92744
vn 0.37811 -0.73377 0.56446
vn 0.35764 0.15212 0.92139
vn -0.29463 -0.32698 -0.89793
vn -0.82035 -0.55508 0.13751
vn -0.72672 -0.68397 -0.06369
vn -0.4458 -0.13474 -0.88493
vn -0.58527 -0.75085 -0.3061
vn 0.72884 -0.54351 -0.41641
vn 0.92775 0.27053 0.25709
vn 0.94943 0.19561 0.24559
vn -0.61875 0.57684 -0.5333
vn 0.26009 0.93745 -0.2314
vn -0.44037 0.38929 -0.80903
vn 0.74457 -0.61322 -0.26377
vn 0.38747 -0.07237 -0.91904
vn -0.17074 0.37867 0.90965
vn 0.25336 0.81207 0.52569
vn -0.06514 -0.86388 -0.49946
vn -0.79829 -0.39828 -0.45179
vn -0.69624 -0.42256 -0.58025
vn -0.34295 0.82391 0.45117
vn 0.28493 0.43356 -0.85489
vn -0.58274 -0.50541 -0.63638
vn 0.66268 -0.43313 -0.61094
vn 0.44771 -0.87264 0.19509
vn -0.88796 0.45534 -0.06481
vn 0.95656 0.28151 0.07575
vn -0.24244 -0.83489 0.49416
vn -0.73097 0.0126 0.68229
vn -0.18641 -0.98022 0.06654
vn 0.71709 -0.657 0.23266
vn 0.55794 -0.15328 -0.81561
vn -0.05898 -0.65486 -0.75345
vn 0.00515 -0.99821 0.05961
vn 0.92229 -0.36254 -0.13398
vn -0.92229 -0.36254 -0.13398
vn 0 0.52684 0.84996
vn -0.90154 -0.42042 -0.10237
vn -0.52909 0.44624 0.72176
vn -0.98248 -0.14008 -0.12296
vn 0.93598 0.34131 0.08632
vn 0.52909 0.44624 0.72176
vn 0 -0.99786 -0.0654
vn 0.90154 -0.42042 -0.10237
vn -0.93598 0.34131 0.08632
vn 0.98248 -0.14008 -0.12296
vn -0.68474 0.7176 0.1272
vn -0.66735 0.58389 0.4623
vn 0.56773 0.16763 0.80597
vn -0.23141 -0.31148 0.92165
vn -0.39379 0.06723 0.91674
vn -0.50782 -0.5454 0.66683
vn -0.9228 -0.02739 0.3843
vn 0.32291 -0.31733 0.89165
vn 0.68474 0.71761 0.12719
vn 0.66735 0.58389 0.4623
vn -0.23778 -0.04411 0.97032
vn -0.16156 0.46818 0.86874
vn -0.72972 0.15433 0.6661
vn -0.32525 0.75212 0.57317
vn -0.17845 0.98025 -0.08522
vn 0.2314 -0.31148 0.92165
vn 0.39379 0.06723 0.91674
vn 0.23826 -0.04408 0.9702
vn 0.72972 0.15433 0.6661
vn 0.16156 0.46818 0.86874
vn 0.32525 0.75212 0.57317
vn 0.17845 0.98025 -0.08521
vn 0.76852 0.03798 0.6387
vn -0.76852 0.03798 0.6387
vn -0.76452 -0.23431 0.6005
vn 0.76452 -0.23431 0.6005
vn -0 0.4765 -0.87917
vn -0.64176 -0.02984 -0.76632
vn -0.60412 0.724 0.33296
vn 0.64176 -0.02984 -0.76632
vn 0.60412 0.724 0.33296
vn -0.72059 0.56668 -0.39952
vn 1E-05 0.6996 0.71453
vn 0.63817 0.29635 -0.71058
vn 0.66826 -0.46772 -0.57851
vn 0.5154 -0.52435 -0.67781
vn 0.98737 0.09031 0.1302
vn 0.96654 0.0183 0.25588
vn 0.48556 0.29683 -0.82227
vn 0.5639 -0.08648 -0.8213
vn 0.98286 -0.11988 0.14005
vn 0.9684 -0.15117 0.19838
vn 0.5413 -0.19614 -0.81764
vn -0.63795 0.2901 -0.71334
vn -0.5154 -0.52435 -0.67781
vn 0.51478 0.12059 -0.8488
vn -0.95239 -0.04666 0.30128
vn -0.98737 0.09031 0.1302
vn -0.46871 -0.1294 -0.87382
vn -0.98049 -0.14937 0.1278
vn -0.96823 -0.08468 0.23527
vn -0.57166 -0.18069 -0.80035
vn -0.48556 0.29683 -0.82227
vn -0.5423 0.14596 -0.82741
vn 0 -0.16392 0.98647
vn 0.01119 -0.08701 0.99614
vn 0.00159 -0.15397 0.98807
vn -0.62825 -0.77762 0.02446
vn 0.97975 0.14661 0.13635
vn -0.98164 0.13109 0.13856
vn -0.9173 0.37214 -0.14165
vn -0.3192 0.14387 -0.9367
vn -0.86886 0.41986 0.26229
vn 0.45216 0.19508 -0.87034
vn 0.29622 0.14594 -0.94391
vn -0.48416 0.2242 -0.84577
vn 0.85335 0.44003 0.2796
vn 0.5188 0.81856 0.24659
vn -0 -0.34763 0.93763
vn 0.90181 0.4053 -0.14989
vn -0.44673 0.68846 -0.57136
vn 0.44673 0.68846 -0.57136
vn -0.51881 0.81856 0.24659
vn 0.80501 0.20362 -0.55722
vn -0.80501 0.20362 -0.55722
vn -1E-05 0.05505 0.99848
vn -0.72059 0.56668 -0.39952
vn -0.43741 0.88034 0.18348
vn 0.43744 0.88033 0.18348
vn 0.72059 0.56668 -0.39953
vn 5E-05 0.6996 0.71453
vn -0.7735 -0.07393 0.62947
vn -0.614 -0.30704 0.72714
vn -0.86858 -0.31023 -0.38643
vn -0.45518 -0.45208 0.7671
vn 0.62536 -0.78023 0.01283
vn 0.44225 -0.4485 0.7767
vn -0.6242 -0.78126 0.00379
vn 0.00311 -0.47587 -0.87951
vn 0.75546 -0.05509 0.65287
vn 0.96788 -0.06484 -0.24293
vn 0.95746 0.05356 -0.28357
vn 0.01748 -0.05941 -0.99808
vn 0.0662 -0.00503 -0.99779
vn -0.00025 -0.01315 0.99991
vn 0.01335 0.00605 0.99989
vn -0.95337 -0.08635 -0.28917
vn -0.96881 -0.1377 -0.20602
vn 0.00694 -0.10344 -0.99461
vn 0.00049 -0.1182 0.99299
vn -0.76458 -0.11247 0.63464
vn 0.97438 -0.13955 -0.17636
vn 0.7451 -0.10423 0.65876
vn 0.72271 -0.04826 0.68947
vn -0.95631 0.01368 -0.29204
vn 0.01186 0.90358 0.42826
vn -0.2959 0.54443 0.78488
vn -0.82455 -0.00475 0.56576
vn -0.13389 0.83194 0.53847
vn 0.77097 0.57248 0.27907
vn 0.34727 0.88329 -0.31496
vn -0.27337 0.34246 0.89888
vn -0.04029 0.68853 -0.72409
vn 0.91122 0.05544 0.40817
vn -0.69968 0.44473 -0.55916
vn -0.06906 0.94499 -0.31974
vn 0.4446 0.71524 -0.53922
vn -0.59389 0.30383 -0.74497
vn -0.81741 0.53585 0.21144
vn -0.21985 0.48069 0.84888
vn -0.9156 0.38851 0.10357
vn -0.92452 0.37671 -0.05794
vn -0.91384 0.40573 0.01682
vn -0.3585 0.55713 -0.74906
vn 0.5406 0.79443 0.27682
vn -0.85248 0.17644 -0.49208
vn -0.49644 0.4999 0.70968
vn 0.17871 0.25942 0.94909
vn 0.7238 0.68356 0.0941
vn -0.21862 -0.6811 -0.69879
vn 0.7326 -0.18496 -0.65505
vn 0.95866 -0.27512 0.07267
vn -0.93197 -0.33224 0.1451
vn -0.18174 -0.53227 0.82684
vn 0.13457 0.30624 -0.9424
vn 0.70134 -0.1614 0.69431
vn -0.44384 0.52615 -0.72538
vn -0.07309 -0.98706 0.1427
vn -0.29388 0.95139 0.0921
vn -0.76852 0.03798 0.6387
vn 0.76452 -0.23431 0.6005
vn -0.76452 -0.23431 0.6005
vn 0 0.4765 -0.87917
vn 0.64176 -0.02984 -0.76632
vn 0.60412 0.724 0.33296
vn -0.64176 -0.02984 -0.76632
vn -0.60412 0.724 0.33296
vn 0.7735 -0.07393 0.62947
vn 0.86858 -0.31023 -0.38643
vn 0.614 -0.30704 0.72714
vn 0.45518 -0.45208 0.7671
vn -0.44225 -0.4485 0.7767
vn -0.62536 -0.78023 0.01283
vn 0.6242 -0.78126 0.00379
vn -0.00311 -0.47587 -0.87951
vn -0.75546 -0.05509 0.65287
vn -0.95746 0.05356 -0.28357
vn -0.96788 -0.06484 -0.24293
vn -0.01748 -0.05941 -0.99808
vn -0.0662 -0.00503 -0.99779
vn -0.01335 0.00605 0.99989
vn 0.00025 -0.01315 0.99991
vn 0.95338 -0.08635 -0.28917
vn 0.96881 -0.1377 -0.20602
vn -0.00694 -0.10344 -0.99461
vn -0.00049 -0.1182 0.99299
vn 0.76458 -0.11247 0.63464
vn -0.97438 -0.13955 -0.17636
vn -0.7451 -0.10423 0.65875
vn -0.72271 -0.04826 0.68947
vn 0.95631 0.01369 -0.29203
vn 0.2959 0.54443 0.78488
vn -0.01188 0.90357 0.42827
vn 0.82455 -0.00475 0.56576
vn 0.13387 0.83194 0.53847
vn -0.34727 0.88329 -0.31496
vn -0.77098 0.57247 0.27906
vn 0.27337 0.34246 0.89888
vn 0.04029 0.68853 -0.72409
vn -0.91122 0.05544 0.40817
vn 0.06906 0.94499 -0.31973
vn 0.69968 0.44473 -0.55916
vn -0.44461 0.71524 -0.53921
vn 0.5939 0.30383 -0.74497
vn 0.81741 0.53585 0.21144
vn 0.91561 0.38851 0.10357
vn 0.21985 0.48069 0.84888
vn 0.92451 0.37673 -0.05792
vn 0.91384 0.40573 0.01682
vn 0.3585 0.55713 -0.74906
vn -0.5406 0.79443 0.27682
vn 0.85248 0.17644 -0.49208
vn -0.7238 0.68356 0.0941
vn -0.17871 0.25943 0.94908
vn 0.49644 0.4999 0.70968
vn -0.95866 -0.27512 0.07267
vn -0.73259 -0.18496 -0.65505
vn 0.21862 -0.6811 -0.69879
vn 0.93197 -0.33224 0.1451
vn 0.18174 -0.53226 0.82684
vn -0.13457 0.30624 -0.94239
vn -0.70134 -0.1614 0.69432
vn 0.44385 0.52615 -0.72538
vn 0.0731 -0.98706 0.1427
vn 0.29388 0.9514 0.0921
vn -0.56416 0.22079 -0.79559
vn -0.90758 0.40055 0.12596
vn -0.6359 0.69391 0.33782
vn -0.91747 0.01199 0.39762
vn 0 0.63082 0.77593
vn -0.60974 0.37737 0.69701
vn 0 0.38788 -0.92171
vn 0 0.77292 -0.6345
vn -0.8137 0.18476 -0.55114
vn -1E-05 -0.78366 0.6212
vn -0.67493 0.1907 0.71282
vn -0.87143 -0.25533 0.41882
vn 0 -0.02745 -0.99962
vn 0 0.31089 -0.95045
vn -0.91534 0.40241 0.015
vn -0.65523 0.13783 -0.74275
vn -0.71316 -0.02281 -0.70063
vn -0.97829 -0.11744 -0.17077
vn -0.85409 -0.48955 -0.17571
vn -0.8902 0.41646 0.18466
vn -0.88947 -0.42216 -0.17501
vn -0.76676 -0.63512 0.09326
vn -0.59936 -0.05628 -0.7985
vn -0.62257 -0.63707 -0.45446
vn -0.6107 -0.77059 -0.18231
vn 0 -0.94269 0.33366
vn 0 -0.79042 0.61257
vn -0.65772 0.25355 0.7093
vn -0.60981 -0.42912 -0.66633
vn -0.64944 -0.19555 -0.73484
vn 0 -0.07271 -0.99735
vn -0.73385 0.10429 -0.67126
vn -0.94689 -0.30351 -0.10618
vn 0 -0.16759 0.98586
vn 0 0.20563 0.97863
vn 0 0.06105 -0.99813
vn -0.86875 -0.46203 0.17832
vn 0 0.62902 -0.77739
vn 0 -0.10916 -0.99402
vn 0 0.0707 -0.9975
vn -0.66468 -0.74673 0.0243
vn -0.55299 -0.67627 0.48669
vn -0.73809 -0.0559 0.67238
vn 0 0.70441 -0.70979
vn -0.84232 0.20622 0.49797
vn 0 -0.49968 0.86621
vn -0.15289 0.13027 0.97962
vn -0.8081 0.14402 -0.57117
vn 0 0.07071 -0.9975
vn -0.73379 0.1043 -0.67132
vn -0.81963 0.39754 -0.41251
vn 2E-05 -0.32768 -0.94479
vn 0 -0.79462 0.60711
vn -0.46883 -0.86246 0.19072
vn -0.64975 -0.74314 0.15991
vn 0 -0.97765 0.21024
vn 0 -0.82626 0.56329
vn 0 -0.99789 0.06499
vn 0 -0.76329 -0.64606
vn -0.53043 -0.65988 -0.53217
vn -0.881 -0.16689 0.44271
vn 0 -0.45947 -0.88819
vn -0.38362 -0.30517 0.87161
vn 0 -0.33647 0.9417
vn 0 -0.89467 0.44673
vn -0.3416 -0.82347 0.453
vn -0.22015 -0.97338 0.06375
vn 0 -0.99781 0.06622
vn 0 -0.99939 0.03493
vn -4E-05 0.83561 0.54932
vn -0.64083 -0.5628 -0.5221
vn -0.2575 0.6984 0.66778
vn 0 -0.24143 0.97042
vn -0.44156 -0.71419 -0.5431
vn 0 -0.64398 0.76504
vn -0.24113 -0.87027 -0.42953
vn 0 0.66141 0.75002
vn -0.68785 0.15394 0.70934
vn -0.97301 -0.21742 0.07731
vn -0.93597 -0.05187 -0.34824
vn -0.70441 -0.5357 -0.46566
vn -0.78468 -0.54897 -0.28793
vn -0.77207 0.23125 -0.59198
vn -1E-05 0.07074 -0.99749
vn -0.75146 -0.51851 -0.40798
vn -0.90854 0.22493 -0.35208
vn -0.96553 0.06428 0.25222
vn -0.80423 -0.54948 0.22647
vn -0.87668 -0.11641 -0.46678
vn -0.86244 -0.134 0.4881
vn -0.87354 -0.24659 0.41966
vn -0.6862 -0.72432 0.06699
vn -0.90991 -0.07172 0.40856
vn -0.84517 0.51936 0.12628
vn -0.72157 0.04208 0.69106
vn -0.84664 0.42698 -0.31762
vn 0.70676 -0.56576 0.42474
vn 0.28298 -0.767 0.57588
vn 0.66816 0.41794 -0.61554
vn 0.97614 -0.0259 0.21558
vn 0.56416 0.22079 -0.79559
vn 0.6359 0.69391 0.33782
vn 0.90758 0.40055 0.12596
vn 0.91747 0.01199 0.39762
vn 0.60974 0.37735 0.69701
vn 0.8137 0.18476 -0.55114
vn 0.87141 -0.25533 0.41887
vn 0.67494 0.19076 0.71279
vn 0.91534 0.40241 0.01501
vn 0.71316 -0.02281 -0.70063
vn 0.65523 0.13783 -0.74275
vn 0.97829 -0.11744 -0.17077
vn 0.85409 -0.48955 -0.1757
vn 0.8902 0.41646 0.18466
vn 0.76676 -0.63512 0.09325
vn 0.88947 -0.42216 -0.17501
vn 0.59936 -0.05628 -0.7985
vn 0.62258 -0.63707 -0.45446
vn 0.6107 -0.77059 -0.18231
vn 0.65772 0.25356 0.70931
vn 0.60981 -0.42912 -0.66633
vn 0.64944 -0.19555 -0.73484
vn 0.73385 0.10429 -0.67126
vn 0.94689 -0.30351 -0.10618
vn 0.86875 -0.46203 0.17831
vn 0.66468 -0.74673 0.0243
vn 0.73809 -0.0559 0.67238
vn 0.55299 -0.67627 0.48669
vn 0.84232 0.20622 0.49797
vn 0.1529 0.13026 0.97962
vn 0.8081 0.14402 -0.57117
vn 0.73379 0.1043 -0.67132
vn 0.81962 0.39755 -0.41253
vn 0.46883 -0.86246 0.19072
vn 0.64975 -0.74314 0.15991
vn 0.53043 -0.65988 -0.53217
vn 0.881 -0.16688 0.44271
vn 0.38362 -0.30517 0.87161
vn 0.3416 -0.82347 0.453
vn 0.22015 -0.97338 0.06375
vn 0.2575 0.6984 0.66778
vn 0.64083 -0.5628 -0.5221
vn 0.44152 -0.71419 -0.54312
vn 0.24109 -0.87028 -0.42952
vn 0.68785 0.15394 0.70934
vn 0.93597 -0.05187 -0.34824
vn 0.97301 -0.21742 0.07731
vn 0.70441 -0.5357 -0.46566
vn 0.78468 -0.54897 -0.28792
vn 0.77207 0.23125 -0.59197
vn 1E-05 0.07074 -0.99749
vn 0.75147 -0.51851 -0.40798
vn 0.90854 0.22493 -0.35208
vn 0.96553 0.06428 0.25223
vn 0.80423 -0.54949 0.22645
vn 0.87668 -0.11641 -0.46677
vn 0.87355 -0.2466 0.41965
vn 0.86244 -0.134 0.4881
vn 0.6862 -0.72432 0.06699
vn 0.90991 -0.07173 0.40856
vn 0.84519 0.51933 0.12626
vn 0.72161 0.04203 0.69103
vn 0.84664 0.42698 -0.31762
vn -0.55933 0.49736 -0.66316
vn 0.55931 0.49737 -0.66317
vn 0.41821 0.90591 -0.06652
vn -0.09222 0.99534 -0.02822
vn -0.80292 0.46913 -0.36773
vn -0.4182 0.90591 -0.06651
vn 0.8029 0.46916 -0.36774
vn -0.27639 -0.0732 0.95825
vn -0.57147 0.36712 0.73392
vn 0.63359 0.72567 0.26828
vn 0.71517 0.69832 -0.02979
vn -0.92327 0.38085 0.05037
vn -0.71516 0.69833 -0.02979
vn 0.27639 -0.07323 0.95825
vn 0 0.2017 0.97945
vn 0.57147 0.36712 0.73392
vn 0.92327 0.38085 0.05036
vn 0.66085 -0.73643 0.14476
vn 0.57867 -0.63972 0.50586
vn 0.63147 -0.75347 0.18314
vn 0 -0.46795 0.88375
vn -0.57867 -0.63972 0.50586
vn -0.63147 -0.75347 0.18314
vn 0 -0.81968 0.57282
vn 0 -0.96303 0.26939
vn -0.73019 0.52168 -0.44122
vn -0.74477 -0.31365 -0.58902
vn -0.01872 -0.52874 -0.84857
vn -0.63366 0.7256 0.26831
vn -0.69735 0.53001 0.48248
vn -0.55727 0.81435 -0.16209
vn 0.5364 0.82837 -0.16152
vn 0.00619 -0.4355 -0.90017
vn -0.05813 0.43417 -0.89896
vn 0.07345 -0.55414 -0.82918
vn 0.41588 0.42311 -0.80499
vn -0.22411 0.69657 -0.68159
vn 0.85365 0.14936 -0.49897
vn 0.44692 -0.47021 -0.76103
vn 0.47423 -0.502 -0.72326
vn 0.4553 0.53465 -0.71193
vn -0.37738 0.73621 -0.56176
vn -0.71607 0.17895 -0.6747
vn -0.69363 -0.18818 -0.69532
vn -0.50389 0.55341 -0.6632
vn -0.43238 -0.59843 -0.67448
vn -0.28555 -0.75927 -0.58478
vn -0.78162 -0.45477 -0.4269
vn -0.81252 0.39041 -0.43289
vn 0.74477 -0.31365 -0.58901
vn 0.01873 -0.52874 -0.84857
vn 0.73019 0.52168 -0.44122
vn 0.05814 0.43417 -0.89895
vn -0.07345 -0.55414 -0.82918
vn 0.22411 0.69657 -0.68159
vn -0.85365 0.14937 -0.49897
vn -0.41588 0.42311 -0.80499
vn -0.47423 -0.502 -0.72326
vn -0.00619 -0.4355 -0.90017
vn 0.50389 0.55341 -0.6632
vn 0.37738 0.73621 -0.56176
vn -0.44692 -0.47021 -0.76103
vn 0.69363 -0.18818 -0.69532
vn 0.71607 0.17895 -0.6747
vn -0.4553 0.53465 -0.71193
vn 0.28555 -0.75927 -0.58478
vn 0.81252 0.39041 -0.43289
vn 0.78162 -0.45477 -0.4269
vn 0.43238 -0.59843 -0.67448
vn -0.71071 -0.20683 -0.67239
vn 0 -0.1573 -0.98755
vn 0 -0.87979 -0.47536
vn 0.97503 -0.20589 -0.08323
vn 0.72083 -0.57391 -0.38863
vn 0.3807 -0.73346 -0.56312
vn 0.80768 -0.31035 -0.50133
vn 0.22196 -0.72028 -0.65721
vn 0.71071 -0.20683 -0.67239
vn -0.97503 -0.20589 -0.08323
vn -0.80768 -0.31035 -0.50133
vn -0.38071 -0.73346 -0.56312
vn -0.78749 0.58721 -0.18722
vn 0.78749 0.58721 -0.18721
vn -0.72083 -0.5739 -0.38864
vn -0.41369 0.87131 -0.26396
vn 0.41373 0.87131 -0.26392
vn 3E-05 0.90317 -0.42929
vn -0.22196 -0.72028 -0.65721
vn 0.09223 0.99534 -0.02821
vn 0.69727 0.52997 0.48265
vn -0.69734 0.52999 0.48252
vn -0.78416 0.5728 0.23875
vn 0.69729 0.52993 0.48266
vn 0.78419 0.57276 0.23874
vn -0.04855 0.11435 0.99225
vn -0.81142 0.1189 0.57225
vn -0.55786 -0.24432 0.79316
vn -0.93796 -0.24807 0.24227
vn -0.92204 -0.38634 -0.0242
vn -0.08852 0.82888 0.55238
vn -0.07683 0.85422 -0.51421
vn -0.83024 0.53278 0.16386
vn -0.78433 0.5258 -0.32918
vn -0.7781 0.0826 -0.62268
vn -0.04558 0.13386 -0.98995
vn -0.4823 -0.19647 -0.85369
vn -0.90497 -0.24454 -0.34819
vn -0.91078 -0.41286 0.00409
vn 0.52814 -0.21619 -0.82117
vn -0.52231 -0.03735 -0.85193
vn 0.57444 -0.08729 -0.81388
vn 0.6062 -0.15662 0.77974
vn 0.51942 -0.2078 0.82887
vn 0.98923 -0.1249 -0.07628
vn 0.39891 0.5394 -0.74156
vn 0.48786 0.70812 0.51045
vn 0.59884 -0.45857 -0.65658
vn 0.69611 -0.46306 0.54864
vn -0.98707 -0.07236 -0.14305
vn -0.61074 -0.16853 0.77369
vn -0.97967 -0.1885 -0.0687
vn -0.4411 -0.4748 0.76158
vn -0.48093 -0.32224 -0.81539
vn -0.88359 -0.46722 0.03121
vn 0.56176 -0.4411 0.6999
vn 0.93406 -0.35562 -0.03262
vn 0.52297 -0.31678 -0.7913
vn 0.0212 -0.99468 -0.10082
vn 0.71915 -0.56367 -0.40634
vn -0.1444 -0.8989 0.41366
vn 0.97642 0.05664 -0.20831
vn -0.01898 -0.964 -0.26522
vn -0.8898 0.0476 -0.45385
vn -0.73928 0.08122 0.66849
vn -0.8559 -0.19529 -0.47885
vn 0.22489 -0.02566 -0.97405
vn -0.70988 -0.13705 0.69086
vn -0.8414 -0.06391 -0.53663
vn 0.23034 -0.04991 -0.97183
vn -0.83443 -0.03186 -0.5502
vn -0.65317 0.00747 0.75717
vn 0.43355 0.02809 0.90069
vn 0.49204 0.01851 0.87038
vn -0.67225 -0.00199 0.74032
vn 0.19084 0.55534 0.80943
vn 0.96308 0.26903 0.01031
vn 0.1503 0.67341 0.72383
vn -0.9785 -0.20564 -0.0159
vn -0.3928 -0.06725 -0.91716
vn -0.8388 -0.26774 -0.47405
vn 0.94347 0.30664 -0.12583
vn 0.1093 0.75538 0.6461
vn -0.60827 0.39747 0.68704
vn -0.67778 0.39826 0.61806
vn -0.58618 0.26089 0.76702
vn -0.942 -0.00401 0.3356
vn -0.93825 0.0899 0.33407
vn -0.69286 -0.65315 -0.30551
vn -0.49255 -0.72787 -0.47708
vn -0.84121 -0.29302 0.45444
vn -0.34703 -0.64919 0.67685
vn -0.29892 -0.9441 -0.13902
vn 0.28365 -0.05772 0.95719
vn 0.96289 -0.00092 0.26989
vn -0.75124 -0.53813 -0.38217
vn -0.6779 -0.25111 0.69094
vn -0.7278 -0.11419 0.67622
vn -0.68034 -0.68999 0.24708
vn -0.10331 -0.38164 0.91852
vn -0.6155 -0.41919 0.66742
vn -0.13806 -0.09906 0.98546
vn 0.98879 0.02759 -0.14677
vn 0.21066 0.00227 -0.97756
vn 0.98353 -0.09738 -0.1523
vn 0.56054 -0.02994 0.82758
vn 0.4957 -0.03817 0.86766
vn 0.51754 -0.39372 -0.75969
vn 0.23048 -0.96685 -0.10995
vn -0.51031 -0.74525 0.42917
vn -0.57446 -0.71372 -0.40075
vn -0.85405 -0.519 0.03525
vn -0.95564 -0.26287 0.13284
vn -0.9643 -0.2645 0.01315
vn -0.17306 0.10629 0.97916
vn -0.19353 0.04358 0.98013
vn 0.32492 -0.55288 -0.7673
vn -0.18616 0.14295 0.97206
vn -0.84629 -0.50384 0.17301
vn -0.87324 -0.24638 -0.42041
vn -0.97521 -0.18071 0.12772
vn -0.97448 -0.14984 -0.16714
vn -0.66793 -0.1519 0.72856
vn -0.41594 -0.24769 0.87501
vn 0.48372 0.01415 0.87511
vn -0.91376 -0.18985 0.35916
vn -0.69186 -0.138 0.70872
vn 0.99519 -0.00525 -0.09778
vn 0.23938 -0.22608 -0.94424
vn 0.99493 -0.02867 -0.0964
vn 0.42745 0.19967 0.88172
vn 0.38468 0.22096 0.89621
vn 0.27678 -0.24867 -0.9282
vn -0.96902 -0.16607 -0.18284
vn -0.41698 -0.02895 -0.90846
vn -0.86966 -0.17162 -0.46287
vn 0.70556 -0.70853 -0.01302
vn -0.78072 -0.40504 -0.47583
vn -0.74807 -0.50473 -0.43086
vn 0.45533 0.73059 0.50884
vn 0.95437 0.2599 -0.14708
vn 0.98959 0.11515 -0.08637
vn 0.36675 0.7025 0.60991
vn 0.08118 0.55248 0.82956
vn 0.6477 0.53451 0.54293
vn 0.85282 -0.22883 -0.4694
vn 0.18862 -0.36306 -0.91248
vn 0.9595 -0.19566 -0.20266
vn 0.2477 -0.32059 -0.91426
vn 0.99345 -0.0616 0.09626
vn 0.93526 -0.34336 -0.08596
vn 0.94467 0.09011 0.31541
vn 0.70294 0.5256 0.47918
vn -0.2051 0.62602 0.75235
vn 0.05925 0.30032 0.952
vn -0.76472 -0.19643 0.6137
vn -0.27853 -0.17022 0.94522
vn -0.94188 -0.25774 0.21548
vn -0.63642 -0.36026 0.68204
vn -0.26463 -0.7214 -0.63996
vn -0.82266 -0.5674 0.0359
vn -0.52695 -0.46114 -0.71391
vn -0.29987 -0.52704 -0.79518
vn -0.71832 -0.6811 -0.1418
vn -0.35395 -0.22549 -0.90767
vn -0.33892 -0.18141 0.92316
vn -0.71576 -0.39119 0.5785
vn -0.13827 -0.31073 0.94039
vn -0.83174 -0.14869 0.53489
vn -0.01581 -0.21001 0.97757
vn 0.06371 -0.11953 0.99078
vn -0.99566 -0.0929 -0.00588
vn -0.90052 -0.0232 -0.43419
vn -0.96978 -0.12183 0.21139
vn -0.65957 -0.37008 0.65423
vn -0.95809 -0.03037 -0.28484
vn -0.11498 -0.107 0.98759
vn -0.07306 -0.14601 0.98658
vn -0.1295 -0.27353 0.95311
vn -0.78826 -0.55415 0.26752
vn -0.64349 -0.17833 0.74439
vn -0.91616 -0.23052 0.32788
vn 0.24187 0.013 -0.97022
vn 0.99527 0.01739 -0.0956
vn 0.20741 -0.15549 -0.96582
vn -0.75441 -0.59006 0.28755
vn 0.9654 -0.20979 -0.1549
vn 0.1022 -0.48945 -0.86602
vn 0.5403 -0.17136 0.82384
vn 0.77764 -0.61609 -0.12538
vn 0.47938 -0.0105 0.87754
vn 0.29276 -0.4581 0.83931
vn 0.44667 -0.89299 -0.05526
vn -0.43223 -0.80184 -0.41259
vn -0.36252 -0.81395 0.45394
vn -0.83996 -0.23415 -0.48954
vn -0.80129 -0.34152 -0.49123
vn -0.83862 -0.14288 -0.52565
vn -0.72979 0.00469 0.68366
vn -0.78809 0.18017 0.5886
vn -0.87082 -0.07409 -0.48599
vn -0.78945 -0.15296 -0.59446
vn -0.70006 0.17966 0.69112
vn -0.74896 0.12896 0.64995
vn -0.80181 -0.35496 -0.48073
vn -0.38437 -0.37259 -0.84465
vn -0.82475 -0.54293 -0.15816
vn -0.38809 -0.08473 -0.91772
vn -0.98354 -0.11569 0.1388
vn -0.63419 -0.11804 0.76411
vn -0.80557 -0.15336 -0.57231
vn -0.9834 -0.158 0.0892
vn -0.60805 -0.1835 0.7724
vn 0.44421 -0.09266 0.89112
vn 0.37635 -0.47384 0.79613
vn -0.38517 -0.78116 0.49136
vn -0.4588 -0.829 -0.31978
vn -0.76297 -0.2429 -0.59906
vn 0.17802 -0.54403 -0.81996
vn 0.20295 -0.143 -0.96869
vn -0.65877 -0.39627 0.63953
vn -0.89341 -0.4486 -0.02397
vn -0.97596 -0.18203 -0.11989
vn -0.16345 -0.03321 0.98599
vn 0.99399 -0.10848 -0.01457
vn 0.35013 -0.27135 -0.89654
vn -0.64402 -0.31474 0.69726
vn -0.83422 -0.49979 0.23298
vn 0.341 -0.92091 0.18879
vn -0.37881 -0.70389 0.60087
vn -0.45025 -0.8757 -0.17443
vn -0.72703 0.0261 0.6861
vn 0.90596 0.37624 0.19409
vn 0.41689 0.8099 0.41264
vn 0.75461 -0.63216 0.17589
vn -0.84322 0.05648 -0.5346
vn 0.33798 0.02659 -0.94078
vn -0.89155 -0.02842 -0.45204
vn -0.66469 -0.06292 0.74446
vn -0.84098 -0.17758 -0.5111
vn 0.14644 0.07001 -0.98674
vn -0.65731 -0.07328 0.75005
vn 0.64462 -0.07422 0.76089
vn 0.38594 -0.92243 -0.01288
vn 0.77713 -0.62584 0.06628
vn 0.1703 -0.70467 -0.68879
vn 0.98722 -0.15649 -0.03008
vn 0.39127 0.09561 0.91529
vn 0.29912 -0.33718 0.89266
vn 0.28163 -0.33942 -0.89749
vn -0.93514 -0.11341 0.33564
vn -0.73172 -0.48123 -0.48271
vn -0.97161 -0.22552 0.0715
vn -0.48513 -0.22111 -0.84603
vn -0.63044 -0.42773 0.64776
vn -0.75201 -0.17443 0.63565
vn -0.18044 0.00397 0.98358
vn -0.76984 -0.48826 0.41104
vn -0.40592 -0.13224 -0.90429
vn -0.64889 -0.02016 0.76062
vn -0.98445 -0.12822 0.12009
vn -0.65651 0.05928 0.75199
vn -0.99044 -0.08319 0.11008
vn -0.73905 -0.30453 -0.60089
vn -0.76317 -0.33888 -0.55021
vn -0.7358 -0.0065 0.67717
vn -0.82679 -0.00792 -0.56245
vn -0.61488 0.02272 0.7883
vn -0.87015 0.04063 -0.49111
vn -0.65806 -0.23265 0.71612
vn -0.82682 -0.24448 -0.50656
vn -0.85528 -0.04826 -0.51591
vn -0.66985 -0.05677 0.74032
vn -0.74037 0.17888 0.64796
vn -0.81949 -0.15631 -0.55136
vn -0.80105 -0.17862 -0.57133
vn -0.77154 -0.24215 -0.58829
vn 0.61088 -0.79103 0.03298
vn -0.93492 0.10624 0.33858
vn -0.98508 -0.17182 0.00958
vn -0.85136 0.13092 0.50798
vn 0.57595 -0.10392 0.81085
vn -0.82784 -0.26988 -0.49177
vn -0.80002 -0.56469 -0.20271
vn 0.96786 -0.2151 -0.13033
vn 0.80169 0.01754 -0.59749
vn 0.36175 -0.01387 -0.93217
vn 0.22465 0.26982 -0.93634
vn 0.86204 0.13758 -0.48782
vn 0.86562 0.16919 -0.47124
vn 0.98019 -0.10958 -0.165
vn 0.10772 0.13541 -0.98492
vn -0.70818 -0.01656 -0.70584
vn -0.87407 0.33776 -0.34918
vn -0.2146 0.07395 -0.9739
vn 0.81118 0.15684 -0.56337
vn 0.95124 -0.0236 -0.30754
vn 0.97714 0.0451 -0.20774
vn 0.96139 0.24414 -0.12694
vn 0.98744 0.00619 -0.15785
vn 0.9929 -0.03955 -0.1122
vn 0.98589 -0.14572 -0.08239
vn 0.99053 0.09347 0.10054
vn 0.3522 -0.2309 -0.907
vn 0.96871 0.01518 -0.24774
vn 0.95343 0.29983 0.03274
vn -0.31162 0.47509 0.82291
vn -0.68871 0.09201 0.71918
vn -0.52943 0.58509 0.61431
vn -0.92332 -0.06901 0.37777
vn 0.31175 0.84901 0.4266
vn -0.69955 -0.0139 0.71445
vn -0.86044 -0.0387 -0.50809
vn -0.26663 0.48445 0.83319
vn -0.67227 0.06367 0.73756
vn -0.74707 -0.42104 0.51441
vn -0.80925 -0.04317 -0.58588
vn -0.00316 -0.45121 -0.89241
vn -0.99288 -0.03549 0.11368
vn -0.79886 0.02824 -0.60085
vn 0.2207 -0.13153 -0.96643
vn -0.81575 0.16788 -0.5535
vn 0.23008 0.10433 -0.96756
vn -0.99206 0.01214 0.12518
vn -0.64255 -0.1245 0.75606
vn -0.592 -0.17559 0.78658
vn -0.6238 0.01551 0.78143
vn 0.47791 -0.13642 0.86775
vn 0.47088 -0.30273 0.82863
vn 0.29219 -0.66069 0.69146
vn -0.87153 0.18016 -0.45605
vn -0.73442 0.05042 0.67682
vn -0.82262 -0.18162 -0.5388
vn -0.67831 -0.25523 0.68903
vn -0.99878 -0.02488 -0.04256
vn -0.88967 -0.04467 -0.45442
vn -0.84581 0.35866 0.39493
vn -0.83312 0.14754 0.53305
vn -0.84739 -0.10588 0.52031
vn 0.98473 -0.01985 -0.17293
vn 0.98213 0.03308 -0.18529
vn 0.99082 0.02279 -0.13324
vn -0.3308 0.0191 -0.94351
vn -0.15673 -0.0464 0.98655
vn 0.67 -0.7055 -0.23104
vn 0.93165 -0.33805 -0.1332
vn -0.58327 0.27346 0.76487
vn 0.99408 0.02811 -0.10493
vn -0.33215 0.03705 -0.9425
vn -0.21628 -0.40403 -0.88881
vn -0.4837 0.05781 -0.87332
vn 0.14637 0.07 -0.98675
vn -0.23538 -0.02695 -0.97153
vn -0.6664 -0.00721 0.74556
vn -0.83727 0.04905 -0.54458
vn 0.78919 -0.61136 -0.05846
vn 0.98373 -0.14151 -0.11071
vn -0.80207 -0.17009 -0.5725
vn -0.77329 -0.13259 -0.62004
vn -0.9766 -0.17641 0.12304
vn -0.62896 -0.18196 0.75584
vn -0.99026 -0.09302 0.10359
vn -0.59495 -0.11602 0.79534
vn -0.32263 0.66841 0.67017
vn 0.4866 -0.80848 0.33102
vn 0.66622 -0.71146 -0.22357
vn 0.59408 -0.49749 -0.63211
vn -0.00075 -0.14246 -0.9898
vn 0.75018 0.13852 0.64656
vn 0.91833 0.09215 0.38494
vn -0.00439 -0.35867 -0.93345
vn -0.74476 0.13746 0.65302
vn -0.00649 0.11271 -0.99361
vn -0.92366 0.0887 0.37281
vn -0.88319 -0.26327 0.38815
vn 0.00379 -0.52449 -0.85141
vn 0.88467 -0.26538 0.38332
vn -0.00977 -0.72434 -0.68937
vn -0.64453 0.52708 0.55386
vn 0.64367 0.52118 0.56041
vn 0.01152 0.66612 -0.74576
vn 0.01677 -0.95594 0.29309
vn -0.42837 -0.34977 -0.83316
vn -0.8861 -0.23131 -0.40164
vn -0.82067 -0.19001 -0.53889
vn -0.4535 -0.14497 -0.87939
vn -0.92893 -0.19418 -0.31525
vn -0.99237 -0.12025 0.02741
vn -0.82495 0.01672 0.56496
vn -0.84772 -0.02066 0.53003
vn -0.34081 0.0949 0.93533
vn 0.38973 0.07623 0.91777
vn -0.41383 0.11364 0.90323
vn 0.37955 0.09964 0.91979
vn -0.46199 0.30996 0.83096
vn -0.84682 0.11028 0.52032
vn -0.60332 0.57304 0.55464
vn -0.91351 0.18641 0.36158
vn 0.44457 0.34075 0.8284
vn -0.9803 0.17232 -0.09653
vn 0.59708 0.57907 0.55513
vn -0.58194 0.24293 -0.7761
vn -0.88476 -0.01379 -0.46583
vn -0.99175 -0.12821 0.00111
vn -0.99846 -0.04128 -0.03715
vn 0.95065 -0.22854 -0.20985
vn 0.91472 -0.0844 0.39517
vn 0.9067 -0.16686 -0.38736
vn 0.89949 0.07382 0.43067
vn 0.94011 0.2214 0.25916
vn 0.94531 0.16706 -0.28015
vn 0.56928 0.27507 -0.77476
vn 0.39637 -0.13505 -0.9081
vn 0.41622 -0.3814 -0.82541
vn 0.53465 0.80808 0.24731
vn -0.54042 0.80501 0.24475
vn -0.50372 0.60065 -0.62087
vn -0.00298 0.98005 -0.19871
vn 0.50545 0.60516 -0.61506
vn -0.96436 -0.24891 -0.08974
vn -0.62663 0.24452 -0.73996
vn -0.74242 -0.55616 -0.3735
vn -0.87684 0.31348 -0.36453
vn -0.23263 0.92852 -0.28935
vn -0.56282 0.82657 0.00424
vn 0.07023 0.81876 0.56982
vn -0.3849 0.70756 0.59264
vn -0.76625 -0.36609 0.52805
vn -0.48621 -0.72316 0.49056
vn -0.09249 0.00468 0.9957
vn -0.47619 0.13567 0.86882
vn -0.12578 -0.96228 0.24123
vn -0.16596 -0.33983 0.92573
vn -0.52052 -0.81668 0.24919
vn -0.58891 -0.40749 0.69795
vn -0.43672 0.49362 0.75208
vn -0.79459 0.22707 0.56308
vn -0.68163 -0.60697 -0.40861
vn -0.2648 -0.65052 -0.71183
vn -0.67649 0.73203 -0.08058
vn -0.88888 0.45783 -0.01702
vn -0.57708 0.21112 -0.78893
vn -0.86759 0.05382 -0.49435
vn -0.48276 0.12123 0.86732
vn -0.71497 0.33221 0.61518
vn 0.48276 0.12123 0.86732
vn 0.11238 0.06544 0.99151
vn 0.12059 0.11691 0.98579
vn -0.12059 0.11691 0.98579
vn -0.11238 0.06544 0.99151
vn -0.19327 0.15135 0.9694
vn -0.18267 0.163 0.96957
vn 0.18267 0.163 0.96957
vn 0.19326 0.15135 0.9694
vn -0.23116 -0.11636 0.96593
vn -0.22404 -0.11725 0.9675
vn -0.23413 -0.13724 0.96247
vn -0.052 0.55925 0.82737
vn 0.22404 -0.11725 0.9675
vn 0.23413 -0.13724 0.96247
vn 0.052 0.55926 0.82736
vn 0.23118 -0.11637 0.96593
vn -0.70568 0.7015 0.09951
vn -0.70564 0.70153 0.09964
vn -0.09974 0.98513 0.13989
vn -0.09972 0.98512 0.13998
vn 0.61855 0.77794 0.11053
vn 0.61844 0.77806 0.11024
vn 0.70566 0.70153 0.09954
vn 0.70568 0.7015 0.09961
vn 0.07679 0.98719 0.13988
vn 0.07756 0.98706 0.14033
vn 0.09974 0.98513 0.13992
vn 0.09973 0.98512 0.13995
vn 0.6743 0.73114 0.10371
vn 0.67387 0.73149 0.10399
vn -0.61844 0.77802 0.11053
vn -0.61851 0.77801 0.11024
vn 0.98791 -0.15118 0.0343
vn 0.98964 -0.14215 -0.02016
vn 0.94378 -0.31515 -0.09977
vn 0.99994 -0.01065 -0.00337
vn 1 -0 0
vn 0.98064 -0.19315 -0.03231
vn -0.07756 0.98706 0.14033
vn -0.07679 0.98719 0.13988
vn -0.67387 0.73149 0.10399
vn -0.6743 0.73114 0.10371
vn -0.99994 -0.01065 -0.00337
vn -0.98791 -0.15118 0.0343
vn -0.98077 -0.1925 -0.0322
vn -0.94414 -0.31417 -0.09946
vn -0.98964 -0.14215 -0.02016
vn -1 0 0
vn 0.34286 -0.93413 0.09925
vn 0.37188 -0.91878 -0.13243
vn 0.3748 -0.74006 0.55842
vn 0.47104 -0.88144 -0.03444
vn 0.36719 -0.82465 0.43027
vn 0.38046 -0.74958 0.54165
vn 0.49982 -0.82157 0.27422
vn 0.40204 -0.63455 0.66009
vn 0.41961 -0.75682 0.50116
vn 0.69638 -0.70733 0.12143
vn 0.50195 -0.70534 0.50055
vn 0.43208 -0.70243 0.5656
vn 0.70804 -0.70617 -0.0012
vn 0.71067 -0.7035 -0.00532
vn -0.79191 -0.60324 0.09478
vn 0.79191 -0.60324 0.09478
vn 0.59972 -0.74773 0.28503
vn 0.61176 -0.65104 0.44934
vn -0.41961 -0.75682 0.50115
vn -0.50195 -0.70534 0.50055
vn -0.49982 -0.82157 0.27422
vn -0.69638 -0.70733 0.12142
vn -0.37476 -0.73999 0.55855
vn -0.38046 -0.74958 0.54165
vn -0.36719 -0.82465 0.43026
vn -0.40202 -0.6342 0.66043
vn -0.71067 -0.7035 -0.00532
vn -0.43208 -0.70243 0.5656
vn -0.59972 -0.74773 0.28503
vn -0.70804 -0.70617 -0.0012
vn 0.49898 -0.70659 0.50175
vn -0.61175 -0.65104 0.44934
vn 0.45654 -0.76243 0.45855
vn 0.48382 -0.58341 0.65235
vn 0.39506 -0.51363 0.76165
vn 0.83591 -0.49329 0.24065
vn 0.59051 -0.48068 0.64826
vn 0.55024 -0.69773 0.45871
vn 0.56281 -0.75242 0.3422
vn 0.60658 -0.74169 0.28629
vn 0.31276 -0.63147 0.70953
vn -0.34284 -0.93414 0.09923
vn -0.37186 -0.91879 -0.13244
vn -0.06254 0.45347 0.88908
vn -0.47098 -0.88147 -0.03444
vn -0.12222 0.10474 0.98696
vn -0.16639 -0.02514 0.98574
vn 0.15284 -0.00164 0.98825
vn -0.15284 -0.00164 0.98825
vn 0.16639 -0.02514 0.98574
vn 0.12222 0.10474 0.98696
vn 0.32358 -0.31799 0.89117
vn 0.06254 0.45347 0.88907
vn -0.32357 -0.31798 0.89117
vn 0.39643 -0.50313 0.76793
vn -0.49898 -0.70659 0.50175
vn -0.39642 -0.50312 0.76793
vn -0.39506 -0.51363 0.76165
vn -0.45654 -0.76243 0.45855
vn -0.59051 -0.48069 0.64826
vn -0.48382 -0.58341 0.65235
vn -0.55024 -0.69773 0.45871
vn -0.31276 -0.63147 0.70953
vn -0.83592 -0.49329 0.24065
vn -0.56281 -0.75243 0.34219
vn -0.60658 -0.74169 0.28629
vn -0.51582 0.11211 -0.84933
vn -0.62928 0.08663 -0.77234
vn -0.99222 0.12446 -0.00016
vn -0.98931 0.14309 -0.02797
vn -0.93209 0.34018 0.12447
vn -0.94755 0.28228 0.14992
vn -0.97476 -0.14864 0.16655
vn -0.99648 0.00104 0.08387
vn -0.91418 -0.12382 0.38594
vn -0.98844 0.06736 0.13586
vn -0.94714 -0.19578 0.25416
vn -0.95087 -0.01768 0.30908
vn -0.93385 -0.25906 0.24658
vn -0.95808 -0.15554 0.24059
vn -0.91821 -0.0025 0.39609
vn -0.9408 -0.29566 0.16577
vn 0 0.29414 0.95576
vn -0.97239 0.21611 0.08801
vn 1 0 0
vn 0 0.29414 0.95576
vn -0.91461 0.39972 0.06086
vn 0.93643 0.3226 -0.13796
vn -0.83466 0.5495 0.03723
vn -0.99722 0.07432 0.00461
vn 0 0.11901 0.99289
vn 0 0.11902 0.99289
vn 0 -0.44255 0.89675
vn 0 -0.44255 0.89675
vn -0.16843 0.11822 0.9786
vn -0.01441 -0.44367 0.89608
vn -0.14258 0.11584 0.98298
vn -0.17014 0.15674 0.97287
vn -0.09201 -0.03526 0.99513
vn -0.16564 0.09583 0.98152
vn 0.96026 0.26723 0.08052
vn -0.0712 -0.03342 0.9969
vn 0.935 -0.24889 0.25266
vn 0.94417 0.00013 0.32946
vn 0.93385 -0.25906 0.24658
vn 0.94294 -0.22555 0.24493
vn 0.9408 -0.29566 0.16577
vn 0.83969 0.51354 0.17664
vn 0.90828 0.15998 0.38658
vn 0.9044 0.42361 -0.0511
vn 0.91945 0.3932 -0.0005
vn 0.86537 -0.23768 -0.44119
vn 0.95394 -0.22119 -0.20266
vn 0.94537 0.32322 -0.0425
vn 0.71168 0.04335 -0.70116
vn 0 -0.31181 0.95015
vn 0.92787 -0.25457 -0.27249
vn 0.93549 -0.3258 -0.1368
vn 0 -0.31181 0.95014
vn 0 -1 0.00128
vn 0 -1 0.00127
vn -0.02677 -0.78871 0.61418
vn 0 -0.7939 0.60805
vn 0.00142 -0.38375 -0.92343
vn 0 -0.38239 -0.924
vn -0.96591 0.02936 -0.25721
vn 0 -0.38086 -0.92463
vn -0.9562 -0.0881 -0.27914
vn -0.99132 0.10812 -0.07484
vn -0.85011 -0.18597 -0.49268
vn -0.93549 -0.3258 -0.1368
vn 0 -0.14276 -0.98976
vn -0.9861 -0.08038 -0.14541
vn 0 0.00159 1
vn 0 0.29172 -0.9565
vn 0 0.29172 -0.9565
vn -1 -0 0
vn 0 -0.44772 0.89417
vn -0.55832 -0.40222 -0.7256
vn -0.99233 0.10938 -0.05759
vn -0.78038 -0.35079 -0.51764
vn -1 0.00238 -0.0001
vn -0.99938 0.01758 0.03058
vn 0.99939 0.01709 0.0306
vn 1 0.00189 -8E-05
vn -0.32459 0.93718 -0.12777
vn -0.57849 0.80054 -0.15648
vn -0.86378 0.02686 -0.50316
vn -0.88072 0.02312 -0.47308
vn 0.85824 -0.00138 -0.51324
vn 0.97053 -0.07401 -0.22933
vn -0.86496 0.4995 -0.0484
vn -0.67794 0.72815 -0.10094
vn 0.86597 0.02391 -0.49953
vn -0.97815 0.20772 -0.00868
vn 0.97683 0.02328 -0.21275
vn 0.90742 0.00887 -0.42013
vn 0.88072 0.02312 -0.47308
vn 0.86698 0.02618 -0.49765
vn -0.90914 -0.19796 -0.36643
vn -0.90224 -0.20912 -0.37714
vn -0.87896 -0.4397 -0.18463
vn -0.91776 -0.3393 -0.20637
vn 0.00698 0.95499 0.29657
vn 0 0.95455 0.29806
vn -0.97053 -0.07401 -0.22933
vn -0.85824 -0.00138 -0.51324
vn -0.86257 0.02419 -0.50535
vn -0.90752 0.00794 -0.41993
vn 0.97661 0.2099 -0.04658
vn -0.98593 0.02531 -0.16525
vn 0.90914 -0.19796 -0.36643
vn 0.90224 -0.20912 -0.37714
vn -0.55536 0.78606 0.27143
vn -0.47869 0.82765 0.29299
vn 0.95185 0.30629 -0.01281
vn 0.75851 0.64697 -0.07804
vn 0.02289 0.99937 0.02725
vn -0.03165 0.99874 0.03898
vn 0.91776 -0.3393 -0.20637
vn 0.87896 -0.4397 -0.18463
vn 0 0.99986 -0.01661
vn 0 -0.89515 -0.44577
vn 0 0.01724 0.99985
vn 0 0.01724 0.99985
vn 0 0.99911 -0.04228
vn 0 0.99911 -0.04228
vn 0.51582 0.11211 -0.84933
vn 0.62928 0.08663 -0.77234
vn 0.99222 0.12446 -0.00016
vn 0.98931 0.14309 -0.02797
vn 0.93209 0.34018 0.12447
vn 0.94755 0.28228 0.14992
vn 0.97476 -0.14864 0.16655
vn 0.99648 0.00104 0.08387
vn 0.91418 -0.12382 0.38594
vn 0.98844 0.06736 0.13586
vn 0.94714 -0.19578 0.25416
vn 0.95087 -0.01768 0.30908
vn 0.95808 -0.15554 0.24059
vn 0.91821 -0.0025 0.39609
vn 0.97239 0.21611 0.08801
vn -1 0 0
vn 0.91461 0.39972 0.06086
vn -0.93643 0.3226 -0.13796
vn 0.83466 0.5495 0.03723
vn 0.99722 0.07432 0.00461
vn 0.16843 0.11822 0.9786
vn 0.01441 -0.44367 0.89608
vn 0.14258 0.11584 0.98298
vn 0.17014 0.15674 0.97287
vn 0.09201 -0.03526 0.99513
vn 0.16564 0.09583 0.98152
vn -0.96026 0.26723 0.08052
vn 0.0712 -0.03342 0.9969
vn -0.935 -0.24889 0.25266
vn -0.94417 0.00013 0.32946
vn -0.94294 -0.22555 0.24493
vn -0.83969 0.51354 0.17664
vn -0.90828 0.15998 0.38658
vn -0.9044 0.42361 -0.0511
vn -0.91945 0.3932 -0.0005
vn -0.86537 -0.23768 -0.44119
vn -0.95394 -0.22119 -0.20266
vn -0.94537 0.32322 -0.0425
vn -0.71168 0.04335 -0.70116
vn -0.92787 -0.25457 -0.27249
vn -0.93549 -0.3258 -0.1368
vn 0.02677 -0.78871 0.61418
vn -0.00142 -0.38375 -0.92343
vn 0.96591 0.02936 -0.25721
vn 0.9562 -0.0881 -0.27914
vn 0.99132 0.10812 -0.07484
vn 0.85011 -0.18597 -0.49268
vn 0.93549 -0.3258 -0.1368
vn 0.9861 -0.08038 -0.14541
vn 1 -0 0
vn 0.55832 -0.40222 -0.7256
vn 0.99233 0.10938 -0.05759
vn 0.78038 -0.35079 -0.51764
vn 1 0.00238 -0.0001
vn 0.99938 0.01758 0.03058
vn -0.99939 0.01709 0.0306
vn -1 0.00189 -8E-05
vn 0.32459 0.93718 -0.12777
vn 0.57849 0.80054 -0.15648
vn 0.86378 0.02686 -0.50316
vn 0.88072 0.02312 -0.47308
vn -0.85824 -0.00138 -0.51324
vn -0.97053 -0.07401 -0.22933
vn 0.86496 0.4995 -0.0484
vn 0.67794 0.72815 -0.10094
vn -0.86597 0.02391 -0.49953
vn 0.97815 0.20772 -0.00868
vn -0.97683 0.02328 -0.21275
vn -0.90742 0.00887 -0.42013
vn -0.88072 0.02312 -0.47308
vn -0.86698 0.02618 -0.49765
vn 0.90914 -0.19796 -0.36643
vn 0.90224 -0.20912 -0.37714
vn 0.87896 -0.4397 -0.18463
vn 0.91776 -0.3393 -0.20637
vn -0.00698 0.95499 0.29657
vn 0.97053 -0.07401 -0.22933
vn 0.85824 -0.00138 -0.51324
vn 0.86257 0.02419 -0.50535
vn 0.90752 0.00794 -0.41993
vn -0.97661 0.2099 -0.04658
vn 0.98593 0.02531 -0.16525
vn -0.90914 -0.19796 -0.36643
vn -0.90224 -0.20912 -0.37714
vn 0.55536 0.78606 0.27143
vn 0.47869 0.82765 0.29299
vn -0.95185 0.30629 -0.01281
vn -0.75851 0.64697 -0.07804
vn -0.02289 0.99937 0.02725
vn 0.03165 0.99874 0.03898
vn -0.91776 -0.3393 -0.20637
vn -0.87896 -0.4397 -0.18463
vn 0.07549 0.40633 0.9106
vn -0.07549 0.40633 0.9106
vn -0.53537 0.84007 -0.08755
vn 0.01162 0.9522 -0.30525
vn 0.46025 0.80655 0.37101
vn 0.61466 0.78546 -0.07242
vn 0.45058 0.89212 0.03313
vn 0.53537 0.84007 -0.08755
vn -0.46025 0.80655 0.37101
vn -0.01162 0.9522 -0.30525
vn -0.61466 0.78546 -0.07242
vn -0.45058 0.89212 0.03313
vn -0.19911 0.97843 0.0551
vn 0.19911 0.97843 0.0551
vn 0 0.99385 -0.1107
vn 0 0.8748 0.48448
vn 0 0.99987 -0.01607
vn 0.84438 0.46704 -0.26248
vn 0.73939 0.61959 -0.26346
vn 0.95716 0.22307 -0.18464
vn 0.96929 0.19533 -0.14944
vn 0.75225 0.64573 -0.131
vn 0.95275 0.26023 -0.1567
vn -0.37435 0.92617 0.0454
vn 0.53073 0.84652 0.04149
vn -0.73771 0.62129 -0.26418
vn -0.74612 0.63652 -0.1953
vn -0.96942 0.19482 -0.14923
vn -0.84337 0.46851 -0.26311
vn -0.95661 0.22969 -0.17926
vn -0.95728 0.22261 -0.18455
vn 0.9093 0.27516 -0.3122
vn 0.66494 0.74394 -0.06637
vn 0.87357 0.48477 -0.04325
vn -0.41907 0.88936 -0.18283
vn 0.55901 0.81217 -0.16696
vn -0.88696 0.46179 0.0071
vn -0.65045 0.75946 0.01167
vn 0.9261 0.35373 -0.13117
vn 0 0.14354 0.98965
vn -0.05018 0.11291 0.99234
vn 0.05018 0.11291 0.99234
vn -0.27816 0.6248 0.72955
vn -0.9054 0.29189 0.3083
vn 0.9054 0.29189 0.3083
vn -0.0027 -0.65025 -0.75972
vn -0.00234 -0.55345 -0.83288
vn 0 -0.66119 0.75022
vn -0.01174 -0.99871 -0.04948
vn 0.01559 -0.70011 0.71386
vn 0 -0.99691 -0.07855
vn 0.94146 -0.23606 0.2407
vn 0.95043 -0.27619 0.14282
vn -0.27816 -0.6248 -0.72955
vn 0 0.97377 -0.22756
vn 0 0.64813 0.76153
vn 0 0.97377 -0.22755
vn -0.75388 -0.07816 -0.65235
vn 0 0.47231 -0.88143
vn 0 -0.19359 -0.98108
vn 0.75387 -0.07816 -0.65235
vn 0 0.88876 -0.45837
vn -0.63361 0.72563 0.26832
vn 0.63362 0.72562 0.26832
vn 0.69731 0.52997 0.48258
vn -0.71011 0.53242 0.46074
vn 0.71497 0.33221 0.61518
vt 0.69531 0.11523
vt 0.68164 0.0918
vt 0.70508 0.11523
vt 0.71094 0.11523
vt 0.74219 0.0918
vt 0.72461 0.11523
vt 0.35156 0.86719
vt 0.35156 0.87305
vt 0.375 0.86719
vt 0.25391 0.85352
vt 0.25391 0.87305
vt 0.2793 0.85352
vt 0.2793 0.87305
vt 0.68164 0.09375
vt 0.72461 0.09375
vt 0.69141 0.11328
vt 0.37305 0.75586
vt 0.35352 0.7793
vt 0.37305 0.77734
vt 0.31836 0.75195
vt 0.34766 0.75195
vt 0.31836 0.76953
vt 0.25195 0.85352
vt 0.32422 0.86719
vt 0.33789 0.87305
vt 0.36719 0.83789
vt 0.33398 0.75195
vt 0.3418 0.76367
vt 0.375 0.87305
vt 0.34766 0.77148
vt 0.34961 0.78906
vt 0.375 0.80078
vt 0.37109 0.83398
vt 0.69141 0.0918
vt 0.27344 0.88867
vt 0.27148 0.89062
vt 0.27148 0.88867
vt 0.70898 0.05469
vt 0.70898 0.06055
vt 0.69336 0.07812
vt 0.69141 0.07227
vt 0.70508 0.11133
vt 0.71094 0.11133
vt 0.73242 0.0918
vt 0.26758 0.88281
vt 0.27344 0.88086
vt 0.27148 0.88672
vt 0.26758 0.87891
vt 0.27344 0.88672
vt 0.27344 0.88477
vt 0.66211 0.07812
vt 0.63281 0.06445
vt 0.63281 0.08984
vt 0.66406 0.09766
vt 0.67578 0.10938
vt 0.66211 0.06641
vt 0.27344 0.89453
vt 0.27344 0.89648
vt 0.27539 0.88672
vt 0.27539 0.89258
vt 0.27148 0.89453
vt 0.27539 0.89062
vt 0.27539 0.89453
vt 0.26367 0.88477
vt 0.26172 0.88281
vt 0.25977 0.88086
vt 0.26562 0.88867
vt 0.26562 0.88672
vt 0.25586 0.87891
vt 0.25977 0.87891
vt 0.26172 0.88086
vt 0.26367 0.88281
vt 0.25977 0.88281
vt 0.25781 0.87695
vt 0.64062 0.11133
vt 0.66797 0.08594
vt 0.64258 0.0957
vt 0.26172 0.88477
vt 0.26367 0.88672
vt 0.66406 0.0957
vt 0.69141 0.08398
vt 0.73047 0.06445
vt 0.73633 0.07422
vt 0.44727 0.55273
vt 0.41992 0.55273
vt 0.41016 0.54297
vt 0.43164 0.52539
vt 0.40039 0.55859
vt 0.43164 0.50195
vt 0.45508 0.51562
vt 0.4707 0.52344
vt 0.41992 0.55078
vt 0.45312 0.50195
vt 0.44531 0.55078
vt 0.46094 0.53516
vt 0.44727 0.51562
vt 0.45898 0.5332
vt 0.46875 0.52148
vt 0.4082 0.52734
vt 0.42383 0.50195
vt 0.42383 0.52148
vt 0.39648 0.50781
vt 0.39844 0.54297
vt 0.39453 0.53125
vt 0.37695 0.53125
vt 0.38672 0.55859
vt 0.37695 0.53516
vt 0.37695 0.56055
vt 0.37695 0.50781
vt 0.47852 0.52734
vt 0.46484 0.54102
vt 0.49414 0.55664
vt 0.45898 0.55469
vt 0.63477 0.11523
vt 0.65625 0.08594
vt 0.46875 0.50391
vt 0.47656 0.51172
vt 0.46875 0.50977
vt 0.64844 0.08008
vt 0.64453 0.08984
vt 0.63867 0.08008
vt 0.66797 0.06055
vt 0.6543 0.05273
vt 0.64062 0.07422
vt 0.68945 0.08984
vt 0.67383 0.06836
vt 0.89533 0.51961
vt 0.909 0.51766
vt 0.90509 0.52547
vt 0.66211 0.08594
vt 0.65039 0.10352
vt 0.63281 0.08594
vt 0.69727 0.09766
vt 0.66016 0.04297
vt 0.67383 0.08594
vt 0.68555 0.08594
vt 0.67383 0.11523
vt 0.69141 0.11523
vt 0.37695 0.50391
vt 0.00195 0.58008
vt 0.00195 0.60352
vt 0.01758 0.58789
vt 0.01758 0.59961
vt 0.0332 0.61523
vt 0.02148 0.56445
vt 0.02734 0.58008
vt 0.04492 0.56445
vt 0.03906 0.58008
vt 0.04883 0.58789
vt 0.06055 0.58008
vt 0.06055 0.60547
vt 0.04883 0.59766
vt 0.0332 0.60352
vt 0.06055 0.60742
vt 0.06055 0.67578
vt 0.04883 0.61719
vt 0.04102 0.6875
vt 0.00195 0.60742
vt 0.02539 0.68555
vt 0.00195 0.68359
vt 0.04883 0.58594
vt 0.02539 0.58008
vt 0.00586 0.58398
vt 0.00586 0.60156
vt 0.00195 0.60156
vt 0.05859 0.60742
vt 0.01953 0.59961
vt 0.0332 0.62109
vt 0.01172 0.60742
vt 0.01172 0.68359
vt 0.03906 0.68555
vt 0.06055 0.61133
vt 0.10156 0.62695
vt 0.09375 0.7207
vt 0.16211 0.62695
vt 0.06836 0.66797
vt 0.16797 0.72266
vt 0.18555 0.67578
vt 0.13281 0.74805
vt 0.01172 0.73242
vt 0.03906 0.71875
vt 0.06055 0.69922
vt 0.02539 0.71875
vt 0.00195 0.73242
vt 0.03906 0.70703
vt 0.03906 0.74805
vt 0.00195 0.74414
vt 0.06055 0.74023
vt 0.00391 0.74023
vt 0.17773 0.91602
vt 0.17969 0.93555
vt 0.17969 0.91602
vt 0.21484 0.91602
vt 0.20508 0.94727
vt 0.2168 0.95703
vt 0.23828 0.88086
vt 0.23828 0.92969
vt 0.22461 0.88281
vt 0.24609 0.87891
vt 0.23828 0.93555
vt 0.22461 0.92969
vt 0.24609 0.93555
vt 0.23828 0.87695
vt 0.22461 0.87695
vt 0.2207 0.87891
vt 0.21875 0.93555
vt 0.22461 0.93555
vt 0.23828 0.89844
vt 0.24023 0.92188
vt 0.24609 0.91406
vt 0.21875 0.9043
vt 0.19727 0.9043
vt 0.19727 0.91406
vt 0.24023 0.93555
vt 0.23047 0.92188
vt 0.23047 0.93555
vt 0.23047 0.89648
vt 0.22656 0.92188
vt 0.22656 0.93555
vt 0.2207 0.93555
vt 0.22656 0.89648
vt 0.2207 0.91211
vt 0.22656 0.89453
vt 0.2207 0.89453
vt 0.23828 0.89453
vt 0.24609 0.89844
vt 0.17188 0.87695
vt 0.19727 0.87695
vt 0.17188 0.9043
vt 0.15625 0.9043
vt 0.15625 0.91406
vt 0.17188 0.91406
vt 0.23242 0.99805
vt 0.23242 0.93945
vt 0.24609 0.99805
vt 0.21875 0.9375
vt 0.21875 0.99805
vt 0.24609 0.9375
vt 0.12695 0.87695
vt 0.24609 0.98242
vt 0.23242 0.97852
vt 0.16016 0.95703
vt 0.13477 0.9707
vt 0.13477 0.94141
vt 0.19531 0.91406
vt 0.19336 0.91406
vt 0.14062 0.92383
vt 0.14648 0.875
vt 0.13867 0.87695
vt 0.14258 0.91797
vt 0.14453 0.91992
vt 0.21875 0.87695
vt 0.21875 0.88867
vt 0.13477 0.93359
vt 0.17383 0.9375
vt 0.13477 0.93555
vt 0.17383 0.93945
vt 0.23438 0.9375
vt 0.24023 0.92383
vt 0.24023 0.91992
vt 0.24414 0.92383
vt 0.21094 0.91992
vt 0.21484 0.97266
vt 0.2168 0.91992
vt 0.20898 0.98633
vt 0.20898 0.93359
vt 0.20703 0.94727
vt 0.19727 0.90234
vt 0.19922 0.99023
vt 0.20312 0.99219
vt 0.19922 0.99219
vt 0.20312 0.99023
vt 0.20508 0.99023
vt 0.20703 0.98828
vt 0.20508 0.99219
vt 0.20898 0.98828
vt 0.20898 0.99023
vt 0.23633 0.88867
vt 0.24219 0.88672
vt 0.23633 0.88672
vt 0.19727 0.9082
vt 0.17188 0.91016
vt 0.21875 0.89062
vt 0.19531 0.9043
vt 0.18359 0.91406
vt 0.17188 0.90234
vt 0.15625 0.90234
vt 0.15625 0.87891
vt 0.13477 0.95312
vt 0.13477 0.95508
vt 0.17773 0.93555
vt 0.13477 0.94922
vt 0.24609 0.93945
vt 0.24609 0.96484
vt 0.23047 0.93945
vt 0.24609 0.97852
vt 0.23242 0.96484
vt 0.23242 0.97656
vt 0.21875 0.96484
vt 0.21875 0.93945
vt 0.23047 0.98242
vt 0.21875 0.98047
vt 0.24609 0.98438
vt 0.17578 0.96289
vt 0.13477 0.9668
vt 0.16797 0.95508
vt 0.2207 0.98438
vt 0.17383 0.96484
vt 0.17383 0.9707
vt 0.22461 0.87891
vt 0.22461 0.92773
vt 0.23242 0.92773
vt 0.23828 0.92773
vt 0.23242 0.89648
vt 0.22461 0.89453
vt 0.2207 0.91016
vt 0.2207 0.89258
vt 0.22461 0.89062
vt 0.23828 0.89258
vt 0.24609 0.89453
vt 0.24609 0.91016
vt 0.17383 0.96289
vt 0.13281 0.9668
vt 0.16602 0.95703
vt 0.23242 0.9375
vt 0.17969 0.9668
vt 0.17773 0.97266
vt 0.16797 0.95703
vt 0.23242 0.98047
vt 0.24609 0.98047
vt 0.17773 0.9668
vt 0.15625 0.91602
vt 0.16016 0.91602
vt 0.1582 0.92188
vt 0.23828 0.87891
vt 0.24609 0.87695
vt 0.21484 0.95508
vt 0.21484 0.96094
vt 0.21094 0.96875
vt 0.23242 0.9668
vt 0.24609 0.97656
vt 0.2207 0.97656
vt 0.23242 0.98242
vt 0.21875 0.97656
vt 0.2207 0.9668
vt 0.2207 0.93945
vt 0.24609 0.9668
vt 0.21875 0.98242
vt 0.21875 0.88672
vt 0.16602 0.95508
vt 0.13477 0.96875
vt 0.15625 0.87695
vt 0.21484 0.98633
vt 0.21094 0.9707
vt 0.21484 0.93359
vt 0.2168 0.98438
vt 0.21484 0.98438
vt 0.20898 0.91602
vt 0.21094 0.97461
vt 0.20898 0.95117
vt 0.12695 0.95703
vt 0.13281 0.95898
vt 0.13281 0.96875
vt 0.17578 0.96484
vt 0.16406 0.95703
vt 0.1543 0.92383
vt 0.14258 0.92383
vt 0.14453 0.875
vt 0.22461 0.89258
vt 0.22461 0.88867
vt 0.23047 0.89453
vt 0.2207 0.89062
vt 0.23047 0.92773
vt 0.2207 0.9082
vt 0.24609 0.9082
vt 0.24609 0.89062
vt 0.2207 0.87695
vt 0.24609 0.88086
vt 0.2207 0.93359
vt 0.22461 0.88086
vt 0.24609 0.93164
vt 0.21289 0.99414
vt 0.20898 0.99414
vt 0.20117 0.99023
vt 0.21289 0.98828
vt 0.20117 0.99219
vt 0.24414 0.92773
vt 0.24414 0.92969
vt 0.24023 0.92773
vt 0.15625 0.96289
vt 0.1582 0.96875
vt 0.15625 0.94727
vt 0.15625 0.98047
vt 0.1582 0.98828
vt 0.16406 0.99023
vt 0.16211 0.97461
vt 0.17969 0.99219
vt 0.17969 0.99414
vt 0.16797 0.99414
vt 0.17773 0.99609
vt 0.16016 0.99609
vt 0.15625 0.98633
vt 0.15625 0.99609
vt 0.19336 0.99609
vt 0.1875 0.99219
vt 0.17969 0.99805
vt 0.19336 0.99023
vt 0.1875 0.98047
vt 0.17969 0.95508
vt 0.19141 0.9668
vt 0.1875 0.95703
vt 0.19141 0.98047
vt 0.19141 0.95703
vt 0.19141 0.97461
vt 0.19141 0.94531
vt 0.18945 0.93555
vt 0.1875 0.92383
vt 0.19141 0.93555
vt 0.19336 0.92383
vt 0.19141 0.95312
vt 0.19141 0.95898
vt 0.19336 0.93359
vt 0.19336 0.93555
vt 0.19336 0.94727
vt 0.19336 0.91602
vt 0.17969 0.93164
vt 0.16992 0.93164
vt 0.16992 0.91602
vt 0.16211 0.91602
vt 0.16406 0.92773
vt 0.1582 0.91602
vt 0.15625 0.91992
vt 0.14648 0.91602
vt 0.14648 0.88477
vt 0.14844 0.91602
vt 0.15039 0.88477
vt 0.1543 0.91602
vt 0.14258 0.91602
vt 0.14258 0.88477
vt 0.1543 0.875
vt 0.14062 0.91602
vt 0.13867 0.87891
vt 0.23242 0.92969
vt 0.23242 0.93555
vt 0.22852 0.93359
vt 0.22852 0.92969
vt 0.22266 0.92773
vt 0.23828 0.90234
vt 0.23828 0.89648
vt 0.22266 0.92578
vt 0.23242 0.90234
vt 0.24609 0.91211
vt 0.22461 0.90234
vt 0.2207 0.90039
vt 0.22461 0.89648
vt 0.49219 0.93164
vt 0.43945 0.95117
vt 0.43945 0.91797
vt 0.43945 0.98242
vt 0.43945 0.88477
vt 0.47852 0.88281
vt 0.49805 0.89648
vt 0.49805 0.97852
vt 0.48828 0.98047
vt 0.49219 0.99805
vt 0.46094 0.99805
vt 0.49414 0.99805
vt 0.45117 0.87891
vt 0.47852 0.87695
vt 0.12891 0.88477
vt 0.13281 0.91211
vt 0.12695 0.92188
vt 0.21875 0.98438
vt 0.20898 0.92578
vt 0.21289 0.98438
vt 0.23047 0.99805
vt 0.23047 0.9375
vt 0.16992 0.96289
vt 0.16992 0.97656
vt 0.19727 0.91211
vt 0.18164 0.91406
vt 0.17578 0.9707
vt 0.24609 0.97461
vt 0.24023 0.88281
vt 0.24023 0.88867
vt 0.23242 0.97461
vt 0.23242 0.96875
vt 0.24609 0.96875
vt 0.2207 0.97461
vt 0.2207 0.98242
vt 0.20703 0.91992
vt 0.21094 0.94922
vt 0.21289 0.91992
vt 0.24609 0.94141
vt 0.20312 0.91992
vt 0.20117 0.94922
vt 0.20703 0.98438
vt 0.19922 0.98438
vt 0.20312 0.98438
vt 0.20312 0.92578
vt 0.20117 0.94727
vt 0.21289 0.92773
vt 0.21094 0.98438
vt 0.13477 0.94336
vt 0.2207 0.99805
vt 0.13477 0.93945
vt 0.17578 0.94141
vt 0.13281 0.94141
vt 0.17578 0.93945
vt 0.19531 0.91016
vt 0.19727 0.91016
vt 0.2207 0.92969
vt 0.2207 0.96875
vt 0.2207 0.98047
vt 0.24609 0.90039
vt 0.24609 0.91602
vt 0.23047 0.90234
vt 0.2207 0.91406
vt 0.2207 0.90234
vt 0.12891 0.94727
vt 0.13281 0.94727
vt 0.12891 0.95508
vt 0.20703 0.94922
vt 0.13281 0.98047
vt 0.24023 0.88086
vt 0.24414 0.91992
vt 0.24023 0.91797
vt 0.23242 0.87695
vt 0.23242 0.88086
vt 0.22656 0.87695
vt 0.22656 0.88086
vt 0.13281 0.98828
vt 0.12695 0.96875
vt 0.12695 0.99219
vt 0.12695 0.98633
vt 0.20898 0.91797
vt 0.21484 0.92969
vt 0.13281 0.99805
vt 0.2207 0.97852
vt 0.2207 0.97266
vt 0.23242 0.95898
vt 0.24609 0.96289
vt 0.2207 0.96289
vt 0.23438 0.93945
vt 0.43945 0.95898
vt 0.49805 0.95898
vt 0.49805 0.98047
vt 0.43945 0.93555
vt 0.43945 0.98242
vt 0.49805 0.87695
vt 0.43945 0.9082
vt 0.43945 0.88086
vt 0.43945 0.99805
vt 0.43945 0.87695
vt 0.49805 0.99805
vt 0.43945 0.97266
vt 0.01367 0.93945
vt 0.01953 0.9375
vt 0.01367 0.9375
vt 0.02148 0.94141
vt 0.00586 0.93555
vt 0.00781 0.93555
vt 0.00781 0.93164
vt 0.00391 0.93164
vt 0.00977 0.93164
vt 0.00391 0.92969
vt 0.01172 0.93164
vt 0.01172 0.92773
vt 0.01758 0.92773
vt 0.01172 0.92578
vt 0.00391 0.92773
vt 0.02148 0.92773
vt 0.01758 0.92578
vt 0.01758 0.92969
vt 0.03125 0.92773
vt 0.02734 0.92969
vt 0.02344 0.92578
vt 0.0293 0.93164
vt 0.03125 0.92578
vt 0.03125 0.93945
vt 0.02539 0.9375
vt 0.05078 0.9082
vt 0.04883 0.88867
vt 0.00586 0.89258
vt 0.11523 0.94531
vt 0.06836 0.94727
vt 0.11523 0.94141
vt 0.00195 0.9082
vt 0.05078 0.92773
vt 0.08398 0.9375
vt 0.08203 0.9082
vt 0.12305 0.9082
vt 0.08203 0.87695
vt 0.11719 0.92578
vt 0.00586 0.92188
vt 0.11328 0.88477
vt 0.07227 0.99023
vt 0.12305 0.97852
vt 0.07227 0.95117
vt 0.04102 0.99805
vt 0.04102 0.93945
vt 0.12305 0.96484
vt 0.00195 0.95703
vt 0.00195 0.98242
vt 0.02734 0.92773
vt 0.03125 0.93359
vt 0.02344 0.93359
vt 0.03516 0.92773
vt 0.01172 0.93359
vt 0.00391 0.93359
vt 0.00781 0.92773
vt 0.03125 0.93555
vt 0.03516 0.93945
vt 0.02344 0.93945
vt 0.02344 0.9375
vt 0.01172 0.93945
vt 0.01172 0.94141
vt 0.02344 0.94141
vt 0.00391 0.93945
vt 0.03516 0.94141
vt 0.01172 0.93555
vt 0.00391 0.93555
vt 0.11719 0.79688
vt 0.12305 0.81055
vt 0.10352 0.81055
vt 0.09961 0.79688
vt 0.09961 0.79492
vt 0.10547 0.81055
vt 0.07031 0.81055
vt 0.07422 0.79492
vt 0.11523 0.79688
vt 0.12305 0.79883
vt 0.11328 0.79492
vt 0.11133 0.78125
vt 0.12305 0.78125
vt 0.12305 0.75586
vt 0.11133 0.75781
vt 0.10938 0.78516
vt 0.12305 0.78516
vt 0.09766 0.78906
vt 0.06445 0.76953
vt 0.09766 0.75391
vt 0.10742 0.76953
vt 0.07422 0.78906
vt 0.07422 0.75195
vt 0.12305 0.75391
vt 0.10938 0.75977
vt 0.12305 0.78711
vt 0.11133 0.78516
vt 0.11133 0.7793
vt 0.12305 0.7793
vt 0.11133 0.79102
vt 0.12305 0.79102
vt 0.11719 0.81055
vt 0.10742 0.79492
vt 0.09766 0.79492
vt 0.06641 0.81055
vt 0.10742 0.81055
vt 0.11914 0.81055
vt 0.11133 0.79492
vt 0.07422 0.79102
vt 0.0957 0.75195
vt 0.06445 0.77148
vt 0.09766 0.79102
vt 0.63867 0.25586
vt 0.64453 0.28125
vt 0.68164 0.26172
vt 0.63672 0.27539
vt 0.66016 0.25195
vt 0.62891 0.25195
vt 0.62891 0.27148
vt 0.68164 0.2793
vt 0.68164 0.25391
vt 0.62695 0.33789
vt 0.62695 0.37305
vt 0.62695 0.34766
vt 0.63477 0.33594
vt 0.66797 0.32812
vt 0.63281 0.31641
vt 0.62695 0.32227
vt 0.67578 0.33789
vt 0.63281 0.37305
vt 0.62891 0.34766
vt 0.68555 0.37305
vt 0.69727 0.31641
vt 0.74805 0.33203
vt 0.66016 0.30664
vt 0.72266 0.29102
vt 0.68555 0.29688
vt 0.73828 0.30664
vt 0.71484 0.2793
vt 0.74805 0.37305
vt 0.68164 0.25195
vt 0.66016 0.25391
vt 0.63281 0.09375
vt 0.69336 0.27148
vt 0.73438 0.27148
vt 0.69336 0.25195
vt 0.73438 0.25195
vt 0.68555 0.07227
vt 0.63867 0.12109
vt 0.6543 0.06836
vt 0.68164 0.11719
vt 0.62891 0.10547
vt 0.64062 0.06836
vt 0.63477 0.06836
vt 0.64062 0.08789
vt 0.62695 0.00195
vt 0.62695 0.00391
vt 0.68555 0.00195
vt 0.68555 0.00391
vt 0.62695 0.03906
vt 0.68555 0.03906
vt 0.62695 0.03516
vt 0.68555 0.03516
vt 0.62695 0.00586
vt 0.68555 0.00586
vt 0.68555 0.00977
vt 0.62695 0.00977
vt 0.74805 0.13086
vt 0.74805 0.15234
vt 0.7207 0.13086
vt 0.6582 0.14258
vt 0.62695 0.14258
vt 0.62695 0.15234
vt 0.73438 0.22656
vt 0.6875 0.21875
vt 0.70312 0.24805
vt 0.69336 0.17773
vt 0.66016 0.23438
vt 0.66016 0.2207
vt 0.66797 0.23438
vt 0.73047 0.16016
vt 0.70703 0.16016
vt 0.66016 0.17969
vt 0.67969 0.24609
vt 0.66016 0.16797
vt 0.62695 0.13477
vt 0.6582 0.13477
vt 0.6582 0.14062
vt 0.75977 0.33594
vt 0.75195 0.37305
vt 0.79297 0.32812
vt 0.79883 0.33789
vt 0.74609 0.20117
vt 0.7207 0.15234
vt 0.69141 0.15234
vt 0.62695 0.1543
vt 0.6582 0.1543
vt 0.6582 0.13672
vt 0.6582 0.15625
vt 0.62695 0.15625
vt 0.62695 0.13086
vt 0.62695 0.13672
vt 0.62695 0.14062
vt 0.6582 0.15234
vt 0.80859 0.37305
vt 0.82227 0.31641
vt 0.87305 0.33203
vt 0.86133 0.30664
vt 0.84766 0.29102
vt 0.87305 0.37305
vt 0.99609 0.3125
vt 0.99219 0.33789
vt 0.94727 0.33789
vt 0.94141 0.29492
vt 0.95312 0.25977
vt 1 0.28711
vt 0.96484 0.25195
vt 0.99219 0.25781
vt 0.98242 0.25195
vt 0.99414 0.34375
vt 0.99414 0.36719
vt 0.94531 0.36523
vt 0.98438 0.37305
vt 0.95703 0.37305
vt 0.94531 0.34766
vt 0.83984 0.21094
vt 0.86523 0.23242
vt 0.8418 0.23633
vt 0.8125 0.22852
vt 0.8125 0.19336
vt 0.87109 0.22266
vt 0.83984 0.16797
vt 0.8125 0.15039
vt 0.81445 0.09375
vt 0.84766 0.14844
vt 0.85742 0.09375
vt 0.92188 0.16797
vt 0.92969 0.21094
vt 0.89062 0.16797
vt 0.88477 0.21094
vt 0.87695 0.14844
vt 0.93555 0.14844
vt 0.93164 0.09375
vt 0.88086 0.09375
vt 0.89453 0.22266
vt 0.92188 0.22266
vt 0.7793 0.20898
vt 0.75977 0.22656
vt 0.7793 0.19531
vt 0.75391 0.12695
vt 0.85352 0.17188
vt 0.875 0.20703
vt 0.875 0.17188
vt 0.85547 0.2168
vt 0.8457 0.22461
vt 0.86328 0.22461
vt 0.87695 0.24805
vt 0.88672 0.23633
vt 0.93555 0.24805
vt 0.89258 0.23438
vt 0.92773 0.23633
vt 0.92383 0.23438
vt 0.75195 0.17578
vt 0.76172 0.17773
vt 0.75195 0.20312
vt 0.81641 0.05664
vt 0.80469 0.00977
vt 0.85742 0.0293
vt 0.77148 0.01367
vt 0.85547 0.03516
vt 0.88281 0.00977
vt 0.88086 0.00195
vt 0.93164 0.00195
vt 0.99805 0.22461
vt 0.96875 0.2207
vt 0.96875 0.24805
vt 0.89648 0.03516
vt 0.90234 0.0293
vt 0.91016 0.0293
vt 0.91602 0.03516
vt 0.81055 0.00586
vt 0.88672 0.01562
vt 0.92578 0.01562
vt 0.79297 0.00195
vt 0.92969 0.00977
vt 0.93945 0.22461
vt 0.93945 0.2207
vt 0.99609 0.19336
vt 0.99609 0.15625
vt 0.96875 0.15625
vt 0.93945 0.24609
vt 0.93945 0.24219
vt 0.68555 0.13477
vt 0.68555 0.14062
vt 0.68555 0.1543
vt 0.68555 0.15234
vt 0.68555 0.13672
vt 0.69141 0.13086
vt 0.6582 0.13086
vt 0.68555 0.13086
vt 0.68555 0.14258
vt 0.68555 0.15625
vt 0.95117 0.15234
vt 0.93945 0.15234
vt 0.29688 0.89258
vt 0.30859 0.9082
vt 0.30859 0.87891
vt 0.26367 0.91797
vt 0.29492 0.89062
vt 0.29492 0.87695
vt 0.31055 0.9082
vt 0.31055 0.94141
vt 0.27734 0.9707
vt 0.29492 0.98828
vt 0.30859 0.96289
vt 0.31055 0.87695
vt 0.29492 0.92773
vt 0.30859 0.94141
vt 0.27539 0.97266
vt 0.25195 0.94141
vt 0.28516 0.94141
vt 0.30859 0.98828
vt 0.29492 0.99023
vt 0.31055 0.99023
vt 0.25391 0.94141
vt 0.31055 0.96289
vt 0.29688 0.87891
vt 0.26758 0.91992
vt 0.45312 0.51562
vt 0.45117 0.50195
vt 0.40039 0.55664
vt 0.45898 0.55273
vt 0.49219 0.55469
vt 0.47656 0.52734
vt 0.66992 0.10742
vt 0.66992 0.07227
vt 0.68555 0.10742
vt 0.67578 0.05859
vt 0.68164 0.11523
vt 0.63281 0.08789
vt 0.63867 0.05859
vt 0.64062 0.11523
vt 0.68164 0.05859
vt 0.63281 0.06836
vt 0.63281 0.10742
vt 0.62695 0.11523
vt 0.68164 0.10742
vt 0.96875 0.15234
vt 0.95117 0.19336
vt 0.93945 0.15625
vt 0.95117 0.15625
vt 0.93945 0.19336
vt 0.99609 0.15234
vt 0.96875 0.2168
vt 0.99805 0.2207
vt 0.68164 0.28125
vt 0.66992 0.28125
vt 0.67578 0.25195
vt 0.2168 0.14453
vt 0.20703 0.10352
vt 0.17969 0.11523
vt 0.14844 0.00391
vt 0.125 0.02734
vt 0.125 0.00391
vt 0.14844 0.02734
vt 0.13672 0.03516
vt 0.17383 0.15234
vt 0.16211 0.07812
vt 0.125 0.14844
vt 0.125 0.10156
vt 0.24609 0.14453
vt 0.24609 0.10352
vt 0.18164 0.15234
vt 0.15039 0.23633
vt 0.19141 0.24805
vt 0.19922 0.20117
vt 0.13477 0.19531
vt 0.24609 0.23828
vt 0.24609 0.18359
vt 0.22656 0.18359
vt 0.17578 0.20508
vt 0.1875 0.24805
vt 0.21484 0.19336
vt 0.18555 0.07812
vt 0.17773 0.08398
vt 0.14258 0.06836
vt 0.20703 0.07031
vt 0.20312 0.02539
vt 0.19141 0.02539
vt 0.17578 0.00781
vt 0.24609 0.06055
vt 0.1582 0.04492
vt 0.24609 0.04883
vt 0.17578 0.07422
vt 0.14062 0.06836
vt 0.15039 0.03711
vt 0.14258 0.0332
vt 0.14453 0.01758
vt 0.13477 0.02539
vt 0.13281 0.00977
vt 0.12891 0.06445
vt 0.12695 0.07422
vt 0.14062 0.02539
vt 0.14062 0.00977
vt 0.12891 0.01953
vt 0.68164 0.08398
vt 0.68555 0.08984
vt 0.66992 0.08984
vt 0.66211 0.11523
vt 0.10742 0.09766
vt 0.08398 0.11523
vt 0.07617 0.0918
vt 0.01172 0.19336
vt 0.00977 0.17773
vt 0.0293 0.14453
vt 0.9375 0.61719
vt 0.9375 0.5957
vt 0.97266 0.57031
vt 0.00781 0.07422
vt 0.03516 0.03516
vt 0.05859 0.05078
vt 0.9375 0.53906
vt 0.9375 0.50586
vt 0.06836 0.01758
vt 0.09766 0.00781
vt 0.10352 0.03516
vt 0.07617 0.04297
vt 0.08203 0.06641
vt 0.0625 0.02539
vt 0.07227 0.04688
vt 0.04102 0.0625
vt 0.09961 0.04102
vt 0.10938 0.06836
vt 0.08203 0.06836
vt 0.11914 0.05859
vt 0.04688 0.08789
vt 0.00195 0.13086
vt 0.00195 0.11523
vt 0.04102 0.15625
vt 0.0918 0.22461
vt 0.08984 0.17773
vt 0.11914 0.18164
vt 0.12109 0.09375
vt 0.12109 0.11523
vt 0.11719 0.11719
vt 0.0918 0.13477
vt 0.00391 0.13281
vt 0.00195 0.10547
vt 0.05078 0.16797
vt 0.10938 0.06445
vt 0.01367 0.23438
vt 0.00781 0.23633
vt 0.00586 0.19922
vt 0.03516 0.03711
vt 0.00195 0.0918
vt 0.01758 0.05078
vt 0.08789 0.16211
vt 0.11914 0.16992
vt 0.10352 0.15039
vt 0.12109 0.01172
vt 0.12109 0.06641
vt 0.00391 0.23633
vt 0.00391 0.23828
vt 0.08594 0.23828
vt 0.07422 0.23242
vt 0.10938 0.18164
vt 0.10938 0.17969
vt 0.11328 0.24609
vt 0.00586 0.21094
vt 0.04492 0.19922
vt 0.11914 0.23633
vt 0.11914 0.24609
vt 0.04688 0.20312
vt 0.07422 0.21289
vt 0.06836 0.22852
vt 0.06836 0.23828
vt 0.0625 0.23828
vt 0.06055 0.22852
vt 0.0625 0.18945
vt 0.06836 0.18945
vt 0.0625 0.16992
vt 0.06836 0.16992
vt 0.05859 0.17969
vt 0.07031 0.1875
vt 0.00195 0.19922
vt 0.00195 0.18359
vt 0.07422 0.08789
vt 0.11719 0.07422
vt 0.08789 0.1543
vt 0.08008 0.21875
vt 0.08008 0.16602
vt 0.08203 0.19336
vt 0.0957 0.14258
vt 0.05664 0.17383
vt 0.03516 0.23828
vt 0.00195 0.23633
vt 0.04883 0.22656
vt 0.05664 0.21875
vt 0.06836 0.22266
vt 0.09766 0.24414
vt 0.08984 0.23242
vt 0.10938 0.22266
vt 0.04883 0.21289
vt 0.68164 0.09766
vt 0.69336 0.05859
vt 0.6543 0.07031
vt 0.05078 0.20703
vt 0.09766 0.20898
vt 0.6543 0.12305
vt 0.67578 0.11719
vt 0.64062 0.10547
vt 0.67578 0.10742
vt 0.69531 0.06055
vt 0.69531 0.06445
vt 0.64258 0.08984
vt 0.69531 0.08398
vt 0.65039 0.08398
vt 0.6543 0.07812
vt 0.06445 0.1875
vt 0.06445 0.19141
vt 0.05664 0.19531
vt 0.07031 0.2168
vt 0.05859 0.2168
vt 0.07422 0.21094
vt 0.05664 0.20703
vt 0.07422 0.19531
vt 0.07617 0.19727
vt 0.07812 0.20312
vt 0.69531 0.06836
vt 0.64258 0.09766
vt 0.07031 0.19922
vt 0.06445 0.19531
vt 0.06445 0.19727
vt 0.06055 0.18945
vt 0.08984 0.01562
vt 0.12109 0.07422
vt 0.6582 0.06836
vt 0.05469 0.1875
vt 0.90234 0.57031
vt 0.31836 0.77344
vt 0.73242 0.07812
vt 0.73242 0.07031
vt 0.7207 0.08398
vt 0.71875 0.07812
vt 0.71094 0.09375
vt 0.69922 0.08398
vt 0.69922 0.07812
vt 0.70898 0.08203
vt 0.70898 0.09375
vt 0.70898 0.07031
vt 0.31445 0.77344
vt 0.34961 0.77344
vt 0.34961 0.75391
vt 0.25586 0.80078
vt 0.25586 0.75195
vt 0.27734 0.75195
vt 0.34766 0.77344
vt 0.3418 0.77344
vt 0.33984 0.75195
vt 0.32227 0.75195
vt 0.32812 0.75195
vt 0.32031 0.75195
vt 0.32031 0.77344
vt 0.30859 0.75586
vt 0.30078 0.81836
vt 0.29102 0.81055
vt 0.29275 0.8413
vt 0.28516 0.85156
vt 0.27734 0.79688
vt 0.26758 0.77148
vt 0.25391 0.77148
vt 0.25391 0.78516
vt 0.32812 0.77344
vt 0.32227 0.77344
vt 0.3457 0.77344
vt 0.3457 0.75195
vt 0.33594 0.75195
vt 0.33594 0.77344
vt 0.34375 0.77344
vt 0.69531 0.08203
vt 0.73242 0.08984
vt 0.73242 0.06055
vt 0.74219 0.08398
vt 0.74219 0.06836
vt 0.26758 0.79102
vt 0.25391 0.79102
vt 0.26758 0.78516
vt 0.31445 0.75391
vt 0.28906 0.75195
vt 0.34375 0.75195
vt 0.69531 0.06641
vt 0.91797 0.13672
vt 0.9082 0.13672
vt 0.90625 0.09961
vt 0.86719 0.12305
vt 0.86719 0.08789
vt 0.88867 0.08984
vt 0.87891 0.12695
vt 0.90234 0.09961
vt 0.89453 0.13672
vt 0.2793 0.78711
vt 0.28906 0.80664
vt 0.85352 0.12305
vt 0.33789 0.76953
vt 0.33789 0.76758
vt 0.34375 0.76367
vt 0.32031 0.76367
vt 0.32617 0.76758
vt 0.32617 0.76953
vt 0.33203 0.76953
vt 0.33203 0.76758
vt 0.93555 0.12695
vt 0.91016 0.09961
vt 0.28516 0.82812
vt 0.28906 0.75586
vt 0.28906 0.75391
vt 0.34375 0.76562
vt 0.32031 0.76562
vt 0.92578 0.08984
vt 0.63672 0.11523
vt 0.70508 0.07031
vt 0.68945 0.06055
vt 0.67773 0.07227
vt 0.65234 0.07422
vt 0.72266 0.08008
vt 0.69336 0.08789
vt 0.68555 0.09766
vt 0.65039 0.10547
vt 0.67969 0.08203
vt 0.68164 0.10547
vt 0.69531 0.08789
vt 0.69922 0.11133
vt 0.70508 0.09375
vt 0.71094 0.09961
vt 0.93164 0.24805
vt 0.88672 0.23242
vt 0.88086 0.24805
vt 0.91211 0.2207
vt 0.92383 0.23242
vt 0.90625 0.21875
vt 0.90039 0.2207
vt 0.63281 0.07812
vt 0.63281 0.07031
vt 0.07422 0.9707
vt 0.11914 0.95508
vt 0.07617 0.95117
vt 0.12305 0.9707
vt 0.07422 0.99023
vt 0.04102 1
vt 0.04297 0.9707
vt 0.00195 0.9707
vt 0.04297 0.93945
vt 0.00781 0.98828
vt 0.11914 0.98438
vt 0.01172 0.94727
vt 0.05273 0.92969
vt 0.05273 0.89062
vt 0.00195 0.91797
vt 0.08398 0.87891
vt 0.00195 0.9043
vt 0.12305 0.89648
vt 0.12305 0.92188
vt 0.35352 0.98047
vt 0.31445 0.92383
vt 0.31445 0.98047
vt 0.3457 0.92383
vt 0.38867 0.92383
vt 0.38867 0.98047
vt 0.41992 0.98828
vt 0.42578 0.99805
vt 0.41992 0.99805
vt 0.41406 0.98828
vt 0.41406 0.99805
vt 0.42578 0.98828
vt 0.31445 0.98438
vt 0.34375 0.99805
vt 0.31445 0.99805
vt 0.34375 0.98438
vt 0.3457 0.99805
vt 0.37695 0.98438
vt 0.3457 0.98438
vt 0.37695 0.99805
vt 0.38672 0.89453
vt 0.42969 0.90625
vt 0.42969 0.87695
vt 0.38672 0.87695
vt 0.38672 0.91602
vt 0.38672 0.90625
vt 0.43555 0.91602
vt 0.43555 0.91211
vt 0.4043 0.95312
vt 0.43164 0.92383
vt 0.39258 0.95312
vt 0.39258 0.92383
vt 0.41211 0.89844
vt 0.39648 0.91602
vt 0.41016 0.91602
vt 0.43164 0.95312
vt 0.41016 0.89648
vt 0.4082 0.89453
vt 0.40234 0.88867
vt 0.41602 0.89844
vt 0.39258 0.91602
vt 0.40625 0.87695
vt 0.39844 0.95312
vt 0.39844 0.92383
vt 0.39258 0.94141
vt 0.41211 0.92383
vt 0.33398 0.88867
vt 0.33789 0.89844
vt 0.33789 0.88086
vt 0.33984 0.91992
vt 0.34375 0.87695
vt 0.34375 0.89844
vt 0.38086 0.89844
vt 0.38086 0.87695
vt 0.34961 0.91992
vt 0.38086 0.91992
vt 0.3418 0.89844
vt 0.33984 0.88086
vt 0.34375 0.91992
vt 0.33594 0.91797
vt 0.33398 0.89844
vt 0.33594 0.88086
vt 0.33984 0.91797
vt 0.38867 0.9707
vt 0.34961 0.92383
vt 0.37109 0.9668
vt 0.38867 0.93555
vt 0.38867 0.95703
vt 0.45312 0.82227
vt 0.45312 0.78516
vt 0.46094 0.82422
vt 0.45898 0.78516
vt 0.44727 0.75195
vt 0.4668 0.78125
vt 0.43945 0.7832
vt 0.49805 0.75195
vt 0.40039 0.77344
vt 0.40039 0.78711
vt 0.40234 0.79883
vt 0.42578 0.79883
vt 0.38281 0.78711
vt 0.41406 0.81445
vt 0.37695 0.82031
vt 0.42773 0.83594
vt 0.41992 0.86914
vt 0.40039 0.83789
vt 0.37695 0.77344
vt 0.43359 0.87305
vt 0.4668 0.86914
vt 0.4707 0.86719
vt 0.4707 0.86914
vt 0.43164 0.80469
vt 0.44336 0.83203
vt 0.4668 0.86719
vt 0.45117 0.8125
vt 0.45117 0.80273
vt 0.45117 0.82812
vt 0.45117 0.78906
vt 0.39453 0.85547
vt 0.37695 0.87109
vt 0.37695 0.85547
vt 0.39453 0.87109
vt 0.4668 0.87109
vt 0.4707 0.87109
vt 0.38477 0.76758
vt 0.37891 0.75391
vt 0.37891 0.76172
vt 0.39062 0.76758
vt 0.39844 0.75391
vt 0.49805 0.77344
vt 0.49414 0.83789
vt 0.49414 0.77344
vt 0.39844 0.76367
vt 0.41797 0.80273
vt 0.49805 0.83789
vt 0.41406 0.86328
vt 0.42773 0.87109
vt 0.48828 0.82422
vt 0.47852 0.81055
vt 0.4707 0.86523
vt 0.46094 0.86133
vt 0.48828 0.7832
vt 0.47461 0.78516
vt 0.4668 0.86523
vt 0.4707 0.83008
vt 0.45898 0.86914
vt 0.40039 0.82031
vt 0.46875 0.86328
vt 0.47266 0.86133
vt 0.46875 0.86523
vt 0.47266 0.86328
vt 0.48438 0.7793
vt 0.48438 0.8457
vt 0.46875 0.86133
vt 0.47266 0.86719
vt 0.46094 0.83594
vt 0.45117 0.83984
vt 0.45508 0.87109
vt 0.47266 0.86523
vt 0.47266 0.86914
vt 0.46875 0.86719
vt 0.4668 0.86328
vt 0.44336 0.82812
vt 0.40039 0.82812
vt 0.41211 0.83008
vt 0.40039 0.83008
vt 0.00586 0.87305
vt 0.06055 0.75781
vt 0.06055 0.87305
vt 0.00586 0.75781
vt 0.13086 0.75781
vt 0.13086 0.87305
vt 0.18555 0.75781
vt 0.18555 0.87305
vt 0.24805 0.75195
vt 0.21484 0.77539
vt 0.21484 0.75195
vt 0.24805 0.77539
vt 0.19141 0.79297
vt 0.21094 0.87109
vt 0.19141 0.87109
vt 0.21094 0.79297
vt 0.21289 0.8457
vt 0.23242 0.87305
vt 0.23242 0.8457
vt 0.21289 0.87109
vt 0.23438 0.875
vt 0.2168 0.8457
vt 0.21484 0.85352
vt 0.21484 0.875
vt 0.20117 0.79297
vt 0.21094 0.87305
vt 0.23438 0.8457
vt 0.19141 0.87305
vt 0.21289 0.87305
vt 0.17578 0.77539
vt 0.17773 0.75781
vt 0.17578 0.75781
vt 0.17773 0.77539
vt 0.23828 0.77734
vt 0.23828 0.83008
vt 0.24414 0.83008
vt 0.24414 0.77734
vt 0.23242 0.84375
vt 0.2168 0.85352
vt 0.23633 0.82812
vt 0.2168 0.82812
vt 0.2168 0.77734
vt 0.23633 0.77734
vt 0.2168 0.875
vt 0.23828 0.79297
vt 0.24609 0.79297
vt 0.20898 0.81836
vt 0.19141 0.79102
vt 0.20898 0.79102
vt 0.19141 0.81836
vt 0.23242 0.76562
vt 0.23828 0.75195
vt 0.22656 0.75195
vt 0.18164 0.80859
vt 0.18164 0.81445
vt 0.18164 0.81641
vt 0.12695 0.87305
vt 0.12695 0.75781
vt 0.18555 0.75391
vt 0.13086 0.75391
vt 0.37305 0.86719
vt 0.37305 0.87305
vt 0.39844 0.76562
vt 0.37695 0.75195
vt 0.40039 0.75195
vt 0.32227 0.87305
vt 0.34375 0.85742
vt 0.31836 0.79883
vt 0.31445 0.79688
vt 0.27734 0.87305
vt 0.27734 0.85352
vt 0.34961 0.86328
vt 0.34961 0.87305
vt 0.25195 0.87305
vt 0.27734 0.86914
vt 0.26953 0.87305
vt 0.37305 0.86523
vt 0.34961 0.86523
vt 0.35156 0.7793
vt 0.35156 0.75586
vt 0.95126 0.04636
vt 0.98181 0.09675
vt 0.95824 0.09675
vt 0.26562 0.87305
vt 0.26562 0.85352
vt 0.97002 0.09675
vt 0.97668 0.10107
vt 0.96336 0.10107
vt 0.33789 0.77344
vt 0.33203 0.77344
vt 0.32617 0.77344
vt 0.32031 0.76953
vt 0.97002 0.11619
vt 0.34375 0.76953
vt 0.28906 0.84766
vt 0.31445 0.87305
vt 0.29102 0.79688
vt 0.31445 0.80664
vt 0.25391 0.75781
vt 0.26367 0.81445
vt 0.28125 0.75781
vt 0.3125 0.75195
vt 0.25781 0.75195
vt 0.2793 0.8125
vt 0.28125 0.79883
vt 0.31445 0.80273
vt 0.26953 0.80664
vt 0.3125 0.8125
vt 0.26562 0.79883
vt 0.26172 0.85352
vt 0.26172 0.87305
vt 0.27734 0.86328
vt 0.28125 0.75195
vt 0.26953 0.80859
vt 0.26562 0.81445
vt 0.25781 0.76758
vt 0.25781 0.77148
vt 0.26172 0.76758
vt 0.25977 0.76562
vt 0.25781 0.77539
vt 0.25781 0.7793
vt 0.26172 0.77539
vt 0.25781 0.7832
vt 0.26172 0.7793
vt 0.26172 0.7832
vt 0.37891 0.76562
vt 0.98879 0.04636
vt 0.26172 0.77148
vt 0.9668 0.41992
vt 0.9375 0.38086
vt 0.99023 0.43945
vt 0.9375 0.44727
vt 0.9375 0.41406
vt 0.9082 0.41992
vt 0.88477 0.43945
vt 0.97461 0.47461
vt 0.9375 0.49609
vt 0.90039 0.47461
vt 0.98828 0.42969
vt 0.88672 0.42969
vt 0.90625 0.46484
vt 0.96875 0.46484
vt 0.63867 0.12305
usemtl mat0
f 1/1/1 2/2/2 3/3/3
f 4/4/4 5/5/5 6/6/6
f 7/7/7 8/8/8 9/9/9
f 10/10/10 11/11/11 12/12/12
f 12/12/12 11/11/11 13/13/13
f 14/14/14 15/15/15 16/16/13
f 17/17/16 18/18/11 19/19/10
f 20/20/17 21/21/18 22/22/19
f 23/11/18 24/13/17 25/23/9
f 26/24/20 27/25/21 28/26/22
f 29/13/20 30/12/19 31/11/21
f 32/10/23 31/11/21 30/12/19
f 33/27/18 34/21/8 35/28/23
f 9/9/9 8/8/8 36/29/18
f 25/23/9 24/13/17 37/12/16
f 38/30/23 22/22/19 21/21/18
f 39/29/24 40/8/25 41/9/26
f 41/9/26 40/8/25 42/7/27
f 43/12/28 44/11/29 45/10/30
f 46/19/30 47/18/29 48/17/31
f 49/13/32 44/11/29 43/12/28
f 50/31/30 51/32/31 52/33/26
f 53/11/33 54/12/34 55/13/35
f 56/21/24 57/22/34 58/30/36
f 57/22/34 56/21/24 59/20/37
f 54/12/34 53/11/33 60/10/36
f 61/26/38 62/25/33 63/24/35
f 64/12/31 65/13/37 66/23/26
f 67/28/36 68/21/25 69/27/24
f 66/23/26 65/13/37 70/11/24
f 71/16/32 72/15/39 73/14/40
f 3/3/3 2/2/2 74/34/41
f 75/35/42 76/36/43 77/37/44
f 78/38/45 79/39/46 80/40/47
f 2/2/2 81/41/48 80/40/47
f 3/3/3 82/42/49 4/4/4
f 4/4/4 83/43/49 84/44/50
f 85/45/51 86/46/52 87/47/53
f 88/48/54 85/45/51 89/45/5
f 90/49/55 87/47/53 91/50/38
f 87/47/53 86/46/52 91/50/38
f 75/35/42 87/47/53 90/49/55
f 92/51/56 93/52/44 94/53/43
f 77/37/44 87/47/53 75/35/42
f 92/51/56 95/54/57 73/14/40
f 95/54/57 92/51/56 94/53/43
f 95/54/57 96/55/58 73/14/40
f 97/56/59 93/52/44 92/51/56
f 98/57/58 99/57/60 100/58/29
f 73/14/40 96/55/58 71/16/32
f 99/57/60 101/58/31 100/58/29
f 101/58/31 99/57/60 102/57/61
f 103/59/62 104/60/34 102/57/61
f 98/57/58 100/58/29 105/61/32
f 103/59/62 91/50/38 106/62/35
f 103/59/62 106/62/35 104/60/34
f 102/57/61 104/60/34 107/63/37
f 102/57/61 107/63/37 101/58/31
f 108/64/63 109/65/19 110/66/64
f 111/67/13 112/67/11 113/68/65
f 14/14/14 114/55/65 115/54/66
f 16/16/13 114/55/65 14/14/14
f 116/51/67 117/52/68 118/56/69
f 14/14/14 115/54/66 116/51/67
f 119/53/70 116/51/67 115/54/66
f 119/53/70 117/52/68 116/51/67
f 120/69/71 121/70/72 122/71/73
f 122/71/73 121/70/72 123/72/68
f 124/73/20 125/74/22 110/66/64
f 126/75/22 127/76/72 128/77/71
f 129/78/17 109/65/19 108/64/63
f 109/65/19 124/73/20 110/66/64
f 108/64/63 130/79/74 131/79/16
f 131/79/16 129/78/17 108/64/63
f 112/67/11 130/79/74 113/68/65
f 112/67/11 131/79/16 130/79/74
f 132/71/75 120/69/71 122/71/73
f 126/75/22 133/80/76 127/76/72
f 127/76/72 133/80/76 134/81/77
f 135/78/78 108/64/63 110/66/64
f 136/82/2 134/81/77 137/83/48
f 123/72/68 138/72/70 122/71/73
f 139/84/79 140/85/80 141/85/81
f 142/86/82 143/87/83 144/87/84
f 145/88/85 142/86/82 146/86/86
f 143/87/83 147/89/87 148/89/88
f 149/90/89 150/90/90 151/91/91
f 152/92/92 153/87/93 154/86/94
f 155/93/95 156/93/96 150/90/90
f 157/94/97 153/87/93 152/92/92
f 151/91/91 158/95/98 159/95/99
f 160/96/100 161/97/101 162/98/102
f 163/99/103 164/100/104 165/101/105
f 163/99/103 166/102/106 164/100/104
f 167/103/107 168/104/108 163/99/103
f 167/103/107 163/99/103 165/101/105
f 168/104/108 169/105/109 166/102/106
f 166/102/106 163/99/103 168/104/108
f 170/106/110 171/107/111 168/104/108
f 169/105/109 168/104/108 171/107/111
f 171/107/111 170/106/110 172/108/112
f 168/104/108 167/103/107 170/106/110
f 173/104/113 171/107/111 174/106/114
f 172/108/112 174/106/114 171/107/111
f 175/102/115 169/105/109 173/104/113
f 171/107/111 173/104/113 169/105/109
f 176/99/116 173/104/113 177/103/117
f 173/104/113 176/99/116 175/102/115
f 178/101/118 176/99/116 177/103/117
f 174/106/114 177/103/117 173/104/113
f 179/109/119 166/102/106 169/105/109
f 180/100/120 175/102/115 176/99/116
f 178/101/118 180/100/120 176/99/116
f 169/105/109 175/102/115 179/109/119
f 181/110/121 182/111/122 183/111/123
f 184/112/124 185/112/125 186/113/126
f 187/112/127 188/113/128 189/113/129
f 190/111/130 191/111/131 192/110/132
f 193/96/133 194/98/134 195/97/135
f 196/91/136 197/91/137 198/95/138
f 199/94/139 200/92/140 201/87/141
f 202/90/142 203/93/143 204/93/144
f 200/92/140 205/86/145 201/87/141
f 196/91/136 202/90/142 206/90/146
f 207/87/147 208/87/148 209/89/149
f 210/88/150 211/88/151 212/86/152
f 213/86/153 212/86/152 208/87/148
f 214/114/154 215/55/155 216/115/156
f 217/84/157 218/84/158 219/85/159
f 220/116/160 221/117/156 222/118/161
f 223/119/154 224/120/156 225/121/160
f 216/115/156 226/122/69 227/123/162
f 228/124/161 216/115/156 227/123/162
f 229/125/14 230/126/67 216/115/156
f 216/115/156 230/126/67 226/122/69
f 231/127/155 232/128/15 233/129/14
f 216/115/156 215/55/155 229/125/14
f 234/130/163 235/131/155 236/132/154
f 235/131/155 234/130/163 237/133/15
f 228/124/161 238/134/164 239/123/165
f 227/123/162 238/134/164 228/124/161
f 222/118/161 240/117/166 241/116/167
f 239/123/165 242/115/166 228/124/161
f 242/115/166 243/55/168 244/114/169
f 245/121/167 246/120/166 247/119/169
f 248/126/56 249/125/40 242/115/166
f 243/55/168 242/115/166 249/125/40
f 239/123/165 250/122/59 242/115/166
f 250/122/59 248/126/56 242/115/166
f 251/129/40 252/128/39 253/127/168
f 254/132/169 255/131/168 256/130/170
f 257/133/39 256/130/170 255/131/168
f 258/135/163 259/136/170 260/137/15
f 260/137/15 259/136/170 261/138/39
f 262/139/161 263/139/167 264/139/160
f 265/140/171 266/141/172 267/142/173
f 268/143/174 266/141/172 269/144/175
f 270/145/176 271/146/177 272/147/178
f 271/146/177 270/145/176 267/142/173
f 273/148/179 274/149/180 272/147/178
f 273/148/179 272/147/178 271/146/177
f 275/150/181 274/149/180 276/151/182
f 277/152/183 276/151/182 274/149/180
f 276/151/182 277/152/183 269/144/175
f 278/153/184 269/144/175 277/152/183
f 267/142/173 266/141/172 268/143/174
f 268/143/174 269/144/175 278/153/184
f 279/154/182 280/155/185 281/156/186
f 282/157/187 281/156/186 280/155/185
f 283/158/188 284/159/189 285/160/190
f 281/156/186 284/159/189 283/158/188
f 286/161/191 287/162/192 272/147/178
f 288/163/171 289/164/188 290/165/172
f 291/152/193 275/150/181 292/166/186
f 291/152/193 286/161/191 275/150/181
f 291/152/193 292/166/186 293/167/194
f 293/167/194 292/166/186 294/141/188
f 270/145/176 287/162/192 265/140/171
f 293/167/194 294/141/188 265/140/171
f 272/147/178 275/150/181 286/161/191
f 272/147/178 287/162/192 270/145/176
f 295/168/195 296/169/172 297/170/196
f 283/158/188 285/160/190 296/169/172
f 295/168/195 298/171/197 280/155/185
f 297/170/196 296/169/172 285/160/190
f 296/169/172 295/168/195 269/144/175
f 279/154/182 295/168/195 280/155/185
f 295/168/195 297/170/196 298/171/197
f 265/140/171 267/142/173 270/145/176
f 275/150/181 272/147/178 274/149/180
f 275/150/181 299/172/182 292/166/186
f 265/140/171 287/162/192 293/167/194
f 281/156/186 282/157/187 284/159/189
f 269/144/175 295/168/195 279/154/182
f 300/173/177 301/174/174 302/175/179
f 303/176/173 301/174/174 300/173/177
f 304/177/183 302/175/179 301/174/174
f 305/178/180 302/175/179 304/177/183
f 304/177/183 301/174/174 306/179/184
f 298/171/197 297/170/196 307/180/198
f 298/171/197 308/181/199 309/182/200
f 284/159/189 310/183/201 311/184/202
f 282/157/187 312/185/203 310/183/201
f 297/170/196 285/160/190 311/184/202
f 282/157/187 280/155/185 309/182/200
f 311/184/202 313/186/204 314/187/198
f 309/182/200 313/186/204 312/185/203
f 312/185/203 313/186/204 310/183/201
f 315/188/199 313/186/204 309/182/200
f 310/183/201 313/186/204 311/184/202
f 314/187/198 313/186/204 316/189/199
f 317/190/205 318/191/206 319/192/207
f 320/193/208 321/194/205 322/195/207
f 323/196/209 324/197/210 325/198/211
f 324/197/210 323/196/209 326/199/212
f 324/197/210 327/200/213 328/201/214
f 328/201/214 325/198/211 324/197/210
f 329/202/215 324/197/210 326/199/212
f 327/200/213 324/197/210 329/202/215
f 330/203/216 323/196/209 325/198/211
f 323/196/209 330/203/216 326/199/212
f 331/204/217 325/198/211 332/205/218
f 325/198/211 331/204/217 330/203/216
f 333/206/219 332/205/218 328/201/214
f 325/198/211 328/201/214 332/205/218
f 334/207/220 328/201/214 327/200/213
f 328/201/214 334/207/220 333/206/219
f 335/208/221 336/209/222 337/210/223
f 338/211/224 339/212/225 340/213/226
f 336/209/222 341/214/227 342/202/228
f 342/202/228 337/210/223 336/209/222
f 343/215/229 344/216/230 336/209/222
f 341/214/227 336/209/222 344/216/230
f 345/217/231 343/215/229 335/208/221
f 336/209/222 335/208/221 343/215/229
f 346/218/232 347/219/233 343/215/229
f 343/215/229 345/217/231 346/218/232
f 347/219/233 346/218/232 348/220/234
f 344/216/230 343/215/229 347/219/233
f 346/218/232 349/221/235 350/222/236
f 350/222/236 348/220/234 346/218/232
f 345/217/231 351/223/237 349/221/235
f 349/221/235 346/218/232 345/217/231
f 352/224/238 350/222/236 349/221/235
f 349/221/235 351/223/237 352/224/238
f 335/208/221 353/225/239 345/217/231
f 351/223/237 345/217/231 353/225/239
f 337/210/223 354/226/240 335/208/221
f 354/226/240 353/225/239 335/208/221
f 355/227/241 356/228/225 357/229/242
f 358/212/243 357/229/242 356/228/225
f 359/230/244 360/229/245 361/231/246
f 362/232/247 361/231/246 360/229/245
f 363/233/248 364/234/249 365/235/250
f 364/234/249 363/233/248 366/236/251
f 367/237/252 366/236/251 363/233/248
f 368/238/253 365/235/250 364/234/249
f 369/239/254 370/240/255 371/241/256
f 372/242/257 373/243/258 374/244/259
f 358/212/243 375/245/260 376/246/261
f 358/212/243 376/246/261 357/229/242
f 377/247/205 378/248/234 379/249/262
f 380/232/263 357/229/242 376/246/261
f 381/250/208 382/251/264 378/248/234
f 378/248/234 377/247/205 381/250/208
f 383/228/265 384/252/266 385/253/267
f 385/253/267 386/212/268 383/228/265
f 387/254/207 388/255/269 389/256/270
f 390/211/271 386/212/268 385/253/267
f 388/255/269 391/257/272 389/256/270
f 392/233/273 393/258/274 394/235/275
f 393/258/274 392/233/273 395/236/276
f 396/237/277 395/236/276 392/233/273
f 397/238/278 394/235/275 393/258/274
f 398/211/279 399/212/280 400/213/281
f 401/259/257 402/260/282 403/261/283
f 404/227/284 383/228/265 360/229/245
f 405/262/285 406/263/286 407/264/287
f 408/265/288 409/266/289 410/267/290
f 411/268/268 360/229/245 383/228/265
f 412/269/291 413/270/292 414/271/293
f 412/269/291 414/271/293 415/269/294
f 413/270/292 416/272/295 417/273/296
f 416/272/295 413/270/292 412/269/291
f 417/273/296 418/274/297 419/275/298
f 417/273/296 419/275/298 413/270/292
f 420/276/299 421/277/300 418/274/297
f 421/277/300 419/275/298 418/274/297
f 422/212/301 423/211/302 424/213/303
f 425/278/257 426/279/283 427/280/304
f 428/229/241 429/230/305 430/231/306
f 428/229/241 430/231/306 431/232/307
f 432/229/284 433/230/308 434/231/309
f 432/229/284 434/231/309 435/232/310
f 436/281/311 437/282/312 438/229/313
f 439/212/314 436/281/311 438/229/313
f 436/281/311 440/213/315 441/232/316
f 437/282/312 436/281/311 441/232/316
f 442/283/317 439/212/314 443/228/318
f 444/211/319 439/212/314 442/283/317
f 445/284/301 446/245/303 447/229/320
f 443/228/318 448/252/321 442/283/317
f 449/232/322 447/229/320 450/285/323
f 450/285/323 447/229/320 446/245/303
f 449/232/322 451/231/324 447/229/320
f 452/230/325 447/229/320 451/231/324
f 453/286/245 454/287/244 404/227/284
f 455/288/308 404/227/284 454/287/244
f 456/289/326 457/290/270 458/291/272
f 456/289/326 458/291/272 459/292/327
f 460/293/328 461/294/329 462/295/330
f 463/230/331 438/229/313 464/232/312
f 461/294/329 465/296/332 466/297/333
f 466/297/333 462/295/330 461/294/329
f 466/297/333 467/298/334 468/299/335
f 467/298/334 466/297/333 465/296/332
f 462/295/330 466/297/333 469/300/336
f 468/299/335 469/300/336 466/297/333
f 467/298/334 470/301/337 471/302/338
f 471/302/338 468/299/335 467/298/334
f 470/301/337 465/296/332 472/303/339
f 465/296/332 470/301/337 467/298/334
f 473/304/304 474/305/258 475/306/257
f 476/307/340 471/302/338 470/301/337
f 477/202/278 478/197/341 479/199/275
f 480/308/304 481/309/342 474/305/258
f 482/200/343 478/197/341 477/202/278
f 483/201/344 484/198/345 478/197/341
f 478/197/341 482/200/343 483/201/344
f 478/197/341 485/196/346 479/199/275
f 485/196/346 478/197/341 484/198/345
f 486/203/347 485/196/346 484/198/345
f 485/196/346 486/203/347 479/199/275
f 487/310/348 484/198/345 488/205/277
f 484/198/345 487/310/348 486/203/347
f 489/220/276 488/205/277 483/201/344
f 484/198/345 483/201/344 488/205/277
f 490/207/349 483/201/344 482/200/343
f 483/201/344 490/207/349 489/220/276
f 491/229/350 492/230/351 493/231/352
f 491/229/350 493/231/352 494/232/353
f 495/207/217 496/311/354 497/312/355
f 496/311/354 495/207/217 498/220/218
f 499/313/356 500/200/216 497/312/355
f 497/312/355 500/200/216 495/207/217
f 501/314/357 497/312/355 502/315/358
f 497/312/355 501/314/357 499/313/356
f 502/315/358 496/311/354 503/316/359
f 496/311/354 502/315/358 497/312/355
f 504/317/360 505/318/361 502/315/358
f 503/316/359 504/317/360 502/315/358
f 506/319/362 501/314/357 505/318/361
f 502/315/358 505/318/361 501/314/357
f 507/225/363 499/313/356 501/314/357
f 501/314/357 506/319/362 507/225/363
f 508/320/364 509/321/365 507/225/363
f 499/313/356 507/225/363 509/321/365
f 509/321/365 510/202/212 499/313/356
f 507/225/363 506/319/362 508/320/364
f 498/220/218 503/316/359 496/311/354
f 500/200/216 499/313/356 510/202/212
f 511/322/366 512/323/367 513/324/368
f 386/212/268 390/211/271 514/213/369
f 515/233/274 516/325/370 517/235/278
f 516/325/370 515/233/274 518/236/269
f 519/237/276 518/236/269 515/233/274
f 520/238/371 517/235/278 516/325/370
f 521/326/372 522/327/282 523/305/259
f 521/326/372 523/305/259 524/328/373
f 525/329/374 526/330/375 527/329/376
f 528/331/282 529/324/257 523/305/259
f 530/234/248 531/233/330 532/236/252
f 358/212/243 533/211/377 534/213/260
f 535/238/250 536/235/328 530/234/248
f 531/233/330 530/234/248 536/235/328
f 537/237/336 532/236/252 531/233/330
f 538/332/288 539/333/378 540/334/379
f 541/261/380 542/259/368 543/209/342
f 544/329/337 545/330/339 546/329/340
f 439/212/314 444/211/319 547/213/311
f 548/196/381 549/335/382 550/336/383
f 549/335/382 548/196/381 551/198/384
f 552/214/385 548/196/381 553/202/386
f 550/336/383 553/202/386 548/196/381
f 554/207/366 551/198/384 552/214/385
f 548/196/381 552/214/385 551/198/384
f 555/310/387 551/198/384 556/205/388
f 551/198/384 554/207/366 556/205/388
f 557/206/380 556/205/388 554/207/366
f 551/198/384 555/310/387 549/335/382
f 558/329/389 559/330/362 560/329/361
f 561/337/207 562/338/264 563/339/208
f 564/298/390 565/340/391 566/341/392
f 565/340/391 564/298/390 567/342/393
f 564/298/390 568/343/374 569/344/394
f 566/341/392 568/343/374 564/298/390
f 570/345/393 571/346/277 565/340/391
f 569/344/394 570/345/393 564/298/390
f 565/340/391 572/234/273 573/347/395
f 572/234/273 565/340/391 571/346/277
f 568/343/374 566/341/392 574/240/375
f 573/347/395 566/341/392 565/340/391
f 575/293/275 573/347/395 572/234/273
f 576/348/376 569/344/394 568/343/374
f 577/349/396 358/212/243 356/228/225
f 578/350/373 579/305/327 580/326/397
f 533/211/377 358/212/243 577/349/396
f 356/228/225 581/252/224 577/349/396
f 582/228/280 583/252/279 584/253/398
f 584/253/398 422/212/301 582/228/280
f 585/324/373 586/351/259 587/244/327
f 423/211/302 422/212/301 584/253/398
f 588/286/320 589/287/325 590/227/350
f 591/352/351 590/227/350 589/287/325
f 592/353/379 593/354/286 594/355/289
f 594/355/289 595/356/288 596/357/379
f 597/246/399 598/281/226 599/284/225
f 600/358/287 601/359/286 602/360/205
f 428/229/241 431/232/307 597/246/399
f 597/246/399 599/284/225 428/229/241
f 603/361/400 604/362/270 605/363/401
f 606/364/342 607/365/368 608/323/258
f 380/232/263 609/231/402 357/229/242
f 610/230/403 357/229/242 609/231/402
f 611/288/228 612/366/287 613/367/205
f 613/367/205 614/368/262 611/288/228
f 615/211/266 616/212/265 617/213/404
f 618/369/405 619/370/376 620/371/406
f 621/372/394 619/370/376 618/369/405
f 622/311/407 618/369/405 623/373/408
f 620/371/406 623/373/408 618/369/405
f 624/374/393 621/372/394 618/369/405
f 618/369/405 622/311/407 624/374/393
f 622/311/407 625/207/348 626/220/277
f 626/220/277 624/374/393 622/311/407
f 623/373/408 627/200/347 625/207/348
f 625/207/348 622/311/407 623/373/408
f 623/373/408 620/371/406 628/313/409
f 628/313/409 627/200/347 623/373/408
f 628/313/409 629/225/410 630/375/395
f 629/225/410 628/313/409 620/371/406
f 627/200/347 628/313/409 631/202/275
f 630/375/395 631/202/275 628/313/409
f 629/225/410 632/278/375 633/376/392
f 633/376/392 630/375/395 629/225/410
f 632/278/375 620/371/406 619/370/376
f 620/371/406 632/278/375 629/225/410
f 634/198/411 635/204/412 636/203/413
f 636/203/413 637/196/414 634/198/411
f 634/198/411 638/201/415 639/377/336
f 635/204/412 634/198/411 639/377/336
f 637/196/414 640/197/416 634/198/411
f 638/201/415 634/198/411 640/197/416
f 641/378/328 642/202/250 640/197/416
f 640/197/416 637/196/414 641/378/328
f 640/197/416 643/214/417 638/201/415
f 643/214/417 640/197/416 642/202/250
f 638/201/415 644/207/418 645/379/252
f 644/207/418 638/201/415 643/214/417
f 637/196/414 636/203/413 641/378/328
f 645/379/252 639/377/336 638/201/415
f 646/379/269 647/205/276 648/380/419
f 648/380/419 649/207/272 646/379/269
f 648/380/419 650/204/349 651/203/343
f 650/204/349 648/380/419 647/205/276
f 652/196/420 649/207/272 648/380/419
f 651/203/343 652/196/420 648/380/419
f 653/214/397 652/196/420 654/381/371
f 649/207/272 652/196/420 653/214/397
f 652/196/420 651/203/343 655/199/278
f 655/199/278 654/381/371 652/196/420
f 656/276/421 657/382/293 658/383/422
f 654/381/371 659/202/423 653/214/397
f 656/276/421 660/270/424 661/384/425
f 656/276/421 662/385/294 657/382/293
f 663/386/426 664/271/300 661/384/425
f 660/270/424 663/386/426 661/384/425
f 660/270/424 656/276/421 658/383/422
f 665/269/299 661/384/425 664/271/300
f 666/387/427 667/209/372 668/388/423
f 668/388/423 667/209/372 669/389/373
f 670/286/313 671/287/331 672/227/428
f 673/352/429 672/227/428 671/287/331
f 674/242/430 675/390/295 676/391/431
f 674/242/430 677/392/296 675/390/295
f 678/393/291 676/391/431 675/390/295
f 679/394/432 680/395/433 676/391/431
f 676/391/431 678/393/291 679/394/432
f 676/391/431 681/396/434 674/242/430
f 681/396/434 676/391/431 680/395/433
f 682/397/435 683/324/436 681/396/434
f 683/324/436 674/242/430 681/396/434
f 680/395/433 684/398/437 681/396/434
f 682/397/435 681/396/434 684/398/437
f 684/398/437 685/399/438 686/400/439
f 685/399/438 684/398/437 680/395/433
f 687/401/440 685/399/438 679/394/432
f 687/401/440 686/400/439 685/399/438
f 688/402/294 679/394/432 678/393/291
f 680/395/433 679/394/432 685/399/438
f 689/403/421 687/401/440 688/402/294
f 679/394/432 688/402/294 687/401/440
f 690/404/386 691/405/441 692/406/437
f 682/397/435 692/406/437 691/405/441
f 693/407/442 694/408/443 691/405/441
f 693/407/442 691/405/441 690/404/386
f 694/408/443 695/409/444 682/397/435
f 691/405/441 694/408/443 682/397/435
f 696/410/249 697/411/445 694/408/443
f 694/408/443 697/411/445 695/409/444
f 698/412/380 694/408/443 693/407/442
f 698/412/380 696/410/249 694/408/443
f 699/413/283 697/411/445 696/410/249
f 700/414/253 696/410/249 698/412/380
f 701/415/446 702/416/447 697/411/445
f 699/413/283 701/415/446 697/411/445
f 702/416/447 703/417/448 695/409/444
f 702/416/447 695/409/444 697/411/445
f 704/418/423 705/419/370 702/416/447
f 705/419/370 703/417/448 702/416/447
f 706/420/449 701/415/446 699/413/283
f 704/418/423 702/416/447 701/415/446
f 707/421/251 699/413/283 696/410/249
f 708/422/371 705/419/370 704/418/423
f 709/423/427 704/418/423 710/424/446
f 711/425/269 319/192/207 703/417/448
f 711/425/269 703/417/448 705/419/370
f 712/426/206 695/409/444 703/417/448
f 703/417/448 319/192/207 712/426/206
f 712/426/206 713/427/450 683/324/436
f 683/324/436 695/409/444 712/426/206
f 714/428/286 712/426/206 317/190/205
f 712/426/206 714/428/286 713/427/450
f 715/429/379 716/430/451 713/427/450
f 715/429/379 713/427/450 714/428/286
f 674/242/430 683/324/436 713/427/450
f 713/427/450 716/430/451 674/242/430
f 677/392/296 674/242/430 716/430/451
f 695/409/444 683/324/436 682/397/435
f 717/431/378 718/432/297 716/430/451
f 716/430/451 718/432/297 677/392/296
f 719/433/452 720/434/453 721/435/454
f 716/430/451 715/429/379 717/431/378
f 721/435/454 722/436/455 723/437/264
f 722/436/455 721/435/454 720/434/453
f 724/438/285 725/439/456 720/434/453
f 726/440/234 723/437/264 722/436/455
f 727/441/287 728/442/228 725/439/456
f 725/439/456 724/438/285 727/441/287
f 720/434/453 719/433/452 724/438/285
f 729/380/457 730/207/372 731/205/219
f 732/379/427 731/205/219 730/207/372
f 729/380/457 733/204/220 734/203/213
f 733/204/220 729/380/457 731/205/219
f 735/196/458 736/214/282 729/380/457
f 734/203/213 735/196/458 729/380/457
f 737/381/449 738/202/283 736/214/282
f 730/207/372 729/380/457 736/214/282
f 739/199/215 737/381/449 735/196/458
f 736/214/282 735/196/458 737/381/449
f 740/443/452 741/444/459 742/197/285
f 735/196/458 734/203/213 739/199/215
f 741/444/459 740/443/452 743/445/460
f 744/214/289 742/197/285 741/444/459
f 743/445/460 745/446/454 746/447/461
f 745/446/454 743/445/460 740/443/452
f 747/448/462 748/449/255 749/226/463
f 750/450/264 746/447/461 745/446/454
f 747/448/462 751/313/464 752/451/465
f 752/451/465 748/449/255 747/448/462
f 749/226/463 753/452/466 747/448/462
f 751/313/464 747/448/462 753/452/466
f 754/200/467 751/313/464 755/202/468
f 753/452/466 755/202/468 751/313/464
f 756/312/469 752/451/465 751/313/464
f 751/313/464 754/200/467 756/312/469
f 757/311/470 758/453/471 756/312/469
f 752/451/465 756/312/469 758/453/471
f 756/312/469 754/200/467 759/207/472
f 759/207/472 757/311/470 756/312/469
f 757/311/470 759/207/472 760/236/473
f 758/453/471 757/311/470 761/222/474
f 760/236/473 761/222/474 757/311/470
f 762/454/475 763/455/256 758/453/471
f 761/222/474 762/454/475 758/453/471
f 748/449/255 752/451/465 763/455/256
f 758/453/471 763/455/256 752/451/465
f 764/196/476 765/203/467 766/336/468
f 766/336/468 767/202/383 764/196/476
f 764/196/476 768/197/477 769/380/478
f 765/203/467 764/196/476 769/380/478
f 768/197/477 767/202/383 770/200/382
f 768/197/477 764/196/476 767/202/383
f 771/201/479 769/380/478 768/197/477
f 768/197/477 770/200/382 771/201/479
f 772/220/388 773/377/473 771/201/479
f 769/380/478 771/201/479 773/377/473
f 774/207/387 771/201/479 770/200/382
f 771/201/479 774/207/387 772/220/388
f 769/380/478 775/204/472 765/203/467
f 775/204/472 769/380/478 773/377/473
f 776/456/480 777/457/259 778/458/258
f 776/456/480 779/459/327 777/457/259
f 780/460/367 781/461/481 776/456/480
f 778/458/258 780/460/367 776/456/480
f 776/456/480 782/462/421 783/463/425
f 782/462/421 776/456/480 781/461/481
f 779/459/327 776/456/480 784/464/482
f 784/464/482 776/456/480 783/463/425
f 785/465/483 786/466/484 784/464/482
f 779/459/327 784/464/482 786/466/484
f 787/467/299 784/464/482 783/463/425
f 787/467/299 785/465/483 784/464/482
f 788/468/439 789/469/440 781/461/481
f 789/469/440 782/462/421 781/461/481
f 790/470/207 791/471/270 792/472/400
f 781/461/481 780/460/367 788/468/439
f 793/264/264 794/473/207 795/474/461
f 796/475/400 795/474/461 794/473/207
f 797/476/485 798/477/486 799/235/468
f 798/477/486 797/476/485 800/300/388
f 801/237/473 800/300/388 797/476/485
f 802/293/383 799/235/468 798/477/486
f 803/234/446 804/233/487 805/300/427
f 806/478/366 807/479/385 808/363/367
f 809/238/449 810/235/215 803/234/446
f 804/233/487 803/234/446 810/235/215
f 811/480/281 494/232/353 812/246/488
f 813/237/219 805/300/427 804/233/487
f 494/232/353 399/212/280 491/229/350
f 399/212/280 494/232/353 811/480/281
f 814/481/489 360/229/245 514/213/369
f 362/232/247 360/229/245 814/481/489
f 815/482/397 816/323/327 817/304/272
f 386/212/268 514/213/369 360/229/245
f 672/227/428 443/228/318 438/229/313
f 818/268/314 438/229/313 443/228/318
f 819/241/254 820/483/463 370/240/255
f 821/279/380 822/484/366 823/485/368
f 824/486/490 825/487/491 820/483/463
f 820/483/463 819/241/254 824/486/490
f 825/487/491 826/234/485 827/488/466
f 827/488/466 820/483/463 825/487/491
f 828/345/474 829/300/473 825/487/491
f 826/234/485 825/487/491 829/300/473
f 830/489/475 828/345/474 824/486/490
f 825/487/491 824/486/490 828/345/474
f 831/490/256 830/489/475 819/241/254
f 824/486/490 819/241/254 830/489/475
f 832/491/459 833/492/290 834/493/289
f 835/494/468 827/488/466 826/234/485
f 836/495/460 837/496/492 832/491/459
f 833/492/290 832/491/459 837/496/492
f 838/497/401 839/498/484 837/496/492
f 840/499/483 837/496/492 839/498/484
f 841/500/460 838/497/401 842/501/492
f 838/497/401 841/500/460 843/502/461
f 844/234/442 845/476/486 846/346/380
f 838/497/401 843/502/461 847/503/400
f 848/293/386 849/235/383 844/234/442
f 845/476/486 844/234/442 849/235/383
f 850/305/367 851/504/258 852/242/368
f 853/505/388 846/346/380 845/476/486
f 854/506/439 855/507/385 856/508/437
f 857/506/367 855/507/385 854/506/439
f 858/238/215 859/235/212 860/234/487
f 861/509/386 856/508/437 855/507/385
f 860/234/487 862/233/493 863/236/219
f 862/233/493 860/234/487 859/235/212
f 864/229/428 865/231/494 866/232/495
f 867/237/218 863/236/219 862/233/493
f 864/229/428 868/510/496 869/212/318
f 864/229/428 870/230/429 865/231/494
f 868/510/496 866/232/495 871/245/497
f 868/510/496 864/229/428 866/232/495
f 616/212/265 435/232/310 872/511/404
f 872/511/404 435/232/310 873/245/498
f 590/227/350 582/228/280 447/229/320
f 435/232/310 616/212/265 432/229/284
f 874/512/251 875/207/304 876/379/283
f 877/268/301 447/229/320 582/228/280
f 878/198/499 875/207/304 879/205/252
f 874/512/251 879/205/252 875/207/304
f 880/196/500 881/214/342 878/198/499
f 875/207/304 878/198/499 881/214/342
f 878/198/499 882/310/418 883/335/417
f 883/335/417 880/196/500 878/198/499
f 880/196/500 883/335/417 884/199/250
f 882/310/418 878/198/499 879/205/252
f 881/214/342 880/196/500 885/381/253
f 884/199/250 885/381/253 880/196/500
f 886/241/389 887/341/364 559/330/362
f 885/381/253 888/202/380 881/214/342
f 889/486/501 890/487/502 887/341/364
f 887/341/364 886/241/389 889/486/501
f 890/487/502 891/234/493 892/488/365
f 892/488/365 887/341/364 890/487/502
f 893/513/359 894/236/218 890/487/502
f 891/234/493 890/487/502 894/236/218
f 895/489/360 893/513/359 889/486/501
f 890/487/502 889/486/501 893/513/359
f 896/514/361 895/489/360 886/241/389
f 889/486/501 886/241/389 895/489/360
f 897/352/305 355/227/241 898/287/403
f 899/238/212 892/488/365 891/234/493
f 900/448/503 901/449/339 902/515/332
f 357/229/242 898/287/403 355/227/241
f 903/313/504 900/448/503 904/516/329
f 902/515/332 904/516/329 900/448/503
f 905/517/505 901/449/339 900/448/503
f 900/448/503 903/313/504 905/517/505
f 906/453/506 907/455/340 905/517/505
f 901/449/339 905/517/505 907/455/340
f 908/373/507 905/517/505 903/313/504
f 905/517/505 908/373/507 906/453/506
f 908/373/507 909/200/413 910/207/412
f 903/313/504 909/200/413 908/373/507
f 911/311/508 906/453/506 908/373/507
f 910/207/412 911/311/508 908/373/507
f 912/220/336 913/518/335 911/311/508
f 906/453/506 911/311/508 913/518/335
f 913/518/335 914/519/338 906/453/506
f 911/311/508 910/207/412 912/220/336
f 909/200/413 903/313/504 915/202/328
f 914/519/338 907/455/340 906/453/506
f 904/516/329 915/202/328 903/313/504
f 916/520/401 917/521/270 918/323/326
f 918/323/326 919/522/484 916/520/401
f 837/496/492 920/503/509 921/523/290
f 922/520/484 918/323/326 923/524/327
f 924/475/288 921/523/290 920/503/509
f 925/498/483 920/503/509 837/496/492
f 926/203/227 927/525/456 928/336/228
f 929/526/423 930/259/373 931/527/397
f 932/528/230 933/529/453 926/203/227
f 927/525/456 926/203/227 933/529/453
f 934/530/233 935/531/455 932/528/230
f 933/529/453 932/528/230 935/531/455
f 936/532/509 937/533/378 938/363/288
f 935/531/455 934/530/233 939/205/234
f 940/534/299 941/535/297 936/532/509
f 941/535/297 937/533/378 936/532/509
f 406/263/286 942/536/285 943/537/289
f 936/532/509 944/538/483 940/534/299
f 945/298/510 946/330/237 947/539/239
f 948/211/321 869/212/318 949/213/496
f 950/486/511 945/298/510 951/540/240
f 947/539/239 951/540/240 945/298/510
f 945/298/510 952/483/238 946/330/237
f 952/483/238 945/298/510 950/486/511
f 950/486/511 953/541/512 954/542/236
f 954/542/236 952/483/238 950/486/511
f 951/540/240 955/543/223 950/486/511
f 953/541/512 950/486/511 955/543/223
f 956/544/262 953/541/512 957/346/228
f 955/543/223 957/346/228 953/541/512
f 958/293/234 954/542/236 956/544/262
f 953/541/512 956/544/262 954/542/236
f 959/545/513 960/546/514 961/547/515
f 960/546/514 959/545/513 962/548/516
f 959/545/513 963/549/517 964/547/518
f 963/549/517 959/545/513 961/547/515
f 962/548/516 959/545/513 965/546/519
f 965/546/519 959/545/513 964/547/518
f 966/550/520 967/551/521 962/548/516
f 966/550/520 962/548/516 965/546/519
f 962/548/516 968/550/522 960/546/514
f 967/551/521 968/550/522 962/548/516
f 969/552/523 967/551/521 966/550/520
f 967/551/521 969/552/523 968/550/522
f 970/553/524 971/553/525 972/553/518
f 973/553/526 971/553/525 970/553/524
f 972/553/518 974/553/515 975/553/519
f 974/553/515 972/553/518 971/553/525
f 976/554/517 977/550/515 978/555/525
f 979/553/514 975/553/519 974/553/515
f 976/554/517 973/553/526 980/555/524
f 973/553/526 976/554/517 978/555/525
f 981/555/522 982/555/523 983/553/527
f 984/550/518 985/550/517 980/555/524
f 986/556/523 987/555/520 983/553/527
f 983/553/527 988/553/520 989/553/522
f 990/557/528 991/558/529 992/559/530
f 993/560/531 991/558/529 990/557/528
f 994/561/422 990/557/528 995/562/532
f 992/559/530 995/562/532 990/557/528
f 996/563/533 997/564/424 995/562/532
f 994/561/422 995/562/532 997/564/424
f 997/564/424 998/565/534 999/566/426
f 997/564/424 996/563/533 998/565/534
f 1000/567/535 1001/568/536 998/565/534
f 999/566/426 998/565/534 1001/568/536
f 1001/568/536 1002/569/537 1003/570/538
f 1002/569/537 1001/568/536 1000/567/535
f 1001/568/536 1004/571/300 999/566/426
f 1003/570/538 1004/571/300 1001/568/536
f 1002/569/537 1005/572/539 1006/573/540
f 1006/573/540 1003/570/538 1002/569/537
f 1000/567/535 1007/574/541 1002/569/537
f 1005/572/539 1002/569/537 1007/574/541
f 1008/575/542 1005/572/539 1009/576/543
f 1009/576/543 1005/572/539 1007/574/541
f 1010/577/544 1006/573/540 1005/572/539
f 1008/575/542 1010/577/544 1005/572/539
f 1011/578/545 1008/575/542 1009/576/543
f 1012/579/546 1010/577/544 1008/575/542
f 1013/580/547 1011/578/545 1014/581/548
f 1011/578/545 1013/580/547 1008/575/542
f 1014/581/548 991/558/529 993/560/531
f 1014/581/548 993/560/531 1013/580/547
f 1015/582/549 1016/583/535 1017/584/534
f 1018/585/293 1019/586/528 1020/587/422
f 1015/582/549 1017/584/534 1021/588/533
f 1022/589/530 1023/590/529 1015/582/549
f 1015/582/549 1021/588/533 1022/589/530
f 1015/582/549 1024/591/550 1016/583/535
f 1024/591/550 1015/582/549 1023/590/529
f 1025/592/545 1026/593/541 1024/591/550
f 1026/593/541 1016/583/535 1024/591/550
f 1023/590/529 1027/594/548 1024/591/550
f 1025/592/545 1024/591/550 1027/594/548
f 1028/595/532 1022/589/530 1021/588/533
f 1025/592/545 1029/596/543 1026/593/541
f 1030/597/551 1031/598/292 1032/599/552
f 1030/597/551 1032/599/552 1033/600/553
f 1034/601/554 1033/600/553 1032/599/552
f 1035/602/298 1032/599/552 1031/598/292
f 1036/603/555 1037/604/556 1034/601/554
f 1033/600/553 1034/601/554 1037/604/556
f 1038/605/544 1039/606/555 1040/607/554
f 1041/608/546 1039/606/555 1038/605/544
f 1042/569/540 1040/607/554 1043/609/552
f 1038/605/544 1040/607/554 1042/569/540
f 1043/609/552 1044/610/298 1045/611/538
f 1042/569/540 1043/609/552 1045/611/538
f 1041/608/546 1046/612/556 1039/606/555
f 1004/571/300 1045/611/538 1044/610/298
f 1047/613/557 1048/614/558 1046/612/556
f 1047/613/557 1046/612/556 1041/608/546
f 1048/614/558 1049/615/553 1046/612/556
f 1050/616/559 1048/614/558 1051/617/528
f 1048/614/558 1050/616/559 1049/615/553
f 1048/614/558 1047/613/557 1052/618/531
f 1052/618/531 1051/617/528 1048/614/558
f 1051/617/528 1053/619/293 1050/616/559
f 1054/620/547 1052/618/531 1047/613/557
f 1055/621/551 1050/616/559 1056/622/292
f 1050/616/559 1053/619/293 1056/622/292
f 1050/616/559 1055/621/551 1049/615/553
f 1047/613/557 1041/608/546 1057/608/560
f 1058/575/561 1008/575/542 1013/580/547
f 1012/579/546 1008/575/542 1058/575/561
f 1059/620/562 1054/620/547 1047/613/557
f 1060/579/560 1058/575/561 1061/579/563
f 1059/620/562 1062/613/564 1063/620/563
f 1058/575/561 1064/580/562 1065/575/563
f 1062/613/564 1057/608/560 1066/613/563
f 1067/623/565 1068/624/566 1069/625/567
f 1069/625/567 1070/626/568 1067/623/565
f 1071/627/568 1072/628/567 1073/629/569
f 1073/629/569 1074/630/570 1071/627/568
f 1075/626/570 1076/628/569 1077/624/571
f 1077/624/571 1078/631/572 1075/626/570
f 1079/632/566 1080/633/565 1081/634/573
f 1081/634/573 1082/635/574 1079/632/566
f 1083/633/572 1084/632/571 1085/635/575
f 1085/635/575 1086/634/576 1083/633/572
f 1087/636/574 1088/637/573 1089/638/576
f 1089/638/576 1090/639/575 1087/636/574
f 1091/640/568 1092/641/572 1093/642/573
f 1093/642/573 1094/643/565 1091/640/568
f 1091/640/568 1095/644/570 1092/641/572
f 1092/641/572 1096/645/576 1093/642/573
f 1097/646/577 1098/647/578 1099/648/579
f 1100/634/580 1099/648/579 1098/647/578
f 1101/635/579 1102/649/580 1103/632/581
f 1104/633/582 1103/632/581 1102/649/580
f 1105/650/578 1106/651/577 1107/652/583
f 1108/653/584 1107/652/583 1106/651/577
f 1109/654/581 1110/655/582 1111/625/585
f 1112/656/586 1111/625/585 1110/655/582
f 1113/657/585 1114/630/586 1115/658/587
f 1116/627/588 1115/658/587 1114/630/586
f 1117/625/587 1118/656/588 1119/659/584
f 1120/660/583 1119/659/584 1118/656/588
f 1121/661/586 1122/645/580 1123/643/583
f 1124/662/578 1123/643/583 1122/645/580
f 1125/663/582 1122/645/580 1121/661/586
f 1126/664/588 1121/661/586 1123/643/583
f 1127/665/589 1128/666/590 1129/667/591
f 1130/668/592 1128/666/590 1127/665/589
f 1127/665/589 1131/669/593 1132/670/594
f 1131/669/593 1127/665/589 1129/667/591
f 1133/671/595 1130/668/592 1127/665/589
f 1132/670/594 1133/671/595 1127/665/589
f 1134/672/596 1129/667/591 1128/666/590
f 1129/667/591 1135/673/597 1131/669/593
f 1136/668/598 1137/671/599 1138/665/600
f 1139/670/601 1138/665/600 1137/671/599
f 1140/667/602 1141/666/603 1138/665/600
f 1136/668/598 1138/665/600 1141/666/603
f 1139/670/601 1142/669/604 1138/665/600
f 1140/667/602 1138/665/600 1142/669/604
f 1143/672/605 1141/666/603 1140/667/602
f 1142/669/604 1144/673/606 1140/667/602
f 1145/674/607 1146/675/608 1147/676/609
f 1146/675/608 1148/675/610 1147/676/609
f 1149/677/611 1150/678/612 1151/679/607
f 1151/679/607 1152/680/609 1149/677/611
f 1153/681/613 1149/677/611 1154/682/614
f 1149/677/611 1153/681/613 1150/678/612
f 1155/676/615 1149/677/611 1147/676/609
f 1149/677/611 1155/676/615 1154/682/614
f 1156/683/615 1147/676/609 1157/675/616
f 1155/676/615 1157/675/616 1154/682/614
f 1158/684/617 1153/681/613 1154/682/614
f 1148/675/610 1157/675/616 1147/676/609
f 1159/685/618 1153/681/613 1160/686/619
f 1160/686/619 1153/681/613 1158/684/617
f 1150/678/612 1159/685/618 1161/687/620
f 1159/685/618 1150/678/612 1153/681/613
f 1159/685/618 1162/688/621 1163/689/622
f 1163/689/622 1161/687/620 1159/685/618
f 1164/690/623 1159/685/618 1160/686/619
f 1162/688/621 1159/685/618 1164/690/623
f 1165/691/624 1163/689/622 1162/688/621
f 1160/686/619 1158/684/617 1166/692/625
f 1131/669/593 1167/693/597 1168/694/604
f 1161/687/620 1151/679/607 1150/678/612
f 1132/670/594 1131/669/593 1139/670/601
f 1168/694/604 1139/670/601 1131/669/593
f 1144/673/606 1168/694/604 1167/693/597
f 1169/695/626 1170/695/627 1171/695/628
f 1172/695/629 1171/695/628 1170/695/627
f 1173/696/599 1174/697/595 1175/698/601
f 1176/699/594 1175/698/601 1174/697/595
f 1177/700/630 1178/701/629 1179/702/631
f 1178/701/629 1177/700/630 1180/703/628
f 1181/702/632 1182/701/627 1183/700/633
f 1179/702/631 1178/701/629 1184/704/634
f 1185/703/626 1183/700/633 1182/701/627
f 1186/704/635 1182/701/627 1181/702/632
f 1183/700/633 1185/703/626 1177/700/630
f 1180/703/628 1177/700/630 1185/703/626
f 1187/705/632 1188/706/631 1189/707/635
f 1190/53/634 1189/707/635 1188/706/631
f 1191/708/598 1192/709/603 1193/710/592
f 1194/711/590 1193/710/592 1192/709/603
f 1195/708/599 1191/708/598 1196/710/595
f 1193/710/592 1196/710/595 1191/708/598
f 1197/708/603 1198/712/605 1199/710/590
f 1200/713/596 1199/710/590 1198/712/605
f 1201/714/636 1202/708/637 1203/715/625
f 1204/710/619 1203/715/625 1202/708/637
f 1205/716/638 1206/708/624 1207/717/623
f 1205/716/638 1207/717/623 1208/718/619
f 1209/719/637 1205/716/638 1208/718/619
f 1210/711/621 1207/717/623 1206/708/624
f 1211/720/639 1212/721/640 1213/722/641
f 1214/723/642 1215/724/643 1216/725/644
f 1217/726/645 1218/727/646 1219/728/643
f 1218/727/646 1217/726/645 1220/729/647
f 1221/730/648 1222/731/649 1223/732/650
f 1224/733/640 1225/734/639 1220/729/647
f 1222/731/649 1226/735/651 1227/727/652
f 1228/732/653 1229/736/644 1218/727/646
f 1226/735/651 1230/737/641 1231/729/654
f 1221/730/648 1228/732/653 1222/731/649
f 1227/727/652 1232/728/655 1233/736/656
f 1234/738/643 1235/739/657 1236/740/658
f 1223/732/650 1227/727/652 1233/736/656
f 1227/727/652 1231/729/654 1237/726/659
f 1238/741/607 1239/742/660 1240/742/608
f 1238/741/607 1241/743/620 1242/744/661
f 1243/745/662 1237/726/659 1231/729/654
f 1237/726/659 1232/728/655 1227/727/652
f 1242/744/661 1239/742/660 1238/741/607
f 1244/733/663 1243/745/662 1231/729/654
f 1244/733/663 1231/729/654 1245/734/664
f 1246/746/665 1247/747/663 1213/722/641
f 1248/748/666 1249/749/667 1250/750/665
f 1246/746/665 1213/722/641 1212/721/640
f 1251/751/668 1252/752/644 1253/753/653
f 1254/754/640 1248/748/666 1250/750/665
f 1255/755/645 1236/740/658 1256/756/667
f 1255/755/645 1234/738/643 1236/740/658
f 1226/735/651 1220/729/647 1230/737/641
f 1220/729/647 1226/735/651 1218/727/646
f 1257/757/669 1239/742/660 1242/744/661
f 1258/758/622 1259/759/637 1242/744/661
f 1259/759/637 1257/757/669 1242/744/661
f 1258/758/622 1242/744/661 1241/743/620
f 1260/760/638 1259/759/637 1258/758/622
f 1261/761/624 1260/760/638 1258/758/622
f 1259/759/637 1262/762/636 1257/757/669
f 1263/763/669 1264/764/636 1265/765/625
f 1266/766/617 1267/767/614 1268/768/660
f 1267/767/614 1269/769/616 1270/770/608
f 1270/770/608 1269/769/616 1271/771/610
f 1272/772/605 1273/773/602 1274/774/591
f 1273/773/602 1275/775/606 1276/776/597
f 1263/763/669 1265/765/625 1266/766/617
f 1266/766/617 1268/768/660 1263/763/669
f 1267/767/614 1270/770/608 1268/768/660
f 1272/772/605 1274/774/591 1277/777/596
f 1273/773/602 1276/776/597 1274/774/591
f 1278/778/670 1279/779/671 1280/780/672
f 1278/778/670 1280/780/672 1281/781/673
f 1282/782/674 1278/778/670 1281/781/673
f 1283/783/675 1279/779/671 1278/778/670
f 1284/784/676 1278/778/670 1285/785/677
f 1282/782/674 1285/785/677 1278/778/670
f 1286/786/678 1287/787/679 1285/785/677
f 1287/787/679 1284/784/676 1285/785/677
f 1288/778/680 1289/780/681 1290/779/682
f 1291/788/683 1287/787/679 1286/786/678
f 1292/782/684 1293/781/685 1288/778/680
f 1293/781/685 1289/780/681 1288/778/680
f 1294/784/686 1295/785/687 1288/778/680
f 1295/785/687 1292/782/684 1288/778/680
f 1296/786/688 1295/785/687 1297/787/689
f 1297/787/689 1295/785/687 1294/784/686
f 1288/778/680 1290/779/682 1298/783/690
f 1296/786/688 1297/787/689 1299/788/691
f 1300/789/686 1301/790/680 1302/791/676
f 1303/792/670 1302/791/676 1301/790/680
f 1302/791/676 1304/793/679 1300/789/686
f 1305/794/689 1300/789/686 1304/793/679
f 1306/795/691 1305/794/689 1307/796/683
f 1304/793/679 1307/796/683 1305/794/689
f 1308/797/675 1303/792/670 1309/798/690
f 1301/790/680 1309/798/690 1303/792/670
f 1310/799/692 1281/781/673 1311/800/693
f 1282/782/674 1281/781/673 1310/799/692
f 1310/799/692 1293/781/685 1292/782/684
f 1310/799/692 1311/800/693 1293/781/685
f 1312/801/694 1282/782/674 1310/799/692
f 1312/801/694 1310/799/692 1292/782/684
f 1313/802/695 1285/785/677 1312/801/694
f 1285/785/677 1282/782/674 1312/801/694
f 1312/801/694 1292/782/684 1295/785/687
f 1313/802/695 1312/801/694 1295/785/687
f 1286/786/678 1285/785/677 1313/802/695
f 1296/786/688 1313/802/695 1295/785/687
f 1314/803/693 1315/804/696 1316/805/685
f 1317/805/673 1318/804/697 1314/803/693
f 1319/806/693 1320/807/697 1321/808/696
f 1322/809/697 1323/810/672 1324/811/696
f 1325/812/671 1326/813/681 1323/810/672
f 1326/813/681 1324/811/696 1323/810/672
f 1309/798/690 1327/814/682 1308/797/675
f 1327/814/682 1326/813/681 1325/812/671
f 1325/812/671 1308/797/675 1327/814/682
f 1328/815/673 1329/816/672 1330/817/697
f 1331/815/685 1332/817/696 1333/816/681
f 1334/818/698 1286/786/678 1313/802/695
f 1335/818/699 1313/802/695 1296/786/688
f 1336/819/700 1335/818/699 1337/820/701
f 1338/821/702 1313/802/695 1335/818/699
f 1339/822/703 1291/788/683 1334/818/698
f 1334/818/698 1340/820/704 1339/822/703
f 1341/822/705 1335/818/699 1299/788/691
f 1337/820/701 1335/818/699 1341/822/705
f 1338/821/702 1335/818/699 1336/819/700
f 1334/818/698 1291/788/683 1286/786/678
f 1342/821/706 1334/818/698 1313/802/695
f 1343/823/707 1344/824/706 1345/825/702
f 1346/826/702 1347/827/708 1348/828/695
f 1349/829/703 1350/830/704 1351/831/701
f 1352/832/705 1306/795/691 1307/796/683
f 1299/788/691 1335/818/699 1296/786/688
f 1353/819/709 1334/818/698 1342/821/706
f 1336/819/700 1337/820/701 1354/833/710
f 1350/830/704 1355/834/711 1356/835/710
f 1357/833/711 1353/819/709 1358/836/707
f 1359/836/712 1336/819/700 1354/833/710
f 1355/834/711 1343/823/707 1360/837/712
f 1353/819/709 1357/833/711 1340/820/704
f 1338/821/702 1336/819/700 1359/836/712
f 1343/823/707 1345/825/702 1360/837/712
f 1349/829/703 1351/831/701 1352/832/705
f 1352/832/705 1307/796/683 1349/829/703
f 1353/819/709 1342/821/706 1358/836/707
f 1350/830/704 1356/835/710 1351/831/701
f 1355/834/711 1360/837/712 1356/835/710
f 1353/819/709 1340/820/704 1334/818/698
f 1361/838/706 1347/827/708 1362/839/713
f 1363/840/714 1364/841/715 1365/842/716
f 1366/843/702 1367/843/706 1368/844/713
f 1218/727/646 1229/736/644 1219/728/643
f 1369/845/655 1236/740/658 1235/739/657
f 1370/846/659 1256/756/667 1236/740/658
f 1370/846/659 1236/740/658 1369/845/655
f 1371/847/662 1250/750/665 1249/749/667
f 1372/848/662 1256/756/667 1370/846/659
f 1373/725/666 1255/755/645 1256/756/667
f 1374/849/663 1250/750/665 1371/847/662
f 1375/850/664 1213/722/641 1247/747/663
f 1231/729/654 1227/727/652 1226/735/651
f 1222/731/649 1218/727/646 1226/735/651
f 1376/745/666 1220/729/647 1217/726/645
f 1245/734/664 1231/729/654 1230/737/641
f 1224/733/640 1220/729/647 1376/745/666
f 1227/727/652 1223/732/650 1222/731/649
f 1214/723/642 1377/756/668 1378/848/656
f 1251/751/668 1379/851/648 1380/852/650
f 1218/727/646 1222/731/649 1228/732/653
f 1225/734/639 1230/737/641 1220/729/647
f 1214/723/642 1216/725/644 1377/756/668
f 1251/751/668 1253/753/653 1379/851/648
f 1214/723/642 1378/848/656 1381/853/655
f 1251/751/668 1380/852/650 1382/854/656
f 1383/665/717 1384/667/718 1385/666/719
f 1386/668/720 1383/665/717 1385/666/719
f 1383/665/717 1387/670/721 1388/669/722
f 1388/669/722 1384/667/718 1383/665/717
f 1389/671/723 1383/665/717 1386/668/720
f 1387/670/721 1383/665/717 1389/671/723
f 1390/672/724 1385/666/719 1384/667/718
f 1384/667/718 1388/669/722 1391/673/725
f 1392/668/726 1393/665/727 1394/671/728
f 1395/670/729 1394/671/728 1393/665/727
f 1396/667/730 1393/665/727 1397/666/731
f 1392/668/726 1397/666/731 1393/665/727
f 1395/670/729 1393/665/727 1398/669/732
f 1396/667/730 1398/669/732 1393/665/727
f 1399/672/733 1396/667/730 1397/666/731
f 1398/669/732 1396/667/730 1400/673/734
f 1401/767/735 1402/768/736 1403/770/737
f 1404/766/738 1405/763/739 1402/768/736
f 1405/763/739 1404/766/738 1406/765/740
f 1403/770/737 1407/771/741 1408/769/742
f 1401/767/735 1403/770/737 1408/769/742
f 1404/766/738 1402/768/736 1401/767/735
f 1405/763/739 1406/765/740 1409/764/743
f 1410/759/744 1411/757/739 1412/762/743
f 1413/761/745 1414/758/746 1415/760/747
f 1415/760/747 1414/758/746 1410/759/744
f 1414/758/746 1416/743/748 1417/744/749
f 1410/759/744 1417/744/749 1411/757/739
f 1414/758/746 1417/744/749 1410/759/744
f 1411/757/739 1417/744/749 1418/742/736
f 1417/744/749 1419/741/750 1418/742/736
f 1419/741/750 1417/744/749 1416/743/748
f 1419/741/750 1420/742/737 1418/742/736
f 1421/711/751 1422/708/745 1423/717/752
f 1424/719/744 1425/718/753 1426/716/747
f 1426/716/747 1425/718/753 1423/717/752
f 1426/716/747 1423/717/752 1422/708/745
f 1427/710/753 1428/708/744 1429/715/740
f 1388/669/722 1430/694/732 1431/693/725
f 1432/714/743 1429/715/740 1428/708/744
f 1387/670/721 1395/670/729 1388/669/722
f 1430/694/732 1388/669/722 1395/670/729
f 1400/673/734 1431/693/725 1430/694/732
f 1433/695/754 1434/695/755 1435/695/756
f 1436/695/757 1435/695/756 1434/695/755
f 1437/696/728 1438/698/729 1439/697/723
f 1440/699/721 1439/697/723 1438/698/729
f 1441/700/758 1442/702/759 1443/701/757
f 1443/701/757 1444/703/755 1441/700/758
f 1445/702/760 1446/700/761 1447/701/756
f 1442/702/759 1448/704/762 1443/701/757
f 1449/703/754 1447/701/756 1446/700/761
f 1450/704/763 1445/702/760 1447/701/756
f 1446/700/761 1441/700/758 1449/703/754
f 1444/703/755 1449/703/754 1441/700/758
f 1451/705/760 1452/707/763 1453/706/759
f 1454/53/762 1453/706/759 1452/707/763
f 1455/708/726 1456/710/720 1457/709/731
f 1458/711/719 1457/709/731 1456/710/720
f 1459/708/728 1460/710/723 1455/708/726
f 1456/710/720 1455/708/726 1460/710/723
f 1461/708/731 1462/710/719 1463/712/733
f 1464/713/724 1463/712/733 1462/710/719
f 1465/687/748 1466/678/764 1467/679/750
f 1468/686/753 1469/692/740 1470/684/738
f 1471/691/745 1472/688/751 1473/689/746
f 1472/688/751 1474/690/752 1475/685/765
f 1474/690/752 1468/686/753 1475/685/765
f 1473/689/746 1475/685/765 1465/687/748
f 1476/720/766 1477/722/767 1478/721/768
f 1479/723/642 1480/725/769 1481/724/770
f 1482/726/771 1483/728/770 1484/727/772
f 1484/727/772 1485/729/773 1482/726/771
f 1486/730/774 1487/732/775 1488/731/776
f 1489/733/768 1485/729/773 1490/734/766
f 1488/731/776 1491/727/777 1492/735/778
f 1493/732/779 1484/727/772 1494/736/769
f 1492/735/778 1495/729/647 1496/737/767
f 1486/730/774 1488/731/776 1493/732/779
f 1491/727/777 1497/736/780 1498/728/781
f 1499/738/770 1500/740/782 1501/739/657
f 1487/732/775 1497/736/780 1491/727/777
f 1491/727/777 1502/726/783 1495/729/647
f 1475/685/765 1473/689/746 1472/688/751
f 1475/685/765 1503/681/784 1466/678/764
f 1504/745/785 1495/729/647 1502/726/783
f 1502/726/783 1491/727/777 1498/728/781
f 1466/678/764 1465/687/748 1475/685/765
f 1505/733/786 1495/729/647 1504/745/785
f 1505/733/786 1506/734/787 1495/729/647
f 1507/746/788 1477/722/767 1508/747/786
f 1509/748/789 1510/750/788 1511/749/790
f 1507/746/788 1478/721/768 1477/722/767
f 1512/751/791 1513/753/779 1514/752/769
f 1515/754/768 1510/750/788 1509/748/789
f 1516/755/771 1517/756/790 1500/740/782
f 1516/755/771 1500/740/782 1499/738/770
f 1492/735/778 1496/737/767 1485/729/773
f 1485/729/773 1484/727/772 1492/735/778
f 1468/686/753 1470/684/738 1503/681/784
f 1475/685/765 1468/686/753 1503/681/784
f 1518/675/741 1519/676/792 1520/675/742
f 1470/684/738 1521/682/735 1503/681/784
f 1522/676/793 1521/682/735 1520/675/742
f 1523/683/793 1520/675/742 1519/676/792
f 1524/677/794 1521/682/735 1522/676/793
f 1522/676/793 1519/676/792 1524/677/794
f 1524/677/794 1466/678/764 1503/681/784
f 1503/681/784 1521/682/735 1524/677/794
f 1467/679/750 1524/677/794 1525/680/792
f 1526/772/733 1527/774/718 1528/773/730
f 1528/773/730 1529/776/725 1530/775/734
f 1524/677/794 1467/679/750 1466/678/764
f 1531/675/737 1519/676/792 1518/675/741
f 1532/674/750 1519/676/792 1531/675/737
f 1526/772/733 1533/777/724 1527/774/718
f 1528/773/730 1527/774/718 1529/776/725
f 1534/855/715 1535/856/795 1536/855/796
f 1484/727/772 1483/728/770 1494/736/769
f 1537/845/781 1501/739/657 1500/740/782
f 1538/846/783 1500/740/782 1517/756/790
f 1538/846/783 1537/845/781 1500/740/782
f 1539/847/785 1511/749/790 1510/750/788
f 1540/848/785 1538/846/783 1517/756/790
f 1541/725/789 1517/756/790 1516/755/771
f 1542/849/786 1539/847/785 1510/750/788
f 1543/850/787 1508/747/786 1477/722/767
f 1495/729/647 1492/735/778 1491/727/777
f 1488/731/776 1492/735/778 1484/727/772
f 1544/745/789 1482/726/771 1485/729/773
f 1506/734/787 1496/737/767 1495/729/647
f 1489/733/768 1544/745/789 1485/729/773
f 1491/727/777 1488/731/776 1487/732/775
f 1479/723/642 1545/848/780 1546/756/791
f 1512/751/791 1547/852/775 1548/851/774
f 1484/727/772 1493/732/779 1488/731/776
f 1490/734/766 1485/729/773 1496/737/767
f 1479/723/642 1546/756/791 1480/725/769
f 1512/751/791 1548/851/774 1513/753/779
f 1479/723/642 1549/853/781 1545/848/780
f 1512/751/791 1550/854/780 1547/852/775
f 110/66/64 120/69/71 132/71/75
f 110/66/64 125/74/22 120/69/71
f 1551/857/797 1552/858/798 1553/859/799
f 1554/860/800 1555/861/801 1556/861/802
f 1555/861/801 1557/862/803 1558/862/804
f 1559/863/805 1560/864/806 1561/864/807
f 1562/865/808 1563/866/809 1564/867/810
f 1559/863/805 1565/863/811 1566/868/812
f 1567/869/813 1568/870/814 1552/858/798
f 1569/871/815 1570/872/816 1571/872/817
f 1572/873/818 1568/870/814 1567/869/813
f 1563/866/809 1573/874/819 1564/867/810
f 1574/875/820 1575/875/821 1576/876/822
f 1572/873/818 1577/877/823 1564/867/810
f 1578/878/824 1579/876/825 1576/876/822
f 1580/879/826 1551/857/797 1553/859/799
f 1581/880/827 1567/869/813 1551/857/797
f 1567/869/813 1552/858/798 1551/857/797
f 1569/871/815 1582/871/828 1575/875/821
f 1577/877/823 1572/873/818 1581/880/827
f 1572/873/818 1564/867/810 1568/870/814
f 1554/860/800 1583/860/829 1571/872/817
f 1577/877/823 1562/865/808 1564/867/810
f 1560/864/806 1578/878/824 1584/878/830
f 1572/873/818 1567/869/813 1581/880/827
f 1566/868/812 1565/863/811 1556/861/802
f 1583/860/829 1556/861/802 1565/863/811
f 1561/864/807 1584/878/830 1571/872/817
f 1584/878/830 1576/876/822 1575/875/821
f 1571/872/817 1584/878/830 1582/871/828
f 1568/870/814 1564/867/810 1578/878/824
f 1585/868/831 1557/862/803 1580/879/826
f 1551/857/797 1580/879/826 1557/862/803
f 1570/872/816 1577/877/823 1581/880/827
f 1573/874/819 1579/876/825 1578/878/824
f 1562/865/808 1569/871/815 1574/875/820
f 1581/880/827 1551/857/797 1555/861/801
f 1568/870/814 1560/864/806 1559/863/805
f 1552/858/798 1559/863/805 1585/868/831
f 1577/877/823 1570/872/816 1569/871/815
f 1573/874/819 1563/866/809 1574/875/820
f 1557/862/803 1585/868/831 1566/868/812
f 132/71/75 122/71/73 138/72/70
f 108/64/63 135/78/78 130/79/74
f 1586/68/66 113/68/65 130/79/74
f 130/79/74 135/78/78 132/71/75
f 1587/71/832 1588/71/42 1589/69/55
f 1590/78/833 1591/66/62 1592/64/61
f 1587/71/832 1589/69/55 1591/66/62
f 1591/66/62 1589/69/55 1593/74/38
f 1587/71/832 1594/72/43 1588/71/42
f 1592/64/61 1595/79/60 1590/78/833
f 1595/79/60 1596/68/58 1597/68/57
f 1587/71/832 1590/78/833 1595/79/60
f 1598/857/834 1599/859/835 1600/858/836
f 1601/861/837 1602/861/838 1603/860/839
f 1604/862/840 1605/862/841 1602/861/838
f 1606/864/842 1607/864/843 1608/863/844
f 1609/865/845 1610/867/846 1611/866/847
f 1608/863/844 1612/868/848 1613/868/849
f 1614/869/850 1600/858/836 1615/870/851
f 1616/872/852 1617/872/853 1618/871/854
f 1619/873/855 1614/869/850 1615/870/851
f 1611/866/847 1610/867/846 1620/874/856
f 1621/875/857 1622/876/858 1623/876/859
f 1619/873/855 1610/867/846 1624/877/860
f 1623/876/859 1622/876/858 1625/878/861
f 1626/879/862 1599/859/835 1598/857/834
f 1627/880/863 1598/857/834 1614/869/850
f 1614/869/850 1598/857/834 1600/858/836
f 1618/871/854 1621/875/857 1628/875/864
f 1624/877/860 1627/880/863 1619/873/855
f 1619/873/855 1615/870/851 1610/867/846
f 1603/860/839 1617/872/853 1616/872/852
f 1624/877/860 1610/867/846 1609/865/845
f 1629/878/865 1625/878/861 1607/864/843
f 1619/873/855 1627/880/863 1614/869/850
f 1613/868/849 1604/862/840 1601/861/837
f 1630/863/866 1601/861/837 1631/860/867
f 1606/864/842 1631/860/867 1616/872/852
f 1628/875/864 1623/876/859 1629/878/865
f 1616/872/852 1632/871/868 1629/878/865
f 1625/878/861 1610/867/846 1615/870/851
f 1626/879/862 1605/862/841 1612/868/848
f 1605/862/841 1626/879/862 1598/857/834
f 1617/872/853 1603/860/839 1627/880/863
f 1620/874/856 1610/867/846 1625/878/861
f 1609/865/845 1611/866/847 1621/875/857
f 1602/861/838 1598/857/834 1627/880/863
f 1615/870/851 1600/858/836 1608/863/844
f 1600/858/836 1599/859/835 1612/868/848
f 1624/877/860 1609/865/845 1618/871/854
f 1621/875/857 1611/866/847 1620/874/856
f 1613/868/849 1612/868/848 1605/862/841
f 134/81/77 136/82/2 127/76/72
f 85/45/51 87/47/53 89/45/5
f 178/101/118 177/103/117 1633/103/869
f 170/106/110 167/103/107 1634/103/870
f 166/102/106 179/109/119 1635/109/871
f 172/108/112 170/106/110 1636/106/872
f 164/100/104 166/102/106 1637/102/873
f 165/101/105 1638/101/874 1634/103/870
f 180/100/120 1639/100/875 1640/102/876
f 172/108/112 1641/108/877 1642/106/878
f 175/102/115 1640/102/876 1635/109/871
f 164/100/104 1643/100/879 1638/101/874
f 174/106/114 1642/106/878 1633/103/869
f 180/100/120 178/101/118 1644/101/880
f 178/101/118 1633/103/869 1644/101/880
f 170/106/110 1634/103/870 1636/106/872
f 166/102/106 1635/109/871 1637/102/873
f 172/108/112 1636/106/872 1641/108/877
f 164/100/104 1637/102/873 1643/100/879
f 165/101/105 1634/103/870 167/103/107
f 180/100/120 1640/102/876 175/102/115
f 172/108/112 1642/106/878 174/106/114
f 175/102/115 1635/109/871 179/109/119
f 164/100/104 1638/101/874 165/101/105
f 174/106/114 1633/103/869 177/103/117
f 180/100/120 1644/101/880 1639/100/875
f 1645/881/881 193/96/133 1646/882/882
f 195/97/135 199/94/139 193/96/133
f 203/93/143 1647/89/883 209/89/149
f 205/86/145 200/92/140 1648/883/884
f 1649/89/885 193/96/133 201/87/141
f 193/96/133 1649/89/885 1646/882/882
f 194/98/134 193/96/133 1645/881/881
f 199/94/139 201/87/141 193/96/133
f 210/88/150 1650/85/886 219/85/159
f 199/94/139 195/97/135 1651/95/887
f 1647/89/883 1649/89/885 201/87/141
f 1651/95/887 195/97/135 194/98/134
f 1647/89/883 203/93/143 1646/882/882
f 203/93/143 202/90/142 1645/881/881
f 1650/85/886 210/88/150 1648/883/884
f 199/94/139 217/84/157 1650/85/886
f 202/90/142 196/91/136 194/98/134
f 213/86/153 205/86/145 1648/883/884
f 207/87/147 201/87/141 205/86/145
f 217/84/157 1651/95/887 198/95/138
f 1652/113/888 186/113/126 183/111/123
f 1653/881/889 1654/882/890 160/96/100
f 1655/884/891 1656/111/892 1657/885/893
f 1658/886/894 1657/885/893 1656/111/892
f 1658/886/894 181/110/121 184/112/124
f 1655/884/891 1652/113/888 182/111/122
f 182/111/122 181/110/121 1658/886/894
f 1652/113/888 1655/884/891 1657/885/893
f 184/112/124 181/110/121 1659/110/895
f 161/97/101 160/96/100 157/94/97
f 148/89/88 147/89/87 156/93/96
f 154/86/94 1660/883/896 152/92/92
f 1661/89/897 153/87/93 160/96/100
f 160/96/100 1654/882/890 1661/89/897
f 162/98/102 1653/881/889 160/96/100
f 157/94/97 160/96/100 153/87/93
f 141/85/81 140/85/80 145/88/85
f 158/95/98 161/97/101 157/94/97
f 147/89/87 143/87/83 153/87/93
f 158/95/98 151/91/91 162/98/102
f 1654/882/890 156/93/96 147/89/87
f 1653/881/889 150/90/90 156/93/96
f 1660/883/896 145/88/85 140/85/80
f 157/94/97 152/92/92 140/85/80
f 162/98/102 151/91/91 150/90/90
f 142/86/82 145/88/85 1660/883/896
f 143/87/83 142/86/82 154/86/94
f 159/95/99 158/95/98 139/84/79
f 188/113/128 191/111/131 190/111/130
f 1662/884/898 1663/885/899 1664/111/900
f 1665/886/901 1664/111/900 1663/885/899
f 1665/886/901 1663/885/899 187/112/127
f 1662/884/898 1664/111/900 191/111/131
f 1665/886/901 192/110/132 191/111/131
f 188/113/128 187/112/127 1663/885/899
f 1666/110/902 192/110/132 187/112/127
f 1667/887/903 1668/888/904 1669/700/905
f 1669/700/905 1670/889/906 1667/887/903
f 1671/890/907 1672/891/908 1673/892/904
f 1673/892/904 1674/893/909 1671/890/907
f 1675/892/903 1676/891/910 1671/890/907
f 1677/894/905 1673/892/904 1672/891/908
f 1671/890/907 1678/893/911 1675/892/903
f 1679/894/906 1676/891/910 1675/892/903
f 1680/891/904 1681/895/903 1682/896/911
f 1682/896/911 1683/897/909 1680/891/904
f 1684/894/910 1685/898/908 1686/892/907
f 1687/891/907 1688/889/909 1689/899/911
f 1690/856/912 1691/900/913 1535/856/795
f 1692/901/714 1693/902/912 1694/903/715
f 1695/904/713 1365/842/716 1693/902/912
f 1696/905/715 1691/900/913 1697/900/716
f 1366/843/702 1368/844/713 1698/844/714
f 1363/840/714 1365/842/716 1699/906/708
f 1348/828/695 1347/827/708 1361/838/706
f 1700/907/714 1347/827/708 1346/826/702
f 1696/905/715 1701/905/796 1691/900/913
f 1695/904/713 1699/906/708 1365/842/716
f 1692/901/714 1695/904/713 1693/902/912
f 1702/908/796 1703/909/795 1704/910/913
f 1690/856/912 1697/900/716 1691/900/913
f 1534/855/715 1690/856/912 1535/856/795
f 1705/778/914 1706/780/915 1707/779/916
f 1705/778/914 1708/781/917 1706/780/915
f 1709/782/918 1708/781/917 1705/778/914
f 1710/783/919 1705/778/914 1707/779/916
f 1711/784/920 1712/785/921 1705/778/914
f 1709/782/918 1705/778/914 1712/785/921
f 1713/786/922 1712/785/921 1714/787/923
f 1714/787/923 1712/785/921 1711/784/920
f 1715/778/924 1716/779/925 1717/780/672
f 1718/788/926 1713/786/922 1714/787/923
f 1719/782/927 1715/778/924 1720/781/928
f 1720/781/928 1715/778/924 1717/780/672
f 1721/784/929 1715/778/924 1722/785/930
f 1722/785/930 1715/778/924 1719/782/927
f 1723/786/931 1724/787/932 1722/785/930
f 1724/787/932 1721/784/929 1722/785/930
f 1715/778/924 1725/783/933 1716/779/925
f 1723/786/931 1726/788/934 1724/787/932
f 1727/789/929 1728/791/920 1729/790/924
f 1730/792/914 1729/790/924 1728/791/920
f 1728/791/920 1727/789/929 1731/793/923
f 1732/794/932 1731/793/923 1727/789/929
f 1733/795/934 1734/796/926 1732/794/932
f 1731/793/923 1732/794/932 1734/796/926
f 1735/797/919 1736/798/933 1730/792/914
f 1729/790/924 1730/792/914 1736/798/933
f 1737/799/692 1738/800/935 1708/781/917
f 1709/782/918 1737/799/692 1708/781/917
f 1737/799/692 1719/782/927 1720/781/928
f 1737/799/692 1720/781/928 1738/800/935
f 1739/801/936 1737/799/692 1709/782/918
f 1739/801/936 1719/782/927 1737/799/692
f 1740/802/937 1739/801/936 1712/785/921
f 1712/785/921 1739/801/936 1709/782/918
f 1739/801/936 1722/785/930 1719/782/927
f 1740/802/937 1722/785/930 1739/801/936
f 1713/786/922 1740/802/937 1712/785/921
f 1723/786/931 1722/785/930 1740/802/937
f 1741/803/935 1742/805/928 1743/804/938
f 1744/805/917 1741/803/935 1745/804/696
f 1746/806/935 1747/808/938 1748/807/696
f 1749/809/696 1750/811/938 1751/810/915
f 1752/812/916 1751/810/915 1753/813/672
f 1753/813/672 1751/810/915 1750/811/938
f 1736/798/933 1735/797/919 1754/814/925
f 1754/814/925 1752/812/916 1753/813/672
f 1752/812/916 1754/814/925 1735/797/919
f 1755/815/917 1756/817/696 1757/816/915
f 1758/815/928 1759/816/672 1760/817/938
f 1761/818/939 1740/802/937 1713/786/922
f 1762/818/940 1723/786/931 1740/802/937
f 1763/819/941 1764/820/942 1762/818/940
f 1765/821/943 1762/818/940 1740/802/937
f 1766/822/944 1761/818/939 1718/788/926
f 1761/818/939 1766/822/944 1767/820/945
f 1768/822/946 1726/788/934 1762/818/940
f 1764/820/942 1768/822/946 1762/818/940
f 1765/821/943 1763/819/941 1762/818/940
f 1761/818/939 1713/786/922 1718/788/926
f 1769/821/947 1740/802/937 1761/818/939
f 1770/823/948 1771/825/943 1772/824/947
f 1773/826/943 1774/828/937 1775/827/949
f 1776/829/944 1777/831/942 1778/830/945
f 1779/832/946 1734/796/926 1733/795/934
f 1726/788/934 1723/786/931 1762/818/940
f 1780/819/950 1769/821/947 1761/818/939
f 1763/819/941 1781/833/951 1764/820/942
f 1778/830/945 1782/835/951 1783/834/952
f 1784/833/952 1785/836/948 1780/819/950
f 1786/836/953 1781/833/951 1763/819/941
f 1783/834/952 1787/837/953 1770/823/948
f 1780/819/950 1767/820/945 1784/833/952
f 1765/821/943 1786/836/953 1763/819/941
f 1770/823/948 1787/837/953 1771/825/943
f 1776/829/944 1779/832/946 1777/831/942
f 1779/832/946 1776/829/944 1734/796/926
f 1780/819/950 1785/836/948 1769/821/947
f 1778/830/945 1777/831/942 1782/835/951
f 1783/834/952 1782/835/951 1787/837/953
f 1780/819/950 1761/818/939 1767/820/945
f 1788/838/947 1789/839/954 1775/827/949
f 1790/840/955 1791/842/956 1792/841/957
f 1793/843/943 1794/844/954 1795/843/947
f 1796/855/957 1797/855/958 1798/856/959
f 1799/856/960 1798/856/959 1800/900/961
f 1801/901/955 1802/903/957 1803/902/960
f 1804/904/954 1803/902/960 1791/842/956
f 1805/905/957 1806/900/956 1800/900/961
f 1793/843/943 1807/844/955 1794/844/954
f 1790/840/955 1808/906/949 1791/842/956
f 1774/828/937 1788/838/947 1775/827/949
f 1809/907/955 1773/826/943 1775/827/949
f 1805/905/957 1800/900/961 1810/905/958
f 1804/904/954 1791/842/956 1808/906/949
f 1801/901/955 1803/902/960 1804/904/954
f 1811/908/958 1812/910/961 1813/909/959
f 1799/856/960 1800/900/961 1806/900/956
f 1796/855/957 1798/856/959 1799/856/960
f 1814/911/962 1815/912/963 1816/913/964
f 1817/914/965 1818/915/966 1819/916/967
f 1818/915/966 1817/914/965 1820/917/968
f 1818/915/966 1820/917/968 1821/918/969
f 1822/911/970 1823/919/971 1824/920/972
f 1825/921/973 1826/922/974 1824/920/972
f 1814/911/962 1827/923/975 1828/924/976
f 1825/921/973 1829/925/977 1816/913/964
f 1830/926/969 1831/927/968 1832/928/978
f 1833/929/979 1832/928/978 1829/925/977
f 1834/930/967 1835/931/980 1836/930/965
f 1835/931/980 1814/911/962 1837/932/981
f 1830/926/969 1833/929/979 1838/933/982
f 1833/929/979 1825/921/973 1823/919/971
f 1834/930/967 1839/934/966 1838/933/982
f 1840/935/983 1838/933/982 1823/919/971
f 1836/930/965 1837/932/981 1832/928/978
f 1837/932/981 1814/911/962 1829/925/977
f 1835/931/980 1822/911/970 1827/923/975
f 1840/935/983 1835/931/980 1834/930/967
f 1822/911/970 1841/936/984 1828/924/976
f 1836/930/965 1835/931/980 1837/932/981
f 1840/935/983 1822/911/970 1835/931/980
f 1827/923/975 1814/911/962 1835/931/980
f 1842/937/985 1843/937/986 1844/938/987
f 1816/913/964 1815/912/963 1845/939/988
f 1846/940/989 1847/941/990 1848/942/991
f 1815/912/963 1828/924/976 1849/943/992
f 1824/920/972 1826/922/974 1850/944/993
f 1841/936/984 1846/940/989 1851/945/992
f 1852/946/994 1824/920/972 1848/942/991
f 1824/920/972 1852/946/994 1841/936/984
f 1846/940/989 1841/936/984 1852/946/994
f 1849/943/992 1853/943/995 1854/939/996
f 1843/937/986 1854/939/996 1855/939/997
f 1842/937/985 1845/939/988 1854/939/996
f 1816/913/964 1842/937/985 1856/947/998
f 1857/948/999 1858/949/1000 1859/942/1001
f 1851/945/992 1846/940/989 1860/940/1002
f 1848/942/991 1861/942/1003 1860/940/1002
f 1862/950/1004 1863/951/1001 1864/952/1005
f 1843/937/986 1865/937/1005 1866/953/1000
f 1814/911/962 1816/913/964 1829/925/977
f 1867/945/995 1860/940/1002 1868/940/1006
f 1861/942/1003 1859/942/1001 1868/940/1006
f 1854/939/996 1853/943/995 1869/943/1004
f 1870/953/993 1871/954/974 1856/947/998
f 1844/938/987 1866/953/1000 1872/953/999
f 1844/938/987 1872/953/999 1870/953/993
f 1848/942/991 1850/944/993 1857/948/999
f 1822/911/970 1824/920/972 1841/936/984
f 1825/921/973 1824/920/972 1823/919/971
f 1814/911/962 1828/924/976 1815/912/963
f 1825/921/973 1816/913/964 1826/922/974
f 1830/926/969 1832/928/978 1833/929/979
f 1833/929/979 1829/925/977 1825/921/973
f 1830/926/969 1838/933/982 1839/934/966
f 1833/929/979 1823/919/971 1838/933/982
f 1834/930/967 1838/933/982 1840/935/983
f 1840/935/983 1823/919/971 1822/911/970
f 1836/930/965 1832/928/978 1831/927/968
f 1837/932/981 1829/925/977 1832/928/978
f 1822/911/970 1828/924/976 1827/923/975
f 1842/937/985 1844/938/987 1856/947/998
f 1816/913/964 1845/939/988 1842/937/985
f 1815/912/963 1849/943/992 1845/939/988
f 1824/920/972 1850/944/993 1848/942/991
f 1841/936/984 1851/945/992 1828/924/976
f 1852/946/994 1848/942/991 1847/941/990
f 1846/940/989 1852/946/994 1847/941/990
f 1849/943/992 1854/939/996 1845/939/988
f 1843/937/986 1855/939/997 1865/937/1005
f 1842/937/985 1854/939/996 1843/937/986
f 1816/913/964 1856/947/998 1871/954/974
f 1857/948/999 1859/942/1001 1861/942/1003
f 1851/945/992 1860/940/1002 1867/945/995
f 1848/942/991 1860/940/1002 1846/940/989
f 1863/951/1001 1862/950/1004 1873/955/1006
f 1862/950/1004 1864/952/1005 1874/956/997
f 1864/952/1005 1863/951/1001 1875/957/1000
f 1843/937/986 1866/953/1000 1844/938/987
f 1867/945/995 1868/940/1006 1876/945/1004
f 1861/942/1003 1868/940/1006 1860/940/1002
f 1854/939/996 1869/943/1004 1855/939/997
f 1844/938/987 1870/953/993 1856/947/998
f 1848/942/991 1857/948/999 1861/942/1003
f 1877/897/1007 1878/891/1008 1879/958/1009
f 1880/894/1010 1881/889/1011 1882/959/1012
f 1883/890/1013 1884/891/1014 1885/892/1008
f 1885/892/1008 1886/893/1007 1883/890/1013
f 1887/892/1015 1888/891/1010 1883/890/1013
f 1889/894/1016 1885/892/1008 1884/891/1014
f 1883/890/1013 1890/893/1017 1887/892/1015
f 1891/894/1011 1888/891/1010 1887/892/1015
f 1892/960/1009 1893/888/1008 1894/700/1016
f 1881/889/1011 1895/887/1015 1892/960/1009
f 1896/892/1013 1897/114/1018 1898/898/1014
f 1899/891/1013 1900/889/1007 1901/899/1019
f 1882/959/1012 1894/700/1016 1884/891/1014
f 1879/958/1009 1902/895/1015 1903/896/1017
f 1880/894/1010 1897/114/1018 1896/892/1013
f 1904/887/1020 1905/700/1021 1906/888/903
f 1905/700/1021 1904/887/1020 1907/889/1022
f 1908/890/1023 1909/892/903 1910/891/1024
f 1909/892/903 1908/890/1023 1911/893/1025
f 1912/892/1020 1908/890/1023 1913/891/1026
f 1914/894/1021 1910/891/1024 1909/892/903
f 1908/890/1023 1912/892/1020 1915/893/1027
f 1916/894/1022 1912/892/1020 1913/891/1026
f 1917/891/903 1918/896/1027 1919/895/1020
f 1918/896/1027 1917/891/903 1920/897/1025
f 1921/894/1026 1922/892/1023 1923/898/1024
f 1924/891/1023 1925/899/1027 1926/889/1025
f 1927/911/1028 1928/913/1029 1929/912/1030
f 1930/914/1031 1931/916/1032 1932/915/1033
f 1932/915/1033 1933/917/1034 1930/914/1031
f 1932/915/1033 1934/918/1035 1933/917/1034
f 1935/911/1036 1936/920/1037 1937/919/1038
f 1938/921/1039 1936/920/1037 1939/922/1040
f 1927/911/1028 1940/924/1041 1941/923/1042
f 1938/921/1039 1928/913/1029 1942/925/1043
f 1943/926/1035 1944/928/1044 1945/927/1034
f 1946/929/1045 1942/925/1043 1944/928/1044
f 1947/930/1032 1948/930/1031 1949/931/1046
f 1949/931/1046 1950/932/1047 1927/911/1028
f 1943/926/1035 1951/933/1048 1946/929/1045
f 1946/929/1045 1937/919/1038 1938/921/1039
f 1947/930/1032 1951/933/1048 1952/934/1033
f 1953/935/1049 1937/919/1038 1951/933/1048
f 1948/930/1031 1944/928/1044 1950/932/1047
f 1950/932/1047 1942/925/1043 1927/911/1028
f 1949/931/1046 1941/923/1042 1935/911/1036
f 1953/935/1049 1947/930/1032 1949/931/1046
f 1935/911/1036 1940/924/1041 1954/936/1050
f 1948/930/1031 1950/932/1047 1949/931/1046
f 1953/935/1049 1949/931/1046 1935/911/1036
f 1941/923/1042 1949/931/1046 1927/911/1028
f 1955/937/1051 1956/938/1052 1957/937/1053
f 1928/913/1029 1958/939/1054 1929/912/1030
f 1959/940/1055 1960/942/1056 1961/941/1057
f 1929/912/1030 1962/943/1058 1940/924/1041
f 1936/920/1037 1963/944/1059 1939/922/1040
f 1954/936/1050 1964/945/1058 1959/940/1055
f 1965/946/1060 1960/942/1056 1936/920/1037
f 1936/920/1037 1954/936/1050 1965/946/1060
f 1959/940/1055 1965/946/1060 1954/936/1050
f 1962/943/1058 1966/939/1061 1967/943/1062
f 1957/937/1053 1968/939/1063 1966/939/1061
f 1955/937/1051 1966/939/1061 1958/939/1054
f 1928/913/1029 1969/947/1064 1955/937/1051
f 1970/948/1065 1971/942/1066 1972/949/1067
f 1964/945/1058 1973/940/1068 1959/940/1055
f 1960/942/1056 1973/940/1068 1974/942/1069
f 1975/950/1070 1976/952/1071 1977/951/1066
f 1957/937/1053 1978/953/1067 1979/937/1071
f 1927/911/1028 1942/925/1043 1928/913/1029
f 1980/945/1062 1981/940/1072 1973/940/1068
f 1974/942/1069 1981/940/1072 1971/942/1066
f 1966/939/1061 1982/943/1070 1967/943/1062
f 1983/953/1059 1969/947/1064 1984/954/1040
f 1956/938/1052 1985/953/1065 1978/953/1067
f 1956/938/1052 1983/953/1059 1985/953/1065
f 1960/942/1056 1970/948/1065 1963/944/1059
f 1935/911/1036 1954/936/1050 1936/920/1037
f 1938/921/1039 1937/919/1038 1936/920/1037
f 1927/911/1028 1929/912/1030 1940/924/1041
f 1938/921/1039 1939/922/1040 1928/913/1029
f 1943/926/1035 1946/929/1045 1944/928/1044
f 1946/929/1045 1938/921/1039 1942/925/1043
f 1943/926/1035 1952/934/1033 1951/933/1048
f 1946/929/1045 1951/933/1048 1937/919/1038
f 1947/930/1032 1953/935/1049 1951/933/1048
f 1953/935/1049 1935/911/1036 1937/919/1038
f 1948/930/1031 1945/927/1034 1944/928/1044
f 1950/932/1047 1944/928/1044 1942/925/1043
f 1935/911/1036 1941/923/1042 1940/924/1041
f 1955/937/1051 1969/947/1064 1956/938/1052
f 1928/913/1029 1955/937/1051 1958/939/1054
f 1929/912/1030 1958/939/1054 1962/943/1058
f 1936/920/1037 1960/942/1056 1963/944/1059
f 1954/936/1050 1940/924/1041 1964/945/1058
f 1965/946/1060 1961/941/1057 1960/942/1056
f 1959/940/1055 1961/941/1057 1965/946/1060
f 1962/943/1058 1958/939/1054 1966/939/1061
f 1957/937/1053 1979/937/1071 1968/939/1063
f 1955/937/1051 1957/937/1053 1966/939/1061
f 1928/913/1029 1984/954/1040 1969/947/1064
f 1970/948/1065 1974/942/1069 1971/942/1066
f 1964/945/1058 1980/945/1062 1973/940/1068
f 1960/942/1056 1959/940/1055 1973/940/1068
f 1977/951/1066 1986/955/1072 1975/950/1070
f 1975/950/1070 1987/956/1063 1976/952/1071
f 1976/952/1071 1988/957/1067 1977/951/1066
f 1957/937/1053 1956/938/1052 1978/953/1067
f 1980/945/1062 1989/945/1070 1981/940/1072
f 1974/942/1069 1973/940/1068 1981/940/1072
f 1966/939/1061 1968/939/1063 1982/943/1070
f 1956/938/1052 1969/947/1064 1983/953/1059
f 1960/942/1056 1974/942/1069 1970/948/1065
f 1990/958/1073 1991/891/1074 1992/897/1075
f 1993/959/1076 1994/889/1077 1995/894/1078
f 1996/890/1079 1997/892/1074 1998/891/1080
f 1997/892/1074 1996/890/1079 1999/893/1075
f 2000/892/1081 1996/890/1079 2001/891/1078
f 2002/894/1082 1998/891/1080 1997/892/1074
f 1996/890/1079 2000/892/1081 2003/893/1083
f 2004/894/1077 2000/892/1081 2001/891/1078
f 2005/960/1073 1993/959/1076 2006/700/1082
f 2005/960/1073 2007/887/1081 1994/889/1077
f 2008/892/1079 2009/898/1080 2010/114/1084
f 2011/891/1079 2012/899/1083 2013/899/1085
f 1993/959/1076 2014/961/1084 1998/891/1080
f 1990/958/1073 2015/892/1085 2016/896/1083
f 1995/894/1078 2008/892/1079 2010/114/1084
f 2017/962/1086 2018/963/1087 2019/964/1088
f 2020/965/1089 2021/966/1090 2022/967/1091
f 2023/968/1092 2024/969/1093 2025/970/1094
f 2026/971/1095 2027/972/1096 2028/973/1097
f 2029/974/1098 2030/975/1099 2025/970/1094
f 2031/976/1100 2032/977/1101 2033/978/1102
f 2027/972/1096 2031/976/1100 2034/979/1103
f 2034/979/1103 2035/980/1104 2028/973/1097
f 2036/981/1105 2037/982/1106 2038/983/1107
f 2039/984/1108 2040/985/1101 2041/986/1109
f 2042/987/1092 2033/978/1102 2032/977/1101
f 2043/988/1110 2044/989/1111 2045/990/1112
f 2046/991/1113 2022/967/1091 2019/964/1088
f 2047/992/1114 2048/993/1115 2049/994/1116
f 2024/969/1093 2029/974/1098 2025/970/1094
f 2050/995/1099 2051/996/1117 2017/962/1086
f 2052/997/1117 2053/998/1118 2018/963/1087
f 2035/980/1104 2054/999/1119 2055/1000/1120
f 2056/974/1121 2057/975/1092 2058/970/1101
f 2020/965/1089 2046/991/1113 2059/1001/1122
f 2034/979/1103 2033/978/1102 2060/1002/1094
f 2061/969/1123 2062/974/1124 2063/970/1117
f 2062/974/1124 2064/975/1125 2063/970/1117
f 2045/990/1112 2038/983/1107 2043/988/1110
f 2065/1003/1126 2066/1004/1127 2067/1005/1128
f 2068/968/1099 2061/969/1123 2063/970/1117
f 2069/969/1129 2056/974/1121 2058/970/1101
f 2070/1006/1130 2045/990/1112 2071/1007/1131
f 2070/1006/1130 2071/1007/1131 2072/1008/1132
f 2073/1009/1133 2074/1010/1134 2048/993/1115
f 2074/1010/1134 2073/1009/1133 2075/1011/1135
f 2076/1012/1136 2077/1013/1137 2039/984/1108
f 2077/1013/1137 2040/985/1101 2039/984/1108
f 2021/966/1090 2020/965/1089 2067/1005/1128
f 2070/1006/1130 2038/983/1107 2045/990/1112
f 2078/968/1137 2069/969/1129 2058/970/1101
f 2022/967/1091 2046/991/1113 2020/965/1089
f 2079/1014/1138 2080/1014/1127 2081/1015/1126
f 2082/1016/1139 2083/1017/1140 2047/992/1114
f 2084/1018/1139 2085/1019/1141 2086/1020/1142
f 2087/1021/1143 2088/1015/1144 2089/1015/1145
f 2065/1003/1126 2020/965/1089 2090/1022/1146
f 2020/965/1089 2059/1001/1122 2090/1022/1146
f 2091/1023/1147 2092/1024/1141 2082/1016/1139
f 2093/1025/1146 2094/1026/1148 2095/1026/1149
f 2096/1027/1150 2097/1028/1149 2098/1029/1148
f 2099/1030/1151 2100/1031/1152 2101/1032/1153
f 2100/1031/1152 2102/1033/1140 2103/1034/1142
f 2104/1015/1154 2081/1015/1126 2089/1015/1145
f 2105/1035/1155 2106/1036/1156 2107/1036/1157
f 2060/1002/1094 2033/978/1102 2042/987/1092
f 2108/1037/1158 2067/1005/1128 2066/1004/1127
f 2019/964/1088 2022/967/1091 2109/967/1155
f 2048/993/1115 2074/1010/1134 2049/994/1116
f 2055/1000/1120 2028/973/1097 2035/980/1104
f 2043/988/1110 2110/988/1159 2111/989/1160
f 2060/1002/1094 2112/980/1156 2035/980/1104
f 2027/972/1096 2026/971/1095 2113/971/1160
f 2040/985/1101 2114/986/1161 2041/986/1109
f 2067/1005/1128 2108/1037/1158 2115/1038/1162
f 2019/964/1088 2116/1039/1157 2117/1040/1094
f 2073/1009/1133 2118/1041/1163 2075/1011/1135
f 2047/992/1114 2119/1042/1164 2120/1043/1165
f 2054/999/1119 2035/980/1104 2112/980/1156
f 2073/1009/1133 2048/993/1115 2120/1043/1165
f 2047/992/1114 2083/1017/1140 2119/1042/1164
f 2107/1036/1157 2106/1036/1156 2121/1044/1094
f 2059/1001/1122 2053/998/1118 2122/1045/1166
f 2059/1001/1122 2123/1046/1167 2090/1022/1146
f 2052/997/1117 2122/1045/1166 2053/998/1118
f 2026/971/1095 2028/973/1097 2055/1000/1120
f 2031/976/1100 2033/978/1102 2034/979/1103
f 2027/972/1096 2034/979/1103 2028/973/1097
f 2047/992/1114 2049/994/1116 2091/1023/1147
f 2034/979/1103 2060/1002/1094 2035/980/1104
f 2065/1003/1126 2067/1005/1128 2020/965/1089
f 2021/966/1090 2067/1005/1128 2115/1038/1162
f 2079/1014/1138 2081/1015/1126 2104/1015/1154
f 2084/1018/1139 2086/1020/1142 2124/1020/1140
f 2087/1021/1143 2089/1015/1145 2125/1021/1146
f 2065/1003/1126 2090/1022/1146 2126/1047/1145
f 2091/1023/1147 2082/1016/1139 2047/992/1114
f 2093/1025/1146 2095/1026/1149 2127/1025/1143
f 2096/1027/1150 2098/1029/1148 2099/1030/1151
f 2099/1030/1151 2101/1032/1153 2096/1027/1150
f 2100/1031/1152 2103/1034/1142 2101/1032/1153
f 2104/1015/1154 2089/1015/1145 2088/1015/1144
f 2108/1037/1158 2066/1004/1127 2128/1048/1138
f 2019/964/1088 2109/967/1155 2116/1039/1157
f 2041/986/1109 2114/986/1161 2110/988/1159
f 2037/982/1106 2041/986/1109 2043/988/1110
f 2047/992/1114 2120/1043/1165 2048/993/1115
f 2054/999/1119 2112/980/1156 2129/999/1155
f 2073/1009/1133 2120/1043/1165 2118/1041/1163
f 2059/1001/1122 2122/1045/1166 2123/1046/1167
f 2059/1001/1122 2046/991/1113 2018/963/1087
f 2130/1049/1117 2131/1050/1168 2132/1051/1166
f 2133/1052/1135 2134/1053/1163 2135/1054/1169
f 2136/1055/1169 2131/1050/1168 2130/1049/1117
f 2137/1056/1165 2138/1057/1140 2139/1058/1170
f 2136/1055/1169 2140/1059/1165 2131/1050/1168
f 2134/1053/1163 2141/1060/1165 2135/1054/1169
f 2119/1042/1164 2083/1017/1140 2120/1043/1165
f 2142/1061/1166 2143/1062/1168 2144/1063/1171
f 2145/1064/1167 2142/1061/1166 2146/1063/1172
f 2147/1065/1152 2148/1066/1151 2149/1058/1173
f 2137/1056/1165 2150/1067/1174 2144/1063/1171
f 2151/1068/1146 2152/1069/1175 2153/1070/1176
f 2154/1071/1152 2155/1072/1177 2156/1073/1170
f 2157/1074/1172 2158/1075/1171 2159/1076/1178
f 2156/1073/1170 2155/1072/1177 2160/1077/1174
f 2161/1078/1173 2160/1077/1174 2155/1072/1177
f 2162/1079/1176 2160/1077/1174 2161/1078/1173
f 2163/1080/1175 2160/1077/1174 2162/1079/1176
f 2160/1077/1174 2163/1080/1175 2158/1075/1171
f 2163/1080/1175 2159/1076/1178 2158/1075/1171
f 2148/1066/1151 2164/1081/1148 2153/1070/1176
f 2145/1064/1167 2165/1082/1178 2152/1069/1175
f 2166/1080/1101 2167/1083/1179 2168/1083/1161
f 2167/1083/1179 2169/1084/1180 2170/1085/1159
f 2171/1086/1160 2170/1085/1159 2169/1084/1180
f 2167/1083/1179 2170/1085/1159 2168/1083/1161
f 2172/1087/1181 2039/984/1108 2037/982/1106
f 2031/976/1100 2173/976/1179 2032/977/1101
f 2031/976/1100 2027/972/1096 2174/972/1180
f 139/84/79 141/85/81 2175/84/1182
f 142/86/82 144/87/84 146/86/86
f 145/88/85 146/86/86 2176/88/1183
f 143/87/83 148/89/88 144/87/84
f 149/90/89 151/91/91 2177/91/1184
f 155/93/95 150/90/90 149/90/89
f 151/91/91 159/95/99 2177/91/1184
f 181/110/121 183/111/123 1659/110/895
f 184/112/124 186/113/126 1652/113/888
f 187/112/127 189/113/129 2178/112/1185
f 190/111/130 192/110/132 1666/110/902
f 196/91/136 198/95/138 1651/95/887
f 202/90/142 204/93/144 206/90/146
f 196/91/136 206/90/146 197/91/137
f 207/87/147 209/89/149 1647/89/883
f 210/88/150 212/86/152 213/86/153
f 213/86/153 208/87/148 207/87/147
f 217/84/157 219/85/159 1650/85/886
f 298/171/197 307/180/198 308/181/199
f 298/171/197 309/182/200 280/155/185
f 284/159/189 311/184/202 285/160/190
f 282/157/187 310/183/201 284/159/189
f 297/170/196 311/184/202 307/180/198
f 282/157/187 309/182/200 312/185/203
f 1047/613/557 1057/608/560 1062/613/564
f 1058/575/561 1013/580/547 1064/580/562
f 1012/579/546 1058/575/561 1060/579/560
f 1059/620/562 1047/613/557 1062/613/564
f 110/66/64 132/71/75 135/78/78
f 1554/860/800 1556/861/802 1583/860/829
f 1555/861/801 1558/862/804 1556/861/802
f 1559/863/805 1561/864/807 1565/863/811
f 1559/863/805 1566/868/812 1585/868/831
f 1569/871/815 1571/872/817 1582/871/828
f 1574/875/820 1576/876/822 1579/876/825
f 1578/878/824 1576/876/822 1584/878/830
f 1569/871/815 1575/875/821 1574/875/820
f 1554/860/800 1571/872/817 1570/872/816
f 1560/864/806 1584/878/830 1561/864/807
f 1566/868/812 1556/861/802 1558/862/804
f 1583/860/829 1565/863/811 1561/864/807
f 1561/864/807 1571/872/817 1583/860/829
f 1584/878/830 1575/875/821 1582/871/828
f 1568/870/814 1578/878/824 1560/864/806
f 1585/868/831 1580/879/826 1553/859/799
f 1551/857/797 1557/862/803 1555/861/801
f 1570/872/816 1581/880/827 1554/860/800
f 1573/874/819 1578/878/824 1564/867/810
f 1562/865/808 1574/875/820 1563/866/809
f 1581/880/827 1555/861/801 1554/860/800
f 1568/870/814 1559/863/805 1552/858/798
f 1552/858/798 1585/868/831 1553/859/799
f 1577/877/823 1569/871/815 1562/865/808
f 1573/874/819 1574/875/820 1579/876/825
f 1557/862/803 1566/868/812 1558/862/804
f 1586/68/66 130/79/74 138/72/70
f 130/79/74 132/71/75 138/72/70
f 1587/71/832 1591/66/62 1590/78/833
f 1595/79/60 1597/68/57 1594/72/43
f 1587/71/832 1595/79/60 1594/72/43
f 1601/861/837 1603/860/839 1631/860/867
f 1604/862/840 1602/861/838 1601/861/837
f 1606/864/842 1608/863/844 1630/863/866
f 1608/863/844 1613/868/849 1630/863/866
f 1616/872/852 1618/871/854 1632/871/868
f 1621/875/857 1623/876/859 1628/875/864
f 1623/876/859 1625/878/861 1629/878/865
f 1618/871/854 1628/875/864 1632/871/868
f 1603/860/839 1616/872/852 1631/860/867
f 1629/878/865 1607/864/843 1606/864/842
f 1613/868/849 1601/861/837 1630/863/866
f 1630/863/866 1631/860/867 1606/864/842
f 1606/864/842 1616/872/852 1629/878/865
f 1628/875/864 1629/878/865 1632/871/868
f 1625/878/861 1615/870/851 1607/864/843
f 1626/879/862 1612/868/848 1599/859/835
f 1605/862/841 1598/857/834 1602/861/838
f 1617/872/853 1627/880/863 1624/877/860
f 1620/874/856 1625/878/861 1622/876/858
f 1609/865/845 1621/875/857 1618/871/854
f 1602/861/838 1627/880/863 1603/860/839
f 1615/870/851 1608/863/844 1607/864/843
f 1600/858/836 1612/868/848 1608/863/844
f 1624/877/860 1618/871/854 1617/872/853
f 1621/875/857 1620/874/856 1622/876/858
f 1613/868/849 1605/862/841 1604/862/840
f 203/93/143 209/89/149 204/93/144
f 210/88/150 219/85/159 211/88/151
f 199/94/139 1651/95/887 217/84/157
f 1647/89/883 201/87/141 207/87/147
f 1651/95/887 194/98/134 196/91/136
f 1647/89/883 1646/882/882 1649/89/885
f 203/93/143 1645/881/881 1646/882/882
f 1650/85/886 1648/883/884 200/92/140
f 199/94/139 1650/85/886 200/92/140
f 202/90/142 194/98/134 1645/881/881
f 213/86/153 1648/883/884 210/88/150
f 207/87/147 205/86/145 213/86/153
f 217/84/157 198/95/138 218/84/158
f 1652/113/888 183/111/123 182/111/122
f 1658/886/894 184/112/124 1657/885/893
f 1655/884/891 182/111/122 1656/111/892
f 182/111/122 1658/886/894 1656/111/892
f 1652/113/888 1657/885/893 184/112/124
f 184/112/124 1659/110/895 185/112/125
f 148/89/88 156/93/96 155/93/95
f 141/85/81 145/88/85 2176/88/1183
f 158/95/98 157/94/97 139/84/79
f 147/89/87 153/87/93 1661/89/897
f 158/95/98 162/98/102 161/97/101
f 1654/882/890 147/89/87 1661/89/897
f 1653/881/889 156/93/96 1654/882/890
f 1660/883/896 140/85/80 152/92/92
f 157/94/97 140/85/80 139/84/79
f 162/98/102 150/90/90 1653/881/889
f 142/86/82 1660/883/896 154/86/94
f 143/87/83 154/86/94 153/87/93
f 159/95/99 139/84/79 2175/84/1182
f 188/113/128 190/111/130 189/113/129
f 1665/886/901 187/112/127 192/110/132
f 1662/884/898 191/111/131 188/113/128
f 1665/886/901 191/111/131 1664/111/900
f 188/113/128 1663/885/899 1662/884/898
f 1666/110/902 187/112/127 2178/112/1185
f 1877/897/1007 1879/958/1009 2179/892/1019
f 1880/894/1010 1882/959/1012 2180/961/1018
f 1892/960/1009 1894/700/1016 1882/959/1012
f 1881/889/1011 1892/960/1009 1882/959/1012
f 1899/891/1013 1901/899/1019 2181/899/1017
f 1882/959/1012 1884/891/1014 2180/961/1018
f 1879/958/1009 1903/896/1017 2179/892/1019
f 1990/958/1073 1992/897/1075 2015/892/1085
f 1993/959/1076 1995/894/1078 2014/961/1084
f 2005/960/1073 2006/700/1082 2182/888/1074
f 2005/960/1073 1994/889/1077 1993/959/1076
f 2011/891/1079 2013/899/1085 2183/889/1075
f 1993/959/1076 1998/891/1080 2006/700/1082
f 1990/958/1073 2016/896/1083 2184/895/1081
f 2017/962/1086 2019/964/1088 2185/1088/1094
f 2036/981/1105 2038/983/1107 2070/1006/1130
f 2039/984/1108 2041/986/1109 2037/982/1106
f 2046/991/1113 2019/964/1088 2018/963/1087
f 2050/995/1099 2017/962/1086 2185/1088/1094
f 2051/996/1117 2018/963/1087 2017/962/1086
f 2076/1012/1136 2039/984/1108 2172/1087/1181
f 2043/988/1110 2111/989/1160 2044/989/1111
f 2027/972/1096 2113/971/1160 2174/972/1180
f 2041/986/1109 2110/988/1159 2043/988/1110
f 2037/982/1106 2043/988/1110 2038/983/1107
f 2059/1001/1122 2018/963/1087 2053/998/1118
f 2137/1056/1165 2139/1058/1170 2150/1067/1174
f 2132/1051/1166 2158/1075/1171 2157/1074/1172
f 2145/1064/1167 2146/1063/1172 2165/1082/1178
f 2147/1065/1152 2149/1058/1173 2186/1089/1177
f 2137/1056/1165 2144/1063/1171 2143/1062/1168
f 2151/1068/1146 2153/1070/1176 2164/1081/1148
f 2154/1071/1152 2156/1073/1170 2187/1090/1140
f 2148/1066/1151 2153/1070/1176 2149/1058/1173
f 2145/1064/1167 2152/1069/1175 2151/1068/1146
f 2172/1087/1181 2037/982/1106 2036/981/1105
f 2031/976/1100 2174/972/1180 2173/976/1179
f 2188/962/1186 2189/964/1187 2190/963/1188
f 2191/965/1189 2192/967/1190 2021/966/1090
f 2023/968/1092 2193/1091/1191 2024/969/1093
f 2026/971/1095 2194/973/1192 2195/972/1193
f 2029/974/1098 2193/1091/1191 2030/975/1099
f 2196/976/1194 2197/978/1195 2198/977/1196
f 2195/972/1193 2199/979/1197 2196/976/1194
f 2199/979/1197 2194/973/1192 2200/980/1198
f 2201/981/1199 2202/983/1200 2203/982/1201
f 2204/984/1202 2205/986/1203 2206/985/1196
f 2042/987/1092 2198/977/1196 2197/978/1195
f 2207/988/1204 2045/990/1112 2044/989/1111
f 2208/991/1205 2189/964/1187 2192/967/1190
f 2209/992/1206 2049/994/1116 2210/993/1207
f 2024/969/1093 2193/1091/1191 2029/974/1098
f 2050/995/1099 2188/962/1186 2211/996/1208
f 2212/997/1208 2190/963/1188 2213/998/1209
f 2200/980/1198 2055/1000/1120 2054/999/1119
f 2056/974/1121 2214/1091/1196 2057/975/1092
f 2191/965/1189 2215/1001/1210 2208/991/1205
f 2199/979/1197 2216/1002/1191 2197/978/1195
f 2061/969/1123 2217/1091/1208 2062/974/1124
f 2062/974/1124 2217/1091/1208 2064/975/1125
f 2045/990/1112 2207/988/1204 2202/983/1200
f 2218/1003/1211 2219/1005/1212 2220/1004/1213
f 2068/968/1099 2217/1091/1208 2061/969/1123
f 2069/969/1129 2214/1091/1196 2056/974/1121
f 2221/1006/1214 2071/1007/1131 2045/990/1112
f 2221/1006/1214 2222/1008/1215 2071/1007/1131
f 2223/1009/1216 2210/993/1207 2074/1010/1134
f 2074/1010/1134 2224/1011/1217 2223/1009/1216
f 2225/1012/1218 2204/984/1202 2077/1013/1137
f 2077/1013/1137 2204/984/1202 2206/985/1196
f 2021/966/1090 2219/1005/1212 2191/965/1189
f 2221/1006/1214 2045/990/1112 2202/983/1200
f 2078/968/1137 2214/1091/1196 2069/969/1129
f 2192/967/1190 2191/965/1189 2208/991/1205
f 2079/1014/1138 2226/1015/1211 2227/1014/1213
f 2228/1016/1219 2209/992/1206 2229/1017/1220
f 2230/1018/1219 2086/1020/1142 2085/1019/1141
f 2087/1021/1143 2231/1015/1221 2088/1015/1144
f 2218/1003/1211 2232/1022/1222 2191/965/1189
f 2191/965/1189 2232/1022/1222 2215/1001/1210
f 2091/1023/1147 2228/1016/1219 2092/1024/1141
f 2233/1025/1222 2095/1026/1149 2234/1026/1223
f 2096/1027/1150 2235/1029/1223 2097/1028/1149
f 2236/1030/1224 2101/1032/1153 2237/1031/1225
f 2237/1031/1225 2103/1034/1142 2238/1033/1220
f 2104/1015/1154 2231/1015/1221 2226/1015/1211
f 2105/1035/1155 2239/1036/1226 2240/1036/1227
f 2216/1002/1191 2042/987/1092 2197/978/1195
f 2108/1037/1158 2220/1004/1213 2219/1005/1212
f 2189/964/1187 2109/967/1155 2192/967/1190
f 2210/993/1207 2049/994/1116 2074/1010/1134
f 2055/1000/1120 2200/980/1198 2194/973/1192
f 2207/988/1204 2111/989/1160 2241/988/1228
f 2216/1002/1191 2200/980/1198 2242/980/1227
f 2195/972/1193 2113/971/1160 2026/971/1095
f 2206/985/1196 2205/986/1203 2243/986/1229
f 2219/1005/1212 2115/1038/1162 2108/1037/1158
f 2189/964/1187 2244/1040/1191 2245/1039/1226
f 2223/1009/1216 2224/1011/1217 2246/1041/1230
f 2209/992/1206 2247/1043/1231 2248/1042/1232
f 2054/999/1119 2242/980/1227 2200/980/1198
f 2223/1009/1216 2247/1043/1231 2210/993/1207
f 2209/992/1206 2248/1042/1232 2229/1017/1220
f 2239/1036/1226 2249/1044/1191 2240/1036/1227
f 2215/1001/1210 2250/1045/1233 2213/998/1209
f 2215/1001/1210 2232/1022/1222 2251/1046/1234
f 2212/997/1208 2213/998/1209 2250/1045/1233
f 2026/971/1095 2055/1000/1120 2194/973/1192
f 2196/976/1194 2199/979/1197 2197/978/1195
f 2195/972/1193 2194/973/1192 2199/979/1197
f 2209/992/1206 2091/1023/1147 2049/994/1116
f 2199/979/1197 2200/980/1198 2216/1002/1191
f 2218/1003/1211 2191/965/1189 2219/1005/1212
f 2021/966/1090 2115/1038/1162 2219/1005/1212
f 2079/1014/1138 2104/1015/1154 2226/1015/1211
f 2230/1018/1219 2252/1020/1220 2086/1020/1142
f 2087/1021/1143 2253/1021/1222 2231/1015/1221
f 2218/1003/1211 2254/1047/1221 2232/1022/1222
f 2091/1023/1147 2209/992/1206 2228/1016/1219
f 2233/1025/1222 2127/1025/1143 2095/1026/1149
f 2096/1027/1150 2236/1030/1224 2235/1029/1223
f 2236/1030/1224 2096/1027/1150 2101/1032/1153
f 2237/1031/1225 2101/1032/1153 2103/1034/1142
f 2104/1015/1154 2088/1015/1144 2231/1015/1221
f 2108/1037/1158 2128/1048/1138 2220/1004/1213
f 2189/964/1187 2245/1039/1226 2109/967/1155
f 2205/986/1203 2241/988/1228 2243/986/1229
f 2203/982/1201 2207/988/1204 2205/986/1203
f 2209/992/1206 2210/993/1207 2247/1043/1231
f 2054/999/1119 2129/999/1155 2242/980/1227
f 2223/1009/1216 2246/1041/1230 2247/1043/1231
f 2215/1001/1210 2251/1046/1234 2250/1045/1233
f 2215/1001/1210 2190/963/1188 2208/991/1205
f 2255/1049/1208 2256/1051/1233 2257/1050/1235
f 2258/1052/1217 2135/1054/1236 2259/1053/1230
f 2136/1055/1236 2255/1049/1208 2257/1050/1235
f 2260/1056/1231 2261/1058/1237 2262/1057/1220
f 2136/1055/1236 2257/1050/1235 2263/1059/1231
f 2259/1053/1230 2135/1054/1236 2264/1060/1231
f 2248/1042/1232 2247/1043/1231 2229/1017/1220
f 2265/1061/1233 2266/1063/1238 2267/1062/1235
f 2268/1064/1234 2269/1063/1239 2265/1061/1233
f 2270/1065/1225 2271/1058/1240 2272/1066/1224
f 2260/1056/1231 2266/1063/1238 2273/1067/1241
f 2274/1068/1222 2275/1070/1242 2276/1069/1243
f 2277/1071/1225 2278/1073/1237 2279/1072/1244
f 2280/1074/1239 2281/1076/1245 2282/1075/1238
f 2278/1073/1237 2283/1077/1241 2279/1072/1244
f 2284/1078/1240 2279/1072/1244 2283/1077/1241
f 2285/1079/1242 2284/1078/1240 2283/1077/1241
f 2286/1080/1243 2285/1079/1242 2283/1077/1241
f 2283/1077/1241 2282/1075/1238 2286/1080/1243
f 2286/1080/1243 2282/1075/1238 2281/1076/1245
f 2272/1066/1224 2275/1070/1242 2287/1081/1223
f 2268/1064/1234 2276/1069/1243 2288/1082/1245
f 2289/1080/1196 2290/1083/1229 2291/1083/1246
f 2291/1083/1246 2292/1085/1228 2293/1084/1247
f 2171/1086/1160 2293/1084/1247 2292/1085/1228
f 2291/1083/1246 2290/1083/1229 2292/1085/1228
f 2294/1087/1248 2203/982/1201 2204/984/1202
f 2196/976/1194 2198/977/1196 2295/976/1246
f 2196/976/1194 2296/972/1247 2195/972/1193
f 2188/962/1186 2297/1088/1191 2189/964/1187
f 2201/981/1199 2221/1006/1214 2202/983/1200
f 2204/984/1202 2203/982/1201 2205/986/1203
f 2208/991/1205 2190/963/1188 2189/964/1187
f 2050/995/1099 2297/1088/1191 2188/962/1186
f 2211/996/1208 2188/962/1186 2190/963/1188
f 2225/1012/1218 2294/1087/1248 2204/984/1202
f 2207/988/1204 2044/989/1111 2111/989/1160
f 2195/972/1193 2296/972/1247 2113/971/1160
f 2205/986/1203 2207/988/1204 2241/988/1228
f 2203/982/1201 2202/983/1200 2207/988/1204
f 2215/1001/1210 2213/998/1209 2190/963/1188
f 2260/1056/1231 2273/1067/1241 2261/1058/1237
f 2256/1051/1233 2280/1074/1239 2282/1075/1238
f 2268/1064/1234 2288/1082/1245 2269/1063/1239
f 2270/1065/1225 2298/1089/1244 2271/1058/1240
f 2260/1056/1231 2267/1062/1235 2266/1063/1238
f 2274/1068/1222 2287/1081/1223 2275/1070/1242
f 2277/1071/1225 2299/1090/1220 2278/1073/1237
f 2272/1066/1224 2271/1058/1240 2275/1070/1242
f 2268/1064/1234 2274/1068/1222 2276/1069/1243
f 2294/1087/1248 2201/981/1199 2203/982/1201
f 2196/976/1194 2295/976/1246 2296/972/1247
f 2300/1092/7 2301/21/1249 2302/20/8
f 2303/1092/27 2304/20/25 2305/21/1250
f 2306/13/1251 2307/12/1252 2308/10/1253
f 2309/13/1254 2310/11/27 2311/10/1255
f 2072/1008/1132 2312/1008/1256 2313/1006/1257
f 2225/1012/1218 2314/1012/1258 2315/1087/1259
f 2036/981/1105 2316/981/1260 2317/1087/1261
f 2222/1008/1215 2318/1008/1262 2319/1007/1263
f 2036/981/1105 2070/1006/1130 2313/1006/1257
f 2201/981/1199 2294/1087/1248 2315/1087/1259
f 2222/1008/1215 2221/1006/1214 2320/1006/1264
f 2201/981/1199 2321/981/1265 2320/1006/1264
f 2076/1012/1136 2172/1087/1181 2317/1087/1261
f 2072/1008/1132 2071/1007/1131 2319/1007/1263
f 5/5/5 84/44/50 2322/1093/1266
f 78/38/45 2323/1094/54 2322/1093/1266
f 84/44/50 2324/1095/1267 2325/1096/1268
f 79/39/46 2322/1093/1266 2325/1096/1268
f 2326/1097/1269 2324/1095/1267 84/44/50
f 2327/1098/1270 2328/1099/1271 2329/1100/1272
f 2330/1101/1269 2327/1098/1270 2329/1100/1272
f 2331/1102/1273 2329/1100/1272 2328/1099/1271
f 2325/1096/1268 2329/1100/1272 2331/1102/1273
f 79/39/46 2331/1102/1273 2328/1099/1271
f 2330/1101/1269 82/42/49 74/34/41
f 74/34/41 80/40/47 2328/1099/1271
f 2329/1100/1272 2324/1095/1267 2326/1097/1269
f 2329/1100/1272 2325/1096/1268 2324/1095/1267
f 2332/1103/23 2333/1104/1274 2334/1105/1275
f 2335/1106/1276 2336/1107/21 2337/1108/1275
f 2338/1109/1253 2301/21/1249 2300/1092/7
f 2339/1012/1277 2340/1012/1278 2341/1012/1279
f 2314/1012/1258 2225/1012/1218 2342/1012/1280
f 2343/1110/1274 2344/1111/1281 2345/1112/1282
f 2346/1113/1283 2347/1114/1275 2348/1115/1282
f 2349/1116/1249 2350/1117/1284 2351/1118/1285
f 34/21/8 2352/21/1285 2353/28/1274
f 2354/1119/1286 2355/1119/1287 2356/1119/1284
f 2357/1120/1286 2335/1106/1276 2358/1121/1283
f 2359/1122/1282 2360/1122/1281 2361/1123/1288
f 2359/1122/1282 2362/1123/1289 2363/1124/1290
f 2364/20/1287 2365/1092/1291 2366/1125/1292
f 2367/1114/1283 2368/1126/1293 2369/1127/1291
f 2370/1128/1285 2371/1114/1284 2372/1126/1292
f 2373/1129/1285 2374/1130/1294 2375/1131/1281
f 2376/1132/1288 2377/1133/1295 2378/1134/1290
f 2377/1133/1295 2379/1135/1296 2380/1136/1297
f 2381/1137/1292 2382/1137/1291 2383/1138/1297
f 2384/1139/1293 2363/1124/1290 2383/1138/1297
f 2385/1139/1294 2381/1137/1292 2386/1138/1296
f 2360/1122/1281 2385/1139/1294 2387/1124/1295
f 2388/1103/36 2389/1140/33 2390/1105/1298
f 2391/1108/1298 2392/1107/33 2393/1106/1299
f 2394/1110/1300 2395/1092/1298 2396/1112/1301
f 2397/1115/1301 2398/1114/1298 2399/1113/1302
f 2400/1116/1250 2401/1141/25 2402/1118/1303
f 68/21/25 67/28/36 2403/28/1300
f 2404/1119/1304 2405/1119/1250 2406/1119/1305
f 2407/1121/1302 2393/1106/1299 2408/1120/1304
f 2409/1123/1306 2410/1122/1307 2411/1122/1301
f 2411/1122/1301 2412/1139/1308 2413/1124/1309
f 2414/20/1310 2415/1113/1305 2416/1125/1311
f 2417/1114/1302 2418/1128/1310 2419/1127/1312
f 2420/1126/1311 2421/1114/1305 2422/1128/1303
f 2423/1129/1303 2424/1142/1300 2425/1131/1307
f 2426/1132/1306 2427/1143/1313 2428/1134/1309
f 2429/1133/1314 2428/1134/1309 2430/1136/1315
f 2431/1138/1315 2432/1137/1312 2433/1137/1311
f 2412/1139/1308 2432/1137/1312 2431/1138/1315
f 2434/1138/1316 2433/1137/1311 2435/1139/1317
f 2436/1124/1314 2435/1139/1317 2410/1122/1307
f 2437/1109/1255 2303/1092/27 2305/21/1250
f 2438/1144/1318 2439/1145/1319 2440/1146/1320
f 2441/1147/1321 2442/1148/1322 2443/1149/1323
f 2444/1150/1324 2443/1149/1323 2445/1151/1325
f 2446/1152/1326 2445/1151/1325 2440/1146/1320
f 2447/1147/1327 2448/1150/1328 2449/1149/1329
f 2450/1153/1327 2451/1154/1330 2452/1154/1328
f 2453/1154/1331 2454/1153/1321 2455/1154/1324
f 2441/1147/1321 2456/1155/1250 2442/1148/1322
f 2447/1147/1327 2457/1148/1332 2458/1155/1249
f 3/3/3 74/34/41 82/42/49
f 78/38/45 80/40/47 81/41/48
f 2459/1156/1333 2460/1157/1318 2461/1158/1328
f 2462/1159/1324 2463/1160/1326 2464/1161/1334
f 2465/1162/1335 2466/1163/1319 2460/1157/1318
f 2465/1162/1335 2464/1161/1334 2463/1160/1326
f 2467/1164/1328 2438/1144/1318 2468/1165/1336
f 2/2/2 80/40/47 74/34/41
f 4/4/4 84/44/50 5/5/5
f 2306/13/1251 2308/10/1253 2469/11/7
f 2309/13/1254 2311/10/1255 2470/12/1337
f 2072/1008/1132 2313/1006/1257 2070/1006/1130
f 2225/1012/1218 2315/1087/1259 2294/1087/1248
f 2036/981/1105 2317/1087/1261 2172/1087/1181
f 2222/1008/1215 2319/1007/1263 2071/1007/1131
f 2036/981/1105 2313/1006/1257 2316/981/1260
f 2201/981/1199 2315/1087/1259 2321/981/1265
f 2222/1008/1215 2320/1006/1264 2318/1008/1262
f 2201/981/1199 2320/1006/1264 2221/1006/1214
f 2076/1012/1136 2317/1087/1261 2339/1012/1277
f 2072/1008/1132 2319/1007/1263 2312/1008/1256
f 5/5/5 2322/1093/1266 2323/1094/54
f 78/38/45 2322/1093/1266 79/39/46
f 84/44/50 2325/1096/1268 2322/1093/1266
f 79/39/46 2325/1096/1268 2331/1102/1273
f 2326/1097/1269 84/44/50 83/43/49
f 79/39/46 2328/1099/1271 80/40/47
f 2330/1101/1269 74/34/41 2327/1098/1270
f 74/34/41 2328/1099/1271 2327/1098/1270
f 2332/1103/23 2334/1105/1275 2471/1140/21
f 2335/1106/1276 2337/1108/1275 2358/1121/1283
f 2339/1012/1277 2341/1012/1279 2076/1012/1136
f 2314/1012/1258 2342/1012/1280 2472/1012/1338
f 2343/1110/1274 2345/1112/1282 2473/1092/1275
f 2346/1113/1283 2348/1115/1282 2474/1125/1293
f 2349/1116/1249 2351/1118/1285 2475/1141/8
f 34/21/8 2353/28/1274 35/28/23
f 2354/1119/1286 2356/1119/1284 2476/1119/1249
f 2357/1120/1286 2358/1121/1283 2477/1166/1287
f 2359/1122/1282 2361/1123/1288 2362/1123/1289
f 2359/1122/1282 2363/1124/1290 2384/1139/1293
f 2364/20/1287 2366/1125/1292 2478/1113/1284
f 2367/1114/1283 2369/1127/1291 2479/1128/1287
f 2370/1128/1285 2372/1126/1292 2480/1127/1294
f 2373/1129/1285 2375/1131/1281 2481/1142/1274
f 2376/1132/1288 2378/1134/1290 2482/1143/1289
f 2377/1133/1295 2380/1136/1297 2378/1134/1290
f 2381/1137/1292 2383/1138/1297 2386/1138/1296
f 2384/1139/1293 2383/1138/1297 2382/1137/1291
f 2385/1139/1294 2386/1138/1296 2387/1124/1295
f 2360/1122/1281 2387/1124/1295 2361/1123/1288
f 2388/1103/36 2390/1105/1298 2483/1104/1300
f 2391/1108/1298 2393/1106/1299 2407/1121/1302
f 2394/1110/1300 2396/1112/1301 2484/1111/1307
f 2397/1115/1301 2399/1113/1302 2485/1125/1308
f 2400/1116/1250 2402/1118/1303 2486/1117/1305
f 68/21/25 2403/28/1300 2487/21/1303
f 2404/1119/1304 2406/1119/1305 2488/1119/1310
f 2407/1121/1302 2408/1120/1304 2489/1166/1310
f 2409/1123/1306 2411/1122/1301 2490/1123/1313
f 2411/1122/1301 2413/1124/1309 2490/1123/1313
f 2414/20/1310 2416/1125/1311 2491/1092/1312
f 2417/1114/1302 2419/1127/1312 2492/1126/1308
f 2420/1126/1311 2422/1128/1303 2493/1127/1317
f 2423/1129/1303 2425/1131/1307 2494/1130/1317
f 2426/1132/1306 2428/1134/1309 2429/1133/1314
f 2429/1133/1314 2430/1136/1315 2495/1135/1316
f 2431/1138/1315 2433/1137/1311 2434/1138/1316
f 2412/1139/1308 2431/1138/1315 2413/1124/1309
f 2434/1138/1316 2435/1139/1317 2436/1124/1314
f 2436/1124/1314 2410/1122/1307 2409/1123/1306
f 2438/1144/1318 2440/1146/1320 2468/1165/1336
f 2441/1147/1321 2443/1149/1323 2444/1150/1324
f 2444/1150/1324 2445/1151/1325 2446/1152/1326
f 2446/1152/1326 2440/1146/1320 2439/1145/1319
f 2447/1147/1327 2449/1149/1329 2457/1148/1332
f 2451/1154/1330 2450/1153/1327 2496/1167/1253
f 2496/1167/1253 2450/1153/1327 2497/1168/1249
f 2454/1153/1321 2498/1167/1255 2499/1168/1250
f 2498/1167/1255 2454/1153/1321 2453/1154/1331
f 2459/1156/1333 2461/1158/1328 2500/1169/1330
f 2462/1159/1324 2464/1161/1334 2501/1170/1331
f 2465/1162/1335 2460/1157/1318 2459/1156/1333
f 2465/1162/1335 2463/1160/1326 2466/1163/1319
f 2467/1164/1328 2468/1165/1336 2502/1171/1329
f 2503/1172/1263 2504/1173/54 2505/1174/45
f 2503/1172/1263 2506/1175/48 2507/1176/1256
f 134/81/77 2508/1177/1256 137/83/48
f 133/80/76 2509/1178/1257 134/81/77
f 126/75/22 2510/1179/1260 133/80/76
f 2511/1058/1260 2512/1180/21 2513/1181/1261
f 2512/1180/21 2514/1182/1276 2513/1181/1261
f 2513/1181/1261 2514/1182/1276 2515/1183/1277
f 2514/1182/1276 2516/1184/1286 2515/1183/1277
f 2516/1184/1286 2517/1185/1339 2515/1183/1277
f 2516/1184/1286 2518/1186/1340 2517/1185/1339
f 2519/1187/1332 2520/1188/1323 2521/1189/1322
f 2522/1190/1336 2520/1188/1323 2523/1191/1329
f 2524/1192/1320 2525/1193/1325 2522/1190/1336
f 2526/1058/1265 2527/1194/38 2528/1195/52
f 2526/1058/1265 2529/1181/1259 2530/1180/33
f 2530/1180/33 2529/1181/1259 2531/1182/1299
f 2529/1181/1259 2532/1183/1258 2531/1182/1299
f 2531/1182/1299 2532/1183/1258 2533/1184/1304
f 2533/1184/1304 2532/1183/1258 2534/1185/1341
f 2533/1184/1304 2534/1185/1341 2535/1186/1342
f 2536/140/1343 2537/142/1344 2538/141/1345
f 2539/143/1346 2540/144/1347 2538/141/1345
f 2541/145/1348 2542/147/1349 2543/146/1350
f 2543/146/1350 2537/142/1344 2541/145/1348
f 2544/148/1351 2542/147/1349 2545/149/1352
f 2544/148/1351 2543/146/1350 2542/147/1349
f 2546/150/1353 2547/151/1354 2545/149/1352
f 2548/152/1355 2545/149/1352 2547/151/1354
f 2547/151/1354 2540/144/1347 2548/152/1355
f 2549/153/1356 2548/152/1355 2540/144/1347
f 2537/142/1344 2539/143/1346 2538/141/1345
f 2539/143/1346 2549/153/1356 2540/144/1347
f 2550/154/1354 2551/156/1357 2552/155/1358
f 2553/157/1359 2552/155/1358 2551/156/1357
f 2554/158/1360 2555/160/1361 2556/159/1362
f 2551/156/1357 2554/158/1360 2556/159/1362
f 2557/161/1363 2542/147/1349 2558/162/1364
f 2559/163/1343 2560/165/1345 2561/164/1360
f 2562/152/1365 2563/166/1357 2546/150/1353
f 2562/152/1365 2546/150/1353 2557/161/1363
f 2562/152/1365 2564/167/1366 2563/166/1357
f 2564/167/1366 2565/141/1360 2563/166/1357
f 2541/145/1348 2536/140/1343 2558/162/1364
f 2564/167/1366 2536/140/1343 2565/141/1360
f 2542/147/1349 2557/161/1363 2546/150/1353
f 2542/147/1349 2541/145/1348 2558/162/1364
f 2566/168/1367 2567/170/1368 2568/169/1345
f 2554/158/1360 2568/169/1345 2555/160/1361
f 2566/168/1367 2552/155/1358 2569/171/1369
f 2567/170/1368 2555/160/1361 2568/169/1345
f 2568/169/1345 2540/144/1347 2566/168/1367
f 2550/154/1354 2552/155/1358 2566/168/1367
f 2566/168/1367 2569/171/1369 2567/170/1368
f 2536/140/1343 2541/145/1348 2537/142/1344
f 2546/150/1353 2545/149/1352 2542/147/1349
f 2546/150/1353 2563/166/1357 2570/172/1354
f 2536/140/1343 2564/167/1366 2558/162/1364
f 2551/156/1357 2556/159/1362 2553/157/1359
f 2540/144/1347 2550/154/1354 2566/168/1367
f 2571/175/1350 2572/173/1351 2573/177/1346
f 2574/178/1344 2571/175/1350 2573/177/1346
f 2575/174/1355 2573/177/1346 2572/173/1351
f 2576/176/1352 2575/174/1355 2572/173/1351
f 2575/174/1355 2577/179/1356 2573/177/1346
f 2569/171/1369 2578/180/1370 2567/170/1368
f 2569/171/1369 2579/182/1371 2580/181/1372
f 2556/159/1362 2581/184/1373 2582/183/1374
f 2553/157/1359 2582/183/1374 2583/185/1375
f 2567/170/1368 2581/184/1373 2555/160/1361
f 2553/157/1359 2579/182/1371 2552/155/1358
f 2581/184/1373 2584/187/1370 2585/186/1376
f 2579/182/1371 2583/185/1375 2585/186/1376
f 2583/185/1375 2582/183/1374 2585/186/1376
f 2586/188/1372 2579/182/1371 2585/186/1376
f 2582/183/1374 2581/184/1373 2585/186/1376
f 2584/187/1370 2587/189/1372 2585/186/1376
f 2588/190/1377 2589/192/1378 2590/191/1379
f 2591/193/1380 2592/195/1378 2593/194/1377
f 2594/196/1381 2595/198/1382 2596/197/1383
f 2596/197/1383 2597/199/1384 2594/196/1381
f 2596/197/1383 2598/201/1385 2599/200/1386
f 2598/201/1385 2596/197/1383 2595/198/1382
f 2600/202/1387 2597/199/1384 2596/197/1383
f 2599/200/1386 2600/202/1387 2596/197/1383
f 2601/203/1388 2595/198/1382 2594/196/1381
f 2594/196/1381 2597/199/1384 2601/203/1388
f 2602/204/1389 2603/205/1390 2595/198/1382
f 2595/198/1382 2601/203/1388 2602/204/1389
f 2604/206/1391 2598/201/1385 2603/205/1390
f 2595/198/1382 2603/205/1390 2598/201/1385
f 2605/207/1392 2599/200/1386 2598/201/1385
f 2598/201/1385 2604/206/1391 2605/207/1392
f 2606/208/1393 2607/210/1394 2608/209/1395
f 2609/211/1396 2610/213/1397 2611/212/1398
f 2608/209/1395 2612/202/1399 2613/214/1400
f 2612/202/1399 2608/209/1395 2607/210/1394
f 2614/215/1401 2608/209/1395 2615/216/1402
f 2613/214/1400 2615/216/1402 2608/209/1395
f 2616/217/1403 2606/208/1393 2614/215/1401
f 2608/209/1395 2614/215/1401 2606/208/1393
f 2617/218/1404 2614/215/1401 2618/219/1405
f 2614/215/1401 2617/218/1404 2616/217/1403
f 2618/219/1405 2619/220/1406 2617/218/1404
f 2615/216/1402 2618/219/1405 2614/215/1401
f 2617/218/1404 2620/222/1407 2621/221/1408
f 2620/222/1407 2617/218/1404 2619/220/1406
f 2616/217/1403 2621/221/1408 2622/223/1409
f 2621/221/1408 2616/217/1403 2617/218/1404
f 2623/224/1410 2621/221/1408 2620/222/1407
f 2621/221/1408 2623/224/1410 2622/223/1409
f 2606/208/1393 2616/217/1403 2624/225/1411
f 2622/223/1409 2624/225/1411 2616/217/1403
f 2607/210/1394 2606/208/1393 2625/226/1412
f 2625/226/1412 2606/208/1393 2624/225/1411
f 2626/227/1413 2627/229/1414 2628/228/1398
f 2629/212/1415 2628/228/1398 2627/229/1414
f 2630/230/1416 2631/231/1417 2632/229/1418
f 2633/232/1419 2632/229/1418 2631/231/1417
f 2634/233/1420 2635/235/1421 2636/234/1422
f 2636/234/1422 2637/236/1423 2634/233/1420
f 2638/237/1424 2634/233/1420 2637/236/1423
f 2639/238/1425 2636/234/1422 2635/235/1421
f 2640/239/1426 2641/241/1427 2642/240/1428
f 2643/242/1429 2644/244/1430 2645/243/1431
f 2629/212/1415 2646/246/1432 2647/245/1433
f 2629/212/1415 2627/229/1414 2646/246/1432
f 2648/247/1377 2649/249/1434 2650/248/1406
f 2651/232/1435 2646/246/1432 2627/229/1414
f 2652/250/1380 2650/248/1406 2653/251/1436
f 2650/248/1406 2652/250/1380 2648/247/1377
f 2654/228/1437 2655/253/1438 2656/252/1439
f 2655/253/1438 2654/228/1437 2657/212/1440
f 2658/254/1378 2659/256/1441 2660/255/1442
f 2661/211/1443 2655/253/1438 2657/212/1440
f 2660/255/1442 2659/256/1441 2662/257/1444
f 2663/233/1445 2664/235/1446 2665/258/1447
f 2665/258/1447 2666/236/1448 2663/233/1445
f 2667/237/1449 2663/233/1445 2666/236/1448
f 2668/238/1450 2665/258/1447 2664/235/1446
f 2669/211/1451 2670/213/1452 2671/212/1453
f 2672/259/1429 2673/261/1454 2674/260/1455
f 2675/227/1456 2632/229/1418 2654/228/1437
f 2676/262/1457 2677/264/1458 2678/263/1459
f 2679/265/1460 2680/267/1461 2681/266/1462
f 2682/268/1440 2654/228/1437 2632/229/1418
f 2683/269/1463 2684/271/1464 2685/270/1465
f 2683/269/1463 2686/269/1466 2684/271/1464
f 2685/270/1465 2687/273/1467 2688/272/1468
f 2688/272/1468 2683/269/1463 2685/270/1465
f 2687/273/1467 2689/275/1469 2690/274/1470
f 2687/273/1467 2685/270/1465 2689/275/1469
f 2691/276/1471 2690/274/1470 2692/277/1472
f 2692/277/1472 2690/274/1470 2689/275/1469
f 2693/212/1473 2694/213/1474 2695/211/1475
f 2696/278/1429 2697/280/1476 2698/279/1454
f 2699/229/1413 2700/231/1477 2701/230/1478
f 2699/229/1413 2702/232/1479 2700/231/1477
f 2703/229/1456 2704/231/1480 2705/230/1481
f 2703/229/1456 2706/232/1482 2704/231/1480
f 2707/281/1483 2708/229/1484 2709/282/1485
f 2710/212/1486 2708/229/1484 2707/281/1483
f 2707/281/1483 2711/232/1487 2712/213/1488
f 2709/282/1485 2711/232/1487 2707/281/1483
f 2713/283/1489 2714/228/1490 2710/212/1486
f 2715/211/1491 2713/283/1489 2710/212/1486
f 2716/284/1473 2717/229/1492 2718/245/1474
f 2714/228/1490 2713/283/1489 2719/252/1493
f 2720/232/1494 2721/285/1495 2717/229/1492
f 2721/285/1495 2718/245/1474 2717/229/1492
f 2720/232/1494 2717/229/1492 2722/231/1496
f 2723/230/1497 2722/231/1496 2717/229/1492
f 2724/286/1418 2675/227/1456 2725/287/1416
f 2726/288/1481 2725/287/1416 2675/227/1456
f 2727/289/1498 2728/291/1444 2729/290/1441
f 2727/289/1498 2730/292/1499 2728/291/1444
f 2731/293/1500 2732/295/1501 2733/294/1502
f 2734/230/1503 2735/232/1485 2708/229/1484
f 2733/294/1502 2736/297/1504 2737/296/1505
f 2736/297/1504 2733/294/1502 2732/295/1501
f 2736/297/1504 2738/299/1506 2739/298/1507
f 2739/298/1507 2737/296/1505 2736/297/1504
f 2732/295/1501 2740/300/1508 2736/297/1504
f 2738/299/1506 2736/297/1504 2740/300/1508
f 2739/298/1507 2741/302/1509 2742/301/1510
f 2741/302/1509 2739/298/1507 2738/299/1506
f 2742/301/1510 2743/303/1511 2737/296/1505
f 2737/296/1505 2739/298/1507 2742/301/1510
f 2744/304/1476 2745/306/1429 2746/305/1431
f 2747/307/1512 2742/301/1510 2741/302/1509
f 2748/202/1450 2749/199/1446 2750/197/1513
f 2751/308/1476 2746/305/1431 2752/309/1514
f 2753/200/1515 2748/202/1450 2750/197/1513
f 2754/201/1516 2750/197/1513 2755/198/1517
f 2750/197/1513 2754/201/1516 2753/200/1515
f 2750/197/1513 2749/199/1446 2756/196/1518
f 2756/196/1518 2755/198/1517 2750/197/1513
f 2757/203/1519 2755/198/1517 2756/196/1518
f 2756/196/1518 2749/199/1446 2757/203/1519
f 2758/310/1520 2759/205/1449 2755/198/1517
f 2755/198/1517 2757/203/1519 2758/310/1520
f 2760/220/1448 2754/201/1516 2759/205/1449
f 2755/198/1517 2759/205/1449 2754/201/1516
f 2761/207/1521 2753/200/1515 2754/201/1516
f 2754/201/1516 2760/220/1448 2761/207/1521
f 2762/229/1522 2763/231/1523 2764/230/1524
f 2762/229/1522 2765/232/1525 2763/231/1523
f 2766/207/1389 2767/312/1526 2768/311/1527
f 2768/311/1527 2769/220/1390 2766/207/1389
f 2770/313/1528 2767/312/1526 2771/200/1388
f 2767/312/1526 2766/207/1389 2771/200/1388
f 2772/314/1529 2773/315/1530 2767/312/1526
f 2767/312/1526 2770/313/1528 2772/314/1529
f 2773/315/1530 2774/316/1531 2768/311/1527
f 2768/311/1527 2767/312/1526 2773/315/1530
f 2775/317/1532 2773/315/1530 2776/318/1533
f 2774/316/1531 2773/315/1530 2775/317/1532
f 2777/319/1534 2776/318/1533 2772/314/1529
f 2773/315/1530 2772/314/1529 2776/318/1533
f 2778/225/1535 2772/314/1529 2770/313/1528
f 2772/314/1529 2778/225/1535 2777/319/1534
f 2779/320/1536 2778/225/1535 2780/321/1537
f 2770/313/1528 2780/321/1537 2778/225/1535
f 2780/321/1537 2770/313/1528 2781/202/1384
f 2778/225/1535 2779/320/1536 2777/319/1534
f 2769/220/1390 2768/311/1527 2774/316/1531
f 2771/200/1388 2781/202/1384 2770/313/1528
f 2782/322/1538 2783/324/1539 2784/323/1540
f 2657/212/1440 2785/213/1541 2661/211/1443
f 2786/233/1447 2787/235/1450 2788/325/1542
f 2788/325/1542 2789/236/1442 2786/233/1447
f 2790/237/1448 2786/233/1447 2789/236/1442
f 2791/238/1543 2788/325/1542 2787/235/1450
f 2792/326/1544 2793/305/1430 2794/327/1455
f 2792/326/1544 2795/328/1545 2793/305/1430
f 2796/329/1546 2797/329/1547 2798/330/1548
f 2799/331/1455 2793/305/1430 2800/324/1429
f 2801/234/1420 2802/236/1424 2803/233/1501
f 2629/212/1415 2804/213/1433 2805/211/1549
f 2806/238/1421 2801/234/1420 2807/235/1500
f 2803/233/1501 2807/235/1500 2801/234/1420
f 2808/237/1508 2803/233/1501 2802/236/1424
f 2809/332/1460 2810/334/1550 2811/333/1551
f 2812/261/1552 2813/209/1514 2814/259/1539
f 2815/329/1510 2816/329/1512 2817/330/1511
f 2710/212/1486 2818/213/1483 2715/211/1491
f 2819/196/1553 2820/336/1554 2821/335/1555
f 2821/335/1555 2822/198/1556 2819/196/1553
f 2823/214/1557 2824/202/1558 2819/196/1553
f 2820/336/1554 2819/196/1553 2824/202/1558
f 2825/207/1538 2823/214/1557 2822/198/1556
f 2819/196/1553 2822/198/1556 2823/214/1557
f 2826/310/1559 2827/205/1560 2822/198/1556
f 2822/198/1556 2827/205/1560 2825/207/1538
f 2828/206/1552 2825/207/1538 2827/205/1560
f 2822/198/1556 2821/335/1555 2826/310/1559
f 2829/329/1561 2830/329/1533 2831/330/1534
f 2832/337/1378 2833/339/1380 2834/338/1436
f 2835/298/1562 2836/341/1563 2837/340/1564
f 2837/340/1564 2838/342/1565 2835/298/1562
f 2835/298/1562 2839/344/1566 2840/343/1546
f 2836/341/1563 2835/298/1562 2840/343/1546
f 2841/345/1565 2837/340/1564 2842/346/1449
f 2839/344/1566 2835/298/1562 2841/345/1565
f 2837/340/1564 2843/347/1567 2844/234/1445
f 2844/234/1445 2842/346/1449 2837/340/1564
f 2840/343/1546 2845/240/1548 2836/341/1563
f 2843/347/1567 2837/340/1564 2836/341/1563
f 2846/293/1446 2844/234/1445 2843/347/1567
f 2847/348/1547 2840/343/1546 2839/344/1566
f 2848/349/1568 2628/228/1398 2629/212/1415
f 2849/350/1545 2850/326/1569 2851/305/1499
f 2805/211/1549 2848/349/1568 2629/212/1415
f 2628/228/1398 2848/349/1568 2852/252/1396
f 2853/228/1453 2854/253/1570 2855/252/1451
f 2854/253/1570 2853/228/1453 2693/212/1473
f 2856/324/1545 2857/244/1499 2858/351/1430
f 2695/211/1475 2854/253/1570 2693/212/1473
f 2859/286/1492 2860/227/1522 2861/287/1497
f 2862/352/1524 2861/287/1497 2860/227/1522
f 2863/353/1550 2864/355/1462 2865/354/1459
f 2864/355/1462 2866/357/1550 2867/356/1460
f 2868/246/1571 2869/284/1398 2870/281/1397
f 2871/358/1458 2872/360/1377 2873/359/1459
f 2699/229/1413 2868/246/1571 2702/232/1479
f 2868/246/1571 2699/229/1413 2869/284/1398
f 2874/361/1572 2875/363/1573 2876/362/1441
f 2877/364/1514 2878/323/1431 2879/365/1539
f 2651/232/1435 2627/229/1414 2880/231/1574
f 2881/230/1575 2880/231/1574 2627/229/1414
f 2882/288/1399 2883/367/1377 2884/366/1458
f 2883/367/1377 2882/288/1399 2885/368/1434
f 2886/211/1439 2887/213/1576 2888/212/1437
f 2889/369/1577 2890/371/1578 2891/370/1547
f 2892/372/1566 2889/369/1577 2891/370/1547
f 2893/311/1579 2894/373/1580 2889/369/1577
f 2890/371/1578 2889/369/1577 2894/373/1580
f 2895/374/1565 2889/369/1577 2892/372/1566
f 2889/369/1577 2895/374/1565 2893/311/1579
f 2893/311/1579 2896/220/1449 2897/207/1520
f 2896/220/1449 2893/311/1579 2895/374/1565
f 2894/373/1580 2897/207/1520 2898/200/1519
f 2897/207/1520 2894/373/1580 2893/311/1579
f 2894/373/1580 2899/313/1581 2890/371/1578
f 2899/313/1581 2894/373/1580 2898/200/1519
f 2899/313/1581 2900/375/1567 2901/225/1582
f 2901/225/1582 2890/371/1578 2899/313/1581
f 2898/200/1519 2902/202/1446 2899/313/1581
f 2900/375/1567 2899/313/1581 2902/202/1446
f 2901/225/1582 2903/376/1563 2904/278/1548
f 2903/376/1563 2901/225/1582 2900/375/1567
f 2904/278/1548 2891/370/1547 2890/371/1578
f 2890/371/1578 2901/225/1582 2904/278/1548
f 2905/198/1583 2906/203/1584 2907/204/1585
f 2906/203/1584 2905/198/1583 2908/196/1586
f 2905/198/1583 2909/377/1508 2910/201/1587
f 2907/204/1585 2909/377/1508 2905/198/1583
f 2908/196/1586 2905/198/1583 2911/197/1588
f 2910/201/1587 2911/197/1588 2905/198/1583
f 2912/378/1500 2911/197/1588 2913/202/1421
f 2911/197/1588 2912/378/1500 2908/196/1586
f 2911/197/1588 2910/201/1587 2914/214/1589
f 2914/214/1589 2913/202/1421 2911/197/1588
f 2910/201/1587 2915/379/1424 2916/207/1590
f 2916/207/1590 2914/214/1589 2910/201/1587
f 2908/196/1586 2912/378/1500 2906/203/1584
f 2915/379/1424 2910/201/1587 2909/377/1508
f 2917/379/1442 2918/380/1591 2919/205/1448
f 2918/380/1591 2917/379/1442 2920/207/1444
f 2918/380/1591 2921/203/1515 2922/204/1521
f 2922/204/1521 2919/205/1448 2918/380/1591
f 2923/196/1592 2918/380/1591 2920/207/1444
f 2921/203/1515 2918/380/1591 2923/196/1592
f 2924/214/1569 2925/381/1543 2923/196/1592
f 2920/207/1444 2924/214/1569 2923/196/1592
f 2923/196/1592 2926/199/1450 2921/203/1515
f 2926/199/1450 2923/196/1592 2925/381/1543
f 2927/276/1593 2928/383/1594 2929/382/1464
f 2925/381/1543 2924/214/1569 2930/202/1595
f 2927/276/1593 2931/384/1596 2932/270/1597
f 2927/276/1593 2929/382/1464 2933/385/1466
f 2934/386/1598 2931/384/1596 2935/271/1472
f 2932/270/1597 2931/384/1596 2934/386/1598
f 2932/270/1597 2928/383/1594 2927/276/1593
f 2936/269/1471 2935/271/1472 2931/384/1596
f 2937/387/1599 2938/388/1595 2939/209/1544
f 2938/388/1595 2940/389/1545 2939/209/1544
f 2941/286/1484 2942/227/1600 2943/287/1503
f 2944/352/1601 2943/287/1503 2942/227/1600
f 2945/242/1602 2946/391/1603 2947/390/1468
f 2945/242/1602 2947/390/1468 2948/392/1467
f 2949/393/1463 2947/390/1468 2946/391/1603
f 2950/394/1604 2946/391/1603 2951/395/1605
f 2946/391/1603 2950/394/1604 2949/393/1463
f 2946/391/1603 2945/242/1602 2952/396/1606
f 2952/396/1606 2951/395/1605 2946/391/1603
f 2953/397/1607 2952/396/1606 2954/324/1608
f 2954/324/1608 2952/396/1606 2945/242/1602
f 2951/395/1605 2952/396/1606 2955/398/1609
f 2953/397/1607 2955/398/1609 2952/396/1606
f 2955/398/1609 2956/400/1610 2957/399/1611
f 2957/399/1611 2951/395/1605 2955/398/1609
f 2958/401/1612 2950/394/1604 2957/399/1611
f 2958/401/1612 2957/399/1611 2956/400/1610
f 2959/402/1466 2949/393/1463 2950/394/1604
f 2951/395/1605 2957/399/1611 2950/394/1604
f 2960/403/1593 2959/402/1466 2958/401/1612
f 2950/394/1604 2958/401/1612 2959/402/1466
f 2961/404/1558 2962/406/1609 2963/405/1613
f 2953/397/1607 2963/405/1613 2962/406/1609
f 2964/407/1614 2963/405/1613 2965/408/1615
f 2964/407/1614 2961/404/1558 2963/405/1613
f 2965/408/1615 2953/397/1607 2966/409/1616
f 2963/405/1613 2953/397/1607 2965/408/1615
f 2967/410/1422 2965/408/1615 2968/411/1617
f 2965/408/1615 2966/409/1616 2968/411/1617
f 2969/412/1552 2964/407/1614 2965/408/1615
f 2969/412/1552 2965/408/1615 2967/410/1422
f 2970/413/1454 2967/410/1422 2968/411/1617
f 2971/414/1425 2969/412/1552 2967/410/1422
f 2972/415/1618 2968/411/1617 2973/416/1619
f 2970/413/1454 2968/411/1617 2972/415/1618
f 2973/416/1619 2966/409/1616 2974/417/1620
f 2973/416/1619 2968/411/1617 2966/409/1616
f 2975/418/1595 2973/416/1619 2976/419/1542
f 2976/419/1542 2973/416/1619 2974/417/1620
f 2977/420/1621 2970/413/1454 2972/415/1618
f 2975/418/1595 2972/415/1618 2973/416/1619
f 2978/421/1423 2967/410/1422 2970/413/1454
f 2979/422/1543 2975/418/1595 2976/419/1542
f 2980/423/1599 2981/424/1618 2975/418/1595
f 2982/425/1442 2974/417/1620 2589/192/1378
f 2982/425/1442 2976/419/1542 2974/417/1620
f 2983/426/1379 2974/417/1620 2966/409/1616
f 2974/417/1620 2983/426/1379 2589/192/1378
f 2983/426/1379 2954/324/1608 2984/427/1622
f 2954/324/1608 2983/426/1379 2966/409/1616
f 2985/428/1459 2588/190/1377 2983/426/1379
f 2983/426/1379 2984/427/1622 2985/428/1459
f 2986/429/1550 2984/427/1622 2987/430/1623
f 2986/429/1550 2985/428/1459 2984/427/1622
f 2945/242/1602 2984/427/1622 2954/324/1608
f 2984/427/1622 2945/242/1602 2987/430/1623
f 2948/392/1467 2987/430/1623 2945/242/1602
f 2966/409/1616 2953/397/1607 2954/324/1608
f 2988/431/1551 2987/430/1623 2989/432/1470
f 2987/430/1623 2948/392/1467 2989/432/1470
f 2990/433/1624 2991/435/1625 2992/434/1626
f 2987/430/1623 2988/431/1551 2986/429/1550
f 2991/435/1625 2993/437/1436 2994/436/1627
f 2994/436/1627 2992/434/1626 2991/435/1625
f 2995/438/1457 2992/434/1626 2996/439/1628
f 2997/440/1406 2994/436/1627 2993/437/1436
f 2998/441/1458 2996/439/1628 2999/442/1399
f 2996/439/1628 2998/441/1458 2995/438/1457
f 2992/434/1626 2995/438/1457 2990/433/1624
f 3000/380/1629 3001/205/1391 3002/207/1544
f 3003/379/1599 3002/207/1544 3001/205/1391
f 3000/380/1629 3004/203/1386 3005/204/1392
f 3005/204/1392 3001/205/1391 3000/380/1629
f 3006/196/1630 3000/380/1629 3007/214/1455
f 3004/203/1386 3000/380/1629 3006/196/1630
f 3008/381/1621 3007/214/1455 3009/202/1454
f 3002/207/1544 3007/214/1455 3000/380/1629
f 3010/199/1387 3006/196/1630 3008/381/1621
f 3007/214/1455 3008/381/1621 3006/196/1630
f 3011/443/1624 3012/197/1457 3013/444/1631
f 3006/196/1630 3010/199/1387 3004/203/1386
f 3013/444/1631 3014/445/1632 3011/443/1624
f 3015/214/1462 3013/444/1631 3012/197/1457
f 3014/445/1632 3016/447/1633 3017/446/1625
f 3017/446/1625 3011/443/1624 3014/445/1632
f 3018/448/1634 3019/226/1635 3020/449/1428
f 3021/450/1436 3017/446/1625 3016/447/1633
f 3018/448/1634 3022/451/1636 3023/313/1637
f 3022/451/1636 3018/448/1634 3020/449/1428
f 3019/226/1635 3018/448/1634 3024/452/1638
f 3023/313/1637 3024/452/1638 3018/448/1634
f 3025/200/1639 3026/202/1640 3023/313/1637
f 3024/452/1638 3023/313/1637 3026/202/1640
f 3027/312/1641 3023/313/1637 3022/451/1636
f 3023/313/1637 3027/312/1641 3025/200/1639
f 3028/311/1642 3027/312/1641 3029/453/1643
f 3022/451/1636 3029/453/1643 3027/312/1641
f 3027/312/1641 3030/207/1644 3025/200/1639
f 3030/207/1644 3027/312/1641 3028/311/1642
f 3028/311/1642 3031/236/1645 3030/207/1644
f 3029/453/1643 3032/222/1646 3028/311/1642
f 3031/236/1645 3028/311/1642 3032/222/1646
f 3033/454/1647 3029/453/1643 3034/455/1427
f 3032/222/1646 3029/453/1643 3033/454/1647
f 3020/449/1428 3034/455/1427 3022/451/1636
f 3029/453/1643 3022/451/1636 3034/455/1427
f 3035/196/1648 3036/336/1640 3037/203/1639
f 3036/336/1640 3035/196/1648 3038/202/1554
f 3035/196/1648 3039/380/1649 3040/197/1650
f 3037/203/1639 3039/380/1649 3035/196/1648
f 3040/197/1650 3041/200/1555 3038/202/1554
f 3040/197/1650 3038/202/1554 3035/196/1648
f 3042/201/1651 3040/197/1650 3039/380/1649
f 3040/197/1650 3042/201/1651 3041/200/1555
f 3043/220/1560 3042/201/1651 3044/377/1645
f 3039/380/1649 3044/377/1645 3042/201/1651
f 3045/207/1559 3041/200/1555 3042/201/1651
f 3042/201/1651 3043/220/1560 3045/207/1559
f 3039/380/1649 3037/203/1639 3046/204/1644
f 3046/204/1644 3044/377/1645 3039/380/1649
f 3047/456/1652 3048/458/1431 3049/457/1430
f 3047/456/1652 3049/457/1430 3050/459/1499
f 3051/460/1540 3047/456/1652 3052/461/1653
f 3048/458/1431 3047/456/1652 3051/460/1540
f 3047/456/1652 3053/463/1596 3054/462/1593
f 3054/462/1593 3052/461/1653 3047/456/1652
f 3050/459/1499 3055/464/1654 3047/456/1652
f 3055/464/1654 3053/463/1596 3047/456/1652
f 3056/465/1655 3055/464/1654 3057/466/1656
f 3050/459/1499 3057/466/1656 3055/464/1654
f 3058/467/1471 3053/463/1596 3055/464/1654
f 3058/467/1471 3055/464/1654 3056/465/1655
f 3059/468/1610 3052/461/1653 3060/469/1612
f 3060/469/1612 3052/461/1653 3054/462/1593
f 3061/470/1378 3062/472/1572 3063/471/1441
f 3052/461/1653 3059/468/1610 3051/460/1540
f 3064/264/1436 3065/474/1633 3066/473/1378
f 3067/475/1572 3066/473/1378 3065/474/1633
f 3068/476/1657 3069/235/1640 3070/477/1658
f 3070/477/1658 3071/300/1560 3068/476/1657
f 3072/237/1645 3068/476/1657 3071/300/1560
f 3073/293/1554 3070/477/1658 3069/235/1640
f 3074/234/1618 3075/300/1599 3076/233/1659
f 3077/478/1538 3078/363/1540 3079/479/1557
f 3080/238/1621 3074/234/1618 3081/235/1387
f 3076/233/1659 3081/235/1387 3074/234/1618
f 3082/480/1452 3083/246/1660 2765/232/1525
f 3084/237/1391 3076/233/1659 3075/300/1599
f 2765/232/1525 2762/229/1522 2671/212/1453
f 2671/212/1453 3082/480/1452 2765/232/1525
f 3085/481/1661 2785/213/1541 2632/229/1418
f 2633/232/1419 3085/481/1661 2632/229/1418
f 3086/482/1569 3087/304/1444 3088/323/1499
f 2657/212/1440 2632/229/1418 2785/213/1541
f 2942/227/1600 2708/229/1484 2714/228/1490
f 3089/268/1486 2714/228/1490 2708/229/1484
f 3090/241/1426 2642/240/1428 3091/483/1635
f 3092/279/1552 3093/485/1539 3094/484/1538
f 3095/486/1662 3091/483/1635 3096/487/1663
f 3091/483/1635 3095/486/1662 3090/241/1426
f 3096/487/1663 3097/488/1638 3098/234/1657
f 3097/488/1638 3096/487/1663 3091/483/1635
f 3099/345/1646 3096/487/1663 3100/300/1645
f 3098/234/1657 3100/300/1645 3096/487/1663
f 3101/489/1647 3095/486/1662 3099/345/1646
f 3096/487/1663 3099/345/1646 3095/486/1662
f 3102/490/1427 3090/241/1426 3101/489/1647
f 3095/486/1662 3101/489/1647 3090/241/1426
f 3103/491/1631 3104/493/1462 3105/492/1461
f 3106/494/1640 3098/234/1657 3097/488/1638
f 3107/495/1632 3103/491/1631 3108/496/1664
f 3105/492/1461 3108/496/1664 3103/491/1631
f 3109/497/1573 3108/496/1664 3110/498/1656
f 3111/499/1655 3110/498/1656 3108/496/1664
f 3112/500/1632 3113/501/1664 3109/497/1573
f 3109/497/1573 3114/502/1633 3112/500/1632
f 3115/234/1614 3116/346/1552 3117/476/1658
f 3109/497/1573 3118/503/1572 3114/502/1633
f 3119/293/1558 3115/234/1614 3120/235/1554
f 3117/476/1658 3120/235/1554 3115/234/1614
f 3121/305/1540 3122/242/1539 3123/504/1431
f 3124/505/1560 3117/476/1658 3116/346/1552
f 3125/506/1610 3126/508/1609 3127/507/1557
f 3128/506/1540 3125/506/1610 3127/507/1557
f 3129/238/1387 3130/234/1659 3131/235/1384
f 3132/509/1558 3127/507/1557 3126/508/1609
f 3130/234/1659 3133/236/1391 3134/233/1665
f 3134/233/1665 3131/235/1384 3130/234/1659
f 3135/229/1600 3136/232/1666 3137/231/1667
f 3138/237/1390 3134/233/1665 3133/236/1391
f 3135/229/1600 3139/212/1490 3140/510/1668
f 3135/229/1600 3137/231/1667 3141/230/1601
f 3140/510/1668 3142/245/1669 3136/232/1666
f 3140/510/1668 3136/232/1666 3135/229/1600
f 2888/212/1437 3143/511/1576 2706/232/1482
f 3143/511/1576 3144/245/1670 2706/232/1482
f 2860/227/1522 2717/229/1492 2853/228/1453
f 2706/232/1482 2703/229/1456 2888/212/1437
f 3145/512/1423 3146/379/1454 3147/207/1476
f 3148/268/1473 2853/228/1453 2717/229/1492
f 3149/198/1671 3150/205/1424 3147/207/1476
f 3145/512/1423 3147/207/1476 3150/205/1424
f 3151/196/1672 3149/198/1671 3152/214/1514
f 3147/207/1476 3152/214/1514 3149/198/1671
f 3149/198/1671 3153/335/1589 3154/310/1590
f 3153/335/1589 3149/198/1671 3151/196/1672
f 3151/196/1672 3155/199/1421 3153/335/1589
f 3154/310/1590 3150/205/1424 3149/198/1671
f 3152/214/1514 3156/381/1425 3151/196/1672
f 3155/199/1421 3151/196/1672 3156/381/1425
f 3157/241/1561 2831/330/1534 3158/341/1536
f 3156/381/1425 3152/214/1514 3159/202/1552
f 3160/486/1673 3158/341/1536 3161/487/1674
f 3158/341/1536 3160/486/1673 3157/241/1561
f 3161/487/1674 3162/488/1537 3163/234/1665
f 3162/488/1537 3161/487/1674 3158/341/1536
f 3164/513/1531 3161/487/1674 3165/236/1390
f 3163/234/1665 3165/236/1390 3161/487/1674
f 3166/489/1532 3160/486/1673 3164/513/1531
f 3161/487/1674 3164/513/1531 3160/486/1673
f 3167/514/1533 3157/241/1561 3166/489/1532
f 3160/486/1673 3166/489/1532 3157/241/1561
f 3168/352/1478 3169/287/1575 2626/227/1413
f 3170/238/1384 3163/234/1665 3162/488/1537
f 3171/448/1675 3172/515/1505 3173/449/1511
f 2627/229/1414 2626/227/1413 3169/287/1575
f 3174/313/1676 3175/516/1502 3171/448/1675
f 3172/515/1505 3171/448/1675 3175/516/1502
f 3176/517/1677 3171/448/1675 3173/449/1511
f 3171/448/1675 3176/517/1677 3174/313/1676
f 3177/453/1678 3176/517/1677 3178/455/1512
f 3173/449/1511 3178/455/1512 3176/517/1677
f 3179/373/1679 3174/313/1676 3176/517/1677
f 3176/517/1677 3177/453/1678 3179/373/1679
f 3179/373/1679 3180/207/1585 3181/200/1584
f 3174/313/1676 3179/373/1679 3181/200/1584
f 3182/311/1680 3179/373/1679 3177/453/1678
f 3180/207/1585 3179/373/1679 3182/311/1680
f 3183/220/1508 3182/311/1680 3184/518/1506
f 3177/453/1678 3184/518/1506 3182/311/1680
f 3184/518/1506 3177/453/1678 3185/519/1509
f 3182/311/1680 3183/220/1508 3180/207/1585
f 3181/200/1584 3186/202/1500 3174/313/1676
f 3185/519/1509 3177/453/1678 3178/455/1512
f 3175/516/1502 3174/313/1676 3186/202/1500
f 3187/520/1573 3188/323/1498 3189/521/1441
f 3188/323/1498 3187/520/1573 3190/522/1656
f 3108/496/1664 3191/523/1461 3192/503/1681
f 3193/520/1656 3194/524/1499 3188/323/1498
f 3195/475/1460 3192/503/1681 3191/523/1461
f 3196/498/1655 3108/496/1664 3192/503/1681
f 3197/203/1400 3198/336/1399 3199/525/1628
f 3200/526/1595 3201/527/1569 3202/259/1545
f 3203/528/1402 3197/203/1400 3204/529/1626
f 3199/525/1628 3204/529/1626 3197/203/1400
f 3205/530/1405 3203/528/1402 3206/531/1627
f 3204/529/1626 3206/531/1627 3203/528/1402
f 3207/532/1681 3208/363/1460 3209/533/1551
f 3206/531/1627 3210/205/1406 3205/530/1405
f 3211/534/1471 3207/532/1681 3212/535/1470
f 3212/535/1470 3207/532/1681 3209/533/1551
f 2678/263/1459 3213/537/1462 3214/536/1457
f 3207/532/1681 3211/534/1471 3215/538/1655
f 3216/298/1682 3217/539/1411 3218/330/1409
f 3219/211/1493 3220/213/1668 3139/212/1490
f 3221/486/1683 3222/540/1412 3216/298/1682
f 3217/539/1411 3216/298/1682 3222/540/1412
f 3216/298/1682 3218/330/1409 3223/483/1410
f 3223/483/1410 3221/486/1683 3216/298/1682
f 3221/486/1683 3224/542/1407 3225/541/1684
f 3224/542/1407 3221/486/1683 3223/483/1410
f 3222/540/1412 3221/486/1683 3226/543/1394
f 3225/541/1684 3226/543/1394 3221/486/1683
f 3227/544/1434 3228/346/1399 3225/541/1684
f 3226/543/1394 3225/541/1684 3228/346/1399
f 3229/293/1406 3227/544/1434 3224/542/1407
f 3225/541/1684 3224/542/1407 3227/544/1434
f 3230/545/1685 3231/547/1686 3232/546/1687
f 3232/546/1687 3233/548/1688 3230/545/1685
f 3230/545/1685 3234/547/1689 3235/549/1690
f 3235/549/1690 3231/547/1686 3230/545/1685
f 3233/548/1688 3236/546/1691 3230/545/1685
f 3236/546/1691 3234/547/1689 3230/545/1685
f 3237/550/1692 3233/548/1688 3238/551/1693
f 3237/550/1692 3236/546/1691 3233/548/1688
f 3233/548/1688 3232/546/1687 3239/550/1694
f 3238/551/1693 3233/548/1688 3239/550/1694
f 3240/552/1695 3237/550/1692 3238/551/1693
f 3238/551/1693 3239/550/1694 3240/552/1695
f 3241/553/1696 3242/553/1689 3243/553/1697
f 3244/553/1698 3241/553/1696 3243/553/1697
f 3242/553/1689 3245/553/1691 3246/553/1686
f 3246/553/1686 3243/553/1697 3242/553/1689
f 3247/554/1690 3248/555/1697 3249/550/1686
f 3250/553/1687 3246/553/1686 3245/553/1691
f 3247/554/1690 3251/555/1696 3244/553/1698
f 3244/553/1698 3248/555/1697 3247/554/1690
f 3252/555/1694 3253/553/1699 3254/555/1695
f 3255/550/1689 3251/555/1696 3256/550/1690
f 3257/556/1695 3253/553/1699 3258/555/1692
f 3253/553/1699 3259/553/1694 3260/553/1692
f 3261/557/1700 3262/559/1701 3263/558/1702
f 3264/560/1703 3261/557/1700 3263/558/1702
f 3265/561/1594 3266/562/1704 3261/557/1700
f 3262/559/1701 3261/557/1700 3266/562/1704
f 3267/563/1705 3266/562/1704 3268/564/1597
f 3265/561/1594 3268/564/1597 3266/562/1704
f 3268/564/1597 3269/566/1598 3270/565/1706
f 3268/564/1597 3270/565/1706 3267/563/1705
f 3271/567/1707 3270/565/1706 3272/568/1708
f 3269/566/1598 3272/568/1708 3270/565/1706
f 3272/568/1708 3273/570/1709 3274/569/1710
f 3274/569/1710 3271/567/1707 3272/568/1708
f 3272/568/1708 3269/566/1598 3275/571/1472
f 3273/570/1709 3272/568/1708 3275/571/1472
f 3274/569/1710 3276/573/1711 3277/572/1712
f 3276/573/1711 3274/569/1710 3273/570/1709
f 3271/567/1707 3274/569/1710 3278/574/1713
f 3277/572/1712 3278/574/1713 3274/569/1710
f 3279/575/1714 3280/576/1715 3277/572/1712
f 3280/576/1715 3278/574/1713 3277/572/1712
f 3281/577/1716 3277/572/1712 3276/573/1711
f 3279/575/1714 3277/572/1712 3281/577/1716
f 3282/578/1717 3280/576/1715 3279/575/1714
f 3283/579/1718 3279/575/1714 3281/577/1716
f 3284/580/1719 3285/581/1720 3282/578/1717
f 3282/578/1717 3279/575/1714 3284/580/1719
f 3285/581/1720 3264/560/1703 3263/558/1702
f 3285/581/1720 3284/580/1719 3264/560/1703
f 3286/1196/1721 3287/1197/1706 3288/1198/1707
f 3289/585/1464 3290/587/1594 3291/586/1700
f 3286/1196/1721 3292/1199/1705 3287/1197/1706
f 3293/1200/1701 3286/1196/1721 3294/1201/1702
f 3286/1196/1721 3293/1200/1701 3292/1199/1705
f 3286/1196/1721 3288/1198/1707 3295/1202/1722
f 3295/1202/1722 3294/1201/1702 3286/1196/1721
f 3296/1203/1717 3295/1202/1722 3297/1204/1713
f 3297/1204/1713 3295/1202/1722 3288/1198/1707
f 3294/1201/1702 3295/1202/1722 3298/1205/1720
f 3296/1203/1717 3298/1205/1720 3295/1202/1722
f 3299/1206/1704 3292/1199/1705 3293/1200/1701
f 3296/1203/1717 3297/1204/1713 3300/1207/1715
f 3301/1208/1723 3302/1209/1724 3303/1210/1465
f 3301/1208/1723 3304/590/1725 3302/1209/1724
f 3305/1211/1726 3302/1209/1724 3304/590/1725
f 3306/1212/1469 3303/1210/1465 3302/1209/1724
f 3307/1213/1727 3305/1211/1726 3308/1214/1728
f 3304/590/1725 3308/1214/1728 3305/1211/1726
f 3309/605/1716 3310/607/1726 3311/606/1727
f 3312/608/1718 3309/605/1716 3311/606/1727
f 3313/569/1711 3314/609/1724 3310/607/1726
f 3309/605/1716 3313/569/1711 3310/607/1726
f 3314/609/1724 3315/611/1709 3316/610/1469
f 3313/569/1711 3315/611/1709 3314/609/1724
f 3312/608/1718 3311/606/1727 3317/612/1728
f 3275/571/1472 3316/610/1469 3315/611/1709
f 3318/613/1729 3317/612/1728 3319/614/1730
f 3318/613/1729 3312/608/1718 3317/612/1728
f 3319/614/1730 3317/612/1728 3320/615/1725
f 3321/616/1731 3322/617/1700 3319/614/1730
f 3319/614/1730 3320/615/1725 3321/616/1731
f 3319/614/1730 3323/618/1703 3318/613/1729
f 3323/618/1703 3319/614/1730 3322/617/1700
f 3322/617/1700 3321/616/1731 3324/619/1464
f 3325/620/1719 3318/613/1729 3323/618/1703
f 3326/621/1723 3327/622/1465 3321/616/1731
f 3321/616/1731 3327/622/1465 3324/619/1464
f 3321/616/1731 3320/615/1725 3326/621/1723
f 3318/613/1729 3328/608/1732 3312/608/1718
f 3329/575/1733 3284/580/1719 3279/575/1714
f 3283/579/1718 3329/575/1733 3279/575/1714
f 3330/620/1734 3318/613/1729 3325/620/1719
f 3331/579/1732 3332/579/1735 3329/575/1733
f 3330/620/1734 3333/620/1735 3334/613/1736
f 3329/575/1733 3335/575/1735 3336/580/1734
f 3334/613/1736 3337/613/1735 3328/608/1732
f 3338/623/1737 3339/625/1738 3340/624/1739
f 3339/625/1738 3338/623/1737 3341/626/1740
f 3342/627/1740 3343/629/1741 3344/628/1738
f 3343/629/1741 3342/627/1740 3345/630/1742
f 3346/626/1742 3347/624/1743 3348/628/1741
f 3347/624/1743 3346/626/1742 3349/631/1744
f 3350/632/1739 3351/634/1745 3352/633/1737
f 3351/634/1745 3350/632/1739 3353/635/1746
f 3354/633/1744 3355/635/1747 3356/632/1743
f 3355/635/1747 3354/633/1744 3357/634/1748
f 3358/636/1746 3359/638/1748 3360/637/1745
f 3359/638/1748 3358/636/1746 3361/639/1747
f 3362/640/1740 3363/642/1745 3364/641/1744
f 3363/642/1745 3362/640/1740 3365/643/1737
f 3362/640/1740 3364/641/1744 3366/644/1742
f 3364/641/1744 3363/642/1745 3367/645/1748
f 3368/646/1749 3369/648/1750 3370/647/1751
f 3371/634/1752 3370/647/1751 3369/648/1750
f 3372/635/1750 3373/632/1753 3374/649/1752
f 3375/633/1754 3374/649/1752 3373/632/1753
f 3376/650/1751 3377/652/1755 3378/651/1749
f 3379/653/1756 3378/651/1749 3377/652/1755
f 3380/654/1753 3381/625/1757 3382/655/1754
f 3383/656/1758 3382/655/1754 3381/625/1757
f 3384/657/1757 3385/658/1759 3386/630/1758
f 3387/627/1760 3386/630/1758 3385/658/1759
f 3388/625/1759 3389/659/1756 3390/656/1760
f 3391/660/1755 3390/656/1760 3389/659/1756
f 3392/661/1758 3393/643/1755 3394/645/1752
f 3395/662/1751 3394/645/1752 3393/643/1755
f 3396/663/1754 3392/661/1758 3394/645/1752
f 3397/664/1760 3393/643/1755 3392/661/1758
f 2569/171/1369 2580/181/1372 2578/180/1370
f 2569/171/1369 2552/155/1358 2579/182/1371
f 2556/159/1362 2555/160/1361 2581/184/1373
f 2553/157/1359 2556/159/1362 2582/183/1374
f 2567/170/1368 2578/180/1370 2581/184/1373
f 2553/157/1359 2583/185/1375 2579/182/1371
f 3318/613/1729 3334/613/1736 3328/608/1732
f 3329/575/1733 3336/580/1734 3284/580/1719
f 3283/579/1718 3331/579/1732 3329/575/1733
f 3330/620/1734 3334/613/1736 3318/613/1729
f 263/139/167 3398/139/1761 264/139/160
f 223/119/154 3399/121/1761 3400/119/1762
f 247/119/169 3401/121/1763 245/121/167
f 3402/1177/1262 3403/81/51 3404/83/54
f 3405/1178/1264 3406/80/52 3403/81/51
f 3407/1215/1764 3408/1216/1764 3409/1217/1764
f 3410/1218/1765 3408/1216/1765 3407/1215/1765
f 3408/1216/1766 3411/1218/1766 3412/1215/1766
f 3408/1216/1767 3412/1215/1767 3409/1217/1767
f 3413/1219/1768 3414/1220/1768 3412/1215/1768
f 3412/1215/1769 3411/1218/1769 3413/1219/1769
f 3410/1218/1770 3407/1215/1770 3415/1219/1770
f 3416/1220/1771 3415/1219/1771 3407/1215/1771
f 3417/1221/1772 3418/1222/1772 3419/1223/1772
f 3420/1224/1773 3417/1221/1773 3419/1223/1773
f 3420/1224/1774 3419/1223/1774 3421/1225/1774
f 3417/1221/1775 3422/1226/1775 3418/1222/1775
f 3423/1221/1776 3420/1224/1776 3424/1223/1776
f 3424/1223/1777 3420/1224/1777 3421/1225/1777
f 3425/1226/1778 3423/1221/1778 3426/1222/1778
f 3426/1222/1779 3423/1221/1779 3424/1223/1779
f 3427/1227/1780 3428/1228/1780 3429/1229/1780
f 3428/1228/1781 3427/1227/1781 3430/1230/1781
f 3431/1231/1782 3432/1232/1782 3433/1233/1782
f 3432/1232/1783 3431/1231/1783 3434/1234/1783
f 3435/1233/1784 3436/1229/1784 3437/1228/1784
f 3436/1229/1785 3435/1233/1785 3438/1227/1785
f 3429/1229/1786 3439/1230/1786 3427/1227/1786
f 3439/1230/1787 3429/1229/1787 3440/1228/1787
f 3441/1232/1788 3442/1231/1788 3443/1234/1788
f 3442/1231/1789 3441/1232/1789 3444/1233/1789
f 3445/1233/1790 3446/1234/1790 3447/1231/1790
f 3446/1234/1791 3445/1233/1791 3448/1232/1791
f 3449/1227/1792 3450/1229/1792 3451/1228/1792
f 3451/1228/1793 3444/1233/1793 3449/1227/1793
f 3452/1228/1794 3453/1227/1794 3454/1233/1794
f 3453/1227/1795 3452/1228/1795 3455/1229/1795
f 3456/1235/1796 3457/1236/1796 3458/1237/1796
f 3458/1237/1797 3459/1238/1797 3456/1235/1797
f 3460/1239/1798 3457/1236/1798 3461/1240/1798
f 3457/1236/1799 3456/1235/1799 3461/1240/1799
f 3460/1239/1800 3462/1241/1800 3463/1242/1800
f 3463/1242/1801 3457/1236/1801 3460/1239/1801
f 3464/1231/1802 3465/1233/1802 3466/1232/1802
f 3466/1232/1803 3467/1234/1803 3464/1231/1803
f 3468/1228/1804 3469/1227/1804 3465/1233/1804
f 3469/1227/1805 3468/1228/1805 3470/1229/1805
f 3471/1236/1806 3472/1240/1806 3473/1235/1806
f 3473/1235/1807 3474/1237/1807 3471/1236/1807
f 3471/1236/1808 3475/1242/1808 3476/1239/1808
f 3471/1236/1809 3476/1239/1809 3472/1240/1809
f 3474/1237/1810 3473/1235/1810 3477/1238/1810
f 3476/1239/1811 3475/1242/1811 3478/1241/1811
f 3479/1243/1812 3480/1244/1812 3481/1245/1812
f 3481/1245/1813 3480/1244/1813 3482/1246/1813
f 3483/1247/1814 3484/1248/1814 3485/1249/1814
f 3479/1243/1815 3486/1250/1815 3480/1244/1815
f 3487/1251/1816 3488/1252/1816 3483/1247/1816
f 3484/1248/1817 3483/1247/1817 3488/1252/1817
f 3484/1248/1818 3488/1252/1818 3489/1253/1818
f 3490/1254/1819 3483/1247/1819 3485/1249/1819
f 3491/1255/1820 3489/1253/1820 3492/1238/1820
f 3489/1253/1821 3491/1255/1821 3484/1248/1821
f 3493/1239/1822 3491/1255/1822 3492/1238/1822
f 3494/1256/1823 3492/1238/1823 3489/1253/1823
f 3495/1244/1824 3496/1257/1824 3497/1250/1824
f 3496/1257/1825 3495/1244/1825 3498/1258/1825
f 3499/1259/1826 3500/1246/1826 3501/1260/1826
f 3500/1246/1827 3502/1259/1827 3503/1260/1827
f 3504/1261/1828 3505/1262/1828 3506/1263/1828
f 3505/1262/1829 3504/1261/1829 3507/1264/1829
f 3508/1253/1830 3509/1255/1830 3492/1238/1830
f 3509/1255/1831 3493/1239/1831 3492/1238/1831
f 3510/1252/1832 3511/1248/1832 3508/1253/1832
f 3509/1255/1833 3508/1253/1833 3511/1248/1833
f 3511/1248/1834 3512/1247/1834 3513/1249/1834
f 3512/1247/1835 3511/1248/1835 3510/1252/1835
f 3510/1252/1836 3514/1251/1836 3512/1247/1836
f 3512/1247/1837 3515/1254/1837 3513/1249/1837
f 3516/1244/1838 3517/1257/1838 3518/1258/1838
f 3492/1238/1839 3519/1256/1839 3508/1253/1839
f 3520/1262/1840 3521/1261/1840 3522/1263/1840
f 3517/1257/1841 3516/1244/1841 3523/1250/1841
f 3524/1265/1842 3525/1266/1842 3526/1267/1842
f 3521/1261/1843 3520/1262/1843 3527/1264/1843
f 3526/1267/1844 3528/1268/1844 3524/1265/1844
f 3529/1269/1845 3526/1267/1845 3525/1266/1845
f 3526/1267/1846 3529/1269/1846 3530/1270/1846
f 3531/1263/1847 3532/1271/1847 3533/1272/1847
f 3529/1269/1848 3525/1266/1848 3534/1273/1848
f 3535/1274/1849 3532/1271/1849 3536/1275/1849
f 3531/1263/1850 3536/1275/1850 3532/1271/1850
f 3536/1275/1851 3531/1263/1851 3537/1276/1851
f 3532/1271/1852 3535/1274/1852 3538/1277/1852
f 3539/1244/1853 3540/1243/1853 3541/1245/1853
f 3539/1244/1854 3541/1245/1854 3542/1246/1854
f 3543/1278/1855 3544/1279/1855 3545/1219/1855
f 3546/1250/1856 3540/1243/1856 3539/1244/1856
f 3547/1280/1857 3548/1216/1857 3543/1278/1857
f 3544/1279/1858 3543/1278/1858 3548/1216/1858
f 3549/1280/1859 3548/1216/1859 3550/1217/1859
f 3548/1216/1860 3547/1280/1860 3550/1217/1860
f 3551/1278/1861 3552/1279/1861 3548/1216/1861
f 3548/1216/1862 3549/1280/1862 3551/1278/1862
f 3553/1281/1863 3550/1217/1863 3554/1282/1863
f 3552/1279/1864 3551/1278/1864 3555/1219/1864
f 3550/1217/1865 3556/1281/1865 3557/1282/1865
f 3558/1220/1866 3554/1282/1866 3550/1217/1866
f 3559/1267/1867 3560/1266/1867 3561/1265/1867
f 3557/1282/1868 3562/1220/1868 3550/1217/1868
f 3563/1269/1869 3559/1267/1869 3564/1270/1869
f 3561/1265/1870 3565/1268/1870 3559/1267/1870
f 3560/1266/1871 3563/1269/1871 3566/1273/1871
f 3559/1267/1872 3563/1269/1872 3560/1266/1872
f 3567/1271/1873 3568/1274/1873 3569/1275/1873
f 3568/1274/1874 3567/1271/1874 3570/1277/1874
f 3567/1271/1875 3571/1263/1875 3572/1272/1875
f 3569/1275/1876 3571/1263/1876 3567/1271/1876
f 3571/1263/1877 3569/1275/1877 3573/1276/1877
f 3574/1283/1878 3575/1284/1878 3576/1285/1878
f 3576/1285/1879 3575/1284/1879 3577/1286/1879
f 3578/1287/1880 3579/1288/1880 3580/1289/1880
f 3578/1287/1881 3581/1290/1881 3579/1288/1881
f 3582/1291/1882 3580/1289/1882 3583/1292/1882
f 3580/1289/1883 3582/1291/1883 3578/1287/1883
f 3584/1293/1884 3583/1292/1884 3585/1294/1884
f 3580/1289/1885 3585/1294/1885 3583/1292/1885
f 3586/1295/1886 3584/1293/1886 3587/1296/1886
f 3584/1293/1887 3585/1294/1887 3587/1296/1887
f 3588/1297/1888 3587/1296/1888 3589/1298/1888
f 3588/1297/1889 3586/1295/1889 3587/1296/1889
f 3589/1298/1890 3590/1299/1890 3591/1300/1890
f 3589/1298/1891 3591/1300/1891 3588/1297/1891
f 3586/1295/1892 3588/1297/1892 3592/1301/1892
f 3593/1302/1893 3590/1299/1893 3589/1298/1893
f 3594/1303/1894 3595/1304/1894 3596/1305/1894
f 3597/1291/1895 3586/1295/1895 3592/1301/1895
f 3598/1306/1896 3599/1307/1896 3600/1283/1896
f 3595/1304/1897 3594/1303/1897 3601/1308/1897
f 3602/1309/1898 3603/1306/1898 3604/1310/1898
f 3605/1284/1899 3598/1306/1899 3600/1283/1899
f 3603/1306/1900 3602/1309/1900 3606/1311/1900
f 3603/1306/1901 3607/1312/1901 3604/1310/1901
f 3608/1313/1902 3609/1314/1902 3610/1315/1902
f 3609/1314/1903 3608/1313/1903 3611/1316/1903
f 3596/1305/1904 3612/1317/1904 3594/1303/1904
f 3612/1317/1905 3596/1305/1905 3613/1318/1905
f 3614/1319/1906 3615/1320/1906 3616/1321/1906
f 3617/1318/1907 3594/1303/1907 3612/1317/1907
f 3618/1322/1908 3619/1323/1908 3615/1320/1908
f 3615/1320/1909 3614/1319/1909 3618/1322/1909
f 3620/1324/1910 3621/1325/1910 3622/1326/1910
f 3619/1323/1911 3618/1322/1911 3623/1327/1911
f 3624/1291/1912 3625/1301/1912 3626/1328/1912
f 3621/1325/1913 3620/1324/1913 3627/1329/1913
f 3628/1298/1914 3626/1328/1914 3629/1297/1914
f 3629/1297/1915 3626/1328/1915 3625/1301/1915
f 3630/1300/1916 3631/1330/1916 3628/1298/1916
f 3629/1297/1917 3630/1300/1917 3628/1298/1917
f 3628/1298/1918 3631/1330/1918 3632/1331/1918
f 3633/1287/1919 3624/1291/1919 3634/1289/1919
f 3626/1328/1920 3634/1289/1920 3624/1291/1920
f 3635/1290/1921 3633/1287/1921 3636/1288/1921
f 3633/1287/1922 3634/1289/1922 3636/1288/1922
f 3637/1332/1923 3638/1333/1923 3639/1334/1923
f 3638/1333/1924 3640/1335/1924 3639/1334/1924
f 3641/1336/1925 3642/1337/1925 3638/1333/1925
f 3638/1333/1926 3637/1332/1926 3641/1336/1926
f 3643/1334/1927 3601/1308/1927 3644/1338/1927
f 3645/1339/1928 3640/1335/1928 3638/1333/1928
f 3640/1335/1929 3646/1340/1929 3639/1334/1929
f 3601/1308/1930 3643/1334/1930 3595/1304/1930
f 3647/1318/1931 3612/1317/1931 3613/1318/1931
f 3647/1318/1932 3648/1317/1932 3612/1317/1932
f 3649/1341/1933 3629/1297/1933 3588/1297/1933
f 3650/1341/1934 3629/1297/1934 3649/1341/1934
f 3651/1342/1935 3652/1343/1935 3653/1344/1935
f 3653/1344/1936 3652/1343/1936 3654/1345/1936
f 3576/1285/1937 3655/1346/1937 3656/1347/1937
f 3652/1343/1938 3651/1342/1938 3657/1348/1938
f 3658/1349/1939 3659/1350/1939 3576/1285/1939
f 3655/1346/1940 3576/1285/1940 3577/1286/1940
f 3576/1285/1941 3659/1350/1941 3660/1351/1941
f 3658/1349/1942 3661/1352/1942 3659/1350/1942
f 3662/1353/1943 3663/1354/1943 3664/1355/1943
f 3658/1349/1944 3576/1285/1944 3656/1347/1944
f 3644/1338/1945 3665/1342/1945 3643/1334/1945
f 3665/1342/1945 3644/1338/1945 3666/1356/1945
f 3654/1345/1946 3664/1355/1946 3653/1344/1946
f 3664/1355/1947 3654/1345/1947 3662/1353/1947
f 3574/1283/1948 3667/1357/1948 3668/1306/1948
f 3669/1358/1949 3670/1359/1949 3671/1360/1949
f 3660/1351/1950 3574/1283/1950 3576/1285/1950
f 3574/1283/1951 3668/1306/1951 3575/1284/1951
f 3667/1357/1952 3574/1283/1952 3660/1351/1952
f 3672/1361/1953 3673/1362/1953 3674/1363/1953
f 3673/1362/1954 3672/1361/1954 3675/1364/1954
f 3676/1365/1955 3677/1366/1955 3678/1367/1955
f 3679/1368/1956 3678/1367/1956 3677/1366/1956
f 3680/1369/1957 3681/1370/1957 3682/1371/1957
f 3683/1372/1958 3681/1370/1958 3680/1369/1958
f 3684/1373/1959 3685/1374/1959 3686/1375/1959
f 3685/1374/1960 3684/1373/1960 3687/1376/1960
f 3688/1377/1961 3689/1378/1961 3690/1379/1961
f 3688/1377/1962 3691/1380/1962 3689/1378/1962
f 3692/1381/1963 3693/1382/1963 3694/1383/1963
f 3695/1384/1964 3692/1381/1964 3694/1383/1964
f 3696/1376/1965 3697/1385/1965 3698/1386/1965
f 3693/1382/1966 3692/1381/1966 3699/1387/1966
f 3700/1373/1967 3701/1388/1967 3697/1385/1967
f 3697/1385/1968 3701/1388/1968 3698/1386/1968
f 3687/1376/1969 3702/1373/1969 3685/1374/1969
f 3703/1375/1970 3685/1374/1970 3702/1373/1970
f 3704/1379/1971 3705/1389/1971 3706/1377/1971
f 3705/1389/1972 3704/1379/1972 3707/1378/1972
f 3708/1390/1973 3709/1391/1973 3710/1392/1973
f 3711/1393/1974 3709/1391/1974 3708/1390/1974
f 3712/1394/1975 3713/1395/1975 3714/1396/1975
f 3712/1394/1976 3714/1396/1976 3715/1397/1976
f 3689/1378/1977 3716/1384/1977 3717/1377/1977
f 3718/1398/1978 3689/1378/1978 3717/1377/1978
f 3698/1386/1979 3719/1385/1979 3696/1376/1979
f 3698/1386/1980 3720/1388/1980 3719/1385/1980
f 3721/1387/1981 3722/1399/1981 3723/1382/1981
f 3719/1385/1982 3720/1388/1982 3724/1373/1982
f 3725/1377/1983 3726/1389/1983 3704/1379/1983
f 3707/1378/1984 3704/1379/1984 3726/1389/1984
f 3727/1400/1985 3728/1401/1985 3729/1402/1985
f 3730/1403/1986 3727/1400/1986 3729/1402/1986
f 3721/1387/1987 3731/1381/1987 3722/1399/1987
f 3731/1381/1988 3732/1404/1988 3722/1399/1988
f 3733/1405/1989 3734/1396/1989 3735/1406/1989
f 3734/1396/1990 3733/1405/1990 3736/1395/1990
f 3737/1407/1991 3738/1408/1991 3739/1409/1991
f 3740/1410/1992 3738/1408/1992 3737/1407/1992
f 3741/1411/1993 3742/1412/1993 3743/1413/1993
f 3744/1414/1994 3745/1415/1994 3746/1416/1994
f 3747/1365/1995 3748/1417/1995 3749/1418/1995
f 3748/1417/1996 3747/1365/1996 3750/1366/1996
f 3747/1365/1997 3751/1419/1997 3752/1367/1997
f 3747/1365/1998 3753/1420/1998 3751/1419/1998
f 3754/1283/1999 3755/1285/1999 3756/1284/1999
f 3755/1285/2000 3757/1286/2000 3756/1284/2000
f 3758/1287/2001 3759/1289/2001 3760/1288/2001
f 3758/1287/2002 3760/1288/2002 3761/1290/2002
f 3762/1291/2003 3763/1292/2003 3759/1289/2003
f 3759/1289/2004 3758/1287/2004 3762/1291/2004
f 3764/1293/2005 3765/1294/2005 3763/1292/2005
f 3759/1289/2006 3763/1292/2006 3765/1294/2006
f 3766/1295/2007 3767/1296/2007 3764/1293/2007
f 3764/1293/2008 3767/1296/2008 3765/1294/2008
f 3768/1297/2009 3769/1298/2009 3767/1296/2009
f 3768/1297/2010 3767/1296/2010 3766/1295/2010
f 3769/1298/1916 3770/1300/1916 3771/1299/1916
f 3769/1298/2011 3768/1297/2011 3770/1300/2011
f 3766/1295/2012 3772/1301/2012 3768/1297/2012
f 3773/1302/1918 3769/1298/1918 3771/1299/1918
f 3774/1303/1894 3775/1305/1894 3776/1304/1894
f 3777/1291/2013 3772/1301/2013 3766/1295/2013
f 3778/1306/2014 3779/1283/2014 3780/1307/2014
f 3776/1304/1897 3781/1308/1897 3774/1303/1897
f 3782/1309/2015 3783/1310/2015 3784/1306/2015
f 3785/1284/2016 3779/1283/2016 3778/1306/2016
f 3784/1306/2017 3786/1311/2017 3782/1309/2017
f 3784/1306/2018 3783/1310/2018 3787/1312/2018
f 3788/1313/1902 3789/1315/1902 3790/1314/1902
f 3790/1314/1903 3791/1316/1903 3788/1313/1903
f 3775/1305/1904 3774/1303/1904 3792/1317/1904
f 3792/1317/1905 3793/1318/1905 3775/1305/1905
f 3794/1319/2019 3795/1321/2019 3796/1320/2019
f 3797/1318/2020 3792/1317/2020 3774/1303/2020
f 3798/1322/2021 3796/1320/2021 3799/1323/2021
f 3796/1320/2022 3798/1322/2022 3794/1319/2022
f 3800/1324/2023 3801/1326/2023 3802/1325/2023
f 3799/1323/2024 3803/1327/2024 3798/1322/2024
f 3804/1291/2025 3805/1328/2025 3806/1301/2025
f 3802/1325/2026 3807/1329/2026 3800/1324/2026
f 3808/1298/2027 3809/1297/2027 3805/1328/2027
f 3809/1297/2028 3806/1301/2028 3805/1328/2028
f 3810/1300/1890 3808/1298/1890 3811/1330/1890
f 3809/1297/2029 3808/1298/2029 3810/1300/2029
f 3808/1298/1893 3812/1331/1893 3811/1330/1893
f 3813/1287/2030 3814/1289/2030 3804/1291/2030
f 3805/1328/2031 3804/1291/2031 3814/1289/2031
f 3815/1290/2032 3816/1288/2032 3813/1287/2032
f 3813/1287/2033 3816/1288/2033 3814/1289/2033
f 3817/1332/2034 3818/1334/2034 3819/1333/2034
f 3819/1333/2035 3818/1334/2035 3820/1335/2035
f 3821/1336/2036 3819/1333/2036 3822/1337/2036
f 3819/1333/2037 3821/1336/2037 3817/1332/2037
f 3823/1334/1927 3824/1338/1927 3781/1308/1927
f 3825/1339/2038 3819/1333/2038 3820/1335/2038
f 3820/1335/2039 3818/1334/2039 3826/1340/2039
f 3781/1308/1930 3776/1304/1930 3823/1334/1930
f 3827/1318/1931 3793/1318/1931 3792/1317/1931
f 3827/1318/1932 3792/1317/1932 3828/1317/1932
f 3829/1341/2040 3768/1297/2040 3809/1297/2040
f 3830/1341/1934 3829/1341/1934 3809/1297/1934
f 3831/1342/2041 3832/1344/2041 3833/1343/2041
f 3832/1344/1936 3834/1345/1936 3833/1343/1936
f 3755/1285/2042 3835/1347/2042 3836/1346/2042
f 3833/1343/1938 3837/1348/1938 3831/1342/1938
f 3838/1349/2043 3755/1285/2043 3839/1350/2043
f 3836/1346/2044 3757/1286/2044 3755/1285/2044
f 3755/1285/2045 3840/1351/2045 3839/1350/2045
f 3838/1349/2046 3839/1350/2046 3841/1352/2046
f 3842/1353/1943 3843/1355/1943 3844/1354/1943
f 3838/1349/2047 3835/1347/2047 3755/1285/2047
f 3824/1338/1945 3823/1334/1945 3845/1342/1945
f 3845/1342/1945 3846/1356/1945 3824/1338/1945
f 3834/1345/1946 3832/1344/1946 3843/1355/1946
f 3843/1355/1947 3842/1353/1947 3834/1345/1947
f 3754/1283/2048 3847/1306/2048 3848/1357/2048
f 3849/1358/1949 3850/1360/1949 3851/1359/1949
f 3840/1351/2049 3755/1285/2049 3754/1283/2049
f 3754/1283/2050 3756/1284/2050 3847/1306/2050
f 3848/1357/2051 3840/1351/2051 3754/1283/2051
f 3852/1361/2052 3853/1363/2052 3854/1362/2052
f 3854/1362/2053 3855/1364/2053 3852/1361/2053
f 3856/1365/2054 3857/1367/2054 3858/1366/2054
f 3859/1368/2055 3858/1366/2055 3857/1367/2055
f 3860/1369/2056 3861/1371/2056 3862/1370/2056
f 3863/1372/2057 3860/1369/2057 3862/1370/2057
f 3864/1373/2058 3865/1375/2058 3866/1374/2058
f 3866/1374/2059 3867/1376/2059 3864/1373/2059
f 3868/1377/2060 3869/1379/2060 3870/1378/2060
f 3868/1377/2061 3870/1378/2061 3871/1380/2061
f 3872/1381/2062 3873/1383/2062 3874/1382/2062
f 3875/1384/2063 3873/1383/2063 3872/1381/2063
f 3876/1376/2064 3877/1386/2064 3878/1385/2064
f 3874/1382/2065 3879/1387/2065 3872/1381/2065
f 3880/1373/2066 3878/1385/2066 3881/1388/2066
f 3878/1385/2067 3877/1386/2067 3881/1388/2067
f 3867/1376/2068 3866/1374/2068 3882/1373/2068
f 3883/1375/2069 3882/1373/2069 3866/1374/2069
f 3884/1379/2070 3885/1377/2070 3886/1389/2070
f 3886/1389/2071 3887/1378/2071 3884/1379/2071
f 3888/1390/2072 3889/1392/2072 3890/1391/2072
f 3891/1393/2073 3888/1390/2073 3890/1391/2073
f 3892/1394/2074 3893/1396/2074 3894/1395/2074
f 3892/1394/1976 3895/1397/1976 3893/1396/1976
f 3870/1378/2075 3896/1377/2075 3897/1384/2075
f 3898/1398/2076 3896/1377/2076 3870/1378/2076
f 3877/1386/2077 3876/1376/2077 3899/1385/2077
f 3877/1386/2078 3899/1385/2078 3900/1388/2078
f 3901/1387/2079 3902/1382/2079 3903/1399/2079
f 3899/1385/2080 3904/1373/2080 3900/1388/2080
f 3905/1377/2081 3884/1379/2081 3906/1389/2081
f 3887/1378/2082 3906/1389/2082 3884/1379/2082
f 3907/1400/2083 3908/1402/2083 3909/1401/2083
f 3910/1403/2084 3908/1402/2084 3907/1400/2084
f 3901/1387/2085 3903/1399/2085 3911/1381/2085
f 3911/1381/2086 3903/1399/2086 3912/1404/2086
f 3913/1405/2087 3914/1406/2087 3915/1396/2087
f 3915/1396/2088 3916/1395/2088 3913/1405/2088
f 3917/1407/2089 3918/1409/2089 3919/1408/2089
f 3920/1410/2090 3917/1407/2090 3919/1408/2090
f 3921/1411/1993 3922/1413/1993 3923/1412/1993
f 3924/1414/1994 3925/1416/1994 3926/1415/1994
f 3927/1365/1995 3928/1418/1995 3929/1417/1995
f 3929/1417/1996 3930/1366/1996 3927/1365/1996
f 3927/1365/1997 3931/1367/1997 3932/1419/1997
f 3927/1365/1998 3932/1419/1998 3933/1420/1998
f 3934/8/2091 3935/1421/39 3936/1422/2092
f 3937/7/15 3935/1421/39 3934/8/2091
f 3938/1423/2093 3939/1424/2091 3940/1425/2092
f 3941/1426/1251 3942/1427/7 3943/31/10
f 3941/1426/1251 3943/31/10 3944/1130/12
f 3945/1428/2094 3944/1130/12 3946/1103/2095
f 3947/33/9 3948/32/16 3943/31/10
f 3949/1429/2096 3945/1428/2094 3946/1103/2095
f 3950/23/2097 3951/1430/2094 3952/1431/2098
f 3953/29/13 3954/1432/15 3955/1433/2091
f 3956/1434/1251 3951/1430/2094 3950/23/2097
f 3945/1428/2094 3941/1426/1251 3944/1130/12
f 3942/1427/7 3947/33/9 3943/31/10
f 3952/1431/2098 3957/1435/2094 3958/1436/2096
f 3959/1433/2099 3960/1437/2093 3961/1438/2092
f 3962/1437/2098 3963/1433/2095 3964/1438/2091
f 3965/1439/12 3966/19/13 3967/17/2091
f 3968/1440/2095 3965/1439/12 3967/17/2091
f 3969/1130/28 50/31/30 3970/1426/1254
f 50/31/30 52/33/26 3971/1427/27
f 50/31/30 3971/1427/27 3970/1426/1254
f 3969/1130/28 3970/1426/1254 3972/1428/2100
f 3973/1103/2099 3972/1428/2100 3974/1429/2101
f 3973/1103/2099 3969/1130/28 3972/1428/2100
f 3975/1431/2093 3976/1430/2100 3977/23/2102
f 3977/23/2102 3976/1430/2100 3978/1434/1254
f 3979/1433/2092 3980/1432/39 3981/29/32
f 3982/1441/2098 3983/1442/2102 3984/1443/2097
f 3985/1436/2101 3986/1435/2100 3975/1431/2093
f 3987/17/2092 3988/1439/28 3989/1440/2099
f 3987/17/2092 3990/19/32 3988/1439/28
f 3978/1434/1254 3991/1444/1337 3992/1445/2103
f 3956/1434/1251 3950/23/2097 3993/1445/2104
f 3994/1446/2105 3983/1442/2102 3995/1447/2103
f 3993/1445/2104 3996/1431/2106 3997/1430/2107
f 3992/1445/2103 3991/1444/1337 3997/1430/2107
f 3998/1448/2104 3984/1443/2097 3994/1446/2105
f 3999/1449/1252 2459/1156/1333 2500/1169/1330
f 4000/1450/2107 4001/1451/1337 2464/1161/1334
f 4001/1451/1337 4002/1452/1255 2501/1170/1331
f 4000/1450/2107 2465/1162/1335 2459/1156/1333
f 3978/1434/1254 3992/1445/2103 3977/23/2102
f 3956/1434/1251 3993/1445/2104 4003/1444/1252
f 3994/1446/2105 3995/1447/2103 4004/1453/2106
f 3993/1445/2104 3997/1430/2107 4003/1444/1252
f 3992/1445/2103 3997/1430/2107 3996/1431/2106
f 3998/1448/2104 3994/1446/2105 4004/1453/2106
f 3999/1449/1252 2500/1169/1330 4005/1454/1253
f 4000/1450/2107 2464/1161/1334 2465/1162/1335
f 4001/1451/1337 2501/1170/1331 2464/1161/1334
f 4000/1450/2107 2459/1156/1333 3999/1449/1252
f 4006/1455/2108 4007/1456/2108 4008/1457/2108
f 4008/1457/2109 4007/1456/2109 4009/1458/2109
f 4010/1459/2110 4011/1460/2110 4008/1457/2110
f 4008/1457/2111 4011/1460/2111 4006/1455/2111
f 4009/1458/2112 4012/1461/2112 4008/1457/2112
f 4012/1461/2113 4010/1459/2113 4008/1457/2113
f 4013/1462/2114 4009/1458/2114 4014/1461/2114
f 4012/1461/2115 4009/1458/2115 4013/1462/2115
f 4009/1458/2116 4007/1456/2116 4015/1457/2116
f 4015/1457/2117 4014/1461/2117 4009/1458/2117
f 4016/1455/2118 4017/1460/2118 4015/1457/2118
f 4015/1457/2119 4007/1456/2119 4016/1455/2119
f 4015/1457/2120 4018/1459/2120 4014/1461/2120
f 4015/1457/2121 4017/1460/2121 4018/1459/2121
f 4019/1463/2122 4010/1459/2122 4012/1461/2122
f 4020/1464/2123 4021/1465/2123 4022/1466/2123
f 4023/1467/2124 4021/1465/2124 4020/1464/2124
f 4024/1468/2125 4025/1465/2125 4022/1466/2125
f 4022/1466/2126 4021/1465/2126 4024/1468/2126
f 4026/1464/2127 4025/1465/2127 4027/1467/2127
f 4022/1466/2128 4025/1465/2128 4026/1464/2128
f 4021/1465/2129 4023/1467/2129 4028/1469/2129
f 4029/1470/2130 4030/1471/2130 4031/1472/2130
f 4031/1472/2131 4030/1471/2131 4032/1430/2131
f 4033/1431/2132 4029/1470/2132 4031/1472/2132
f 4034/1461/2133 4035/1463/2133 4036/1473/2133
f 4026/1464/2134 4037/1474/2134 4038/1475/2134
f 4039/1475/2135 4040/1474/2135 4020/1464/2135
f 4041/1476/2136 4042/1477/2136 4043/1478/2136
f 4044/1479/2137 4041/1476/2137 4043/1478/2137
f 4045/1480/2138 4046/1481/2138 4047/1482/2138
f 4046/1481/2139 4048/1483/2139 4049/1484/2139
f 4049/1484/2140 4047/1482/2140 4046/1481/2140
f 4050/1485/2141 4049/1484/2141 4048/1483/2141
f 3938/1423/2093 4051/1486/2098 3939/1424/2091
f 3959/1433/2099 4052/1422/2101 3960/1437/2093
f 3962/1437/2098 4053/1422/2096 3963/1433/2095
f 3982/1441/2098 4054/1487/2093 3983/1442/2102
f 4014/1461/2142 4055/1463/2142 4018/1459/2142
f 4056/1469/2143 4025/1465/2143 4027/1467/2143
f 4036/1473/2144 4034/1461/2144 4057/1463/2144
f 4058/1488/2145 4047/1482/2145 4042/1477/2145
f 4058/1488/2146 4042/1477/2146 4043/1478/2146
f 4045/1480/2147 4042/1477/2147 4047/1482/2147
f 4059/1489/2148 4060/1490/1137 4061/1491/1136
f 4059/1489/2148 4062/1492/2149 4063/1493/2150
f 4060/1490/1137 4064/1494/2151 4065/1495/1218
f 4062/1492/2149 4064/1494/2151 4063/1493/2150
f 4063/1493/2150 4060/1490/1137 4059/1489/2148
f 4063/1493/2150 4064/1494/2151 4060/1490/1137
f 4061/1491/1136 4062/1492/2149 4059/1489/2148
f 4065/1495/1218 4064/1494/2151 4062/1492/2149
f 4062/1492/2149 4061/1491/1136 4066/1496/1279
f 4062/1492/2149 4067/1497/2152 4068/1498/1280
f 4069/1499/2153 4070/1500/2154 4071/1501/2155
f 4062/1492/2149 4066/1496/1279 4067/1497/2152
f 4062/1492/2149 4068/1498/1280 4065/1495/1218
f 4069/1499/2153 4071/1501/2155 4072/1502/2156
f 4067/1497/2152 4066/1496/1279 4068/1498/1280
f 4068/1498/1280 4072/1502/2156 4071/1501/2155
f 4068/1498/1280 4066/1496/1279 4072/1502/2156
f 2503/1172/1263 4073/1176/1262 2504/1173/54
f 2503/1172/1263 2505/1174/45 2506/1175/48
f 134/81/77 2509/1178/1257 2508/1177/1256
f 133/80/76 2510/1179/1260 2509/1178/1257
f 126/75/22 4074/1503/21 2510/1179/1260
f 2519/1187/1332 2523/1191/1329 2520/1188/1323
f 2522/1190/1336 2525/1193/1325 2520/1188/1323
f 2526/1058/1265 2530/1180/33 2527/1194/38
f 263/139/167 4075/139/1763 3398/139/1761
f 223/119/154 225/121/160 3399/121/1761
f 247/119/169 4076/119/2157 3401/121/1763
f 3402/1177/1262 3405/1178/1264 3403/81/51
f 3405/1178/1264 4077/1179/1265 3406/80/52
# Vertices: 4077, normals: 2157, texture coordinates: 1503, faces: 3620

o obj2
v 0.05704995 -0.19391602 3.18506001
v 0.06337996 -0.24981602 3.14678002
v 0.04758998 -0.25044602 3.17161982
v 0.07140996 -0.23259602 3.14980982
v 0.03838994 -0.29068602 3.15982982
v 0.04637994 -0.29035602 3.13900992
v 0.02901997 -0.31421602 3.15029002
v 0.03360995 -0.31352602 3.13365982
v 0.03713997 -0.28583603 3.10379006
v 0.03525998 -0.27705603 3.07276989
v 0.02918996 -0.29043603 3.09678985
v 0.07738998 -0.18922602 3.16065001
v 0.05222996 -0.23335604 2.97834995
v 0.08576997 -0.16692605 3.01976991
v 0.06413998 -0.20460604 2.97004988
v 0.04622998 -0.27454603 3.08167006
v 0.08103999 -0.19505603 3.0578599
v 0.08576997 -0.16692605 3.01976991
v 0.05942996 -0.23457603 3.00282003
v 0.05938997 -0.22991603 2.98659995
v -0.10531998 -0.08462605 3.14520971
v -0.09525999 -0.09165599 3.15994001
v -0.09173998 -0.12481601 3.16065001
v -0.10049 -0.12952603 3.14684981
v -0.08453998 -0.06271609 3.1516299
v -0.08439997 -0.07765605 3.16651981
v -0.08276996 -0.10116602 3.17718981
v -0.08982 -0.15884603 3.15539001
v -0.09437999 -0.14141602 3.15259981
v -0.08113 -0.126916 3.17815991
v -0.09743997 -0.13535602 3.14991991
v -0.08982 -0.15884603 3.15539001
v -0.07952997 -0.14790602 3.17390991
v -0.10640998 -0.0749661 3.0673399
v -0.08552 -0.08555606 3.01020003
v -0.08451995 -0.06468609 3.03786992
v -0.10470998 -0.08569601 3.04200983
v -0.10667998 -0.06823608 3.08763981
v -0.08465996 -0.05039612 3.07483982
v -0.10625998 -0.07023611 3.11415001
v -0.08466998 -0.04998609 3.11484
v -0.08453998 -0.06271609 3.1516299
v -0.10531998 -0.08462605 3.14520971
v -0.08520999 -0.11806603 2.99926998
v -0.10317998 -0.09993603 3.03225994
v -0.10007998 -0.11065604 3.02473998
v -0.08132997 -0.14795604 2.99683
v -0.09277996 -0.16221603 3.02027989
v 0.09461 -0.10878601 3.02473998
v 0.09453996 -0.14321603 3.12134981
v 0.09750002 -0.09800603 3.03225994
v 0.09582998 -0.13233603 3.13165991
v 0.09876002 -0.08374606 3.04200983
v 0.10026002 -0.07297608 3.0673399
v 0.09538998 -0.12764604 3.14684981
v 0.10001992 -0.0682561 3.11415001
v 0.10040002 -0.06625608 3.08763981
v 0.09213998 -0.16430601 3.10689998
v 0.09934992 -0.0826561 3.14520971
v 0.08830996 -0.16047599 3.02027989
v 0.08602997 -0.19353603 3.09902001
v -0.08740994 -0.20102603 3.09848
v -0.09029999 -0.17136605 3.11333981
v -0.08600995 -0.20164603 3.10230996
v 0.08238997 -0.18972603 3.06042004
v -0.08794001 -0.16660602 3.13833991
v -0.08098999 -0.20387602 3.13582992
v -0.08512995 -0.18929602 3.14936991
v -0.08597997 -0.18385602 3.15033001
v -0.09623995 -0.13498605 3.14469981
v -0.08982 -0.15884603 3.15539001
v -0.09783998 -0.13526602 3.13890981
v -0.10049 -0.12952603 3.14684981
v -0.09743997 -0.13535602 3.14991991
v -0.09437999 -0.14141602 3.15259981
v -0.09933999 -0.14507605 3.12134981
v -0.10084996 -0.13421602 3.13165991
v -0.09654 -0.16611602 3.10689998
v -0.08987 -0.19522603 3.09902001
v 0.05269994 -0.24138603 3.0041299
v 0.05938997 -0.22991603 2.98659995
v 0.05222996 -0.23335604 2.97834995
v -0.08096996 -0.20546602 3.14490982
v 0.05222996 -0.23335604 2.97834995
v 0.03778996 -0.25004604 2.97529986
v 0.04144998 -0.25617603 2.99378993
v 0.05942996 -0.23457603 3.00282003
v 0.05919995 -0.23136603 3.02068998
v 0.05269994 -0.24138603 3.0041299
v 0.08103999 -0.19505603 3.0578599
v -0.06956997 -0.24793602 3.13703982
v -0.05693999 -0.27275602 3.13417002
v -0.04865995 -0.28130602 3.12915992
v -0.05042997 -0.28480602 3.13190982
v -0.04762998 -0.28426602 3.12548992
v -0.05568996 -0.25676602 3.12904002
v -0.04756996 -0.29067602 3.12978002
v -0.04696998 -0.29030602 3.12455982
v -0.04900995 -0.28630602 3.12057992
v -0.05906996 -0.25881602 3.11551992
v -0.07578996 -0.20396602 3.13263982
v -0.07839999 -0.20259603 3.11055992
v -0.06079999 -0.26571603 3.10923005
v -0.06894997 -0.25004603 3.10371996
v -0.05348 -0.27913592 3.11625002
v -0.07996997 -0.22640603 3.09783985
v -0.08600995 -0.20164603 3.10230996
v -0.08096996 -0.20546602 3.14490982
v -0.07547995 -0.23588602 3.13928982
v 0.03130998 -0.26159603 3.09247996
v 0.02007999 -0.27891593 3.10125996
v 0.02217998 -0.31052603 3.10089995
v 0.02918996 -0.29043603 3.09678985
v 0.00854 -0.28447603 3.10450984
v 0.01010998 -0.32314593 3.10307003
v -0.00102005 -0.28830593 3.10588004
v -0.00061003 -0.33040603 3.10418989
v -0.01064995 -0.28466593 3.10450984
v -0.01147995 -0.32335603 3.10307003
v -0.02228996 -0.27931603 3.10125996
v -0.02378997 -0.31096603 3.10089995
v -0.03384998 -0.26221603 3.09247996
v -0.03117999 -0.29101593 3.09678985
v -0.07952997 -0.14790602 3.17390991
v -0.06304994 -0.11529602 3.19665001
v -0.08136997 -0.18529602 3.16179991
v -0.06093994 -0.18961602 3.18562001
v -0.05593994 -0.23151603 3.02424003
v -0.03831997 -0.25483603 3.00049998
v 0.05279996 -0.23046603 3.02424003
v 0.05614998 -0.20471603 3.02668001
v -0.05977997 -0.20582603 3.02668001
v 0.03562995 -0.25412603 3.00049998
v 0.08830996 -0.16047599 3.02027989
v 0.08134999 -0.16435601 3.02005005
v 0.07881995 -0.19261603 3.05914998
v -0.08136997 -0.18529602 3.16179991
v -0.08597997 -0.18385602 3.15033001
v -0.07952997 -0.14790602 3.17390991
v 0.07658001 -0.14644601 2.99683
v 0.07320996 -0.14986601 2.99718
v 0.08238997 -0.18972603 3.06042004
v 0.08246001 -0.19631603 3.09593988
v -0.10049 -0.12952603 3.14684981
v -0.10625998 -0.07023611 3.11415001
v -0.10531998 -0.08462605 3.14520971
v 0.08602997 -0.19353603 3.09902001
v -0.10640998 -0.0749661 3.0673399
v -0.10667998 -0.06823608 3.08763981
v -0.10084996 -0.13421602 3.13165991
v -0.10470998 -0.08569601 3.04200983
v -0.09933999 -0.14507605 3.12134981
v -0.10317998 -0.09993603 3.03225994
v -0.09654 -0.16611602 3.10689998
v -0.10007998 -0.11065604 3.02473998
v -0.08987 -0.19522603 3.09902001
v -0.09277996 -0.16221603 3.02027989
v 0.08654996 -0.123096 3.16065001
v 0.08527996 -0.15716602 3.15539001
v 0.07597997 -0.12540598 3.17815991
v -0.08631 -0.19134603 3.06042004
v 0.09538998 -0.12764604 3.14684981
v 0.09244998 -0.13353605 3.14991991
v 0.07478001 -0.14642597 3.17390991
v 0.09934992 -0.0826561 3.14520971
v 0.08943 -0.08988603 3.15994001
v 0.07712998 -0.09962602 3.17718981
v 0.08527996 -0.15716602 3.15539001
v 0.08950998 -0.13964601 3.15259981
v 0.07829996 -0.07608606 3.16651981
v 0.04200997 -0.18977602 3.18227001
v 0.05698999 -0.18848602 3.18562001
v 0.05360999 -0.19052602 3.18110991
v 0.07816001 -0.06115606 3.1516299
v 0.07733997 -0.18376602 3.16179991
v 0.07255997 -0.18619602 3.15771001
v 0.08191999 -0.18224604 3.15033001
v 0.07734998 -0.18490602 3.14984981
v 0.04078998 -0.18720602 3.18634981
v 0.05360999 -0.19052602 3.18110991
v 0.05704995 -0.19391602 3.18506001
v 0.03743996 -0.19187602 3.18555991
v 0.04200997 -0.18977602 3.18227001
v 0.07255997 -0.18619602 3.15771001
v 0.07738998 -0.18922602 3.16065001
v 0.07734998 -0.18490602 3.14984981
v 0.08116998 -0.18769602 3.14936991
v 0.04078998 -0.18720602 3.18634981
v 0.04200997 -0.18977602 3.18227001
v -0.04756996 -0.29067602 3.12978002
v -0.03514996 -0.31418602 3.13365982
v -0.04696998 -0.29030602 3.12455982
v -0.04835996 -0.29126602 3.13900992
v -0.03197995 -0.31170603 3.10833002
v -0.03920999 -0.28657603 3.10379006
v 0.04622998 -0.27454603 3.08167006
v 0.04655 -0.24599603 3.05376007
v 0.03525998 -0.27705603 3.07276989
v 0.05924996 -0.23590603 3.05750991
v -0.04938999 -0.24691603 3.05376007
v -0.06227997 -0.23706603 3.05750991
v -0.04852 -0.27545603 3.08167006
v -0.03749999 -0.27775603 3.07276989
v -0.09277996 -0.16221603 3.02027989
v -0.08267996 -0.19416603 3.05914998
v -0.08574995 -0.16595604 3.02005005
v -0.08631 -0.19134603 3.06042004
v -0.08132997 -0.14795604 2.99683
v -0.07789996 -0.15131601 2.99718
v -0.09011999 -0.16861602 3.01976991
v -0.08486 -0.19664603 3.0578599
v -0.06087997 -0.19504602 3.18506001
v -0.07449999 -0.23399602 3.14980982
v -0.08131 -0.19074602 3.16065001
v -0.07865998 -0.15456601 2.99613
v -0.05034998 -0.25138602 3.17161982
v -0.06613997 -0.25105602 3.14678002
v -0.04036996 -0.29143602 3.15982982
v -0.04835996 -0.29126602 3.13900992
v -0.03054997 -0.31479602 3.15029002
v -0.03514996 -0.31418602 3.13365982
v -0.04409996 -0.25699603 2.99378993
v -0.04903999 -0.24147603 3.02370001
v -0.02960995 -0.26690603 2.99724987
v -0.06231996 -0.23253603 3.02068998
v 0.07140996 -0.23259602 3.14980982
v 0.07738998 -0.18922602 3.16065001
v 0.07242998 -0.23446602 3.13928982
v 0.07732995 -0.20394602 3.14490982
v 0.06674995 -0.24662602 3.13703982
v 0.06337996 -0.24981602 3.14678002
v 0.05458995 -0.27168602 3.13417002
v 0.04637994 -0.29035602 3.13900992
v 0.04831 -0.28385602 3.13190982
v 0.04556998 -0.28977602 3.12978002
v 0.08116998 -0.18769602 3.14936991
v -0.08740994 -0.20102603 3.09848
v -0.07680997 -0.22310603 3.06847001
v -0.08486 -0.19664603 3.0578599
v -0.07996997 -0.22640603 3.09783985
v -0.06231996 -0.23253603 3.02068998
v -0.06227997 -0.23706603 3.05750991
v -0.06894997 -0.25004603 3.10371996
v -0.06079999 -0.26571603 3.10923005
v -0.04852 -0.27545603 3.08167006
v -0.05348 -0.27913592 3.11625002
v -0.03920999 -0.28657603 3.10379006
v -0.04900995 -0.28630602 3.12057992
v -0.04696998 -0.29030602 3.12455982
v -0.06956997 -0.24793602 3.13703982
v -0.07547995 -0.23588602 3.13928982
v -0.07449999 -0.23399602 3.14980982
v -0.08131 -0.19074602 3.16065001
v -0.05693999 -0.27275602 3.13417002
v -0.06613997 -0.25105602 3.14678002
v -0.05042997 -0.28480602 3.13190982
v -0.04835996 -0.29126602 3.13900992
v -0.08096996 -0.20546602 3.14490982
v -0.04756996 -0.29067602 3.12978002
v -0.01147995 -0.32335603 3.10307003
v -0.03197995 -0.31170603 3.10833002
v -0.01311996 -0.33988602 3.11401983
v -0.08512995 -0.18929602 3.14936991
v -0.00047002 -0.34491602 3.11505983
v -0.01727 -0.34450602 3.12764003
v -0.00042001 -0.35020602 3.12629983
v -0.02378997 -0.31096603 3.10089995
v -0.01311996 -0.33988602 3.11401983
v -0.03197995 -0.31170603 3.10833002
v -0.03514996 -0.31418602 3.13365982
v 0.08602997 -0.19353603 3.09902001
v 0.08367999 -0.19938603 3.09848
v 0.08599999 -0.16967602 3.11333981
v 0.09213998 -0.16430601 3.10689998
v 0.08228995 -0.20002603 3.10230996
v 0.08355 -0.164966 3.13833991
v 0.09284999 -0.13343604 3.13890981
v 0.09123995 -0.13318599 3.14469981
v 0.09453996 -0.14321603 3.12134981
v 0.09538998 -0.12764604 3.14684981
v 0.09582998 -0.13233603 3.13165991
v 0.09244998 -0.13353605 3.14991991
v 0.08527996 -0.15716602 3.15539001
v 0.08950998 -0.13964601 3.15259981
v 0.08191999 -0.18224604 3.15033001
v 0.07732 -0.20235602 3.13582992
v 0.08116998 -0.18769602 3.14936991
v 0.07732995 -0.20394602 3.14490982
v -0.04903999 -0.24147603 3.02370001
v -0.05485997 -0.21883603 3.05647994
v -0.05420998 -0.20266604 2.96290996
v -0.04938999 -0.24691603 3.05376007
v -0.02960995 -0.26690603 2.99724987
v -0.02686998 -0.26071604 2.96996
v -0.05429998 -0.19396603 3.00473
v -0.07865998 -0.15456601 2.99613
v -0.04336998 -0.24967593 3.07550002
v -0.03749999 -0.27775603 3.07276989
v -0.03384998 -0.26221603 3.09247996
v 0.04692998 -0.28538602 3.12057992
v 0.03713997 -0.28583603 3.10379006
v 0.04497 -0.28942602 3.12455982
v 0.03778996 -0.25004604 2.97529986
v 0.05125996 -0.27813602 3.11625002
v 0.04622998 -0.27454603 3.08167006
v 0.06617 -0.24874603 3.10371996
v 0.05831995 -0.26457603 3.10923005
v 0.07672997 -0.22489603 3.09783985
v 0.05924996 -0.23590603 3.05750991
v 0.05919995 -0.23136603 3.02068998
v 0.0735 -0.22165603 3.06847001
v 0.08367999 -0.19938603 3.09848
v 0.07733997 -0.18376602 3.16179991
v 0.07478001 -0.14642597 3.17390991
v 0.08191999 -0.18224604 3.15033001
v -0.05751994 -0.19158602 3.18110991
v -0.04592994 -0.19062602 3.18227001
v -0.04131994 -0.19263602 3.18555991
v -0.04592994 -0.19062602 3.18227001
v -0.04475996 -0.18802602 3.18634981
v -0.07654998 -0.18763602 3.15771001
v -0.06087997 -0.19504602 3.18506001
v -0.08135995 -0.18643602 3.14984981
v -0.08131 -0.19074602 3.16065001
v -0.08512995 -0.18929602 3.14936991
v -0.08597997 -0.18385602 3.15033001
v 0.07470997 -0.20112603 3.11055992
v 0.07211997 -0.20254602 3.13263982
v 0.07732 -0.20235602 3.13582992
v 0.07732995 -0.20394602 3.14490982
v -0.06231996 -0.23253603 3.02068998
v -0.05563 -0.24242603 3.0041299
v 0.08228995 -0.20002603 3.10230996
v -0.04409996 -0.25699603 2.99378993
v -0.05530998 -0.23439604 2.97834995
v -0.01311996 -0.33988602 3.11401983
v -0.00061003 -0.33040603 3.10418989
v -0.01147995 -0.32335603 3.10307003
v -0.04055998 -0.25079604 2.97529986
v -0.00047002 -0.34491602 3.11505983
v 0.01206996 -0.33964602 3.11401983
v 0.05222996 -0.23335604 2.97834995
v 0.05938997 -0.22991603 2.98659995
v 0.08576997 -0.16692605 3.01976991
v 0.01010998 -0.32314593 3.10307003
v -0.03920999 -0.28657603 3.10379006
v -0.02378997 -0.31096603 3.10089995
v -0.03117999 -0.29101593 3.09678985
v -0.03197995 -0.31170603 3.10833002
v 0.07733997 -0.18376602 3.16179991
v 0.05698999 -0.18848602 3.18562001
v 0.05767997 -0.11413605 3.19665001
v 0.07478001 -0.14642597 3.17390991
v 0.08228995 -0.20002603 3.10230996
v 0.07672997 -0.22489603 3.09783985
v 0.07470997 -0.20112603 3.11055992
v 0.06617 -0.24874603 3.10371996
v 0.05645998 -0.25770602 3.11551992
v 0.07211997 -0.20254602 3.13263982
v 0.05303999 -0.25572602 3.12904002
v 0.04692998 -0.28538602 3.12057992
v 0.04550996 -0.28337602 3.12548992
v 0.05831995 -0.26457603 3.10923005
v 0.05125996 -0.27813602 3.11625002
v 0.04497 -0.28942602 3.12455982
v 0.04647996 -0.28039602 3.12915992
v 0.05458995 -0.27168602 3.13417002
v 0.06674995 -0.24662602 3.13703982
v 0.04556998 -0.28977602 3.12978002
v 0.04831 -0.28385602 3.13190982
v 0.07242998 -0.23446602 3.13928982
v 0.07732995 -0.20394602 3.14490982
v -0.05563 -0.24242603 3.0041299
v -0.05530998 -0.23439604 2.97834995
v -0.06253996 -0.23108603 2.98659995
v -0.06248996 -0.23575603 3.00282003
v 0.05942996 -0.23457603 3.00282003
v 0.05269994 -0.24138603 3.0041299
v 0.08103999 -0.19505603 3.0578599
v -0.06304994 -0.11529602 3.19665001
v -0.07952997 -0.14790602 3.17390991
v -0.08113 -0.126916 3.17815991
v -0.03749999 -0.27775603 3.07276989
v -0.04852 -0.27545603 3.08167006
v -0.03920999 -0.28657603 3.10379006
v -0.03117999 -0.29101593 3.09678985
v -0.05420998 -0.20266604 2.96290996
v -0.07865998 -0.15456601 2.99613
v -0.06777999 -0.20587604 2.97004988
v -0.09011999 -0.16861602 3.01976991
v -0.08740994 -0.20102603 3.09848
v -0.08623996 -0.19793603 3.09593988
v -0.08987 -0.19522603 3.09902001
v -0.05530998 -0.23439604 2.97834995
v -0.09011999 -0.16861602 3.01976991
v -0.06253996 -0.23108603 2.98659995
v 0.01010998 -0.32314593 3.10307003
v 0.01206996 -0.33964602 3.11401983
v 0.03038999 -0.31110603 3.10833002
v 0.02217998 -0.31052603 3.10089995
v 0.08576997 -0.16692605 3.01976991
v 0.08134999 -0.16435601 3.02005005
v 0.07320996 -0.14986601 2.99718
v 0.08103999 -0.19505603 3.0578599
v 0.07881995 -0.19261603 3.05914998
v 0.07403996 -0.153106 2.99613
v -0.02960995 -0.26690603 2.99724987
v -0.04055998 -0.25079604 2.97529986
v -0.04409996 -0.25699603 2.99378993
v -0.02686998 -0.26071604 2.96996
v 0.04144998 -0.25617603 2.99378993
v 0.02715995 -0.26635603 2.99724987
v 0.04609998 -0.24056603 3.02370001
v 0.05919995 -0.23136603 3.02068998
v -0.07952997 -0.14790602 3.17390991
v -0.08597997 -0.18385602 3.15033001
v -0.08267996 -0.19416603 3.05914998
v -0.08364996 -0.19761603 3.05831004
v -0.08486 -0.19664603 3.0578599
v -0.08276996 -0.10116602 3.17718981
v -0.06331995 -0.08675601 3.19514981
v -0.08113 -0.126916 3.17815991
v -0.08439997 -0.07765605 3.16651981
v 0.03038999 -0.31110603 3.10833002
v 0.04497 -0.28942602 3.12455982
v 0.03713997 -0.28583603 3.10379006
v -0.06304994 -0.11529602 3.19665001
v 0.04556998 -0.28977602 3.12978002
v 0.03360995 -0.31352602 3.13365982
v -0.04903999 -0.24147603 3.02370001
v -0.06231996 -0.23253603 3.02068998
v -0.06227997 -0.23706603 3.05750991
v 0.04637994 -0.29035602 3.13900992
v 0.02217998 -0.31052603 3.10089995
v 0.03038999 -0.31110603 3.10833002
v 0.03713997 -0.28583603 3.10379006
v 0.05924996 -0.23590603 3.05750991
v 0.04609998 -0.24056603 3.02370001
v 0.04655 -0.24599603 3.05376007
v 0.08367999 -0.19938603 3.09848
v 0.08602997 -0.19353603 3.09902001
v 0.08246001 -0.19631603 3.09593988
v 0.02918996 -0.29043603 3.09678985
v -0.08623996 -0.19793603 3.09593988
v -0.08987 -0.19522603 3.09902001
v -0.08364996 -0.19761603 3.05831004
v -0.08740994 -0.20102603 3.09848
v 0.10001992 -0.0682561 3.11415001
v 0.07816001 -0.06115606 3.1516299
v 0.07803996 -0.04842605 3.11484
v 0.09934992 -0.0826561 3.14520971
v 0.07803996 -0.04883608 3.07483982
v 0.10040002 -0.06625608 3.08763981
v 0.07817998 -0.06312606 3.03786992
v 0.10026002 -0.07297608 3.0673399
v 0.07957997 -0.08397607 3.01020003
v 0.09876002 -0.08374606 3.04200983
v 0.09750002 -0.09800603 3.03225994
v 0.07988997 -0.11648603 2.99926998
v 0.09461 -0.10878601 3.02473998
v 0.07658001 -0.14644601 2.99683
v 0.07881995 -0.19261603 3.05914998
v 0.08103999 -0.19505603 3.0578599
v 0.07984998 -0.19604603 3.05831004
v 0.08830996 -0.16047599 3.02027989
v 0.07957997 -0.08397607 3.01020003
v -0.08552 -0.08555606 3.01020003
v 0.07988997 -0.11648603 2.99926998
v -0.06735995 -0.06213609 3.00213981
v 0.06095996 -0.06090608 3.00213981
v -0.08520999 -0.11806603 2.99926998
v 0.03430994 -0.03274611 3.02866983
v -0.04124996 -0.03347609 3.02866983
v -0.05751994 -0.19158602 3.18110991
v -0.08136997 -0.18529602 3.16179991
v -0.06093994 -0.18961602 3.18562001
v -0.00354 -0.02564606 3.02992987
v -0.07654998 -0.18763602 3.15771001
v -0.04592994 -0.19062602 3.18227001
v -0.08135995 -0.18643602 3.14984981
v -0.02686998 -0.26071604 2.96996
v -0.06777999 -0.20587604 2.97004988
v -0.04055998 -0.25079604 2.97529986
v -0.04475996 -0.18802602 3.18634981
v 0.07597997 -0.12540598 3.17815991
v 0.05767997 -0.11413605 3.19665001
v 0.05739995 -0.08559604 3.19514981
v -0.05420998 -0.20266604 2.96290996
v 0.07829996 -0.07608606 3.16651981
v 0.07712998 -0.09962602 3.17718981
v 0.08191999 -0.18224604 3.15033001
v 0.07478001 -0.14642597 3.17390991
v -0.06248996 -0.23575603 3.00282003
v -0.08486 -0.19664603 3.0578599
v -0.05563 -0.24242603 3.0041299
v 0.07984998 -0.19604603 3.05831004
v 0.08367999 -0.19938603 3.09848
v 0.08246001 -0.19631603 3.09593988
v -0.06253996 -0.23108603 2.98659995
v -0.09011999 -0.16861602 3.01976991
v -0.06248996 -0.23575603 3.00282003
v -0.08486 -0.19664603 3.0578599
v 0.04609998 -0.24056603 3.02370001
v 0.05147996 -0.21781603 3.05647994
v 0.04655 -0.24599603 3.05376007
v -0.06227997 -0.23706603 3.05750991
v -0.04938999 -0.24691603 3.05376007
v -0.04903999 -0.24147603 3.02370001
v 0.05051996 -0.20166604 2.96290996
v 0.05043997 -0.19295603 3.00473
v 0.0243 -0.26022604 2.96996
v 0.07403996 -0.153106 2.99613
v 0.03525998 -0.27705603 3.07276989
v 0.02715995 -0.26635603 2.99724987
v 0.04058 -0.24886603 3.07550002
v 0.07403996 -0.153106 2.99613
v 0.06413998 -0.20460604 2.97004988
v 0.08576997 -0.16692605 3.01976991
v 0.03130998 -0.26159603 3.09247996
v -0.05530998 -0.23439604 2.97834995
v -0.06777999 -0.20587604 2.97004988
v -0.09011999 -0.16861602 3.01976991
v 0.05051996 -0.20166604 2.96290996
v 0.01631 -0.34418602 3.12764003
v 0.01206996 -0.33964602 3.11401983
v 0.04609998 -0.24056603 3.02370001
v 0.05924996 -0.23590603 3.05750991
v 0.05919995 -0.23136603 3.02068998
v 0.03360995 -0.31352602 3.13365982
v 0.03038999 -0.31110603 3.10833002
v 0.02901997 -0.31421602 3.15029002
v 0.03360995 -0.31352602 3.13365982
v 0.01719 -0.33206602 3.14309003
v 0.01631 -0.34418602 3.12764003
v -0.00052003 -0.34020602 3.13945003
v -0.00042001 -0.35020602 3.12629983
v -0.01727 -0.34450602 3.12764003
v -0.03514996 -0.31418602 3.13365982
v -0.01837996 -0.33240602 3.14309003
v 0.02715995 -0.26635603 2.99724987
v 0.04144998 -0.25617603 2.99378993
v 0.03778996 -0.25004604 2.97529986
v -0.03054997 -0.31479602 3.15029002
v 0.05767997 -0.11413605 3.19665001
v 0.07597997 -0.12540598 3.17815991
v 0.07478001 -0.14642597 3.17390991
v 0.0243 -0.26022604 2.96996
v 0.05043997 -0.19295603 3.00473
v 0.07403996 -0.153106 2.99613
v -0.07865998 -0.15456601 2.99613
v -0.05429998 -0.19396603 3.00473
v -0.05485997 -0.21883603 3.05647994
v 0.05147996 -0.21781603 3.05647994
v -0.04055998 -0.25079604 2.97529986
v 0.0243 -0.26022604 2.96996
v 0.03778996 -0.25004604 2.97529986
v 0.06413998 -0.20460604 2.97004988
v 0.05051996 -0.20166604 2.96290996
v -0.07578996 -0.20396602 3.13263982
v -0.07839999 -0.20259603 3.11055992
v -0.08098999 -0.20387602 3.13582992
v -0.08096996 -0.20546602 3.14490982
v -0.08600995 -0.20164603 3.10230996
v 0.06091996 -0.0566261 3.1714298
v 0.06078996 -0.04236611 3.1505699
v 0.07829996 -0.07608606 3.16651981
v 0.07816001 -0.06115606 3.1516299
v 0.05739995 -0.08559604 3.19514981
v 0.03448 -0.05035605 3.1739299
v 0.03429999 -0.03194608 3.1520898
v 0.03236999 -0.0182561 3.10143995
v -0.00363 -0.0161961 3.09712982
v -0.00353 -0.02700605 3.1498498
v -0.04107997 -0.05108609 3.1739299
v -0.00334 -0.04606607 3.1751198
v -0.04124996 -0.03266611 3.1520898
v -0.06753996 -0.04359605 3.1505699
v -0.03958997 -0.01894608 3.10143995
v -0.06739995 -0.0578561 3.1714298
v -0.08439997 -0.07765605 3.16651981
v -0.06331995 -0.08675601 3.19514981
v -0.08453998 -0.06271609 3.1516299
v -0.06766996 -0.02946606 3.10930991
v -0.06763998 -0.03283611 3.07025003
v -0.04133996 -0.0241361 3.05805992
v -0.08466998 -0.04998609 3.11484
v -0.08465996 -0.05039612 3.07483982
v -0.06735995 -0.06213609 3.00213981
v -0.04124996 -0.03347609 3.02866983
v -0.00354 -0.02564606 3.02992987
v -0.00358 -0.0218561 3.04735994
v 0.03421994 -0.02340606 3.05805992
v 0.03430994 -0.03274611 3.02866983
v 0.06067999 -0.03160611 3.07025003
v 0.06064995 -0.02822611 3.10930991
v 0.07803996 -0.04842605 3.11484
v 0.06095996 -0.06090608 3.00213981
v 0.07803996 -0.04883608 3.07483982
v 0.07817998 -0.06312606 3.03786992
v 0.07957997 -0.08397607 3.01020003
v -0.08451995 -0.06468609 3.03786992
v -0.08552 -0.08555606 3.01020003
v -0.03899994 -0.0795361 3.19483991
v -0.00302 -0.07948609 3.19704981
v 0.03294995 -0.0788361 3.19483991
v -0.04036996 -0.29143602 3.15982982
v -0.00127003 -0.26153602 3.17109982
v -0.03054997 -0.31479602 3.15029002
v -0.00076005 -0.31465602 3.15129992
v 0.02901997 -0.31421602 3.15029002
v -0.05034998 -0.25138602 3.17161982
v 0.04758998 -0.25044602 3.17161982
v 0.03838994 -0.29068602 3.15982982
v -0.04131994 -0.19263602 3.18555991
v -0.02638999 -0.20701602 3.18301982
v -0.05034998 -0.25138602 3.17161982
v -0.06087997 -0.19504602 3.18506001
v -0.00174001 -0.21321602 3.18210982
v -0.00127003 -0.26153602 3.17109982
v 0.02277996 -0.20653602 3.18301982
v 0.04758998 -0.25044602 3.17161982
v 0.03743996 -0.19187602 3.18555991
v 0.05704995 -0.19391602 3.18506001
v 0.01719 -0.33206602 3.14309003
v -0.00060002 -0.33222602 3.14348983
v -0.00076005 -0.31465602 3.15129992
v 0.02901997 -0.31421602 3.15029002
v -0.01837996 -0.33240602 3.14309003
v -0.03054997 -0.31479602 3.15029002
v -0.00052003 -0.34020602 3.13945003
v 0.03743996 -0.19187602 3.18555991
v 0.02277996 -0.20653602 3.18301982
v -0.00221 -0.16411604 3.17947981
v -0.00174001 -0.21321602 3.18210982
v 0.04078998 -0.18720602 3.18634981
v 0.04715999 -0.16358603 3.18967981
v 0.04052999 -0.13966597 3.19339991
v -0.00268 -0.115286 3.19746991
v 0.02136995 -0.12132598 3.19596001
v -0.04541996 -0.14048601 3.19339991
v -0.02659997 -0.12178601 3.19596001
v -0.04475996 -0.18802602 3.18634981
v -0.05157998 -0.164526 3.18967981
v -0.02638999 -0.20701602 3.18301982
v -0.04131994 -0.19263602 3.18555991
v -0.00302 -0.07948609 3.19704981
v 0.03294995 -0.0788361 3.19483991
v 0.05739995 -0.08559604 3.19514981
v -0.06331995 -0.08675601 3.19514981
v -0.00296 -0.08647604 3.19736981
v -0.06304994 -0.11529602 3.19665001
v -0.03899994 -0.0795361 3.19483991
v 0.05767997 -0.11413605 3.19665001
v -0.00268 -0.115286 3.19746991
v -0.05157998 -0.164526 3.18967981
v -0.04475996 -0.18802602 3.18634981
v -0.06093994 -0.18961602 3.18562001
v -0.04541996 -0.14048601 3.19339991
v -0.02659997 -0.12178601 3.19596001
v 0.04052999 -0.13966597 3.19339991
v 0.02136995 -0.12132598 3.19596001
v 0.04715999 -0.16358603 3.18967981
v 0.05698999 -0.18848602 3.18562001
v 0.04078998 -0.18720602 3.18634981
v 0.01725998 -0.13110603 3.20179981
v -0.00258 -0.12605603 3.20256991
v -0.00267 -0.11673601 3.19633981
v 0.02137997 -0.122746 3.19541971
v -0.02230999 -0.13148601 3.20179981
v -0.02658996 -0.12320603 3.19541971
v -0.00241 -0.14280601 3.20812981
v -0.00218 -0.16688598 3.20661991
v 0.01848998 -0.15448601 3.20647001
v -0.02308997 -0.15488602 3.20647001
v -0.04196998 -0.165716 3.19674991
v -0.03676996 -0.14612598 3.19965981
v -0.02285996 -0.17866601 3.20273991
v -0.00196001 -0.19034602 3.20107981
v -0.02166 -0.19976602 3.19169992
v -0.03638998 -0.18540602 3.19384001
v -0.02579996 -0.20579602 3.18316002
v -0.04356 -0.18844602 3.18577001
v -0.00175003 -0.21202602 3.18206002
v -0.00182 -0.20482602 3.19072982
v 0.01791998 -0.19938602 3.19169992
v 0.02216997 -0.20533602 3.18316002
v 0.03958996 -0.18764602 3.18577001
v 0.01871999 -0.178266 3.20273991
v 0.03236999 -0.18474602 3.19384001
v 0.03757997 -0.16495599 3.19674991
v 0.04576 -0.16381599 3.18928981
v 0.03198995 -0.14546604 3.19965981
v 0.03913995 -0.14010603 3.19281981
v -0.05017999 -0.16473598 3.18928981
v -0.04400995 -0.14090599 3.19281981
v -0.00076005 -0.31548602 3.15513992
v 0.0146 -0.31127602 3.15655992
v 0.01539 -0.31125602 3.15234992
v 0.02707996 -0.29976602 3.15623992
v -0.01618996 -0.31156602 3.15655992
v -0.00076005 -0.31465602 3.15129992
v -0.02767995 -0.30110602 3.16027992
v -0.01698998 -0.31156602 3.15234992
v 0.02588995 -0.30058602 3.16027992
v -0.02888998 -0.30029602 3.15623992
v 0.02993997 -0.28590602 3.16542002
v 0.03132995 -0.28443602 3.16234992
v -0.01666996 -0.26093602 3.17446992
v -0.02795997 -0.27162602 3.17053982
v -0.02917996 -0.26959602 3.16704982
v -0.01749995 -0.25829602 3.17093992
v -0.03201994 -0.28650602 3.16542002
v -0.03342995 -0.28505602 3.16234992
v -0.02767995 -0.30110602 3.16027992
v -0.02888998 -0.30029602 3.15623992
v -0.00135002 -0.25407602 3.17235992
v -0.00132004 -0.25671602 3.17587992
v 0.01487996 -0.25798602 3.17093992
v 0.01410999 -0.26063602 3.17446992
v 0.02677997 -0.26905602 3.16704982
v 0.02559998 -0.27111602 3.17053982
v 0.03132995 -0.28443602 3.16234992
v 0.02993997 -0.28590602 3.16542002
v -0.03201994 -0.28650602 3.16542002
v 0.02559998 -0.27111602 3.17053982
v 0.02993997 -0.28590602 3.16542002
v -0.02795997 -0.27162602 3.17053982
v -0.02767995 -0.30110602 3.16027992
v 0.02588995 -0.30058602 3.16027992
v -0.01618996 -0.31156602 3.15655992
v 0.0146 -0.31127602 3.15655992
v 0.01410999 -0.26063602 3.17446992
v -0.00076005 -0.31548602 3.15513992
v -0.01666996 -0.26093602 3.17446992
v -0.00132004 -0.25671602 3.17587992
v -0.00083003 -0.30821603 3.08176996
v -0.00884 -0.30595603 3.07587005
v -0.00882999 -0.30700603 3.08791996
v 0.00214996 -0.30542593 3.07204987
v 0.00215998 -0.30733603 3.09173991
v 0.00914999 -0.30630603 3.08188988
v 0.01148995 -0.30048603 3.07303001
v 0.01150998 -0.30223603 3.09170987
v 0.01449998 -0.30123603 3.08246995
v 0.00371995 -0.30285603 3.09753992
v 0.00465998 -0.29688603 3.10086991
v 0.01384999 -0.29610603 3.09403993
v 0.01723995 -0.29497603 3.08297993
v 0.01382997 -0.29391603 3.07192995
v 0.00368997 -0.30002603 3.06719996
v -0.00549999 -0.30011603 3.06719996
v 0.00462999 -0.29330603 3.06508995
v -0.00656996 -0.29341603 3.06508995
v -0.01328996 -0.30072593 3.07303001
v -0.01627996 -0.30152603 3.08246995
v -0.00546995 -0.30293603 3.09753992
v -0.01327994 -0.30247593 3.09170987
v -0.01572999 -0.29639603 3.09403993
v -0.00652996 -0.29699603 3.10086991
v -0.01913997 -0.29532593 3.08297993
v -0.01574996 -0.29419603 3.07192995
v -0.03749999 -0.25753603 3.02902986
v -0.05593994 -0.23151603 3.02424003
v -0.05531999 -0.23325603 3.0429299
v -0.03831997 -0.25483603 3.00049998
v -0.03267994 -0.28039603 3.06208993
v -0.04145995 -0.26098603 3.06400992
v -0.0203 -0.27850603 3.01299002
v -0.01804998 -0.28422603 3.02324988
v -0.02357998 -0.27038603 2.98981001
v -0.00850997 -0.29929603 3.05055
v -0.01340994 -0.28892603 3.02886988
v -0.01813999 -0.29520603 3.05455996
v -0.00095001 -0.29547603 3.03177
v -0.00675998 -0.29395603 3.03130008
v -0.00085006 -0.30586603 3.06286003
v -0.00090001 -0.30067603 3.04941989
v -0.00765995 -0.30449603 3.06378986
v -0.04423997 -0.26305603 3.08510996
v -0.01890996 -0.29830603 3.07470991
v -0.01909998 -0.29958603 3.09498001
v -0.02151999 -0.29709603 3.08426
v -0.02552995 -0.29566603 3.10320999
v -0.01604995 -0.30457603 3.10782005
v -0.00885997 -0.30423593 3.10500003
v -0.01487997 -0.30223603 3.10170986
v -0.01813999 -0.29520603 3.05455996
v -0.00765995 -0.30449603 3.06378986
v -0.00850997 -0.29929603 3.05055
v -0.05911997 -0.21194603 3.08998991
v -0.03267994 -0.28039603 3.06208993
v -0.01468995 -0.30053603 3.06860997
v -0.01890996 -0.29830603 3.07470991
v -0.05225995 -0.23965603 3.10864998
v -0.05849996 -0.21398603 3.11108992
v -0.05977997 -0.20582603 3.02668001
v -0.03184 -0.28447603 3.10429002
v -0.00722996 -0.26634603 3.02243997
v -0.01804998 -0.28422603 3.02324988
v -0.01340994 -0.28892603 3.02886988
v -0.0203 -0.27850603 3.01299002
v -0.00119004 -0.27073603 3.02585007
v -0.00675998 -0.29395603 3.03130008
v 0.00482997 -0.29384603 3.03130008
v -0.00095001 -0.29547603 3.03177
v 0.00476994 -0.26622603 3.02243997
v 0.01137998 -0.28868603 3.02886988
v 0.02118995 -0.26995603 2.98981001
v 0.01807 -0.27813603 3.01299002
v 0.01592996 -0.28389603 3.02324988
v 0.03562995 -0.25412603 3.00049998
v 0.00864997 -0.25438603 3.00049998
v -0.01134 -0.25457603 3.00049998
v -0.02357998 -0.27038603 2.98981001
v 0.01807 -0.27813603 3.01299002
v 0.00476994 -0.26622603 3.02243997
v 0.01592996 -0.28389603 3.02324988
v -0.03831997 -0.25483603 3.00049998
v -0.00106004 -0.28361603 3.08586003
v 0.01727994 -0.29923593 3.09498001
v 0.01965 -0.29669603 3.08426
v 0.01310994 -0.30197603 3.10170986
v -0.01909998 -0.29958603 3.09498001
v -0.01487997 -0.30223603 3.10170986
v -0.02151999 -0.29709603 3.08426
v -0.00885997 -0.30423593 3.10500003
v -0.00085006 -0.30548603 3.1066599
v 0.00712999 -0.30407603 3.10500003
v -0.00106004 -0.28361603 3.08586003
v 0.01706996 -0.29795603 3.07470991
v 0.01289 -0.30027603 3.06860997
v 0.01965 -0.29669603 3.08426
v 0.00592997 -0.30436603 3.06378986
v -0.00085006 -0.30586603 3.06286003
v -0.00765995 -0.30449603 3.06378986
v -0.01468995 -0.30053603 3.06860997
v -0.01890996 -0.29830603 3.07470991
v -0.02151999 -0.29709603 3.08426
v 0.01432999 -0.30428593 3.10782005
v 0.01310994 -0.30197603 3.10170986
v 0.00712999 -0.30407603 3.10500003
v 0.01727994 -0.29923593 3.09498001
v 0.02364 -0.29519593 3.10320999
v 0.04170998 -0.26222593 3.08510996
v 0.01965 -0.29669603 3.08426
v 0.01706996 -0.29795603 3.07470991
v 0.03888997 -0.26021603 3.06400992
v 0.03047999 -0.27979603 3.06208993
v 0.05221995 -0.23222603 3.0429299
v 0.05560996 -0.21084603 3.08998991
v 0.03485998 -0.25683603 3.02902986
v 0.01592996 -0.28389603 3.02324988
v 0.01807 -0.27813603 3.01299002
v 0.03562995 -0.25412603 3.00049998
v 0.02118995 -0.26995603 2.98981001
v 0.05279996 -0.23046603 3.02424003
v 0.01623996 -0.29487603 3.05455996
v 0.01137998 -0.28868603 3.02886988
v 0.00667998 -0.29915603 3.05055
v 0.00592997 -0.30436603 3.06378986
v 0.01289 -0.30027603 3.06860997
v 0.00482997 -0.29384603 3.03130008
v -0.00085006 -0.30626603 3.11150002
v -0.00085006 -0.30548603 3.1066599
v 0.04927995 -0.23867603 3.10864998
v 0.02971997 -0.28388603 3.10429002
v 0.05502995 -0.21289603 3.11108992
v 0.05614998 -0.20471603 3.02668001
v -0.05593994 -0.23151603 3.02424003
v -0.05977997 -0.20582603 3.02668001
v -0.05531999 -0.23325603 3.0429299
v -0.01349994 -0.25875603 3.02349998
v -0.02270999 -0.27811604 2.96914985
v -0.02111998 -0.27716604 2.96770003
v -0.01210997 -0.25737603 3.02264
v 0.00889995 -0.32190604 2.95434
v 0.00794997 -0.32686604 2.96877005
v 0.01821997 -0.29343603 3.00207999
v 0.02046998 -0.27770604 2.96914985
v 0.00729998 -0.32139604 2.95271995
v -0.00869999 -0.32155604 2.95271995
v -0.00847999 -0.32350604 2.95379999
v 0.00710996 -0.32335604 2.95379999
v 0.00947996 -0.25717603 3.02264
v -0.01210997 -0.25737603 3.02264
v -0.02111998 -0.27716604 2.96770003
v 0.01886 -0.27678604 2.96770003
v 0.00654998 -0.32720604 2.97038987
v -0.00783995 -0.32734604 2.97038987
v -0.01874998 -0.29493603 3.00333001
v 0.00947996 -0.25717603 3.02264
v 0.01886 -0.27678604 2.96770003
v 0.02046998 -0.27770604 2.96914985
v 0.00635996 -0.32831604 2.96804001
v -0.00762996 -0.32844604 2.96804001
v -0.00783995 -0.32734604 2.97038987
v 0.01682999 -0.29459603 3.00333001
v -0.01349994 -0.25875603 3.02349998
v -0.01332995 -0.27641603 3.03550006
v -0.02015999 -0.29380603 3.00207999
v 0.00654998 -0.32720604 2.97038987
v -0.02270999 -0.27811604 2.96914985
v 0.00794997 -0.32686604 2.96877005
v 0.00889995 -0.32190604 2.95434
v 0.00710996 -0.32335604 2.95379999
v 0.01682999 -0.29459603 3.00333001
v 0.00986995 -0.27754603 3.03657009
v 0.01105996 -0.27618603 3.03550006
v -0.00923995 -0.32703604 2.96877005
v -0.01028994 -0.32209604 2.95434
v -0.02270999 -0.27811604 2.96914985
v 0.01105996 -0.27618603 3.03550006
v 0.01821997 -0.29343603 3.00207999
v 0.01682999 -0.29459603 3.00333001
v -0.00869999 -0.32155604 2.95271995
v 0.00729998 -0.32139604 2.95271995
v 0.01886 -0.27678604 2.96770003
v -0.02015999 -0.29380603 3.00207999
v -0.02015999 -0.29380603 3.00207999
v -0.01332995 -0.27641603 3.03550006
v -0.01210997 -0.27775603 3.03657009
v -0.02111998 -0.27716604 2.96770003
v 0.02046998 -0.27770604 2.96914985
v 0.01821997 -0.29343603 3.00207999
v 0.01105996 -0.27618603 3.03550006
v -0.01874998 -0.29493603 3.00333001
v -0.00869999 -0.32155604 2.95271995
v -0.02111998 -0.27716604 2.96770003
v -0.02270999 -0.27811604 2.96914985
v 0.01088997 -0.25851603 3.02349998
v -0.00762996 -0.32844604 2.96804001
v -0.00847999 -0.32350604 2.95379999
v -0.01028994 -0.32209604 2.95434
v -0.01028994 -0.32209604 2.95434
v -0.01210997 -0.27775603 3.03657009
v 0.00986995 -0.27754603 3.03657009
v 0.01682999 -0.29459603 3.00333001
v -0.00923995 -0.32703604 2.96877005
v 0.02046998 -0.27770604 2.96914985
v 0.01088997 -0.25851603 3.02349998
v 0.00947996 -0.25717603 3.02264
v -0.01874998 -0.29493603 3.00333001
v -0.01028994 -0.32209604 2.95434
v -0.00847999 -0.32350604 2.95379999
v -0.00869999 -0.32155604 2.95271995
v -0.00762996 -0.32844604 2.96804001
v -0.00923995 -0.32703604 2.96877005
v -0.00783995 -0.32734604 2.97038987
v -0.00847999 -0.32350604 2.95379999
v -0.00762996 -0.32844604 2.96804001
v 0.00635996 -0.32831604 2.96804001
v 0.00710996 -0.32335604 2.95379999
v 0.00710996 -0.32335604 2.95379999
v 0.00889995 -0.32190604 2.95434
v 0.00729998 -0.32139604 2.95271995
v 0.01886 -0.27678604 2.96770003
v 0.00729998 -0.32139604 2.95271995
v 0.00889995 -0.32190604 2.95434
v 0.00654998 -0.32720604 2.97038987
v 0.01682999 -0.29459603 3.00333001
v 0.01821997 -0.29343603 3.00207999
v 0.01821997 -0.29343603 3.00207999
v 0.00794997 -0.32686604 2.96877005
v 0.00654998 -0.32720604 2.97038987
v 0.00710996 -0.32335604 2.95379999
v 0.00635996 -0.32831604 2.96804001
v 0.00794997 -0.32686604 2.96877005
v 0.00635996 -0.32831604 2.96804001
v 0.00654998 -0.32720604 2.97038987
v 0.00794997 -0.32686604 2.96877005
v -0.01874998 -0.29493603 3.00333001
v -0.00783995 -0.32734604 2.97038987
v -0.00923995 -0.32703604 2.96877005
v -0.02015999 -0.29380603 3.00207999
v 0.00889995 -0.32190604 2.95434
v 0.02046998 -0.27770604 2.96914985
v 0.01886 -0.27678604 2.96770003
vn -0.81809 -0.51347 -0.25898
vn -0.60393 -0.68785 -0.40265
vn -0.89143 -0.3373 -0.30263
vn -0.77222 -0.48033 -0.41588
vn -0.83513 -0.2094 -0.50863
vn -0.83233 -0.31216 -0.45801
vn -0.63819 0.24523 -0.72977
vn -0.76658 -0.59012 -0.2532
vn -0.91057 0.09047 -0.40333
vn -0.41808 0.27077 -0.86712
vn -0.93458 0.12884 -0.3316
vn -0.93541 0.09976 -0.33921
vn 0.84018 -0.53672 -0.07769
vn 0.83164 -0.55097 -0.06934
vn 0.69244 -0.51425 0.50604
vn 0.72973 -0.62772 0.27104
vn 0.82704 -0.557 -0.07587
vn 0.71496 -0.65399 0.24724
vn 0.83045 -0.54157 -0.13057
vn 0.85658 -0.51482 -0.03516
vn 0.81644 -0.56237 -0.13098
vn 0.80366 -0.57554 -0.1513
vn 0.81341 -0.55495 -0.17437
vn 0.85505 -0.503 -0.12599
vn 0.75699 0.37582 0.53454
vn 0.58455 0.34942 0.73226
vn 0.69481 0.26158 0.66993
vn 0.66145 0.24392 0.70922
vn 0.68396 0.00765 0.72948
vn 0.60328 -0.0695 0.7945
vn 0.73415 -0.30359 0.60733
vn 0.66731 -0.24564 0.7031
vn 0.84006 0.52741 0.12704
vn 0.8211 0.54335 0.17485
vn 0.87482 0.47736 -0.08257
vn 0.87041 0.48686 -0.07324
vn -0.97495 0.07404 -0.20973
vn 0.82898 0.49899 0.25258
vn -0.99669 0.01106 -0.0805
vn -0.99474 0.0181 -0.10079
vn -0.99411 0.01311 -0.10762
vn -0.99953 -0.0303 -0.00437
vn -0.9973 -0.0088 -0.07291
vn -0.99765 -0.01521 -0.06674
vn -0.9953 0.03186 -0.09143
vn -0.9959 0.01949 -0.08837
vn -0.98023 0.05178 -0.19094
vn -0.99196 0.04902 -0.11667
vn 0.9237 -0.29884 -0.23973
vn -0.92658 0.12248 -0.35561
vn 0.97267 -0.13301 -0.19034
vn 0.9746 -0.12711 -0.18438
vn 0.98812 0.04833 -0.14587
vn 0.97833 0.11071 -0.17498
vn 0.9667 -0.0098 -0.25572
vn 0.98876 0.04398 -0.14291
vn 0.88964 -0.26387 -0.37271
vn 0.94993 -0.14261 -0.27803
vn 0.80985 0.22458 -0.54194
vn 0.72161 -0.23097 -0.65264
vn 0.96811 -0.02505 -0.24926
vn 0.82552 0.22641 -0.51697
vn 0.86376 -0.29998 -0.40489
vn 0.7394 -0.21456 -0.63816
vn 0.79902 -0.44076 -0.40903
vn 0.87352 -0.29215 -0.38938
vn 0.72735 -0.58256 -0.36274
vn 0.79742 -0.51095 -0.32103
vn -0.6317 0.24102 -0.7368
vn 0.97029 0.03966 -0.23868
vn -0.74127 0.33882 -0.57942
vn -0.67617 0.20497 -0.70765
vn -0.76162 -0.08941 -0.64183
vn -0.83886 0.17577 -0.51519
vn -0.88358 0.06632 -0.46357
vn 0.68821 0.67241 -0.27246
vn 0.66377 0.71336 -0.2248
vn 0.96019 0.04744 -0.2753
vn 0.57003 0.80443 -0.16723
vn 0.98494 0.1219 -0.12264
vn 0.97404 0.21412 -0.07346
vn 0.93323 -0.32548 -0.1521
vn 0.75005 0.64844 -0.13017
vn 0.91275 -0.27412 -0.3029
vn 0.89548 -0.36028 -0.26139
vn 0.94412 -0.09196 -0.3165
vn 0.89151 -0.2772 -0.35828
vn 0.82599 -0.50403 -0.25237
vn 0.82449 -0.5133 -0.2382
vn 0.83328 -0.51105 -0.21087
vn 0.8534 -0.47359 -0.21775
vn 0.71995 -0.63076 -0.2895
vn 0.80319 -0.54584 -0.23864
vn 0.86456 0.40188 -0.30172
vn 0.9163 -0.29028 -0.27593
vn 0.55009 0.8271 -0.11536
vn 0.36856 0.92375 0.10415
vn 0.58676 0.80921 -0.02977
vn 0.19463 0.9721 -0.13097
vn 0.28181 0.95916 0.02427
vn 0.17644 0.98431 -0.00051
vn 0.15671 0.98691 0.03809
vn 0.12515 0.99163 0.03184
vn -0.12437 0.99165 0.03424
vn -0.15597 0.9869 0.04114
vn -0.17638 0.98432 0.00284
vn -0.28142 0.95913 0.02966
vn -0.19731 0.97206 -0.12718
vn -0.58712 0.80928 -0.01862
vn 0.61876 -0.75578 -0.21434
vn 0.76423 -0.63445 -0.11586
vn 0.00686 0.70334 0.71082
vn 0.00091 0.99553 0.09445
vn 0.0009 0.99553 0.09442
vn 0.00682 0.70341 0.71075
vn -0.43166 0.50988 -0.74411
vn 0.92854 -0.36413 -0.07224
vn -0.5511 0.57766 -0.60216
vn -0.40122 0.60969 -0.6836
vn -0.65255 0.13947 -0.7448
vn -0.66013 0.37634 -0.65007
vn 0.99399 0.01979 -0.10765
vn -0.67876 0.13525 -0.72179
vn 0.99619 -0.01523 -0.0859
vn 0.99572 -0.00883 -0.09203
vn 0.99927 -0.03071 -0.02276
vn 0.99188 0.01297 -0.12653
vn 0.99253 0.01833 -0.1206
vn 0.99499 0.01096 -0.0994
vn 0.99338 0.03173 -0.11041
vn 0.97067 0.07406 -0.22874
vn 0.97639 0.05182 -0.20969
vn 0.98951 0.04907 -0.13585
vn -0.85728 -0.50304 -0.10962
vn 0.9198 0.12231 -0.37283
vn -0.8187 -0.5625 -0.11545
vn -0.81652 -0.55504 -0.15884
vn -0.8416 -0.53658 -0.06151
vn -0.8328 -0.55101 -0.05322
vn -0.85706 -0.51488 -0.01886
vn -0.82843 -0.55687 -0.05994
vn -0.83256 -0.54194 -0.1147
vn -0.80649 -0.57547 -0.13567
vn -0.72441 -0.62772 0.28496
vn -0.7102 -0.65381 0.26105
vn 0.01637 -0.42222 -0.90634
vn -0.68263 -0.51421 0.51923
vn -0.36361 -0.12361 -0.92331
vn -0.37235 -0.1362 -0.91804
vn -0.48488 -0.1542 -0.86088
vn -0.41999 -0.0476 -0.90628
vn 0.04369 -0.5231 -0.85115
vn -0.09802 -0.59759 0.79579
vn -0.11322 -0.64154 0.75869
vn -0.29257 -0.40979 0.86399
vn -0.33612 -0.42749 0.83921
vn -0.58706 -0.29878 0.75239
vn -0.33654 -0.34865 0.87475
vn -0.63951 -0.53749 -0.54966
vn 0.00271 -0.9849 -0.17313
vn 0.86698 0.13368 -0.48007
vn 0.87202 0.10519 -0.47804
vn 0.86777 0.38143 -0.31857
vn 0.86057 0.1552 -0.4851
vn -0.59365 0.5721 -0.56593
vn -0.60946 0.5635 -0.5577
vn 0.59885 0.56338 -0.5692
vn 0.58257 0.57215 -0.57728
vn 0.41692 0.51006 -0.75234
vn 0.64688 0.37685 -0.66297
vn 0.54058 0.57729 -0.61197
vn 0.38772 0.60971 -0.69132
vn 0.50542 -0.33543 0.79501
vn 0.78087 -0.40467 0.4759
vn 0.45424 -0.56787 0.68644
vn 0.76154 -0.59019 -0.26783
vn 0.91614 0.26577 0.3001
vn 0.81317 -0.51327 -0.27442
vn 0.59595 -0.68795 -0.41421
vn 0.88542 -0.33718 -0.3199
vn 0.76422 -0.48007 -0.43069
vn 0.82535 -0.20906 -0.52449
vn 0.82352 -0.31217 -0.47367
vn 0.5864 -0.29467 -0.75453
vn 0.57862 -0.29831 -0.75908
vn -0.97826 -0.12435 -0.16597
vn -0.9674 -0.17101 -0.18681
vn -0.88324 -0.1614 -0.44027
vn -0.88176 -0.1641 -0.44224
vn -0.91854 -0.04156 -0.39314
vn -0.88099 -0.15885 -0.44568
vn -0.91635 0.1047 -0.38645
vn -0.88952 0.15249 -0.43069
vn -0.91842 -0.26834 -0.29068
vn 0.94134 0.09404 -0.3241
vn 0.95194 0.1334 -0.27569
vn 0.72248 0.08365 -0.68631
vn 0.9104 0.20519 -0.35925
vn 0.85158 0.25203 -0.45966
vn 0.74228 0.15316 -0.65235
vn 0.84019 0.19562 -0.50577
vn 0.84928 0.25278 -0.46349
vn 0.56661 0.16714 -0.80686
vn 0.82276 0.17554 -0.5406
vn 0.63585 0.36016 -0.68263
vn 0.66564 0.37818 -0.64336
vn 0.87327 -0.16379 -0.45888
vn 0.97496 -0.12399 -0.18459
vn 0.87233 -0.15911 -0.4623
vn 0.87455 -0.16151 -0.45724
vn 0.88132 0.15057 -0.44789
vn 0.91066 -0.04277 -0.41094
vn 0.96351 -0.17142 -0.20556
vn 0.90842 0.10364 -0.405
vn 0.45657 0.7619 -0.4594
vn 0.91219 -0.2692 -0.30893
vn 0.32194 0.40199 -0.85718
vn 0.50296 0.61489 -0.60741
vn 0.31256 0.38917 -0.86652
vn 0.86413 0.15502 -0.4788
vn 0.71772 0.40968 -0.56307
vn -0.73419 -0.58255 -0.34871
vn -0.80336 -0.51104 -0.3057
vn -0.97795 -0.12706 -0.16572
vn -0.92781 -0.29959 -0.22229
vn -0.89622 -0.26458 -0.35608
vn -0.95513 -0.14252 -0.25964
vn -0.80666 -0.44074 -0.39377
vn -0.88068 -0.29236 -0.37274
vn -0.7517 -0.21435 -0.6237
vn -0.8719 -0.29963 -0.38731
vn -0.81971 0.22532 -0.5266
vn -0.73335 -0.23152 -0.63921
vn -0.97266 -0.02411 -0.231
vn -0.83489 0.22714 -0.50136
vn -0.99132 0.04388 -0.12396
vn -0.97145 -0.00987 -0.23704
vn -0.98158 0.11002 -0.15617
vn -0.9906 0.04929 -0.12764
vn -0.97481 0.03951 -0.21951
vn -0.97618 -0.13281 -0.17157
vn -0.98024 -0.04028 0.19367
vn -0.98136 -0.04523 0.18679
vn -0.86584 -0.19175 0.46211
vn -0.87571 -0.20471 0.4373
vn -0.99991 -0.00477 -0.01259
vn -0.85594 0.10355 0.5066
vn -0.95089 0.21779 0.21995
vn -0.94482 0.25266 0.20852
vn -0.87494 0.48415 0.00866
vn -0.96708 0.13557 0.21535
vn -0.649 0.36047 -0.66997
vn -0.64664 0.6185 -0.44644
vn -0.58169 0.16725 -0.79603
vn -0.67767 0.37824 -0.63063
vn -0.84976 0.19569 -0.48951
vn -0.83301 0.17564 -0.52463
vn -0.86036 0.25195 -0.44306
vn -0.85802 0.25273 -0.44714
vn -0.73611 0.08382 -0.67165
vn -0.75523 0.15336 -0.63727
vn -0.94733 0.0942 -0.3061
vn -0.91715 0.20504 -0.34176
vn -0.92979 -0.36407 -0.05433
vn -0.95702 0.13364 -0.25738
vn 0.12685 -0.64049 0.75742
vn 0.62876 -0.53807 -0.56138
vn 0.35351 -0.42791 0.83182
vn 0.11301 -0.59854 0.79308
vn 0.35242 -0.34827 0.86862
vn 0.30828 -0.40929 0.85874
vn -0.0058 -0.98492 -0.17293
vn 0.60064 -0.29874 0.74161
vn -0.07061 0.05577 -0.99594
vn -0.1405 0.17093 -0.97521
vn 0.87446 0.06627 -0.48055
vn -0.08241 0.05694 -0.99497
vn 0.82883 0.17574 -0.53118
vn 0.74925 -0.08924 -0.65625
vn 0.25109 0.81825 -0.51712
vn 0.73001 0.33879 -0.59356
vn -0.18195 0.78781 -0.58843
vn 0.17056 0.78781 -0.59183
vn -0.74713 0.66367 0.03659
vn -0.26127 0.81829 -0.512
vn 0.71818 0.57939 -0.3854
vn 0.62353 0.71809 -0.30912
vn -0.76623 -0.63454 -0.10125
vn -0.62281 -0.75574 -0.2024
vn -0.92116 -0.29115 -0.25827
vn -0.72589 -0.6302 -0.27555
vn -0.82893 -0.51325 -0.22238
vn -0.80788 -0.54544 -0.22323
vn -0.89826 -0.27717 -0.34104
vn -0.94999 -0.09225 -0.29834
vn -0.90033 -0.36031 -0.24411
vn -0.91841 -0.2741 -0.2853
vn -0.85749 -0.47347 -0.20134
vn -0.83721 -0.511 -0.19483
vn -0.93609 -0.3254 -0.13358
vn -0.8307 -0.50398 -0.23652
vn -0.96531 0.04653 -0.25691
vn -0.97537 0.21379 -0.05419
vn -0.6939 0.67157 -0.2598
vn -0.57313 0.80441 -0.15631
vn -0.75345 0.64721 -0.11588
vn -0.66861 0.71255 -0.21268
vn -0.55224 0.82706 -0.10492
vn -0.98729 0.12043 -0.10374
vn -0.87016 0.402 -0.28499
vn -0.36631 0.92381 0.1113
vn 0.61761 0.24087 -0.74869
vn 0.66177 0.20554 -0.72098
vn -0.7159 -0.19938 -0.66914
vn 0.635 -0.7463 -0.19951
vn 0.40139 0.2709 -0.87493
vn 0.62407 0.24533 -0.74186
vn 0.49899 0.81069 0.30625
vn 0.90508 0.42457 0.02388
vn 0.72801 0.63862 -0.24932
vn 0.74736 0.66404 0.02264
vn -0.4651 0.76207 -0.45048
vn -0.51435 0.61499 -0.59769
vn -0.48928 -0.33581 0.80488
vn -0.44027 -0.56813 0.69526
vn -0.77279 -0.40386 0.48959
vn -0.90995 0.26502 0.31899
vn 0.4665 0.3602 -0.80786
vn 0.62842 0.23154 -0.74261
vn -0.60076 -0.29448 -0.74322
vn -0.59352 -0.29792 -0.74765
vn 0.78325 -0.57494 -0.23658
vn 0.41784 -0.90274 -0.1023
vn 0.67234 -0.7401 -0.01494
vn 0.74693 -0.62343 0.23116
vn -0.87366 0.38154 -0.30191
vn 0.72385 -0.68933 0.02938
vn -0.87654 0.13179 -0.46293
vn -0.86966 0.15532 -0.46858
vn 0.53946 0.10224 -0.83578
vn -0.881 0.10629 -0.46102
vn -0.62909 0.71832 -0.29709
vn -0.64143 0.14566 -0.75322
vn -0.73357 0.63737 -0.23584
vn -0.7253 0.5795 -0.37164
vn 0.63745 0.13934 -0.75779
vn 0.66383 0.13516 -0.73557
vn 0.95636 0.06534 0.2848
vn 0.94887 0.06006 0.30991
vn -0.65358 -0.24558 0.7159
vn -0.72237 -0.30362 0.62129
vn -0.58814 -0.06922 0.80579
vn -0.66971 0.00761 0.74258
vn -0.64729 0.24356 0.72228
vn -0.68188 0.26147 0.68313
vn -0.57097 0.34964 0.7428
vn -0.74657 0.37588 0.54895
vn -0.81774 0.54317 0.19042
vn -0.82413 0.49885 0.26826
vn -0.87174 0.48668 -0.05668
vn -0.83747 0.52734 0.14335
vn -0.42023 -0.90245 -0.0948
vn -0.87617 0.47751 -0.06559
vn 0.00305 0.94787 0.31865
vn -0.00314 0.94481 -0.3276
vn -0.00314 0.94482 -0.32757
vn 0.00305 0.94787 0.31865
vn 0.00659 0.73095 0.6824
vn 0.00654 0.73086 0.6825
vn 0.35397 -0.13577 -0.92535
vn 0.00161 0.98605 0.16642
vn 0.4034 -0.04741 -0.9138
vn 0.34595 -0.12436 -0.92997
vn -0.03295 -0.42093 -0.90649
vn 0.46942 -0.15454 -0.86935
vn 0.58227 0.68795 -0.43324
vn -0.05983 -0.5242 -0.84949
vn -0.72316 -0.68932 0.04333
vn 0.39093 0.87347 -0.2902
vn -0.74225 -0.62346 0.2457
vn -0.67233 -0.74025 -0.00213
vn -0.78759 -0.575 -0.22152
vn 0.70239 -0.19994 -0.68313
vn -0.95115 0.0656 0.30169
vn -0.94382 0.06071 0.32484
vn 0.92875 0.09992 -0.35698
vn 0.92807 0.12894 -0.34937
vn 0.98477 -0.04508 0.16793
vn 0.62711 0.14577 -0.76517
vn 0.99948 -0.00474 -0.03194
vn 0.9838 -0.04024 0.17467
vn 0.88392 -0.20476 0.42042
vn 0.86544 0.10374 0.49015
vn 0.94871 0.25245 0.19034
vn 0.87447 -0.19173 0.44557
vn 0.97105 0.13597 0.19642
vn 0.95484 0.21849 0.20136
vn -0.90441 0.42468 0.0412
vn 0.87517 0.48376 -0.00796
vn 0.90262 0.09015 -0.42089
vn -0.49311 0.81065 0.31573
vn -0.32925 0.38926 -0.86028
vn -0.55582 0.10248 -0.82496
vn -0.8731 0.15515 -0.46219
vn -0.33836 0.40195 -0.85085
vn -0.78102 -0.19089 -0.59462
vn -0.72831 0.40979 -0.54921
vn -0.23295 -0.59198 -0.77155
vn -0.782 -0.35651 -0.51125
vn 0.21624 -0.58994 -0.77795
vn -0.2311 -0.59003 -0.7736
vn 0.77208 -0.35655 -0.52609
vn 0.2182 -0.59196 -0.77587
vn -0.48184 0.3602 -0.7988
vn 0.76946 -0.19047 -0.60964
vn -0.63868 -0.74631 -0.18736
vn -0.64272 0.2314 -0.73032
vn -0.00203 0.97725 -0.2121
vn -0.00204 0.97726 -0.21205
vn -0.00865 0.43306 -0.90132
vn -0.00869 0.43314 -0.90128
vn 0.6381 0.61824 -0.45892
vn -0.59069 0.68776 -0.42199
vn -0.39675 0.87328 -0.28278
vn 0.05147 0.05578 -0.99712
vn 0.12178 0.17094 -0.97773
vn 0.0627 0.0569 -0.99641
vn -0.73563 -0.37915 0.56134
vn -0.58673 -0.57061 0.57458
vn -0.21559 -0.76821 0.6028
vn -0.6558 -0.62122 0.42896
vn -0.33658 -0.52999 0.77835
vn -0.23556 -0.62524 0.74403
vn -0.02411 -0.25999 0.96531
vn -0.36766 -0.22957 0.90118
vn -0.06162 -0.64299 0.76339
vn -0.11527 -0.19932 0.97313
vn 0.12417 -0.59811 0.79174
vn -0.10888 -0.59807 0.79401
vn 0.13383 -0.1993 0.97076
vn 0.07613 -0.64319 0.76191
vn 0.38493 -0.22954 0.89395
vn 0.04262 -0.25992 0.96469
vn 0.24957 -0.62545 0.73928
vn 0.3515 -0.52994 0.77176
vn 0.66406 -0.6212 0.41611
vn 0.22693 -0.76828 0.59854
vn 0.59775 -0.57062 0.56311
vn 0.74649 -0.37892 0.54696
vn 0.25465 -0.31403 0.91463
vn 0.72167 -0.22631 0.6542
vn 0.34663 0.08089 0.93451
vn 0.37257 0.09541 0.92309
vn 0.71812 -0.22983 0.65687
vn 0.77611 0.0548 0.62821
vn 0.72534 0.27455 0.63127
vn 0.719 0.0073 0.69498
vn 0.41497 0.27671 0.86673
vn 0.51681 0.3401 0.78565
vn 0.11844 0.21124 0.97023
vn 0.18449 0.29818 0.93651
vn 0.08918 0.11263 0.98963
vn 0.0922 0.11462 0.98912
vn -0.07304 0.1145 0.99073
vn -0.0702 0.11265 0.99115
vn -0.16638 0.29818 0.9399
vn -0.09966 0.2112 0.97235
vn -0.32896 0.08116 0.94085
vn -0.39846 0.27668 0.87446
vn -0.23666 -0.31427 0.91936
vn -0.35446 0.09532 0.9302
vn -0.70882 -0.22653 0.66803
vn -0.7641 0.05503 0.64274
vn -0.70563 -0.22965 0.67034
vn -0.71296 0.27462 0.64519
vn -0.70539 0.00726 0.70878
vn -0.78541 0.34666 0.51279
vn -0.50184 0.34007 0.79531
vn 0.79531 0.34646 0.49745
vn -0.65316 0.27085 0.70712
vn 0.16104 -0.80084 0.57682
vn 0.66702 0.27081 0.69408
vn 0.05206 -0.83516 0.54753
vn 0.10309 -0.80506 0.58416
vn -0.09181 -0.80501 0.58611
vn -0.0414 -0.83517 0.54843
vn -0.15017 -0.80076 0.57985
vn -0.0169 -0.92811 -0.37192
vn 0.03011 -0.9365 -0.34936
vn -0.03691 -0.9365 -0.34872
vn 0.05061 -0.95458 -0.29362
vn -0.05624 -0.9546 -0.29255
vn 0.00993 -0.92805 -0.37231
vn 0.04952 -0.97347 -0.22337
vn -0.00364 -0.97285 -0.2314
vn 0.03566 -0.97431 -0.22235
vn 0.02369 -0.97128 -0.23676
vn -0.02829 -0.9713 -0.23618
vn -0.03993 -0.97432 -0.22161
vn -0.00073 -0.97285 -0.23142
vn -0.05371 -0.97348 -0.22239
vn -0.02418 -0.9136 -0.40589
vn -0.03697 -0.91802 -0.3948
vn 0.02926 -0.91798 -0.39555
vn 0.01643 -0.91361 -0.40626
vn -0.02411 -0.89203 -0.45134
vn 0.01549 -0.89202 -0.45173
vn 0.15947 -0.98713 -0.01157
vn 0.05143 -0.99727 0.05293
vn 0.20076 -0.97608 -0.08347
vn 0.17788 -0.98329 -0.03871
vn 0.196 -0.95925 -0.20351
vn 0.02797 -0.93789 -0.34581
vn 0.1458 -0.9475 -0.28458
vn -0.15112 -0.94749 -0.28181
vn -0.0346 -0.93789 -0.34521
vn -0.20232 -0.97608 -0.0796
vn -0.19985 -0.95927 -0.19965
vn -0.1597 -0.98713 -0.00856
vn -0.17856 -0.9833 -0.03524
vn -0.05509 -0.9683 0.24364
vn -0.05037 -0.99727 0.0539
vn 0.03693 -0.99829 0.04538
vn -0.03604 -0.99829 0.046
vn 0.03694 -0.99796 0.0521
vn 0.0598 -0.96818 0.24301
vn -0.01351 -0.9999 0.00361
vn 0.01358 -0.9999 0.00334
vn 0.02996 -0.98842 -0.14876
vn -0.03593 -0.99796 0.05281
vn 0.0266 -0.9889 -0.14621
vn 0.03299 -0.98849 -0.14764
vn 0.01333 -0.98368 -0.17945
vn 0.00458 -0.99136 -0.13111
vn -0.0071 -0.99136 -0.13097
vn -0.01677 -0.98369 -0.17911
vn -0.0294 -0.9889 -0.14564
vn -0.03282 -0.98841 -0.1482
vn -0.03594 -0.98849 -0.14698
vn -0.17141 -0.81829 0.54866
vn -0.16753 -0.82179 0.5446
vn 0.1807 -0.82203 0.54001
vn 0.17906 -0.81872 0.54556
vn -0.11649 -0.94227 0.31395
vn 0.12252 -0.9423 0.31154
vn -0.04449 -0.99708 -0.0621
vn -0.18915 -0.96097 0.2019
vn 0.19292 -0.96098 0.19822
vn 0.04327 -0.99708 -0.06294
vn 0.45202 -0.89192 -0.0125
vn 0.33407 -0.92212 0.19517
vn 0.09609 -0.98321 -0.15515
vn 0.38499 -0.91119 -0.14665
vn 0.19035 -0.86536 -0.4636
vn 0.05133 -0.97184 -0.22998
vn 0.44094 -0.86136 -0.25225
vn 0.32113 -0.83149 -0.45332
vn 0.48061 -0.64913 -0.58962
vn 0.65887 -0.69439 -0.28934
vn 0.16958 -0.62198 -0.76445
vn 0.48047 -0.64924 -0.5896
vn 0.10809 -0.80828 -0.57879
vn 0.16296 -0.62956 -0.75967
vn -0.17973 -0.621 -0.76293
vn -0.11918 -0.80829 -0.5766
vn -0.49196 -0.64909 -0.58022
vn -0.18242 -0.62903 -0.75567
vn -0.32985 -0.83144 -0.44711
vn -0.49203 -0.6488 -0.58049
vn -0.05574 -0.97183 -0.22898
vn -0.19917 -0.86535 -0.45989
vn -0.38764 -0.91124 -0.13919
vn -0.09908 -0.98321 -0.15326
vn -0.66822 -0.69031 -0.27742
vn -0.44573 -0.86127 -0.24399
vn -0.65844 -0.74868 0.07707
vn -0.66616 -0.74198 0.07553
vn -0.33046 -0.92205 0.20156
vn -0.45223 -0.89189 -0.00346
vn -0.48036 -0.79404 0.37251
vn -0.47803 -0.7958 0.37175
vn 0.66265 -0.69147 -0.28767
vn -0.6654 -0.69407 -0.2748
vn 0.66199 -0.74705 0.06074
vn 0.66663 -0.7424 0.06668
vn 0.48619 -0.7955 0.36165
vn 0.48681 -0.79368 0.36481
vn -0.26027 -0.04426 -0.96452
vn -0.67451 -0.12311 -0.72793
vn 0.25865 0.20408 -0.94417
vn -0.21441 0.20635 -0.9547
vn 0.64606 -0.12277 -0.75335
vn 0.18472 -0.0351 -0.98216
vn -0.67779 -0.05076 -0.7335
vn 0.67692 -0.05558 -0.73395
vn -0.90766 -0.24926 -0.33768
vn -0.91984 -0.20278 -0.33583
vn 0.67198 -0.5336 0.51352
vn 0.67164 -0.53848 0.50886
vn 0.88886 -0.44969 0.0878
vn 0.90986 -0.3939 0.13038
vn 0.91604 -0.20527 -0.34457
vn 0.89948 -0.24093 -0.36455
vn 0.25312 -0.58184 0.77292
vn 0.26083 -0.61675 0.74269
vn -0.23505 -0.61581 0.75201
vn -0.25001 -0.57958 0.77562
vn -0.66284 -0.53395 0.52491
vn -0.66127 -0.53725 0.52352
vn -0.88122 -0.45694 0.12106
vn -0.91222 -0.3873 0.13361
vn -0.00316 -0.94526 -0.32629
vn -0.00311 -0.94533 -0.32611
vn -0.00322 -0.94353 -0.33126
vn -0.00321 -0.94354 -0.33123
vn -0.00312 -0.94342 -0.3316
vn -0.00322 -0.9433 -0.33194
vn -0.00331 -0.93751 -0.34794
vn -0.00311 -0.94406 -0.32976
vn -0.00319 -0.94491 -0.32732
vn -0.00339 -0.93741 -0.34822
vn 0.21232 0.08466 -0.97353
vn 0.05511 0.29105 -0.95512
vn -0.18753 -0.03042 -0.98179
vn 0.06722 -0.10771 -0.99191
vn -0.46109 0.3989 -0.79264
vn -0.18598 0.21798 -0.95807
vn -0.67316 -0.13923 -0.72627
vn -0.67752 0.27038 -0.684
vn -0.42106 -0.48082 -0.76911
vn -0.46532 -0.24115 -0.85166
vn -0.55134 -0.68795 -0.47196
vn -0.55235 -0.68799 -0.47072
vn -0.88459 -0.22967 -0.4059
vn -0.87419 -0.23702 -0.4238
vn -0.87937 0.30634 -0.3645
vn -0.88018 0.30926 -0.36006
vn -0.41869 0.61303 -0.66999
vn -0.55369 0.76646 -0.32554
vn -0.00294 0.95395 -0.29994
vn -0.00655 0.74304 -0.66922
vn -0.00295 0.95395 -0.29995
vn -0.55173 0.77055 -0.31912
vn 0.40566 0.61297 -0.67802
vn 0.54903 0.76808 -0.32957
vn 0.55646 0.07167 -0.82778
vn 0.16875 0.59455 -0.78615
vn 0.3986 -0.47193 -0.78638
vn 0.6488 -0.13363 -0.74913
vn -0.0069 -0.61011 -0.79228
vn 0.17786 -0.43547 -0.88246
vn 0.5422 -0.68796 -0.48243
vn -0.00425 -0.8726 -0.48842
vn 0.87041 -0.22605 -0.43737
vn 0.54212 -0.68818 -0.48219
vn 0.87364 0.30666 -0.37778
vn 0.87379 -0.24023 -0.42283
vn 0.65713 0.26785 -0.70458
vn 0.87188 0.3084 -0.38041
vn -0.0048 -0.873 -0.4877
vn 0.54457 0.76904 -0.33471
vn 0.81322 0.02714 -0.58132
vn 0.81272 0.0317 -0.5818
vn 0.90711 0.14178 -0.3963
vn 0.83565 0.1468 -0.52928
vn 0.81445 0.13588 -0.5641
vn 0.80732 0.25145 -0.53387
vn 0.73947 0.04233 -0.67185
vn 0.80337 0.09239 -0.58827
vn 0.47399 0.29047 -0.83124
vn 0.48381 0.29086 -0.82543
vn 0.22182 0.27932 -0.93422
vn 0.5152 0.27228 -0.81267
vn 0.21729 0.35092 -0.91085
vn 0.211 0.2757 -0.9378
vn 0.74975 0.2209 -0.62376
vn 0.23004 0.34293 -0.91076
vn 0.80571 -0.04051 -0.59092
vn 0.90546 0.15795 -0.39395
vn 0.82966 -0.05833 -0.55521
vn 0.82337 0.15589 -0.54567
vn 0.64071 0.14111 -0.75471
vn 0.74613 0.29979 -0.59449
vn 0.10262 0.37283 -0.92221
vn 0.0123 0.35967 -0.933
vn 0.47499 0.29511 -0.82903
vn 0.91823 -0.09945 -0.38335
vn 0.7309 0.07775 -0.67804
vn 0.56805 0.16629 -0.80602
vn 0.6893 0.22513 -0.6886
vn 0.97156 -0.00566 -0.23671
vn 0.9601 0.05441 -0.27432
vn 0.95286 0.15134 -0.26296
vn 0.9865 0.00554 -0.16368
vn 0.90015 -0.1118 -0.42099
vn 0.87044 -0.01316 -0.49211
vn -0.5454 0.7549 -0.36424
vn -0.76153 0.43491 -0.48054
vn -0.15167 0.95357 -0.2602
vn -0.26969 0.90417 -0.33129
vn 0.0134 0.97243 -0.23282
vn -0.01782 0.97243 -0.23252
vn 0.26295 0.90431 -0.33628
vn 0.14656 0.95358 -0.26306
vn 0.74679 0.30844 -0.58921
vn 0.53824 0.75499 -0.37455
vn 0.00543 0.82642 0.56303
vn 0.83099 0.37076 -0.41472
vn -0.83878 0.37094 -0.39856
vn -0.75789 0.30859 -0.57479
vn 0.75225 0.43482 -0.49503
vn 0.00543 0.82644 0.563
vn 0.52535 0.30441 -0.79457
vn 0.37442 0.53915 -0.75441
vn -0.38937 0.53843 -0.74732
vn -0.54057 0.30422 -0.78437
vn -0.04265 0.72416 -0.68831
vn -0.14736 0.69651 -0.70226
vn 0.13527 0.69597 -0.70522
vn 0.02888 0.72417 -0.68901
vn 0.3123 -0.5171 -0.79692
vn 0.50404 -0.24542 -0.82808
vn -0.06342 -0.69419 -0.71699
vn 0.03821 -0.67803 -0.73404
vn -0.05194 -0.67808 -0.73315
vn 0.04967 -0.6942 -0.71807
vn -0.51983 -0.24573 -0.81817
vn -0.32838 -0.51633 -0.79093
vn -0.11876 0.37178 -0.92069
vn -0.03312 0.35921 -0.93267
vn -0.75721 0.30047 -0.57996
vn -0.65479 0.14156 -0.74243
vn -0.83379 0.15536 -0.52977
vn -0.84021 -0.05801 -0.53915
vn -0.91283 0.15787 -0.3766
vn -0.81701 -0.04045 -0.5752
vn -0.92537 -0.09951 -0.36576
vn -0.95771 0.15131 -0.24472
vn -0.91449 0.14197 -0.37887
vn -0.84548 0.14701 -0.51337
vn -0.8252 0.1357 -0.54829
vn -0.81747 0.25154 -0.51814
vn -0.75216 0.04217 -0.65763
vn -0.81464 0.0924 -0.57256
vn -0.82414 0.0277 -0.56571
vn -0.82372 0.03154 -0.56612
vn -0.4899 0.29071 -0.82188
vn -0.49946 0.29109 -0.81597
vn -0.58282 0.16671 -0.79532
vn -0.49074 0.29484 -0.8199
vn -0.76178 0.22109 -0.60895
vn -0.74395 0.07771 -0.66371
vn -0.24749 0.34261 -0.90629
vn -0.70268 0.22476 -0.67508
vn -0.22835 0.27574 -0.93372
vn -0.23413 0.35098 -0.90664
vn -0.53105 0.27237 -0.80237
vn -0.23948 0.2795 -0.9298
vn 0.07107 0.15869 -0.98477
vn 0.08094 0.32019 -0.94389
vn -0.09909 0.32309 -0.94116
vn -0.08984 0.15845 -0.98327
vn -0.90806 -0.11181 -0.40365
vn -0.88013 -0.01433 -0.47451
vn -0.97589 -0.00563 -0.2182
vn -0.96516 0.05432 -0.25595
vn -0.99125 -0.01845 -0.13071
vn -0.98947 0.00557 -0.14464
vn 0.98857 -0.01887 -0.14956
vn 0.61506 0.17003 0.76993
vn 0.73575 0.11947 0.66664
vn -0.96315 0.02853 -0.26746
vn -0.9701 0.04743 -0.23805
vn -0.00484 0.87501 -0.48409
vn -0.00465 0.87563 -0.48296
vn 0.00872 0.33762 0.94124
vn 0.00895 0.3375 0.94128
vn -0.00692 -0.70249 -0.71166
vn -0.60256 0.17505 0.77864
vn -0.00841 -0.42457 -0.90536
vn -0.0068 -0.70245 -0.7117
vn 0.98388 -0.15219 0.09394
vn -0.0088 -0.42652 -0.90443
vn 0.98574 -0.12824 0.10894
vn -0.65278 0.20746 -0.72859
vn -0.82312 -0.38599 -0.41652
vn 0.96395 0.02067 -0.26526
vn -0.77317 -0.41374 -0.48065
vn 0.00319 0.94772 0.31907
vn 0.96294 0.05157 -0.26474
vn 0.81428 -0.39009 -0.42986
vn 0.00303 0.94775 0.31899
vn -0.98024 -0.13572 0.14392
vn 0.76347 -0.4103 -0.49877
vn 0.68937 0.72262 0.05098
vn -0.98517 -0.13737 0.10277
vn 0.6394 0.21766 -0.73743
vn 0.71851 0.69482 0.03107
vn -0.00849 -0.45779 -0.88902
vn 0.69389 0.18751 -0.69523
vn -0.72018 0.11465 0.68424
vn -0.0085 -0.45779 -0.88902
vn 0.55814 0.69756 -0.44933
vn 0.53946 -0.31696 -0.78008
vn -0.00878 0.3282 -0.94457
vn -0.00909 0.32849 -0.94446
vn -0.56621 0.69748 -0.43923
vn -0.71808 0.69437 0.04709
vn -0.76024 -0.32156 -0.56448
vn -0.64939 -0.42956 -0.62751
vn -0.70862 0.19852 -0.67709
vn -0.55486 -0.31824 -0.76867
vn 0.6346 -0.42495 -0.64552
vn 0.75035 -0.32709 -0.57445
vn -0.68736 0.72362 0.06253
vn 0.00082 0.99633 0.08556
vn 0.00082 0.99633 0.08556
vt 0.99805 0.72656
vt 0.95703 0.74805
vt 0.95703 0.72656
vt 0.9668 0.74805
vt 0.9375 0.72656
vt 0.93555 0.74805
vt 0.91016 0.72656
vt 0.91016 0.74805
vt 0.96289 0.70703
vt 0.93555 0.69336
vt 0.96289 0.69336
vt 0.99805 0.74805
vt 0.98047 0.67773
vt 0.98242 0.67578
vt 0.98242 0.68164
vt 0.93555 0.70703
vt 0.91992 0.69922
vt 0.92188 0.70508
vt 0.91016 0.70117
vt 0.91016 0.70508
vt 0.90625 0.72266
vt 0.9043 0.71875
vt 0.90039 0.7207
vt 0.90234 0.72266
vt 0.90625 0.71875
vt 0.90234 0.7168
vt 0.89258 0.72266
vt 0.89648 0.7207
vt 0.90039 0.7168
vt 0.89648 0.71875
vt 0.9375 0.67773
vt 0.94531 0.68359
vt 0.93945 0.68359
vt 0.94141 0.67773
vt 0.93164 0.67773
vt 0.93359 0.68359
vt 0.92773 0.67773
vt 0.92773 0.68359
vt 0.92188 0.68359
vt 0.92188 0.67773
vt 0.94727 0.68359
vt 0.94727 0.67773
vt 0.95312 0.67773
vt 0.96094 0.68164
vt 0.96094 0.67383
vt 0.89648 0.68945
vt 0.88477 0.66211
vt 0.90039 0.6875
vt 0.88867 0.66211
vt 0.90234 0.68555
vt 0.90625 0.67969
vt 0.89258 0.6582
vt 0.9043 0.66602
vt 0.9043 0.66992
vt 0.88086 0.66797
vt 0.9043 0.66211
vt 0.87891 0.68945
vt 0.87695 0.66992
vt 0.93359 0.66211
vt 0.91016 0.6543
vt 0.93359 0.6582
vt 0.87695 0.68359
vt 0.9043 0.63477
vt 0.93164 0.63672
vt 0.91992 0.62695
vt 0.91602 0.62695
vt 0.88086 0.63281
vt 0.89453 0.62695
vt 0.88086 0.63867
vt 0.87695 0.63281
vt 0.87891 0.62891
vt 0.88281 0.62695
vt 0.89453 0.6543
vt 0.88086 0.64453
vt 0.9082 0.66016
vt 0.92773 0.66211
vt 0.87695 0.69336
vt 0.9043 0.70703
vt 0.9043 0.69336
vt 0.93164 0.62891
vt 0.98438 0.68555
vt 0.97852 0.68555
vt 0.97852 0.68164
vt 0.87695 0.70703
vt 0.98438 0.67969
vt 0.98438 0.68164
vt 0.99414 0.67969
vt 0.95898 0.62891
vt 0.97461 0.63086
vt 0.99023 0.63477
vt 0.99219 0.63086
vt 0.99023 0.63867
vt 0.96484 0.63867
vt 0.99609 0.63281
vt 0.99805 0.63477
vt 0.99609 0.63867
vt 0.9668 0.64844
vt 0.93555 0.63672
vt 0.93359 0.65234
vt 0.97461 0.65625
vt 0.96484 0.6582
vt 0.99023 0.64648
vt 0.95117 0.66211
vt 0.93359 0.66016
vt 0.93555 0.62891
vt 0.94922 0.62891
vt 0.95312 0.63477
vt 0.95117 0.63477
vt 0.95117 0.63672
vt 0.95312 0.63867
vt 0.94727 0.63281
vt 0.94727 0.63477
vt 0.94336 0.63281
vt 0.94336 0.63477
vt 0.96289 0.74805
vt 0.97461 0.72656
vt 0.63281 0.88281
vt 0.63086 0.88086
vt 0.63867 0.88281
vt 0.63867 0.88477
vt 0.63281 0.88477
vt 0.63867 0.88086
vt 0.99805 0.7207
vt 0.99219 0.7207
vt 0.99219 0.7168
vt 0.94727 0.71094
vt 0.94727 0.72266
vt 0.97656 0.71094
vt 0.99805 0.72266
vt 0.99219 0.72266
vt 0.99805 0.71484
vt 0.99219 0.71289
vt 0.99805 0.71094
vt 0.99805 0.7168
vt 0.99219 0.71875
vt 0.99414 0.71875
vt 0.99023 0.7168
vt 0.99023 0.71094
vt 0.99414 0.71289
vt 0.99414 0.7207
vt 0.99023 0.71875
vt 0.99609 0.72266
vt 0.99023 0.72266
vt 0.99609 0.71094
vt 0.99219 0.71484
vt 0.97266 0.7168
vt 0.97266 0.71875
vt 0.97266 0.71094
vt 0.97266 0.72266
vt 0.96484 0.70703
vt 0.98047 0.69336
vt 0.96484 0.69336
vt 0.98047 0.70703
vt 0.99414 0.71484
vt 0.99414 0.72266
vt 0.99023 0.71484
vt 0.98828 0.66406
vt 0.99609 0.66406
vt 0.99023 0.66797
vt 0.99414 0.66797
vt 0.98828 0.66797
vt 0.98633 0.66406
vt 0.98438 0.66797
vt 0.97852 0.66602
vt 0.98242 0.66797
vt 0.97852 0.66992
vt 0.99609 0.66797
vt 0.99414 0.67383
vt 0.99023 0.67578
vt 0.99023 0.67383
vt 0.98828 0.68164
vt 0.98828 0.67773
vt 0.98828 0.67383
vt 0.98438 0.67188
vt 0.98242 0.67773
vt 0.98047 0.67578
vt 0.98242 0.67188
vt 0.98047 0.67188
vt 0.91406 0.7207
vt 0.91992 0.71289
vt 0.91406 0.71289
vt 0.91797 0.7207
vt 0.94336 0.72266
vt 0.94336 0.71094
vt 0.94727 0.63867
vt 0.94922 0.63281
vt 0.94141 0.63672
vt 0.94922 0.63867
vt 0.94531 0.63867
vt 0.94336 0.63867
vt 0.94531 0.63281
vt 0.94141 0.63281
vt 0.95117 0.63867
vt 0.95508 0.63477
vt 0.97852 0.67773
vt 0.99023 0.7207
vt 0.97461 0.70508
vt 0.97461 0.70117
vt 0.97852 0.70312
vt 0.99805 0.70703
vt 0.98438 0.69336
vt 0.99805 0.69336
vt 0.98438 0.70703
vt 0.87695 0.71094
vt 0.87695 0.72461
vt 0.9043 0.71094
vt 0.97656 0.72656
vt 0.9707 0.74805
vt 0.98047 0.74805
vt 0.97852 0.70703
vt 0.99023 0.71289
vt 0.88281 0.70703
vt 0.88281 0.69336
vt 0.89453 0.7207
vt 0.99414 0.71094
vt 0.99023 0.74609
vt 0.99609 0.72656
vt 0.97266 0.72656
vt 0.90625 0.69336
vt 0.90625 0.70703
vt 0.93164 0.70703
vt 0.99414 0.7168
vt 0.9082 0.72656
vt 0.9082 0.74805
vt 0.88867 0.72656
vt 0.88867 0.74805
vt 0.87695 0.72656
vt 0.87695 0.74805
vt 0.99219 0.71094
vt 0.59766 0.70703
vt 0.59766 0.7207
vt 0.62109 0.70703
vt 0.62109 0.71875
vt 0.59961 0.69336
vt 0.55859 0.70508
vt 0.55859 0.72266
vt 0.55664 0.75586
vt 0.50195 0.75781
vt 0.50195 0.72461
vt 0.50195 0.70508
vt 0.59766 0.74805
vt 0.59766 0.77344
vt 0.55859 0.7832
vt 0.62109 0.74414
vt 0.62109 0.76953
vt 0.59766 0.81055
vt 0.55859 0.79688
vt 0.50195 0.79688
vt 0.50195 0.78906
vt 0.62109 0.79102
vt 0.62109 0.80469
vt 0.55469 0.68945
vt 0.50195 0.68945
vt 0.83203 0.73633
vt 0.75195 0.72266
vt 0.82031 0.74805
vt 0.75195 0.74805
vt 0.85352 0.70898
vt 0.83984 0.68359
vt 0.79883 0.69336
vt 0.84961 0.7168
vt 0.87109 0.68359
vt 0.75195 0.69727
vt 0.75195 0.71484
vt 0.7832 0.67188
vt 0.75195 0.67188
vt 0.75195 0.65234
vt 0.80469 0.65234
vt 0.75195 0.68164
vt 0.76562 0.73828
vt 0.76172 0.74023
vt 0.75977 0.73438
vt 0.75781 0.74023
vt 0.76562 0.73633
vt 0.76562 0.73242
vt 0.76562 0.72852
vt 0.76172 0.72461
vt 0.76367 0.72656
vt 0.75195 0.62695
vt 0.82031 0.62695
vt 0.87109 0.63086
vt 0.75195 0.63086
vt 0.86914 0.64258
vt 0.75195 0.64258
vt 0.85352 0.66992
vt 0.83398 0.6543
vt 0.80078 0.64648
vt 0.92188 0.75977
vt 0.91211 0.75781
vt 0.91211 0.75195
vt 0.92578 0.75586
vt 0.90234 0.76172
vt 0.89844 0.75586
vt 0.91211 0.76758
vt 0.91211 0.7832
vt 0.92383 0.77539
vt 0.90234 0.77344
vt 0.88672 0.7832
vt 0.89062 0.76953
vt 0.90234 0.78906
vt 0.91211 0.79688
vt 0.90234 0.80273
vt 0.89453 0.79688
vt 0.90039 0.80859
vt 0.88867 0.79883
vt 0.91211 0.81055
vt 0.91211 0.80469
vt 0.92383 0.80273
vt 0.92578 0.80859
vt 0.9375 0.79883
vt 0.92383 0.78906
vt 0.93164 0.79492
vt 0.9375 0.7832
vt 0.94141 0.7832
vt 0.93359 0.76953
vt 0.9375 0.76758
vt 0.88281 0.7832
vt 0.88672 0.76562
vt 0.88086 0.8125
vt 0.88281 0.8125
vt 0.88281 0.81641
vt 0.88477 0.81641
vt 0.87891 0.8125
vt 0.88086 0.81641
vt 0.87695 0.8125
vt 0.87891 0.81641
vt 0.88477 0.8125
vt 0.87695 0.81641
vt 0.88672 0.8125
vt 0.88672 0.81641
vt 0.93164 0.8125
vt 0.93359 0.8125
vt 0.93359 0.81641
vt 0.93164 0.81641
vt 0.93555 0.8125
vt 0.93555 0.81641
vt 0.92969 0.81641
vt 0.92969 0.8125
vt 0.92773 0.81641
vt 0.92773 0.8125
vt 0.87695 0.8457
vt 0.93359 0.83008
vt 0.9375 0.8457
vt 0.88086 0.83008
vt 0.88281 0.85938
vt 0.93164 0.86133
vt 0.89258 0.87109
vt 0.92188 0.87109
vt 0.92188 0.81836
vt 0.90625 0.875
vt 0.89258 0.81836
vt 0.90625 0.8125
vt 0.97266 0.78125
vt 0.96094 0.79297
vt 0.96094 0.76953
vt 0.97656 0.79688
vt 0.97852 0.76562
vt 0.98828 0.78125
vt 0.99219 0.79688
vt 0.99023 0.76367
vt 0.99414 0.78125
vt 0.98047 0.75781
vt 0.98242 0.75195
vt 0.99414 0.76172
vt 0.99805 0.78125
vt 0.99414 0.80078
vt 0.98047 0.80469
vt 0.9668 0.80664
vt 0.98242 0.81055
vt 0.96484 0.81055
vt 0.95703 0.79883
vt 0.94922 0.78125
vt 0.96484 0.75586
vt 0.95508 0.76562
vt 0.95312 0.76367
vt 0.96289 0.75195
vt 0.94531 0.7793
vt 0.95312 0.80078
vt 0.62891 0.96875
vt 0.67188 0.98438
vt 0.66992 0.95898
vt 0.63281 0.98633
vt 0.61328 0.93164
vt 0.63281 0.93164
vt 0.59375 0.97656
vt 0.58984 0.9668
vt 0.59961 0.99805
vt 0.57422 0.9375
vt 0.58203 0.96094
vt 0.58984 0.93555
vt 0.56445 0.95898
vt 0.57031 0.95898
vt 0.56445 0.92383
vt 0.56445 0.9375
vt 0.57422 0.92188
vt 0.64453 0.9043
vt 0.5918 0.91406
vt 0.5918 0.89648
vt 0.59766 0.9043
vt 0.60938 0.88281
vt 0.58594 0.87695
vt 0.57422 0.88867
vt 0.58203 0.88867
vt 0.68555 0.99805
vt 0.66602 0.98242
vt 0.66602 0.99805
vt 0.67969 0.90234
vt 0.68555 0.98828
vt 0.67578 0.98047
vt 0.68555 0.97461
vt 0.67773 0.88867
vt 0.67969 0.88867
vt 0.68164 0.98828
vt 0.62695 0.88477
vt 0.59766 0.88086
vt 0.59961 0.87695
vt 0.59766 0.87695
vt 0.60352 0.87695
vt 0.59375 0.88086
vt 0.5957 0.87695
vt 0.59375 0.87695
vt 0.60547 0.87695
vt 0.60742 0.88086
vt 0.60156 0.88086
vt 0.66406 0.9082
vt 0.66016 0.87695
vt 0.66406 0.87891
vt 0.57227 0.89648
vt 0.58008 0.89844
vt 0.56445 0.87695
vt 0.58008 0.89453
vt 0.57812 0.89258
vt 0.57227 0.89258
vt 0.57617 0.97656
vt 0.58008 0.99805
vt 0.57422 0.99805
vt 0.58398 0.99805
vt 0.57227 0.99805
vt 0.56836 0.99805
vt 0.5918 0.91602
vt 0.61719 0.93164
vt 0.58203 0.91992
vt 0.56445 0.88672
vt 0.56445 0.97656
vt 0.56445 0.96289
vt 0.56445 0.95508
vt 0.66406 0.94531
vt 0.64648 0.94531
vt 0.66406 0.95117
vt 0.64648 0.95312
vt 0.67969 0.89453
vt 0.68555 0.89648
vt 0.68555 0.92188
vt 0.67773 0.92188
vt 0.62305 0.95703
vt 0.61914 0.95898
vt 0.61719 0.94922
vt 0.62109 0.94922
vt 0.64844 0.92773
vt 0.64062 0.92969
vt 0.63867 0.92383
vt 0.64453 0.92188
vt 0.67383 0.89062
vt 0.66797 0.89062
vt 0.66797 0.92188
vt 0.6582 0.99609
vt 0.6582 0.98242
vt 0.65234 0.98242
vt 0.67383 0.92188
vt 0.65234 0.99609
vt 0.66016 0.90234
vt 0.56445 0.90625
vt 0.57617 0.91016
vt 0.57422 0.90625
vt 0.66602 0.91016
vt 0.66406 0.87695
vt 0.57031 0.98047
vt 0.56445 0.97852
vt 0.56445 0.98047
vt 0.66016 0.89844
vt 0.66406 0.89844
vt 0.66406 0.9043
vt 0.66016 0.9043
vt 0.66602 0.87891
vt 0.625 0.95508
vt 0.61523 0.95703
vt 0.61328 0.94922
vt 0.62305 0.94922
vt 0.67773 0.87695
vt 0.68555 0.87695
vt 0.68555 0.89062
vt 0.56445 0.91016
vt 0.67773 0.89062
vt 0.62695 0.95117
vt 0.62695 0.94922
vt 0.63477 0.94727
vt 0.65234 0.99805
vt 0.63281 0.92383
vt 0.625 0.92969
vt 0.62695 0.93359
vt 0.63477 0.92773
vt 0.6543 0.99609
vt 0.6543 0.98242
usemtl mat0
f 4078/1504/2158 4079/1505/2158 4080/1506/2158
f 4078/1504/2159 4081/1507/2159 4079/1505/2159
f 4082/1508/2160 4080/1506/2160 4083/1509/2160
f 4083/1509/2161 4080/1506/2161 4079/1505/2161
f 4084/1510/2162 4083/1509/2162 4085/1511/2162
f 4083/1509/2163 4084/1510/2163 4082/1508/2163
f 4086/1512/2164 4087/1513/2164 4088/1514/2164
f 4078/1504/2165 4089/1515/2165 4081/1507/2165
f 4090/1516/2166 4091/1517/2166 4092/1518/2166
f 4087/1513/2167 4086/1512/2167 4093/1519/2167
f 4094/1520/2168 4095/1521/2168 4096/1522/2168
f 4095/1521/2169 4097/1523/2169 4096/1522/2169
f 4098/1524/2170 4099/1525/2170 4100/1526/2170
f 4100/1526/2171 4101/1527/2171 4098/1524/2171
f 4102/1528/2172 4103/1528/2172 4098/1524/2172
f 4099/1525/2173 4098/1524/2173 4103/1528/2173
f 4100/1526/2174 4099/1525/2174 4104/1529/2174
f 4103/1528/2175 4104/1529/2175 4099/1525/2175
f 4105/1530/2176 4106/1531/2176 4100/1526/2176
f 4107/1532/2177 4100/1526/2177 4104/1529/2177
f 4100/1526/2178 4108/1526/2178 4101/1527/2178
f 4108/1526/2179 4100/1526/2179 4106/1531/2179
f 4109/1531/2180 4107/1532/2180 4110/1533/2180
f 4100/1526/2181 4107/1532/2181 4109/1531/2181
f 4111/1534/2182 4112/1535/2182 4113/1536/2182
f 4112/1535/2183 4111/1534/2183 4114/1537/2183
f 4115/1538/2184 4113/1536/2184 4116/1539/2184
f 4113/1536/2185 4115/1538/2185 4111/1534/2185
f 4117/1540/2186 4116/1539/2186 4118/1541/2186
f 4116/1539/2187 4117/1540/2187 4115/1538/2187
f 4119/1542/2188 4120/1543/2188 4117/1540/2188
f 4117/1540/2189 4118/1541/2189 4119/1542/2189
f 4121/1544/2190 4122/1545/2190 4123/1546/2190
f 4122/1545/2191 4121/1544/2191 4112/1535/2191
f 4124/1547/2192 4123/1546/2192 4125/1548/2192
f 4123/1546/2193 4124/1547/2193 4121/1544/2193
f 4126/1549/2194 4127/1550/2194 4128/1551/2194
f 4112/1535/2195 4114/1537/2195 4122/1545/2195
f 4128/1551/2196 4129/1552/2196 4130/1553/2196
f 4129/1552/2197 4128/1551/2197 4127/1550/2197
f 4131/1554/2198 4130/1553/2198 4132/1555/2198
f 4132/1555/2199 4130/1553/2199 4129/1552/2199
f 4133/1556/2200 4134/1557/2200 4132/1555/2200
f 4131/1554/2201 4132/1555/2201 4134/1557/2201
f 4127/1550/2202 4126/1549/2202 4135/1558/2202
f 4132/1555/2203 4136/1559/2203 4133/1556/2203
f 4135/1558/2204 4137/1560/2204 4138/1561/2204
f 4137/1560/2205 4135/1558/2205 4126/1549/2205
f 4139/1562/2206 4140/1563/2206 4141/1564/2206
f 4137/1560/2207 4142/1565/2207 4138/1561/2207
f 4143/1566/2208 4144/1567/2208 4141/1564/2208
f 4141/1564/2209 4140/1563/2209 4143/1566/2209
f 4145/1568/2210 4143/1566/2210 4146/1569/2210
f 4144/1567/2211 4143/1566/2211 4145/1568/2211
f 4147/1570/2212 4148/1571/2212 4143/1566/2212
f 4148/1571/2213 4146/1569/2213 4143/1566/2213
f 4140/1563/2214 4149/1572/2214 4147/1570/2214
f 4140/1563/2215 4147/1570/2215 4143/1566/2215
f 4147/1570/2216 4150/1573/2216 4151/1574/2216
f 4149/1572/2217 4150/1573/2217 4147/1570/2217
f 4148/1571/2218 4147/1570/2218 4152/1575/2218
f 4147/1570/2219 4151/1574/2219 4152/1575/2219
f 4153/1576/2220 4154/1577/2220 4149/1572/2220
f 4154/1577/2221 4150/1573/2221 4149/1572/2221
f 4153/1576/2222 4140/1563/2222 4155/1578/2222
f 4153/1576/2223 4149/1572/2223 4140/1563/2223
f 4139/1562/2224 4156/1579/2224 4140/1563/2224
f 4155/1578/2225 4140/1563/2225 4156/1579/2225
f 4157/1580/2226 4158/1581/2226 4159/1582/2226
f 4160/1583/2227 4144/1567/2227 4145/1568/2227
f 4161/1584/2228 4162/1585/2228 4163/1586/2228
f 4157/1580/2229 4164/1587/2229 4158/1581/2229
f 4163/1586/2230 4165/1588/2230 4166/1589/2230
f 4163/1586/2231 4166/1589/2231 4161/1584/2231
f 4165/1588/2232 4167/1590/2232 4166/1589/2232
f 4168/1591/2233 4169/1592/2233 4170/1593/2233
f 4170/1593/2234 4169/1592/2234 4171/1594/2234
f 4172/1595/2235 4173/1596/2235 4170/1593/2235
f 4170/1593/2236 4173/1596/2236 4168/1591/2236
f 4174/1597/2237 4175/1598/2237 4170/1593/2237
f 4175/1598/2238 4172/1595/2238 4170/1593/2238
f 4175/1598/2239 4176/1599/2239 4172/1595/2239
f 4174/1597/2240 4170/1593/2240 4171/1594/2240
f 4172/1595/2241 4177/1600/2241 4173/1596/2241
f 4176/1599/2242 4177/1600/2242 4172/1595/2242
f 4178/1601/2243 4177/1600/2243 4179/1602/2243
f 4177/1600/2244 4178/1601/2244 4173/1596/2244
f 4180/1603/2245 4181/1604/2245 4177/1600/2245
f 4181/1604/2246 4179/1602/2246 4177/1600/2246
f 4182/1605/2247 4177/1600/2247 4176/1599/2247
f 4182/1605/2248 4180/1603/2248 4177/1600/2248
f 4179/1602/2249 4183/1606/2249 4184/1607/2249
f 4181/1604/2250 4183/1606/2250 4179/1602/2250
f 4173/1596/2251 4178/1601/2251 4185/1608/2251
f 4139/1562/2252 4184/1607/2252 4183/1606/2252
f 4186/1609/2253 4168/1591/2253 4173/1596/2253
f 4173/1596/2254 4185/1608/2254 4186/1609/2254
f 4187/1610/2255 4188/1611/2255 4189/1612/2255
f 4187/1610/2256 4189/1612/2256 4190/1613/2256
f 4188/1611/2257 4191/1614/2257 4192/1615/2257
f 4188/1611/2258 4192/1615/2258 4189/1612/2258
f 4191/1614/2259 4193/1616/2259 4194/1617/2259
f 4191/1614/2260 4194/1617/2260 4192/1615/2260
f 4194/1617/2261 4195/1614/2261 4196/1615/2261
f 4193/1616/2262 4195/1614/2262 4194/1617/2262
f 4196/1615/2263 4197/1611/2263 4198/1612/2263
f 4195/1614/2264 4197/1611/2264 4196/1615/2264
f 4198/1612/2265 4199/1610/2265 4200/1613/2265
f 4197/1611/2266 4199/1610/2266 4198/1612/2266
f 4201/1618/2267 4202/1619/2267 4203/1511/2267
f 4203/1511/2268 4202/1619/2268 4204/1510/2268
f 4205/1620/2269 4206/1621/2269 4207/1622/2269
f 4207/1622/2270 4208/1623/2270 4205/1620/2270
f 4209/1624/2271 4205/1620/2271 4208/1623/2271
f 4210/1625/2272 4207/1622/2272 4206/1621/2272
f 4211/1626/2273 4212/1627/2273 4213/1628/2273
f 4214/1629/2274 4215/1630/2274 4216/1631/2274
f 4217/1632/2275 4218/1633/2275 4212/1627/2275
f 4212/1627/2276 4211/1626/2276 4217/1632/2276
f 4219/1634/2277 4213/1628/2277 4220/1635/2277
f 4213/1628/2278 4219/1634/2278 4211/1626/2278
f 4221/1555/2279 4222/1556/2279 4223/1559/2279
f 4220/1635/2280 4224/1636/2280 4219/1634/2280
f 4225/1554/2281 4226/1557/2281 4221/1555/2281
f 4222/1556/2282 4221/1555/2282 4226/1557/2282
f 4221/1555/2283 4227/1552/2283 4228/1553/2283
f 4225/1554/2284 4221/1555/2284 4228/1553/2284
f 4227/1552/2285 4229/1550/2285 4230/1551/2285
f 4230/1551/2286 4228/1553/2286 4227/1552/2286
f 4229/1550/2287 4231/1558/2287 4232/1549/2287
f 4232/1549/2288 4230/1551/2288 4229/1550/2288
f 4231/1558/2289 4233/1561/2289 4234/1560/2289
f 4234/1560/2290 4232/1549/2290 4231/1558/2290
f 4235/1526/2291 4236/1531/2291 4237/1532/2291
f 4234/1560/2292 4233/1561/2292 4238/1565/2292
f 4235/1526/2293 4239/1527/2293 4240/1526/2293
f 4236/1531/2294 4241/1533/2294 4237/1532/2294
f 4242/1524/2295 4235/1526/2295 4243/1525/2295
f 4235/1526/2296 4242/1524/2296 4239/1527/2296
f 4237/1532/2297 4244/1529/2297 4235/1526/2297
f 4235/1526/2298 4244/1529/2298 4243/1525/2298
f 4245/1530/2299 4235/1526/2299 4246/1531/2299
f 4240/1526/2300 4246/1531/2300 4235/1526/2300
f 4243/1525/2301 4247/1528/2301 4242/1524/2301
f 4247/1528/2302 4243/1525/2302 4244/1529/2302
f 4248/1635/2303 4249/1637/2303 4250/1638/2303
f 4251/1528/2304 4242/1524/2304 4247/1528/2304
f 4250/1638/2305 4252/1626/2305 4253/1627/2305
f 4250/1638/2306 4249/1637/2306 4252/1626/2306
f 4253/1627/2307 4254/1632/2307 4255/1633/2307
f 4253/1627/2308 4252/1626/2308 4254/1632/2308
f 4248/1635/2309 4256/1636/2309 4249/1637/2309
f 4257/1639/2310 4258/1640/2310 4259/1641/2310
f 4257/1639/2311 4259/1641/2311 4260/1642/2311
f 4261/1643/2312 4262/1644/2312 4258/1640/2312
f 4261/1643/2313 4258/1640/2313 4257/1639/2313
f 4263/1645/2314 4264/1646/2314 4262/1644/2314
f 4263/1645/2315 4262/1644/2315 4261/1643/2315
f 4259/1641/2316 4265/1647/2316 4266/1648/2316
f 4264/1646/2317 4263/1645/2317 4254/1632/2317
f 4267/1649/2318 4268/1629/2318 4269/1650/2318
f 4268/1629/2319 4267/1649/2319 4270/1651/2319
f 4271/1630/2320 4272/1652/2320 4269/1650/2320
f 4271/1630/2321 4269/1650/2321 4268/1629/2321
f 4273/1653/2322 4274/1654/2322 4275/1655/2322
f 4274/1654/2323 4273/1653/2323 4276/1656/2323
f 4277/1654/2324 4278/1656/2324 4279/1653/2324
f 4279/1653/2325 4280/1655/2325 4277/1654/2325
f 4281/1626/2326 4282/1657/2326 4283/1639/2326
f 4282/1657/2327 4281/1626/2327 4284/1634/2327
f 4285/1632/2328 4283/1639/2328 4286/1658/2328
f 4283/1639/2329 4285/1632/2329 4281/1626/2329
f 4287/1644/2330 4286/1658/2330 4283/1639/2330
f 4288/1659/2331 4283/1639/2331 4282/1657/2331
f 4283/1639/2332 4288/1659/2332 4287/1644/2332
f 4289/1504/2333 4290/1507/2333 4291/1515/2333
f 4286/1658/2334 4287/1644/2334 4292/1646/2334
f 4289/1504/2335 4293/1506/2335 4294/1505/2335
f 4289/1504/2336 4294/1505/2336 4290/1507/2336
f 4295/1508/2337 4296/1509/2337 4293/1506/2337
f 4296/1509/2338 4294/1505/2338 4293/1506/2338
f 4297/1510/2339 4298/1511/2339 4296/1509/2339
f 4296/1509/2340 4295/1508/2340 4297/1510/2340
f 4299/1587/2341 4300/1582/2341 4301/1580/2341
f 4300/1582/2342 4299/1587/2342 4302/1581/2342
f 4303/1660/2343 4304/1661/2343 4305/1662/2343
f 4305/1662/2344 4304/1661/2344 4306/1663/2344
f 4303/1660/2345 4307/1664/2345 4308/1665/2345
f 4307/1664/2346 4303/1660/2346 4305/1662/2346
f 4309/1666/2347 4310/1667/2347 4308/1665/2347
f 4309/1666/2348 4308/1665/2348 4307/1664/2348
f 4311/1668/2349 4312/1669/2349 4310/1667/2349
f 4311/1668/2350 4310/1667/2350 4309/1666/2350
f 4313/1670/2351 4306/1663/2351 4304/1661/2351
f 4314/1671/2352 4315/1672/2352 4316/1590/2352
f 4317/1673/2353 4315/1672/2353 4314/1671/2353
f 4318/1674/2354 4315/1672/2354 4319/1675/2354
f 4316/1590/2355 4315/1672/2355 4318/1674/2355
f 4320/1676/2356 4319/1675/2356 4317/1673/2356
f 4317/1673/2357 4319/1675/2357 4315/1672/2357
f 4320/1676/2358 4321/1677/2358 4322/1678/2358
f 4322/1678/2359 4319/1675/2359 4320/1676/2359
f 4323/1677/2360 4324/1679/2360 4322/1678/2360
f 4321/1677/2361 4323/1677/2361 4322/1678/2361
f 4325/1680/2362 4326/1681/2362 4324/1679/2362
f 4324/1679/2363 4323/1677/2363 4325/1680/2363
f 4327/1664/2364 4328/1662/2364 4329/1660/2364
f 4329/1660/2365 4328/1662/2365 4330/1661/2365
f 4331/1666/2366 4327/1664/2366 4332/1665/2366
f 4329/1660/2367 4332/1665/2367 4327/1664/2367
f 4333/1668/2368 4331/1666/2368 4334/1667/2368
f 4331/1666/2369 4332/1665/2369 4334/1667/2369
f 4328/1662/2370 4335/1663/2370 4330/1661/2370
f 4333/1668/2371 4334/1667/2371 4336/1669/2371
f 4337/1655/2372 4338/1656/2372 4339/1653/2372
f 4340/1670/2373 4330/1661/2373 4335/1663/2373
f 4341/1682/2374 4342/1683/2374 4343/1684/2374
f 4338/1656/2375 4337/1655/2375 4344/1654/2375
f 4342/1683/2376 4341/1682/2376 4345/1685/2376
f 4342/1683/2377 4346/1686/2377 4347/1687/2377
f 4342/1683/2378 4345/1685/2378 4346/1686/2378
f 4348/1579/2379 4349/1562/2379 4350/1563/2379
f 4350/1563/2380 4351/1578/2380 4348/1579/2380
f 4350/1563/2381 4352/1564/2381 4353/1566/2381
f 4350/1563/2382 4349/1562/2382 4352/1564/2382
f 4354/1572/2383 4350/1563/2383 4355/1570/2383
f 4355/1570/2384 4350/1563/2384 4353/1566/2384
f 4350/1563/2385 4356/1576/2385 4351/1578/2385
f 4354/1572/2386 4356/1576/2386 4350/1563/2386
f 4357/1573/2387 4358/1577/2387 4354/1572/2387
f 4358/1577/2388 4356/1576/2388 4354/1572/2388
f 4357/1573/2389 4355/1570/2389 4359/1574/2389
f 4357/1573/2390 4354/1572/2390 4355/1570/2390
f 4355/1570/2391 4360/1571/2391 4361/1575/2391
f 4359/1574/2392 4355/1570/2392 4361/1575/2392
f 4362/1569/2393 4360/1571/2393 4353/1566/2393
f 4360/1571/2394 4355/1570/2394 4353/1566/2394
f 4353/1566/2395 4363/1567/2395 4364/1568/2395
f 4353/1566/2396 4364/1568/2396 4362/1569/2396
f 4363/1567/2397 4365/1583/2397 4364/1568/2397
f 4363/1567/2398 4353/1566/2398 4352/1564/2398
f 4366/1688/2399 4367/1689/2399 4368/1690/2399
f 4367/1689/2400 4366/1688/2400 4369/1691/2400
f 4370/1692/2401 4366/1688/2401 4371/1693/2401
f 4368/1690/2402 4371/1693/2402 4366/1688/2402
f 4372/1694/2403 4368/1690/2403 4367/1689/2403
f 4372/1694/2404 4373/1695/2404 4368/1690/2404
f 4374/1611/2405 4367/1689/2405 4375/1696/2405
f 4375/1696/2406 4367/1689/2406 4369/1691/2406
f 4376/1697/2407 4374/1611/2407 4200/1613/2407
f 4200/1613/2408 4374/1611/2408 4375/1696/2408
f 4377/1680/2409 4378/1679/2409 4379/1681/2409
f 4380/1698/2410 4090/1516/2410 4092/1518/2410
f 4378/1679/2411 4381/1677/2411 4382/1678/2411
f 4377/1680/2412 4381/1677/2412 4378/1679/2412
f 4383/1676/2413 4382/1678/2413 4384/1677/2413
f 4384/1677/2414 4382/1678/2414 4381/1677/2414
f 4383/1676/2415 4385/1673/2415 4386/1675/2415
f 4382/1678/2416 4383/1676/2416 4386/1675/2416
f 4387/1674/2417 4386/1675/2417 4388/1672/2417
f 4385/1673/2418 4388/1672/2418 4386/1675/2418
f 4389/1671/2419 4167/1590/2419 4388/1672/2419
f 4167/1590/2420 4387/1674/2420 4388/1672/2420
f 4390/1629/2421 4391/1631/2421 4392/1630/2421
f 4385/1673/2422 4389/1671/2422 4388/1672/2422
f 4393/1639/2423 4394/1642/2423 4395/1641/2423
f 4395/1641/2424 4396/1648/2424 4397/1647/2424
f 4398/1643/2425 4393/1639/2425 4399/1640/2425
f 4393/1639/2426 4395/1641/2426 4399/1640/2426
f 4400/1645/2427 4398/1643/2427 4401/1644/2427
f 4398/1643/2428 4399/1640/2428 4401/1644/2428
f 4402/1646/2429 4403/1632/2429 4400/1645/2429
f 4400/1645/2430 4401/1644/2430 4402/1646/2430
f 4404/1699/2431 4405/1659/2431 4406/1628/2431
f 4406/1628/2432 4405/1659/2432 4407/1641/2432
f 4408/1588/2433 4409/1589/2433 4316/1590/2433
f 4410/1633/2434 4404/1699/2434 4406/1628/2434
f 4411/1586/2435 4412/1584/2435 4409/1589/2435
f 4411/1586/2436 4409/1589/2436 4408/1588/2436
f 4413/1656/2437 4414/1655/2437 4415/1654/2437
f 4412/1584/2438 4411/1586/2438 4416/1585/2438
f 4414/1655/2439 4417/1653/2439 4418/1656/2439
f 4414/1655/2440 4413/1656/2440 4417/1653/2440
f 4419/1700/2441 4420/1701/2441 4421/1702/2441
f 4418/1656/2442 4422/1654/2442 4414/1655/2442
f 4423/1703/2443 4424/1704/2443 4425/1705/2443
f 4424/1704/2444 4423/1703/2444 4426/1706/2444
f 4427/1511/2445 4428/1510/2445 4429/1619/2445
f 4430/1618/2446 4427/1511/2446 4429/1619/2446
f 4431/1607/2447 4349/1562/2447 4432/1606/2447
f 4432/1606/2448 4433/1602/2448 4431/1607/2448
f 4433/1602/2449 4434/1604/2449 4435/1600/2449
f 4432/1606/2450 4434/1604/2450 4433/1602/2450
f 4436/1601/2451 4435/1600/2451 4437/1596/2451
f 4435/1600/2452 4436/1601/2452 4433/1602/2452
f 4435/1600/2453 4438/1599/2453 4439/1595/2453
f 4435/1600/2454 4439/1595/2454 4437/1596/2454
f 4440/1603/2455 4441/1605/2455 4435/1600/2455
f 4435/1600/2456 4441/1605/2456 4438/1599/2456
f 4438/1599/2457 4442/1598/2457 4439/1595/2457
f 4434/1604/2458 4440/1603/2458 4435/1600/2458
f 4437/1596/2459 4439/1595/2459 4443/1593/2459
f 4439/1595/2460 4442/1598/2460 4443/1593/2460
f 4444/1592/2461 4445/1591/2461 4443/1593/2461
f 4437/1596/2462 4443/1593/2462 4445/1591/2462
f 4443/1593/2463 4446/1597/2463 4447/1594/2463
f 4444/1592/2464 4443/1593/2464 4447/1594/2464
f 4445/1591/2465 4448/1609/2465 4437/1596/2465
f 4442/1598/2466 4446/1597/2466 4443/1593/2466
f 4436/1601/2467 4437/1596/2467 4449/1608/2467
f 4449/1608/2468 4437/1596/2468 4448/1609/2468
f 4450/1580/2469 4451/1582/2469 4452/1581/2469
f 4450/1580/2470 4452/1581/2470 4453/1587/2470
f 4454/1707/2471 4455/1708/2471 4456/1709/2471
f 4457/1710/2472 4458/1711/2472 4459/1712/2472
f 4460/1513/2473 4461/1519/2473 4462/1512/2473
f 4462/1512/2474 4463/1514/2474 4460/1513/2474
f 4464/1655/2475 4465/1654/2475 4466/1653/2475
f 4465/1654/2476 4467/1713/2476 4466/1653/2476
f 4468/1714/2477 4469/1640/2477 4470/1657/2477
f 4471/1700/2478 4472/1702/2478 4473/1701/2478
f 4474/1655/2479 4475/1653/2479 4476/1656/2479
f 4476/1656/2480 4477/1654/2480 4474/1655/2480
f 4478/1644/2481 4479/1639/2481 4480/1658/2481
f 4479/1639/2482 4478/1644/2482 4481/1659/2482
f 4481/1659/2483 4482/1657/2483 4479/1639/2483
f 4480/1658/2484 4483/1646/2484 4478/1644/2484
f 4484/1715/2485 4485/1582/2485 4486/1581/2485
f 4485/1582/2486 4484/1715/2486 4487/1716/2486
f 4488/1587/2487 4489/1580/2487 4490/1582/2487
f 4490/1582/2488 4491/1581/2488 4488/1587/2488
f 4109/1531/2489 4492/1531/2489 4493/1717/2489
f 4494/1659/2490 4495/1657/2490 4496/1718/2490
f 4497/1719/2491 4498/1720/2491 4499/1711/2491
f 4498/1720/2492 4497/1719/2492 4500/1515/2492
f 4501/1630/2493 4502/1650/2493 4503/1652/2493
f 4499/1711/2494 4498/1720/2494 4504/1721/2494
f 4505/1649/2495 4502/1650/2495 4506/1629/2495
f 4501/1630/2496 4506/1629/2496 4502/1650/2496
f 4507/1722/2497 4508/1723/2497 4509/1724/2497
f 4506/1629/2498 4510/1651/2498 4505/1649/2498
f 4511/1704/2499 4512/1706/2499 4513/1703/2499
f 4514/1512/2500 4515/1513/2500 4516/1514/2500
f 4517/1714/2501 4518/1657/2501 4519/1640/2501
f 4513/1703/2502 4520/1705/2502 4511/1704/2502
f 4284/1634/2503 4521/1642/2503 4282/1657/2503
f 4521/1642/2504 4284/1634/2504 4522/1636/2504
f 4523/1659/2505 4282/1657/2505 4524/1641/2505
f 4524/1641/2506 4282/1657/2506 4521/1642/2506
f 4525/1540/2507 4526/1542/2507 4527/1541/2507
f 4526/1542/2508 4525/1540/2508 4528/1543/2508
f 4529/1539/2509 4530/1538/2509 4525/1540/2509
f 4525/1540/2510 4527/1541/2510 4529/1539/2510
f 4531/1536/2511 4532/1534/2511 4530/1538/2511
f 4530/1538/2512 4529/1539/2512 4531/1536/2512
f 4533/1535/2513 4534/1537/2513 4532/1534/2513
f 4532/1534/2514 4531/1536/2514 4533/1535/2514
f 4535/1545/2515 4533/1535/2515 4536/1544/2515
f 4533/1535/2516 4535/1545/2516 4534/1537/2516
f 4537/1546/2517 4536/1544/2517 4538/1547/2517
f 4536/1544/2518 4537/1546/2518 4535/1545/2518
f 4539/1659/2519 4540/1718/2519 4541/1657/2519
f 4538/1547/2520 4542/1548/2520 4537/1546/2520
f 4543/1639/2521 4544/1627/2521 4545/1725/2521
f 4544/1627/2522 4543/1639/2522 4546/1627/2522
f 4547/1639/2523 4546/1627/2523 4543/1639/2523
f 4548/1638/2524 4545/1725/2524 4544/1627/2524
f 4549/1643/2525 4550/1627/2525 4547/1639/2525
f 4546/1627/2526 4547/1639/2526 4550/1627/2526
f 4551/1638/2527 4552/1626/2527 4553/1637/2527
f 4554/1633/2528 4550/1627/2528 4549/1643/2528
f 4555/1627/2529 4403/1632/2529 4552/1626/2529
f 4551/1638/2530 4555/1627/2530 4552/1626/2530
f 4556/1635/2531 4551/1638/2531 4553/1637/2531
f 4555/1627/2532 4557/1633/2532 4403/1632/2532
f 4558/1655/2533 4559/1656/2533 4560/1653/2533
f 4556/1635/2534 4553/1637/2534 4561/1636/2534
f 4562/1711/2535 4563/1721/2535 4564/1720/2535
f 4558/1655/2536 4565/1654/2536 4559/1656/2536
f 4564/1720/2537 4566/1515/2537 4567/1719/2537
f 4567/1719/2538 4562/1711/2538 4564/1720/2538
f 4236/1531/2539 4568/1717/2539 4569/1531/2539
f 4570/1707/2540 4571/1709/2540 4572/1708/2540
f 4573/1659/2541 4574/1641/2541 4482/1657/2541
f 4574/1641/2542 4575/1642/2542 4482/1657/2542
f 4576/1523/2543 4577/1521/2543 4578/1522/2543
f 4577/1521/2544 4579/1520/2544 4578/1522/2544
f 4580/1688/2545 4581/1689/2545 4582/1691/2545
f 4583/1512/2546 4584/1514/2546 4585/1513/2546
f 4586/1690/2547 4587/1694/2547 4581/1689/2547
f 4581/1689/2548 4580/1688/2548 4586/1690/2548
f 4588/1693/2549 4586/1690/2549 4580/1688/2549
f 4589/1695/2550 4587/1694/2550 4586/1690/2550
f 4581/1689/2551 4590/1696/2551 4582/1691/2551
f 4580/1688/2552 4591/1692/2552 4588/1693/2552
f 4592/1611/2553 4190/1613/2553 4590/1696/2553
f 4581/1689/2554 4592/1611/2554 4590/1696/2554
f 4593/1654/2555 4594/1653/2555 4595/1713/2555
f 4592/1611/2556 4596/1697/2556 4190/1613/2556
f 4597/1516/2557 4598/1518/2557 4599/1517/2557
f 4600/1655/2558 4594/1653/2558 4593/1654/2558
f 4601/1683/2559 4602/1685/2559 4341/1682/2559
f 4603/1722/2560 4604/1724/2560 4605/1723/2560
f 4601/1683/2561 4606/1687/2561 4607/1686/2561
f 4341/1682/2562 4343/1684/2562 4601/1683/2562
f 4608/1726/2563 4609/1727/2563 4610/1728/2563
f 4601/1683/2564 4607/1686/2564 4602/1685/2564
f 4611/1729/2565 4612/1730/2565 4610/1728/2565
f 4611/1729/2566 4610/1728/2566 4609/1727/2566
f 4612/1730/2567 4613/1731/2567 4614/1729/2567
f 4612/1730/2568 4611/1729/2568 4613/1731/2568
f 4614/1729/2569 4615/1727/2569 4616/1728/2569
f 4614/1729/2570 4616/1728/2570 4612/1730/2570
f 4617/1715/2571 4618/1581/2571 4619/1582/2571
f 4620/1726/2572 4616/1728/2572 4615/1727/2572
f 4621/1710/2573 4622/1712/2573 4623/1711/2573
f 4619/1582/2574 4624/1716/2574 4617/1715/2574
f 4625/1642/2575 4626/1657/2575 4627/1628/2575
f 4627/1628/2576 4628/1648/2576 4625/1642/2576
f 4628/1648/2577 4629/1732/2577 4630/1732/2577
f 4630/1732/2578 4625/1642/2578 4628/1648/2578
f 4631/1698/2579 4598/1518/2579 4597/1516/2579
f 4632/1655/2580 4633/1653/2580 4634/1656/2580
f 4632/1655/2581 4634/1656/2581 4635/1654/2581
f 4636/1659/2582 4637/1699/2582 4638/1628/2582
f 4636/1659/2583 4638/1628/2583 4639/1641/2583
f 4637/1699/2584 4640/1633/2584 4638/1628/2584
f 4641/1733/2585 4642/1734/2585 4643/1735/2585
f 4642/1734/2586 4644/1736/2586 4643/1735/2586
f 4645/1737/2587 4646/1738/2587 4641/1733/2587
f 4643/1735/2588 4645/1737/2588 4641/1733/2588
f 4642/1734/2589 4641/1733/2589 4647/1739/2589
f 4646/1738/2590 4647/1739/2590 4641/1733/2590
f 4648/1740/2591 4647/1739/2591 4649/1741/2591
f 4647/1739/2592 4648/1740/2592 4642/1734/2592
f 4647/1739/2593 4646/1738/2593 4650/1742/2593
f 4647/1739/2594 4650/1742/2594 4649/1741/2594
f 4651/1738/2595 4650/1742/2595 4652/1743/2595
f 4646/1738/2596 4652/1743/2596 4650/1742/2596
f 4653/1739/2597 4649/1741/2597 4650/1742/2597
f 4653/1739/2598 4650/1742/2598 4651/1738/2598
f 4653/1739/2599 4654/1734/2599 4655/1740/2599
f 4655/1740/2600 4649/1741/2600 4653/1739/2600
f 4651/1738/2601 4656/1733/2601 4653/1739/2601
f 4654/1734/2602 4653/1739/2602 4656/1733/2602
f 4657/1735/2603 4656/1733/2603 4658/1737/2603
f 4658/1737/2604 4656/1733/2604 4651/1738/2604
f 4654/1734/2605 4657/1735/2605 4659/1736/2605
f 4656/1733/2606 4657/1735/2606 4654/1734/2606
f 4660/1744/2607 4655/1740/2607 4654/1734/2607
f 4654/1734/2608 4659/1736/2608 4660/1744/2608
f 4661/1745/2609 4662/1746/2609 4660/1744/2609
f 4655/1740/2610 4660/1744/2610 4662/1746/2610
f 4660/1744/2611 4659/1736/2611 4663/1747/2611
f 4660/1744/2612 4663/1747/2612 4661/1745/2612
f 4661/1745/2613 4664/1748/2613 4665/1749/2613
f 4661/1745/2614 4663/1747/2614 4664/1748/2614
f 4662/1746/2615 4661/1745/2615 4666/1750/2615
f 4665/1749/2616 4666/1750/2616 4661/1745/2616
f 4662/1746/2617 4667/1751/2617 4668/1752/2617
f 4666/1750/2618 4667/1751/2618 4662/1746/2618
f 4655/1740/2619 4668/1752/2619 4649/1741/2619
f 4662/1746/2620 4668/1752/2620 4655/1740/2620
f 4669/1746/2621 4648/1740/2621 4668/1752/2621
f 4648/1740/2622 4649/1741/2622 4668/1752/2622
f 4670/1750/2623 4669/1746/2623 4667/1751/2623
f 4669/1746/2624 4668/1752/2624 4667/1751/2624
f 4671/1745/2625 4672/1744/2625 4669/1746/2625
f 4669/1746/2626 4670/1750/2626 4671/1745/2626
f 4672/1744/2627 4642/1734/2627 4648/1740/2627
f 4648/1740/2628 4669/1746/2628 4672/1744/2628
f 4642/1734/2629 4672/1744/2629 4644/1736/2629
f 4672/1744/2630 4671/1745/2630 4673/1747/2630
f 4672/1744/2631 4673/1747/2631 4644/1736/2631
f 4671/1745/2632 4674/1749/2632 4675/1748/2632
f 4671/1745/2633 4675/1748/2633 4673/1747/2633
f 4676/1753/2634 4674/1749/2634 4677/1754/2634
f 4674/1749/2635 4671/1745/2635 4670/1750/2635
f 4678/1753/2636 4679/1754/2636 4665/1749/2636
f 4674/1749/2637 4676/1753/2637 4675/1748/2637
f 4651/1738/2638 4680/1755/2638 4658/1737/2638
f 4665/1749/2639 4664/1748/2639 4678/1753/2639
f 4652/1743/2640 4681/1756/2640 4680/1755/2640
f 4680/1755/2641 4651/1738/2641 4652/1743/2641
f 4682/1755/2642 4652/1743/2642 4646/1738/2642
f 4652/1743/2643 4682/1755/2643 4681/1756/2643
f 4646/1738/2644 4645/1737/2644 4682/1755/2644
f 4683/1757/2645 4684/1758/2645 4685/1759/2645
f 4685/1759/2646 4684/1758/2646 4686/1760/2646
f 4687/1759/2647 4686/1760/2647 4684/1758/2647
f 4684/1758/2648 4683/1757/2648 4688/1761/2648
f 4684/1758/2649 4689/1761/2649 4690/1757/2649
f 4690/1757/2650 4687/1759/2650 4684/1758/2650
f 4691/1762/2651 4692/1763/2651 4693/1764/2651
f 4691/1762/2652 4693/1764/2652 4694/1765/2652
f 4693/1764/2653 4695/1766/2653 4696/1767/2653
f 4692/1763/2654 4695/1766/2654 4693/1764/2654
f 4697/1763/2655 4698/1764/2655 4695/1766/2655
f 4698/1764/2656 4696/1767/2656 4695/1766/2656
f 4699/1762/2657 4700/1765/2657 4698/1764/2657
f 4699/1762/2658 4698/1764/2658 4697/1763/2658
f 4701/1768/2659 4702/1769/2659 4703/1770/2659
f 4703/1770/2660 4704/1771/2660 4701/1768/2660
f 4703/1770/2661 4705/1768/2661 4706/1771/2661
f 4705/1768/2662 4703/1770/2662 4702/1769/2662
f 4702/1769/2663 4701/1768/2663 4707/1772/2663
f 4702/1769/2664 4707/1772/2664 4705/1768/2664
f 4708/1773/2665 4709/1774/2665 4710/1775/2665
f 4709/1774/2666 4711/1776/2666 4710/1775/2666
f 4712/1777/2667 4710/1775/2667 4713/1778/2667
f 4710/1775/2668 4712/1777/2668 4708/1773/2668
f 4714/1779/2669 4713/1778/2669 4710/1775/2669
f 4715/1780/2670 4716/1781/2670 4710/1775/2670
f 4716/1781/2671 4714/1779/2671 4710/1775/2671
f 4717/1779/2672 4718/1781/2672 4710/1775/2672
f 4718/1781/2673 4715/1780/2673 4710/1775/2673
f 4710/1775/2674 4719/1777/2674 4720/1778/2674
f 4720/1778/2675 4717/1779/2675 4710/1775/2675
f 4721/1774/2676 4722/1773/2676 4710/1775/2676
f 4719/1777/2677 4710/1775/2677 4722/1773/2677
f 4723/1782/2678 4724/1783/2678 4725/1784/2678
f 4711/1776/2679 4721/1774/2679 4710/1775/2679
f 4726/1784/2680 4723/1782/2680 4727/1785/2680
f 4725/1784/2681 4727/1785/2681 4723/1782/2681
f 4727/1785/2682 4728/1786/2682 4726/1784/2682
f 4723/1782/2683 4726/1784/2683 4729/1783/2683
f 4730/1786/2684 4731/1787/2684 4727/1785/2684
f 4728/1786/2685 4727/1785/2685 4731/1787/2685
f 4732/1788/2686 4733/1762/2686 4734/1765/2686
f 4727/1785/2687 4725/1784/2687 4730/1786/2687
f 4732/1788/2688 4728/1786/2688 4735/1789/2688
f 4734/1765/2689 4728/1786/2689 4732/1788/2689
f 4736/1790/2690 4728/1786/2690 4731/1787/2690
f 4728/1786/2691 4736/1790/2691 4735/1789/2691
f 4730/1786/2692 4737/1789/2692 4738/1790/2692
f 4738/1790/2693 4731/1787/2693 4730/1786/2693
f 4739/1788/2694 4737/1789/2694 4730/1786/2694
f 4739/1788/2695 4740/1765/2695 4741/1762/2695
f 4740/1765/2696 4739/1788/2696 4730/1786/2696
f 4742/1791/2697 4743/1792/2697 4744/1793/2697
f 4744/1793/2698 4745/1794/2698 4742/1791/2698
f 4743/1792/2699 4746/1795/2699 4747/1796/2699
f 4747/1796/2700 4744/1793/2700 4743/1792/2700
f 4742/1791/2701 4748/1797/2701 4743/1792/2701
f 4746/1795/2702 4743/1792/2702 4748/1797/2702
f 4749/1798/2703 4748/1797/2703 4750/1799/2703
f 4748/1797/2704 4742/1791/2704 4750/1799/2704
f 4751/1800/2705 4746/1795/2705 4748/1797/2705
f 4749/1798/2706 4751/1800/2706 4748/1797/2706
f 4752/1801/2707 4753/1802/2707 4751/1800/2707
f 4746/1795/2708 4751/1800/2708 4753/1802/2708
f 4749/1798/2709 4754/1803/2709 4751/1800/2709
f 4754/1803/2710 4752/1801/2710 4751/1800/2710
f 4755/1804/2711 4756/1805/2711 4754/1803/2711
f 4749/1798/2712 4755/1804/2712 4754/1803/2712
f 4752/1801/2713 4754/1803/2713 4757/1806/2713
f 4756/1805/2714 4757/1806/2714 4754/1803/2714
f 4758/1807/2715 4759/1808/2715 4757/1806/2715
f 4752/1801/2716 4757/1806/2716 4759/1808/2716
f 4760/1809/2717 4758/1807/2717 4756/1805/2717
f 4757/1806/2718 4756/1805/2718 4758/1807/2718
f 4756/1805/2719 4755/1804/2719 4761/1810/2719
f 4756/1805/2720 4761/1810/2720 4760/1809/2720
f 4761/1810/2721 4762/1811/2721 4763/1812/2721
f 4762/1811/2722 4761/1810/2722 4755/1804/2722
f 4764/1813/2723 4763/1812/2723 4762/1811/2723
f 4763/1812/2724 4760/1809/2724 4761/1810/2724
f 4762/1811/2725 4765/1814/2725 4766/1815/2725
f 4762/1811/2726 4766/1815/2726 4764/1813/2726
f 4749/1798/2727 4765/1814/2727 4755/1804/2727
f 4765/1814/2728 4762/1811/2728 4755/1804/2728
f 4750/1799/2729 4767/1816/2729 4765/1814/2729
f 4749/1798/2730 4750/1799/2730 4765/1814/2730
f 4766/1815/2731 4767/1816/2731 4768/1817/2731
f 4767/1816/2732 4766/1815/2732 4765/1814/2732
f 4767/1816/2733 4769/1818/2733 4770/1819/2733
f 4770/1819/2734 4768/1817/2734 4767/1816/2734
f 4742/1791/2735 4769/1818/2735 4750/1799/2735
f 4767/1816/2736 4750/1799/2736 4769/1818/2736
f 4745/1794/2737 4770/1819/2737 4769/1818/2737
f 4769/1818/2738 4742/1791/2738 4745/1794/2738
f 4759/1808/2739 4771/1820/2739 4752/1801/2739
f 4768/1817/2740 4764/1813/2740 4766/1815/2740
f 4771/1820/2741 4772/1821/2741 4753/1802/2741
f 4753/1802/2742 4752/1801/2742 4771/1820/2742
f 4772/1821/2743 4747/1796/2743 4746/1795/2743
f 4746/1795/2744 4753/1802/2744 4772/1821/2744
f 4773/1822/2745 4774/1823/2745 4775/1824/2745
f 4776/1825/2746 4775/1824/2746 4774/1823/2746
f 4777/1826/2747 4773/1822/2747 4778/1827/2747
f 4775/1824/2748 4778/1827/2748 4773/1822/2748
f 4779/1828/2749 4777/1826/2749 4780/1829/2749
f 4778/1827/2750 4780/1829/2750 4777/1826/2750
f 4774/1823/2751 4781/1830/2751 4776/1825/2751
f 4780/1829/2752 4782/1831/2752 4779/1828/2752
f 4781/1830/2753 4783/1832/2753 4784/1833/2753
f 4784/1833/2754 4776/1825/2754 4781/1830/2754
f 4785/1834/2755 4786/1835/2755 4787/1836/2755
f 4787/1836/2756 4788/1837/2756 4785/1834/2756
f 4786/1835/2757 4789/1838/2757 4790/1839/2757
f 4790/1839/2758 4787/1836/2758 4786/1835/2758
f 4789/1838/2759 4791/1838/2759 4792/1839/2759
f 4792/1839/2760 4790/1839/2760 4789/1838/2760
f 4788/1837/2761 4793/1837/2761 4794/1834/2761
f 4794/1834/2762 4785/1834/2762 4788/1837/2762
f 4793/1837/2763 4795/1837/2763 4796/1834/2763
f 4796/1834/2764 4794/1834/2764 4793/1837/2764
f 4795/1837/2765 4797/1840/2765 4798/1841/2765
f 4798/1841/2766 4796/1834/2766 4795/1837/2766
f 4797/1840/2767 4799/1842/2767 4800/1843/2767
f 4800/1843/2768 4798/1841/2768 4797/1840/2768
f 4801/1844/2769 4802/1845/2769 4803/1846/2769
f 4802/1845/2770 4801/1844/2770 4804/1847/2770
f 4805/1848/2771 4803/1846/2771 4806/1849/2771
f 4803/1846/2772 4805/1848/2772 4801/1844/2772
f 4807/1850/2773 4806/1849/2773 4808/1851/2773
f 4806/1849/2774 4807/1850/2774 4805/1848/2774
f 4804/1847/2775 4809/1852/2775 4802/1845/2775
f 4808/1851/2776 4810/1853/2776 4807/1850/2776
f 4811/1854/2777 4812/1855/2777 4809/1852/2777
f 4809/1852/2778 4804/1847/2778 4811/1854/2778
f 4813/1856/2779 4814/1857/2779 4815/1858/2779
f 4813/1856/2780 4816/1859/2780 4814/1857/2780
f 4813/1856/2781 4817/1860/2781 4818/1861/2781
f 4813/1856/2782 4815/1858/2782 4817/1860/2782
f 4818/1861/2783 4819/1862/2783 4816/1859/2783
f 4813/1856/2784 4818/1861/2784 4816/1859/2784
f 4818/1861/2785 4820/1863/2785 4821/1864/2785
f 4819/1862/2786 4818/1861/2786 4821/1864/2786
f 4820/1863/2787 4817/1860/2787 4822/1865/2787
f 4817/1860/2788 4820/1863/2788 4818/1861/2788
f 4820/1863/2789 4823/1866/2789 4824/1867/2789
f 4820/1863/2790 4822/1865/2790 4823/1866/2790
f 4821/1864/2791 4824/1867/2791 4825/1868/2791
f 4821/1864/2792 4820/1863/2792 4824/1867/2792
f 4819/1862/2793 4825/1868/2793 4826/1869/2793
f 4819/1862/2794 4821/1864/2794 4825/1868/2794
f 4816/1859/2795 4819/1862/2795 4827/1870/2795
f 4827/1870/2796 4819/1862/2796 4826/1869/2796
f 4828/1871/2797 4827/1870/2797 4829/1872/2797
f 4828/1871/2798 4816/1859/2798 4827/1870/2798
f 4828/1871/2799 4829/1872/2799 4830/1873/2799
f 4827/1870/2800 4826/1869/2800 4829/1872/2800
f 4814/1857/2801 4828/1871/2801 4831/1874/2801
f 4831/1874/2802 4828/1871/2802 4830/1873/2802
f 4814/1857/2803 4832/1875/2803 4815/1858/2803
f 4816/1859/2804 4828/1871/2804 4814/1857/2804
f 4833/1876/2805 4815/1858/2805 4834/1877/2805
f 4815/1858/2806 4832/1875/2806 4834/1877/2806
f 4817/1860/2807 4833/1876/2807 4822/1865/2807
f 4815/1858/2808 4833/1876/2808 4817/1860/2808
f 4833/1876/2809 4835/1878/2809 4836/1879/2809
f 4822/1865/2810 4833/1876/2810 4836/1879/2810
f 4834/1877/2811 4837/1880/2811 4835/1878/2811
f 4833/1876/2812 4834/1877/2812 4835/1878/2812
f 4832/1875/2813 4838/1881/2813 4837/1880/2813
f 4834/1877/2814 4832/1875/2814 4837/1880/2814
f 4832/1875/2815 4814/1857/2815 4831/1874/2815
f 4832/1875/2816 4831/1874/2816 4838/1881/2816
f 4822/1865/2817 4836/1879/2817 4823/1866/2817
f 4831/1874/2818 4830/1873/2818 4838/1881/2818
f 4839/1882/2819 4840/1883/2819 4841/1884/2819
f 4842/1885/2820 4840/1883/2820 4839/1882/2820
f 4843/1886/2821 4839/1882/2821 4844/1887/2821
f 4839/1882/2822 4841/1884/2822 4844/1887/2822
f 4845/1888/2823 4839/1882/2823 4846/1889/2823
f 4843/1886/2824 4846/1889/2824 4839/1882/2824
f 4847/1890/2825 4842/1885/2825 4839/1882/2825
f 4845/1888/2826 4847/1890/2826 4839/1882/2826
f 4848/1891/2827 4849/1892/2827 4850/1893/2827
f 4849/1892/2828 4846/1889/2828 4850/1893/2828
f 4851/1894/2829 4852/1895/2829 4848/1891/2829
f 4852/1895/2830 4849/1892/2830 4848/1891/2830
f 4848/1891/2831 4853/1896/2831 4854/1897/2831
f 4854/1897/2832 4851/1894/2832 4848/1891/2832
f 4846/1889/2833 4843/1886/2833 4850/1893/2833
f 4855/1898/2834 4853/1896/2834 4848/1891/2834
f 4856/1899/2835 4857/1900/2835 4843/1886/2835
f 4843/1886/2836 4844/1887/2836 4856/1899/2836
f 4856/1899/2837 4858/1901/2837 4859/1902/2837
f 4857/1900/2838 4856/1899/2838 4859/1902/2838
f 4860/1903/2839 4861/1904/2839 4858/1901/2839
f 4858/1901/2840 4856/1899/2840 4860/1903/2840
f 4862/1905/2841 4863/1906/2841 4861/1904/2841
f 4863/1906/2842 4858/1901/2842 4861/1904/2842
f 4864/1907/2843 4865/1908/2843 4866/1909/2843
f 4867/1910/2844 4844/1887/2844 4841/1884/2844
f 4868/1911/2845 4869/1912/2845 4864/1907/2845
f 4864/1907/2846 4869/1912/2846 4865/1908/2846
f 4870/1913/2847 4869/1912/2847 4868/1911/2847
f 4871/1914/2848 4867/1910/2848 4872/1915/2848
f 4871/1914/2849 4856/1899/2849 4867/1910/2849
f 4844/1887/2850 4867/1910/2850 4856/1899/2850
f 4867/1910/2851 4841/1884/2851 4873/1916/2851
f 4874/1917/2852 4856/1899/2852 4871/1914/2852
f 4856/1899/2853 4874/1917/2853 4860/1903/2853
f 4875/1918/2854 4876/1919/2854 4877/1920/2854
f 4875/1918/2855 4878/1921/2855 4876/1919/2855
f 4879/1922/2856 4877/1920/2856 4880/1923/2856
f 4879/1922/2857 4875/1918/2857 4877/1920/2857
f 4881/1923/2858 4879/1922/2858 4882/1924/2858
f 4879/1922/2859 4880/1923/2859 4882/1924/2859
f 4883/1918/2860 4879/1922/2860 4884/1920/2860
f 4884/1920/2861 4879/1922/2861 4881/1923/2861
f 4885/1925/2862 4883/1918/2862 4886/1921/2862
f 4887/1919/2863 4883/1918/2863 4884/1920/2863
f 4885/1925/2864 4888/1926/2864 4889/1927/2864
f 4889/1927/2865 4883/1918/2865 4885/1925/2865
f 4875/1918/2866 4890/1927/2866 4891/1925/2866
f 4875/1918/2867 4891/1925/2867 4878/1921/2867
f 4892/1928/2868 4893/1929/2868 4894/1930/2868
f 4895/1926/2869 4891/1925/2869 4890/1927/2869
f 4896/1931/2870 4897/1932/2870 4898/1933/2870
f 4899/1934/2871 4897/1932/2871 4896/1931/2871
f 4896/1931/2872 4900/1932/2872 4901/1934/2872
f 4902/1933/2873 4900/1932/2873 4896/1931/2873
f 4896/1931/2874 4903/1935/2874 4904/1936/2874
f 4901/1934/2875 4903/1935/2875 4896/1931/2875
f 4896/1931/2876 4905/1935/2876 4899/1934/2876
f 4904/1936/2877 4905/1935/2877 4896/1931/2877
f 4906/1937/2878 4907/1938/2878 4908/1939/2878
f 4906/1937/2879 4909/1940/2879 4907/1938/2879
f 4906/1937/2880 4910/1941/2880 4911/1942/2880
f 4906/1937/2881 4908/1939/2881 4910/1941/2881
f 4912/1941/2882 4913/1939/2882 4906/1937/2882
f 4911/1942/2883 4912/1941/2883 4906/1937/2883
f 4914/1938/2884 4915/1940/2884 4906/1937/2884
f 4913/1939/2885 4914/1938/2885 4906/1937/2885
f 4916/1904/2886 4917/1906/2886 4918/1905/2886
f 4916/1904/2887 4919/1901/2887 4917/1906/2887
f 4920/1903/2888 4921/1899/2888 4919/1901/2888
f 4919/1901/2889 4916/1904/2889 4920/1903/2889
f 4922/1902/2890 4921/1899/2890 4923/1943/2890
f 4922/1902/2891 4919/1901/2891 4921/1899/2891
f 4921/1899/2892 4924/1887/2892 4925/1944/2892
f 4925/1944/2893 4923/1943/2893 4921/1899/2893
f 4926/1884/2894 4924/1887/2894 4927/1910/2894
f 4921/1899/2895 4927/1910/2895 4924/1887/2895
f 4924/1887/2896 4928/1882/2896 4925/1944/2896
f 4924/1887/2897 4926/1884/2897 4928/1882/2897
f 4929/1889/2898 4928/1882/2898 4930/1888/2898
f 4928/1882/2899 4929/1889/2899 4925/1944/2899
f 4928/1882/2900 4931/1885/2900 4932/1890/2900
f 4928/1882/2901 4932/1890/2901 4930/1888/2901
f 4926/1884/2902 4933/1883/2902 4928/1882/2902
f 4928/1882/2903 4933/1883/2903 4931/1885/2903
f 4934/1893/2904 4935/1892/2904 4936/1891/2904
f 4934/1893/2905 4929/1889/2905 4935/1892/2905
f 4937/1898/2906 4938/1945/2906 4934/1893/2906
f 4936/1891/2907 4937/1898/2907 4934/1893/2907
f 4934/1893/2908 4925/1944/2908 4929/1889/2908
f 4934/1893/2909 4938/1945/2909 4925/1944/2909
f 4936/1891/2910 4853/1896/2910 4937/1898/2910
f 4925/1944/2911 4938/1945/2911 4923/1943/2911
f 4936/1891/2912 4851/1894/2912 4854/1897/2912
f 4854/1897/2913 4853/1896/2913 4936/1891/2913
f 4936/1891/2914 4935/1892/2914 4939/1895/2914
f 4936/1891/2915 4939/1895/2915 4851/1894/2915
f 4940/1933/2916 4941/1946/2916 4861/1904/2916
f 4941/1946/2917 4862/1905/2917 4861/1904/2917
f 4916/1904/2918 4918/1905/2918 4941/1946/2918
f 4916/1904/2919 4941/1946/2919 4940/1933/2919
f 4942/1914/2920 4921/1899/2920 4943/1917/2920
f 4920/1903/2921 4943/1917/2921 4921/1899/2921
f 4944/1915/2922 4927/1910/2922 4942/1914/2922
f 4927/1910/2923 4921/1899/2923 4942/1914/2923
f 4926/1884/2924 4945/1916/2924 4933/1883/2924
f 4945/1916/2925 4926/1884/2925 4927/1910/2925
f 4946/1947/2926 4947/1948/2926 4948/1949/2926
f 4949/1950/2927 4950/1951/2927 4951/1952/2927
f 4951/1952/2928 4952/1953/2928 4949/1950/2928
f 4953/1954/2929 4954/1955/2929 4955/1956/2929
f 4955/1956/2930 4956/1957/2930 4953/1954/2930
f 4957/1958/2931 4958/1959/2931 4959/1960/2931
f 4959/1960/2932 4960/1961/2932 4957/1958/2932
f 4961/1962/2933 4962/1963/2933 4963/1964/2933
f 4963/1964/2934 4964/1965/2934 4961/1962/2934
f 4965/1966/2935 4966/1967/2935 4967/1968/2935
f 4968/1950/2936 4969/1952/2936 4970/1951/2936
f 4971/1969/2937 4972/1970/2937 4973/1971/2937
f 4967/1968/2938 4974/1972/2938 4965/1966/2938
f 4975/1929/2939 4976/1930/2939 4977/1928/2939
f 4973/1971/2940 4978/1973/2940 4971/1969/2940
f 4977/1928/2941 4979/1974/2941 4975/1929/2941
f 4980/1975/2942 4981/1976/2942 4982/1977/2942
f 4983/1978/2943 4984/1979/2943 4985/1979/2943
f 4986/1955/2944 4987/1954/2944 4988/1957/2944
f 4989/1980/2945 4990/1981/2945 4991/1982/2945
f 4992/1983/2946 4993/1984/2946 4994/1985/2946
f 4988/1957/2947 4995/1956/2947 4986/1955/2947
f 4996/1981/2948 4997/1980/2948 4998/1980/2948
f 4994/1985/2949 4999/1986/2949 4992/1983/2949
f 5000/1974/2950 5001/1928/2950 5002/1987/2950
f 4998/1980/2951 5003/1982/2951 4996/1981/2951
f 5004/1988/2952 5005/1989/2952 5006/1990/2952
f 5002/1987/2953 5007/1929/2953 5000/1974/2953
f 5008/1975/2954 5009/1977/2954 5010/1976/2954
f 5006/1990/2955 5011/1991/2955 5004/1988/2955
f 5012/1992/2956 5013/1993/2956 5014/1994/2956
f 5010/1976/2957 5015/1995/2957 5008/1975/2957
f 5016/1952/2958 5017/1950/2958 5018/1953/2958
f 5014/1994/2959 5019/1996/2959 5012/1992/2959
f 5020/1997/2960 5021/1998/2960 5022/1999/2960
f 5023/1973/2961 5024/1973/2961 5025/2000/2961
f 5026/2001/2962 5027/2002/2962 5028/2003/2962
f 5028/2003/2963 5029/2004/2963 5026/2001/2963
f 5030/1998/2964 5031/1997/2964 5032/1999/2964
f 5033/1990/2965 5034/1988/2965 5035/1991/2965
f 5036/2005/2966 5037/1970/2966 5038/2006/2966
f 5039/1970/2967 5040/2005/2967 5041/1969/2967
f 5042/1976/2968 5043/1975/2968 5044/1995/2968
f 5045/1973/2969 5046/2000/2969 5047/1973/2969
f 5048/1970/2970 5049/1969/2970 5050/2005/2970
f 5050/2005/2971 5051/2006/2971 5048/1970/2971
f 5052/1988/2972 5053/1990/2972 5054/1989/2972
f 4627/1628/2973 4545/1725/2973 4548/1638/2973
f 4627/1628/2974 4626/1657/2974 4545/1725/2974
# Vertices: 977, normals: 817, texture coordinates: 503, faces: 817

