# Blender v2.79 (sub 0) OBJ File: ''
# www.blender.org
mtllib Heather (Princess Heart).mtl
o head.013
v 0.044375 1.508529 0.113971
v 0.043250 1.522259 0.098169
v 0.024125 1.520087 0.095629
v 0.016813 1.507689 0.112769
v 0.012035 1.495526 0.123904
v -0.044920 1.522259 0.098169
v -0.045902 1.508529 0.113971
v -0.025652 1.520087 0.095629
v -0.018340 1.507689 0.112769
v -0.013562 1.495526 0.123904
v -0.000762 1.489089 0.118334
v -0.000762 1.475637 0.130044
v -0.000762 1.501474 0.107419
v -0.101837 0.625039 0.067686
v -0.071185 0.625564 0.072194
v -0.101610 0.657112 0.066924
v -0.093442 0.747207 0.086426
v -0.070637 0.656239 0.071459
v -0.057157 0.737537 0.079459
v -0.130700 0.756507 0.075536
v -0.122547 0.656232 0.051741
v -0.123957 0.626164 0.048666
v -0.145305 0.896197 0.095051
v -0.112935 0.895649 0.107176
v -0.068400 0.902957 0.107621
v -0.031985 0.918639 0.087224
v -0.043587 0.654857 0.062641
v -0.030602 0.738824 0.056666
v -0.010850 0.917587 0.038731
v -0.007660 0.843839 0.018641
v -0.017370 0.743482 0.016496
v -0.026057 0.651792 0.038799
v -0.017067 0.652262 0.006444
v -0.017327 0.626464 0.004271
v -0.026892 0.626379 0.035631
v -0.031875 0.598284 0.031796
v -0.044135 0.629179 0.059904
v -0.047160 0.596539 0.052574
v -0.071590 0.594927 0.065904
v -0.101832 0.594692 0.060736
v -0.123027 0.598079 0.043304
v -0.138215 0.597859 0.016071
v -0.138672 0.624214 0.020141
v -0.141812 0.660927 0.024071
v -0.154122 0.768994 0.049404
v -0.167045 0.898844 0.067001
v -0.138155 1.052439 0.096051
v -0.104125 1.036669 0.107224
v -0.067000 1.007574 0.106181
v -0.030437 0.965567 0.090406
v -0.016092 0.942554 0.058129
v -0.002592 0.934054 0.022781
v -0.005125 0.932589 0.001586
v -0.016532 0.834107 -0.028014
v -0.025265 0.749097 -0.023844
v -0.029510 0.664604 -0.028401
v -0.029005 0.631417 -0.028181
v -0.022575 0.597782 0.004334
v -0.039510 0.569579 0.030556
v -0.055455 0.571262 0.043639
v -0.075135 0.565734 0.054724
v -0.099670 0.567747 0.051696
v -0.119487 0.572064 0.038324
v -0.139997 0.571052 0.011279
v -0.134027 0.598979 -0.016879
v -0.137467 0.566059 -0.027191
v -0.104465 0.598307 -0.048641
v -0.111850 0.570649 -0.052821
v -0.073817 0.599052 -0.052041
v -0.066252 0.569992 -0.054834
v -0.035455 0.565449 -0.035696
v -0.057342 0.528227 -0.064404
v -0.033117 0.527209 -0.041351
v -0.057962 0.485007 -0.069369
v -0.032762 0.489334 -0.043716
v -0.158827 1.037716 0.064051
v -0.174692 0.900759 0.017026
v -0.164002 0.790230 0.019451
v -0.140675 0.665612 -0.011884
v -0.136522 0.627835 -0.014106
v -0.104552 0.631565 -0.042149
v -0.071610 0.630697 -0.047459
v -0.036020 0.595594 -0.030284
v -0.031325 0.563639 0.003836
v -0.045630 0.541934 0.032924
v -0.073635 0.542252 0.050266
v -0.106510 0.540692 0.047761
v -0.134415 0.537409 0.026244
v -0.148885 0.531687 -0.002484
v -0.143095 0.525904 -0.037834
v -0.123402 0.525979 -0.062611
v -0.122920 0.483652 -0.066604
v -0.092235 0.483062 -0.077461
v -0.091370 0.527482 -0.069911
v -0.031882 0.533217 -0.001166
v -0.144135 0.482699 -0.040949
v -0.152742 0.483625 -0.007979
v -0.137547 0.483559 0.022629
v -0.109867 0.434627 0.041601
v -0.074600 0.436074 0.044366
v -0.045617 0.486224 0.030026
v -0.028987 0.485222 -0.005826
v -0.163047 0.985904 -0.030929
v -0.137172 0.966169 -0.066841
v -0.137217 0.908794 -0.058356
v -0.104262 0.912517 -0.073601
v -0.104265 0.957599 -0.081211
v -0.068900 0.915694 -0.076879
v -0.068827 0.950809 -0.080569
v -0.022140 0.931682 -0.050276
v -0.039270 0.782019 -0.047274
v -0.067037 0.668390 -0.047624
v -0.110327 0.666994 -0.042556
v -0.160202 0.905747 -0.029756
v -0.171482 1.017189 0.015986
v -0.357175 1.056389 0.116389
v -0.363385 1.053639 0.099986
v -0.334022 1.104621 0.082014
v -0.309105 1.154761 0.069046
v -0.333117 1.111136 0.098816
v -0.360710 1.064329 0.126901
v -0.369272 1.141759 0.051374
v -0.370645 1.162266 0.061179
v -0.342492 1.251239 0.021676
v -0.342205 1.254231 0.044334
v -0.332697 1.288762 0.019289
v -0.328687 1.290412 0.040959
v -0.320970 1.316234 0.014254
v -0.314060 1.322724 0.033486
v -0.292892 1.363881 0.027834
v -0.291467 1.329281 0.043009
v -0.273015 1.362876 0.043999
v -0.266667 1.318339 0.045859
v -0.250700 1.354391 0.046106
v -0.234030 1.345174 0.035796
v -0.253765 1.305984 0.039414
v -0.245515 1.282934 0.028761
v -0.269330 1.268259 0.053456
v -0.274660 1.223554 0.044889
v -0.286930 1.227092 0.062281
v -0.314130 1.163364 0.083426
v -0.340430 1.119779 0.107446
v -0.370365 1.075066 0.135526
v -0.353905 1.126756 0.110219
v -0.386017 1.078984 0.128549
v -0.368052 1.132021 0.104966
v -0.397077 1.076006 0.116229
v -0.376997 1.132624 0.094724
v -0.405915 1.069302 0.096406
v -0.383075 1.128304 0.077321
v -0.400742 1.063896 0.084504
v -0.379957 1.120179 0.061804
v -0.387892 1.056596 0.080736
v -0.366220 1.108774 0.055624
v -0.374950 1.052726 0.084821
v -0.352825 1.100989 0.055559
v -0.341212 1.100609 0.065841
v -0.227295 1.333609 0.012996
v -0.344880 1.178846 0.090094
v -0.327745 1.173624 0.090901
v -0.301450 1.234544 0.073889
v -0.289325 1.276677 0.062709
v -0.310885 1.285819 0.058604
v -0.333225 1.251897 0.063466
v -0.361550 1.174529 0.079566
v -0.318675 1.244897 0.074409
v -0.274895 1.419681 0.012181
v -0.275085 1.417276 -0.010899
v -0.297507 1.358851 0.006464
v -0.292017 1.350679 -0.014784
v -0.264122 1.411109 -0.030991
v -0.279727 1.342311 -0.031596
v -0.247522 1.403266 -0.048056
v -0.262490 1.332586 -0.035234
v -0.224205 1.395606 -0.049006
v -0.244402 1.325256 -0.025964
v -0.205255 1.388716 -0.036259
v -0.231587 1.325191 -0.009069
v -0.194880 1.385556 -0.012559
v -0.196747 1.388206 0.012369
v -0.242290 1.281569 0.007089
v -0.270942 1.220379 0.023001
v -0.311175 1.152721 0.048521
v -0.316565 1.155084 0.032244
v -0.324750 1.165429 0.020366
v -0.337465 1.183094 0.017851
v -0.331972 1.244892 0.005204
v -0.321812 1.278667 0.000224
v -0.311865 1.313031 -0.004944
v -0.264540 1.416859 0.036136
v -0.246505 1.409401 0.045414
v -0.226315 1.402284 0.044894
v -0.208107 1.394991 0.034106
v -0.278752 1.221499 0.004461
v -0.257902 1.258861 -0.000956
v -0.307080 1.295899 -0.011796
v -0.295282 1.293894 -0.027931
v -0.310377 1.271266 -0.015061
v -0.293580 1.261422 -0.021744
v -0.281132 1.287824 -0.031149
v -0.275350 1.256622 -0.014244
v -0.269850 1.284139 -0.025206
v -0.253470 1.281164 -0.010069
v -0.267235 1.298569 -0.025661
v -0.251482 1.291404 -0.010161
v -0.294890 1.225266 -0.007229
v -0.314030 1.234164 -0.008206
v -0.300130 1.309987 -0.016149
v -0.283165 1.305019 -0.031779
v 0.273368 1.419679 0.012181
v 0.273558 1.417274 -0.010899
v 0.262593 1.411109 -0.030991
v 0.245995 1.403266 -0.048056
v 0.263013 1.416859 0.036136
v 0.244975 1.409401 0.045414
v 0.222678 1.395606 -0.049006
v 0.203728 1.388716 -0.036259
v 0.224785 1.402282 0.044894
v 0.206580 1.394989 0.034106
v 0.193353 1.385556 -0.012559
v 0.195220 1.388207 0.012369
v 0.309645 1.152719 0.048521
v 0.339683 1.100606 0.065841
v 0.332445 1.104739 0.081964
v 0.307575 1.154759 0.069046
v 0.273130 1.223554 0.044889
v 0.395550 1.076004 0.116229
v 0.404385 1.069299 0.096406
v 0.381545 1.128301 0.077321
v 0.378427 1.120176 0.061801
v 0.367743 1.141756 0.051374
v 0.364692 1.108771 0.055624
v 0.399212 1.063894 0.084504
v 0.386363 1.056594 0.080734
v 0.351298 1.100986 0.055559
v 0.373420 1.052724 0.084821
v 0.361855 1.053636 0.099984
v 0.340965 1.251236 0.021676
v 0.369115 1.162264 0.061179
v 0.375470 1.132621 0.094724
v 0.384490 1.078981 0.128549
v 0.298603 1.309987 -0.016146
v 0.310338 1.313031 -0.004944
v 0.305420 1.295844 -0.011794
v 0.320283 1.278664 0.000224
v 0.331118 1.288886 0.019264
v 0.340678 1.254229 0.044334
v 0.360020 1.174526 0.079566
v 0.366508 1.132066 0.105096
v 0.368835 1.075064 0.135524
v 0.352375 1.126754 0.110219
v 0.359180 1.064326 0.126901
v 0.338900 1.119779 0.107446
v 0.355645 1.056386 0.116386
v 0.331455 1.111082 0.098819
v 0.312600 1.163361 0.083426
v 0.285400 1.227091 0.062281
v 0.299923 1.234541 0.073889
v 0.267803 1.268256 0.053456
v 0.287798 1.276674 0.062706
v 0.252235 1.305984 0.039414
v 0.265140 1.318339 0.045861
v 0.232503 1.345174 0.035796
v 0.249170 1.354389 0.046106
v 0.271488 1.362876 0.043999
v 0.291365 1.363881 0.027834
v 0.295980 1.358851 0.006464
v 0.290490 1.350676 -0.014784
v 0.278200 1.342311 -0.031596
v 0.260963 1.332584 -0.035234
v 0.242873 1.325256 -0.025964
v 0.230060 1.325189 -0.009069
v 0.225765 1.333609 0.012996
v 0.240763 1.281566 0.007091
v 0.243985 1.282934 0.028761
v 0.269415 1.220376 0.023001
v 0.315035 1.155081 0.032244
v 0.323223 1.165426 0.020364
v 0.335938 1.183091 0.017851
v 0.330313 1.244836 0.005206
v 0.308848 1.271264 -0.015061
v 0.293753 1.293894 -0.027931
v 0.281635 1.305016 -0.031779
v 0.265705 1.298566 -0.025659
v 0.249953 1.291401 -0.010159
v 0.251940 1.281161 -0.010069
v 0.256373 1.258861 -0.000956
v 0.273823 1.256621 -0.014244
v 0.277225 1.221499 0.004461
v 0.293360 1.225264 -0.007229
v 0.312500 1.234161 -0.008206
v 0.292053 1.261419 -0.021744
v 0.279603 1.287824 -0.031149
v 0.268323 1.284139 -0.025206
v 0.317148 1.244896 0.074409
v 0.319443 1.316231 0.014256
v 0.312533 1.322724 0.033486
v 0.327160 1.290411 0.040959
v 0.289940 1.329279 0.043011
v 0.309355 1.285819 0.058604
v 0.331698 1.251894 0.063466
v 0.343350 1.178844 0.090094
v 0.326215 1.173621 0.090901
v 0.164815 1.464406 0.012656
v 0.179725 1.427104 0.010106
v 0.178328 1.473794 0.035046
v 0.218998 1.492162 0.035026
v 0.202723 1.484716 0.041794
v 0.218053 1.472784 0.038561
v 0.189543 1.477937 0.042334
v 0.199543 1.463169 0.041531
v 0.189158 1.442841 0.031734
v 0.198955 1.388334 0.012271
v 0.209210 1.395159 0.032719
v 0.225780 1.402357 0.043066
v 0.244090 1.409627 0.043546
v 0.260525 1.416949 0.034819
v 0.243115 1.468137 0.024244
v 0.270025 1.419687 0.011989
v 0.249970 1.464601 0.001081
v 0.270200 1.417404 -0.009691
v 0.245578 1.460579 -0.026019
v 0.260208 1.411132 -0.028631
v 0.229405 1.458704 -0.046149
v 0.245058 1.403494 -0.044846
v 0.208303 1.456574 -0.052774
v 0.223880 1.395801 -0.045616
v 0.187765 1.452399 -0.049611
v 0.206770 1.388816 -0.033681
v 0.177593 1.442696 -0.033236
v 0.175933 1.432359 -0.013146
v 0.169105 1.460024 -0.034331
v 0.162725 1.459179 -0.014446
v 0.181261 1.463634 -0.050578
v 0.201408 1.474379 -0.055581
v 0.212783 1.479452 -0.052046
v 0.221040 1.484102 -0.046119
v 0.236763 1.491509 -0.028321
v 0.240398 1.496582 -0.003021
v 0.233895 1.496554 0.019616
v 0.197118 1.385676 -0.011241
v 0.017800 1.606209 0.047056
v -0.000762 1.604084 0.050924
v 0.013580 1.577482 0.063474
v 0.051688 1.590491 0.056856
v 0.042550 1.613129 0.043451
v 0.061675 1.625014 0.024071
v 0.070250 1.636191 0.000206
v 0.065188 1.641904 -0.023056
v 0.053378 1.660094 -0.017599
v 0.054503 1.652461 0.002911
v 0.046348 1.642792 0.025599
v 0.031160 1.633174 0.041249
v 0.015410 1.627111 0.049466
v -0.000762 1.626812 0.053136
v -0.016935 1.627111 0.049466
v -0.019325 1.606209 0.047056
v -0.032685 1.633174 0.041249
v -0.044075 1.613129 0.043451
v -0.047872 1.642794 0.025599
v -0.063200 1.625016 0.024071
v -0.071777 1.636191 0.000206
v -0.074450 1.616504 0.026176
v -0.080215 1.629459 0.005069
v -0.079795 1.635819 -0.024121
v -0.066715 1.641907 -0.023056
v -0.057295 1.634894 -0.052374
v -0.040982 1.667776 -0.040786
v -0.030857 1.635734 -0.061124
v -0.023965 1.671087 -0.051306
v -0.000762 1.674159 -0.056331
v -0.000762 1.636457 -0.069166
v 0.022440 1.671087 -0.051306
v 0.029330 1.635734 -0.061124
v 0.039455 1.667776 -0.040786
v 0.055768 1.634894 -0.052374
v 0.078268 1.635819 -0.024121
v 0.078688 1.629384 0.002819
v 0.072785 1.616501 0.026176
v 0.060688 1.590436 0.055169
v 0.052393 1.582922 0.062029
v 0.028910 1.556304 0.078376
v -0.000765 1.550741 0.080389
v -0.000762 1.511722 0.096766
v -0.030437 1.556304 0.078376
v -0.053920 1.582922 0.062031
v -0.062357 1.590436 0.055169
v -0.053215 1.590491 0.056856
v -0.015107 1.577482 0.063474
v -0.000762 1.575241 0.063829
v -0.014402 1.577019 0.070804
v -0.000765 1.565534 0.072446
v -0.015107 1.571602 0.072951
v -0.017357 1.565681 0.072584
v 0.015830 1.565681 0.072584
v 0.013580 1.571602 0.072951
v 0.012875 1.577019 0.070804
v -0.054902 1.660094 -0.017599
v -0.056027 1.652461 0.002911
v 0.111400 0.895649 0.107176
v 0.066793 0.905349 0.107576
v 0.091908 0.747209 0.086426
v 0.143770 0.896197 0.095051
v 0.064625 1.008137 0.106209
v 0.028908 0.965567 0.090406
v 0.102595 1.039057 0.107344
v 0.136625 1.052436 0.096051
v 0.157298 1.037716 0.064051
v 0.165510 0.898847 0.067001
v 0.169955 1.017189 0.015986
v 0.173158 0.900759 0.017029
v 0.161515 0.985902 -0.030929
v 0.158668 0.905747 -0.029756
v 0.135640 0.966169 -0.066841
v 0.135683 0.908794 -0.058356
v 0.102735 0.957599 -0.081211
v 0.102728 0.912517 -0.073601
v 0.067298 0.950809 -0.080569
v 0.067365 0.915694 -0.076879
v 0.020610 0.931682 -0.050276
v 0.037735 0.782019 -0.047274
v 0.065503 0.668389 -0.047624
v 0.108793 0.666994 -0.042556
v 0.139140 0.665612 -0.011884
v 0.162468 0.790229 0.019451
v 0.152588 0.768994 0.049404
v 0.129165 0.756509 0.075539
v 0.100075 0.657112 0.066924
v 0.121013 0.656232 0.051741
v 0.100303 0.625039 0.067686
v 0.122423 0.626164 0.048666
v 0.140278 0.660927 0.024071
v 0.137138 0.624214 0.020144
v 0.034483 0.595594 -0.030281
v 0.033920 0.565449 -0.035696
v 0.029790 0.563639 0.003836
v 0.030345 0.533217 -0.001166
v 0.032850 0.527172 -0.041351
v 0.031228 0.489334 -0.043716
v 0.027453 0.485222 -0.005826
v 0.044095 0.541934 0.032924
v 0.044083 0.486224 0.030029
v 0.072100 0.542252 0.050266
v 0.073065 0.436074 0.044366
v 0.104975 0.540692 0.047761
v 0.108333 0.434627 0.041601
v 0.132880 0.537409 0.026246
v 0.136013 0.483559 0.022629
v 0.147350 0.531687 -0.002484
v 0.151208 0.483624 -0.007979
v 0.141560 0.525904 -0.037834
v 0.142600 0.482699 -0.040949
v 0.121868 0.525979 -0.062611
v 0.121385 0.483652 -0.066604
v 0.089835 0.527482 -0.069911
v 0.090700 0.483062 -0.077459
v 0.055808 0.528227 -0.064404
v 0.056428 0.485007 -0.069366
v 0.064718 0.569992 -0.054831
v 0.072283 0.599052 -0.052041
v 0.110315 0.570649 -0.052821
v 0.102930 0.598307 -0.048641
v 0.135933 0.566059 -0.027191
v 0.132493 0.598982 -0.016876
v 0.138463 0.571052 0.011279
v 0.136680 0.597859 0.016071
v 0.117953 0.572064 0.038324
v 0.121493 0.598079 0.043304
v 0.098135 0.567747 0.051696
v 0.100298 0.594692 0.060736
v 0.073600 0.565734 0.054724
v 0.070055 0.594927 0.065904
v 0.053920 0.571262 0.043639
v 0.045625 0.596539 0.052574
v 0.037975 0.569579 0.030556
v 0.030340 0.598284 0.031796
v 0.021040 0.597782 0.004334
v 0.015793 0.626464 0.004271
v 0.027470 0.631417 -0.028181
v 0.015533 0.652262 0.006444
v 0.027975 0.664604 -0.028401
v 0.015835 0.743484 0.016496
v 0.023730 0.749097 -0.023844
v 0.014998 0.834107 -0.028014
v 0.006125 0.843839 0.018641
v 0.003595 0.932589 0.001586
v 0.001063 0.934054 0.022781
v 0.009315 0.917587 0.038731
v 0.014563 0.942554 0.058129
v 0.030450 0.918639 0.087224
v 0.055623 0.737537 0.079459
v 0.069103 0.656239 0.071459
v 0.069650 0.625564 0.072194
v 0.134988 0.627837 -0.014106
v 0.103018 0.631564 -0.042149
v 0.070075 0.630697 -0.047459
v 0.042600 0.629179 0.059904
v 0.025358 0.626379 0.035634
v 0.024523 0.651792 0.038799
v 0.029068 0.738824 0.056666
v 0.042053 0.654857 0.062641
v -0.166311 1.464434 0.012657
v -0.179855 1.473794 0.035046
v -0.181252 1.427107 0.010106
v -0.208297 1.388819 -0.033681
v -0.177460 1.432359 -0.013146
v -0.198647 1.385676 -0.011241
v -0.164252 1.459179 -0.014446
v -0.179122 1.442696 -0.033236
v -0.170635 1.460026 -0.034331
v -0.189414 1.452801 -0.049597
v -0.183152 1.464732 -0.050806
v -0.209832 1.456576 -0.052774
v -0.202935 1.474381 -0.055581
v -0.230935 1.458704 -0.046149
v -0.214310 1.479452 -0.052046
v -0.222567 1.484101 -0.046119
v -0.247107 1.460579 -0.026019
v -0.238292 1.491511 -0.028321
v -0.251497 1.464604 0.001079
v -0.241925 1.496582 -0.003021
v -0.235422 1.496556 0.019616
v -0.244642 1.468139 0.024244
v -0.220525 1.492162 0.035026
v -0.219582 1.472786 0.038561
v -0.204250 1.484719 0.041794
v -0.201070 1.463171 0.041529
v -0.191070 1.477939 0.042334
v -0.190687 1.442841 0.031734
v -0.200482 1.388334 0.012271
v -0.210740 1.395159 0.032719
v -0.227437 1.402409 0.043064
v -0.245617 1.409629 0.043546
v -0.262052 1.416951 0.034819
v -0.271552 1.419686 0.011989
v -0.271727 1.417404 -0.009691
v -0.261735 1.411131 -0.028631
v -0.246637 1.403366 -0.044834
v -0.225407 1.395804 -0.045616
v 0.153640 1.005191 -0.050514
v 0.131423 1.004399 -0.087864
v 0.099500 1.008079 -0.104999
v 0.065188 1.005341 -0.109361
v 0.019908 0.999147 -0.109391
v 0.020610 0.957982 -0.074859
v -0.021437 0.999147 -0.109391
v -0.022140 0.957982 -0.074859
v -0.066717 1.005341 -0.109361
v -0.155172 1.005191 -0.050514
v -0.132952 1.004399 -0.087864
v -0.101030 1.008079 -0.104999
v 0.031580 1.058029 0.113651
v 0.064625 1.063639 0.116891
v 0.101893 1.059889 0.113041
v -0.103420 1.059889 0.113041
v -0.066155 1.063639 0.116891
v -0.033107 1.058029 0.113651
v -0.042325 1.699661 0.040311
v -0.033325 1.692676 0.052424
v -0.045137 1.699908 0.056327
v -0.036562 1.693045 0.071537
v -0.041762 1.699019 0.076899
v -0.033325 1.693105 0.087722
v -0.024050 1.687468 0.102014
v -0.030660 1.694119 0.096774
v -0.037122 1.698947 0.090485
v -0.046824 1.706435 0.080257
v -0.042325 1.707674 0.093901
v -0.035297 1.704079 0.101924
v -0.038809 1.709513 0.102087
v -0.030512 1.698782 0.104009
v -0.025035 1.694191 0.107850
v -0.024887 1.699440 0.110901
v -0.029672 1.704335 0.109128
v -0.035717 1.710805 0.106678
v -0.032484 1.712568 0.110806
v -0.029110 1.715508 0.113437
v -0.030092 1.717580 0.113691
v -0.030934 1.710069 0.110893
v -0.026859 1.714327 0.114384
v -0.027700 1.718589 0.114482
v -0.026012 1.719047 0.114491
v -0.026012 1.719460 0.112850
v -0.026434 1.719313 0.114581
v -0.025734 1.719013 0.112845
v -0.025449 1.718633 0.114644
v -0.023200 1.718762 0.114540
v -0.024185 1.717268 0.116121
v -0.019967 1.719196 0.118255
v -0.020809 1.717426 0.119292
v -0.015047 1.720725 0.123069
v -0.021234 1.714883 0.119630
v -0.015610 1.718411 0.125113
v -0.023905 1.719384 0.110737
v -0.024747 1.719702 0.110252
v 0.035300 1.703992 0.101868
v 0.030378 1.698782 0.104009
v 0.037128 1.699099 0.090614
v 0.029676 1.704333 0.109128
v 0.032488 1.712656 0.110846
v 0.030940 1.710112 0.110915
v 0.035720 1.710919 0.106735
v 0.027988 1.709399 0.113048
v 0.026863 1.714329 0.114385
v 0.029113 1.715664 0.113499
v 0.027703 1.718596 0.114485
v 0.029953 1.717564 0.113685
v 0.026440 1.717690 0.114767
v 0.026015 1.718943 0.114455
v 0.025453 1.718587 0.114628
v 0.013778 1.695766 0.119319
v 0.013778 1.689184 0.117261
v 0.018840 1.690338 0.113196
v 0.007873 1.688765 0.122191
v 0.008013 1.696220 0.123064
v 0.013358 1.702905 0.120227
v 0.007733 1.704855 0.122716
v -0.000002 1.709195 0.127704
v -0.005762 1.710710 0.129057
v -0.008860 1.708760 0.125588
v -0.000002 1.706936 0.125253
v 0.008863 1.708760 0.125588
v 0.014066 1.707118 0.121629
v 0.019128 1.700723 0.115930
v 0.019123 1.695247 0.114502
v 0.025028 1.694191 0.107850
v 0.017998 1.685062 0.110409
v 0.013498 1.683991 0.114657
v 0.008153 1.683555 0.118385
v -0.000002 1.683507 0.120606
v -0.000002 1.689209 0.124289
v 0.015471 1.710408 0.123324
v 0.020533 1.708456 0.118072
v 0.020953 1.711952 0.119094
v 0.021238 1.714888 0.119632
v 0.019828 1.719486 0.118353
v 0.020816 1.717660 0.119375
v 0.023203 1.718724 0.114527
v 0.024191 1.717532 0.116218
v 0.024328 1.714774 0.116482
v 0.024328 1.709441 0.115583
v 0.024471 1.705260 0.113890
v 0.024890 1.699440 0.110901
v 0.025738 1.718925 0.112813
v 0.026015 1.719375 0.112819
v 0.026440 1.719261 0.114563
v 0.015613 1.718411 0.125113
v 0.015050 1.720701 0.123061
v 0.018703 1.720555 0.116044
v 0.022220 1.719648 0.112766
v 0.023908 1.719413 0.110747
v 0.024753 1.719727 0.110261
v 0.025176 1.719660 0.109940
v 0.010690 1.721388 0.125961
v 0.011390 1.718671 0.128313
v 0.005066 1.721164 0.127962
v 0.005765 1.718534 0.130491
v 0.000003 1.718314 0.131602
v 0.000003 1.714444 0.131645
v 0.005908 1.714355 0.130576
v 0.000003 1.710754 0.130259
v 0.005765 1.710710 0.129057
v 0.011533 1.714404 0.128220
v 0.010971 1.710582 0.126791
v 0.015890 1.714541 0.125152
v 0.000003 1.720851 0.129786
v -0.005059 1.721164 0.127962
v -0.010684 1.721388 0.125961
v -0.011387 1.718671 0.128313
v -0.005762 1.718534 0.130491
v -0.005904 1.714355 0.130576
v 0.014345 1.721619 0.120403
v 0.010266 1.722058 0.123074
v 0.005346 1.722009 0.125430
v 0.000003 1.721698 0.126360
v -0.005342 1.722009 0.125430
v -0.010262 1.722058 0.123074
v -0.014342 1.721439 0.120348
v -0.018700 1.720165 0.115914
v -0.022217 1.719469 0.112703
v 0.015613 1.680831 0.093401
v 0.014903 1.680304 0.106172
v 0.007450 1.678320 0.103371
v 0.007733 1.679092 0.112907
v -0.000002 1.679300 0.115669
v -0.000002 1.677513 0.107711
v 0.000003 1.679234 0.088418
v 0.009988 1.681625 0.070581
v 0.025176 1.686567 0.076167
v 0.020816 1.684902 0.064083
v 0.033328 1.692676 0.052421
v 0.000003 1.680418 0.072040
v -0.009984 1.681625 0.070581
v -0.025172 1.686567 0.076167
v -0.020809 1.684902 0.064083
v -0.015610 1.680831 0.093401
v -0.007455 1.678320 0.103371
v -0.007737 1.679092 0.112907
v -0.008159 1.683555 0.118385
v -0.013502 1.683991 0.114657
v -0.013784 1.689184 0.117261
v -0.018847 1.690338 0.113196
v -0.018002 1.685062 0.110409
v -0.014910 1.680304 0.106172
v -0.021654 1.683583 0.097586
v -0.029387 1.688003 0.084384
v 0.030653 1.694119 0.096774
v 0.024046 1.687468 0.102014
v -0.007877 1.688765 0.122191
v -0.013784 1.695766 0.119319
v -0.019127 1.695247 0.114502
v -0.008017 1.696220 0.123064
v -0.013362 1.702905 0.120227
v -0.007737 1.704855 0.122716
v -0.000002 1.696396 0.125069
v -0.000002 1.704431 0.123906
v -0.014059 1.707118 0.121629
v -0.019122 1.700723 0.115930
v -0.015887 1.714541 0.125152
v -0.011529 1.714404 0.128220
v -0.010967 1.710582 0.126791
v -0.015610 1.710408 0.123324
v -0.020529 1.708456 0.118072
v -0.024467 1.705260 0.113890
v -0.027984 1.709395 0.113048
v -0.026434 1.717717 0.114777
v -0.024324 1.714385 0.116326
v -0.021092 1.711949 0.119092
v -0.024324 1.709441 0.115583
v 0.041766 1.699019 0.076899
v 0.036563 1.693045 0.071537
v 0.045140 1.699905 0.056327
v 0.033328 1.693105 0.087720
v 0.029391 1.688003 0.084384
v 0.021658 1.683583 0.097586
v 0.042328 1.699648 0.040233
v -0.041762 1.691665 0.030837
v -0.032200 1.684884 0.046585
v 0.018425 1.680710 0.058132
v 0.000003 1.676909 0.064798
v 0.032203 1.684889 0.046605
v 0.041766 1.691665 0.030837
v -0.018560 1.680719 0.058156
v 0.049363 1.707032 0.033993
v 0.048801 1.704529 0.019836
v 0.055688 1.717172 0.014854
v 0.053964 1.719414 -0.012933
v 0.066378 1.748927 0.005279
v 0.049926 1.699773 0.006097
v -0.048797 1.704529 0.019836
v -0.049359 1.707032 0.033996
v -0.055687 1.717172 0.014854
v -0.049922 1.699773 0.006097
v -0.053454 1.719120 -0.014122
v -0.066372 1.748927 0.005279
v -0.031499 1.761939 -0.074401
v -0.014624 1.854612 -0.087503
v 0.000001 1.759549 -0.077336
v -0.041412 1.854162 -0.089380
v -0.061173 1.851426 -0.074837
v -0.057797 1.765617 -0.056986
v -0.067806 1.851812 -0.066876
v -0.078162 1.845592 -0.059741
v -0.083247 1.843882 -0.046711
v -0.076074 1.775072 -0.032301
v -0.089988 1.843699 -0.034935
v -0.092433 1.848734 -0.018367
v -0.100544 1.823069 -0.013656
v -0.102934 1.820357 -0.001786
v -0.081067 1.788229 -0.003324
v -0.079734 1.794446 0.013649
v -0.107012 1.819499 0.010741
v -0.068342 1.765809 0.072248
v -0.073685 1.774844 0.046241
v -0.072560 1.760596 0.044768
v -0.073824 1.769501 0.027639
v -0.078887 1.789869 0.018146
v -0.076780 1.791477 0.024981
v -0.074810 1.770639 0.021476
v -0.076217 1.797309 0.045996
v -0.101247 1.817787 0.033256
v -0.094612 1.845369 0.042129
v -0.074810 1.811449 0.060404
v -0.072012 1.828297 0.071643
v -0.065310 1.867147 0.068410
v -0.069582 1.847969 0.080199
v -0.065348 1.864483 0.080445
v -0.063919 1.855784 0.088812
v -0.048631 1.883936 0.089805
v -0.046566 1.864106 0.102269
v -0.032412 1.870142 0.111186
v -0.029265 1.900279 0.087376
v -0.017154 1.873482 0.115651
v 0.000003 1.873782 0.118594
v 0.000003 1.848477 0.125591
v 0.017061 1.873526 0.115644
v 0.005235 1.903055 0.093225
v -0.009490 1.902560 0.092167
v 0.067503 1.750697 -0.001404
v 0.031363 1.761939 -0.074401
v -0.002565 1.857355 -0.095850
v 0.015992 1.854457 -0.088219
v 0.056601 1.766374 -0.057127
v 0.041077 1.851805 -0.088764
v 0.054721 1.835148 -0.077471
v 0.049861 1.838289 -0.061557
v 0.076078 1.775072 -0.032301
v 0.066021 1.844120 -0.056277
v 0.081003 1.788229 -0.003324
v 0.044685 1.837028 -0.053185
v 0.062103 1.832439 -0.031966
v 0.079666 1.794446 0.013649
v 0.078891 1.789869 0.018146
v 0.076640 1.791477 0.024981
v 0.099820 1.828403 -0.001845
v 0.076150 1.797307 0.045996
v 0.068346 1.765809 0.072248
v 0.072566 1.760596 0.044768
v 0.073691 1.774844 0.046241
v 0.103220 1.845921 0.022489
v 0.091499 1.840429 0.045022
v 0.074745 1.811449 0.060404
v 0.066244 1.831816 0.072238
v 0.073740 1.851643 0.066746
v 0.061747 1.870915 0.087190
v 0.056116 1.852602 0.086730
v 0.054352 1.857128 0.093636
v 0.052488 1.863965 0.096056
v 0.045363 1.874355 0.100104
v 0.045847 1.866667 0.102379
v 0.029056 1.891330 0.100670
v 0.031287 1.872774 0.110752
v 0.022327 1.898442 0.094470
v 0.013125 1.900605 0.103184
v -0.067497 1.750697 -0.001404
v 0.081703 1.754637 -0.007466
v 0.089863 1.773396 -0.014099
v 0.092675 1.787496 -0.011786
v 0.083391 1.760142 -0.002381
v 0.082970 1.754416 -0.007694
v 0.075515 1.767491 0.011411
v 0.074675 1.762921 0.010834
v 0.080863 1.772934 0.005731
v 0.086908 1.797477 0.003834
v 0.090988 1.795459 -0.004789
v 0.082128 1.785634 0.014106
v 0.076503 1.769386 0.017006
v -0.076780 1.746366 0.011236
v -0.075512 1.749214 0.018361
v -0.078467 1.755696 0.011854
v -0.073405 1.745632 0.019629
v -0.073967 1.757136 0.020424
v -0.075512 1.758494 0.014489
v -0.075655 1.756517 0.010804
v -0.079734 1.751467 0.007371
v -0.092672 1.787496 -0.011786
v -0.086904 1.797477 0.003834
v -0.090985 1.795459 -0.004789
v -0.082122 1.785634 0.014106
v -0.076497 1.769386 0.017006
v -0.075512 1.767491 0.011411
v -0.074672 1.762921 0.010834
v -0.083387 1.760144 -0.002381
v -0.078609 1.746431 0.003054
v -0.074810 1.742514 0.012856
v -0.082967 1.754416 -0.007694
v -0.075935 1.744064 0.001319
v -0.081699 1.754637 -0.007466
v -0.089860 1.773396 -0.014099
v -0.080859 1.772934 0.005731
v 0.006191 1.794854 0.127031
v 0.008578 1.791564 0.124524
v 0.011113 1.795849 0.123804
v 0.011816 1.789859 0.118399
v 0.014766 1.796854 0.120129
v 0.016595 1.793694 0.113041
v 0.021940 1.797179 0.114579
v 0.023399 1.795132 0.109694
v 0.028691 1.797427 0.110934
v 0.023789 1.795400 0.108585
v 0.028550 1.798166 0.109256
v 0.024302 1.793875 0.108516
v 0.019128 1.790769 0.107829
v 0.024367 1.792082 0.110308
v 0.021341 1.789538 0.107483
v 0.024560 1.790970 0.108705
v 0.029267 1.793779 0.110245
v 0.028971 1.795429 0.110674
v 0.039801 1.822919 0.115191
v 0.040363 1.814711 0.116461
v 0.050346 1.815832 0.106564
v 0.049926 1.809954 0.109256
v 0.041628 1.811282 0.116886
v 0.042753 1.805499 0.116779
v 0.031783 1.811149 0.121466
v 0.025738 1.815799 0.122664
v 0.028266 1.825479 0.121024
v 0.040411 1.842120 0.113926
v 0.051270 1.833070 0.103018
v 0.057940 1.811077 0.096824
v 0.057378 1.804669 0.099329
v 0.049783 1.805397 0.110329
v -0.042747 1.805499 0.116779
v -0.031779 1.811149 0.121466
v -0.041622 1.811282 0.116886
v -0.050059 1.809954 0.109256
v -0.049779 1.805399 0.110329
v -0.057372 1.804669 0.099329
v -0.056810 1.799346 0.100874
v -0.064825 1.795069 0.084736
v -0.061734 1.791669 0.090544
v -0.063137 1.784819 0.085879
v -0.058637 1.789964 0.093669
v -0.058779 1.786464 0.093026
v -0.052450 1.792879 0.097236
v -0.052592 1.789237 0.096991
v -0.050199 1.791206 0.101124
v -0.050904 1.789724 0.099404
v -0.047247 1.791466 0.103751
v -0.049074 1.789784 0.100916
v -0.047672 1.789964 0.100831
v -0.047672 1.787879 0.102926
v -0.042325 1.802401 0.115831
v -0.049217 1.801529 0.110299
v -0.047247 1.798449 0.108464
v -0.054280 1.795907 0.101744
v -0.049359 1.794602 0.102474
v -0.048934 1.795414 0.101866
v -0.045280 1.796126 0.106594
v -0.040359 1.797411 0.109289
v -0.039654 1.800231 0.113121
v -0.032342 1.801504 0.118794
v 0.010828 1.758311 0.137954
v 0.012238 1.760814 0.132574
v 0.008441 1.765129 0.137239
v 0.008300 1.758554 0.144006
v 0.010971 1.754119 0.140944
v 0.008441 1.753839 0.146366
v 0.007595 1.749761 0.145666
v 0.004363 1.749749 0.148646
v 0.004503 1.747131 0.145929
v 0.000003 1.746797 0.147301
v 0.000003 1.744686 0.143569
v -0.004497 1.747131 0.145929
v -0.004637 1.746294 0.143244
v -0.008574 1.747496 0.140686
v -0.008012 1.750454 0.139496
v -0.010967 1.746596 0.136489
v -0.010547 1.748247 0.133939
v -0.013074 1.745279 0.130949
v -0.011387 1.745029 0.129966
v -0.013217 1.743446 0.128959
v -0.012092 1.746702 0.135779
v 0.000003 1.754327 0.151314
v 0.000003 1.749544 0.150066
v -0.004360 1.749749 0.148646
v -0.007592 1.749761 0.145666
v -0.011672 1.750171 0.140294
v -0.015610 1.749184 0.133824
v -0.016592 1.746901 0.129734
v -0.016309 1.744537 0.125464
v -0.016309 1.743569 0.124824
v -0.017859 1.746582 0.123056
v -0.017997 1.748494 0.127764
v -0.017997 1.749807 0.121959
v -0.017997 1.752017 0.127516
v -0.004637 1.762774 0.144309
v 0.000003 1.763147 0.145781
v 0.000003 1.769406 0.141586
v -0.004922 1.768816 0.139886
v -0.008434 1.765129 0.137239
v -0.008297 1.758554 0.144006
v -0.010824 1.758311 0.137954
v -0.010967 1.754119 0.140944
v -0.013497 1.754016 0.137029
v -0.014059 1.757514 0.133046
v -0.016029 1.753124 0.132386
v -0.016309 1.756186 0.127951
v -0.008434 1.753839 0.146366
v -0.012234 1.760814 0.132574
v -0.004780 1.758129 0.147736
v 0.000003 1.758541 0.149521
v 0.004641 1.762774 0.144309
v 0.004926 1.768816 0.139886
v 0.000003 1.777284 0.136619
v -0.004922 1.776647 0.135051
v -0.007310 1.775049 0.132399
v -0.011672 1.766284 0.130186
v -0.014200 1.759902 0.126729
v -0.004922 1.754139 0.149306
v 0.004783 1.758129 0.147736
v 0.000003 1.792874 0.128416
v 0.000003 1.786739 0.130571
v 0.005628 1.792319 0.127029
v 0.004503 1.785779 0.129484
v 0.004926 1.776647 0.135051
v 0.004926 1.754139 0.149306
v 0.019971 1.781392 0.107341
v 0.025878 1.779349 0.107214
v 0.022925 1.781564 0.107701
v 0.025316 1.777234 0.108554
v 0.018988 1.778971 0.108274
v 0.025176 1.774189 0.109564
v 0.018141 1.777289 0.112601
v 0.024753 1.770181 0.114561
v 0.035440 1.766909 0.111161
v 0.034878 1.772316 0.109796
v 0.034175 1.777429 0.107579
v 0.028828 1.780174 0.108251
v 0.030962 1.784162 0.108592
v 0.026714 1.785087 0.107456
v 0.023185 1.784931 0.106653
v 0.019408 1.783577 0.107071
v 0.016175 1.783692 0.108009
v 0.014345 1.782906 0.111906
v 0.017158 1.772914 0.118211
v 0.022203 1.788231 0.105496
v 0.022853 1.788451 0.104262
v 0.025478 1.790925 0.105978
v 0.020533 1.786546 0.102901
v 0.020111 1.786715 0.105794
v 0.019827 1.787268 0.107184
v 0.018425 1.785534 0.107019
v 0.019828 1.785294 0.105591
v 0.031110 1.784879 0.107935
v 0.035329 1.784366 0.108503
v 0.035320 1.783835 0.109074
v 0.017578 1.788637 0.107521
v 0.015890 1.787506 0.108614
v 0.029556 1.793718 0.108285
v 0.018141 1.791499 0.109131
v 0.014203 1.787892 0.111734
v 0.011113 1.782341 0.120659
v 0.012800 1.773589 0.122629
v 0.015471 1.764049 0.123874
v 0.011533 1.766284 0.130184
v 0.014203 1.759902 0.126729
v 0.006890 1.784309 0.127324
v 0.007316 1.775049 0.132399
v -0.023342 1.795179 0.109691
v -0.023762 1.795421 0.108584
v -0.018137 1.791499 0.109134
v -0.016592 1.793694 0.113041
v -0.014342 1.787892 0.111734
v -0.015887 1.787506 0.108614
v -0.014342 1.782906 0.111906
v -0.016172 1.783692 0.108009
v -0.018985 1.778971 0.108274
v -0.018137 1.777289 0.112601
v -0.025172 1.774189 0.109564
v -0.025309 1.777234 0.108554
v -0.021935 1.797179 0.114579
v -0.014762 1.796854 0.120129
v -0.011809 1.789859 0.118399
v -0.011110 1.782341 0.120659
v -0.017154 1.772914 0.118211
v -0.024747 1.770181 0.114561
v -0.035435 1.766909 0.111161
v -0.035012 1.772316 0.109796
v -0.034172 1.777429 0.107579
v -0.025872 1.779349 0.107214
v -0.019967 1.781392 0.107341
v -0.018700 1.749869 0.120939
v -0.018422 1.746599 0.122166
v -0.017717 1.754486 0.121381
v -0.017154 1.754109 0.122441
v -0.016309 1.757082 0.122896
v -0.019262 1.762187 0.121126
v -0.015467 1.764049 0.123874
v -0.012797 1.773589 0.122629
v -0.006887 1.784309 0.127324
v -0.008574 1.791564 0.124524
v -0.011110 1.795849 0.123804
v -0.006184 1.794854 0.127031
v -0.006747 1.796899 0.127159
v 0.000003 1.794784 0.128496
v 0.000003 1.797847 0.128689
v -0.004497 1.785779 0.129484
v -0.005622 1.792319 0.127029
v 0.040363 1.797411 0.109289
v 0.034738 1.798314 0.110951
v 0.034878 1.796394 0.111316
v 0.034878 1.799059 0.109276
v 0.040503 1.798589 0.108064
v 0.045703 1.796799 0.106384
v 0.049363 1.794604 0.102474
v 0.045283 1.796126 0.106594
v 0.040363 1.795834 0.110371
v 0.045140 1.794106 0.107669
v 0.039941 1.794329 0.109986
v 0.048658 1.792401 0.103634
v 0.044440 1.792999 0.107424
v 0.034878 1.794937 0.110799
v 0.039801 1.794174 0.108739
v 0.043738 1.792931 0.106359
v 0.046408 1.791429 0.103439
v 0.050203 1.791204 0.101121
v 0.052453 1.792879 0.097236
v 0.047253 1.798449 0.108464
v 0.039658 1.800231 0.113121
v 0.034738 1.794784 0.109551
v 0.049221 1.801529 0.110299
v 0.056815 1.799346 0.100874
v 0.042328 1.802401 0.115831
v 0.032346 1.801504 0.118794
v 0.031641 1.799619 0.114846
v 0.020390 1.799342 0.120266
v 0.013078 1.799094 0.123906
v 0.019551 1.802927 0.123624
v 0.032066 1.804537 0.120764
v 0.018846 1.809749 0.124999
v 0.009140 1.801437 0.126976
v 0.008016 1.799879 0.127169
v 0.006753 1.796899 0.127159
v 0.029985 1.844883 0.119378
v 0.015050 1.826486 0.126601
v 0.014488 1.813867 0.126009
v 0.008441 1.807827 0.127899
v 0.006890 1.802974 0.128116
v 0.004641 1.801584 0.128671
v 0.014628 1.847847 0.123579
v 0.006328 1.807326 0.128466
v 0.008300 1.814011 0.127704
v 0.010266 1.818194 0.127691
v 0.000003 1.826719 0.128474
v -0.014622 1.847847 0.123579
v -0.029949 1.844857 0.119384
v -0.040074 1.841844 0.113989
v -0.028262 1.825479 0.121024
v -0.039797 1.822919 0.115191
v -0.025734 1.815799 0.122664
v -0.040359 1.814711 0.116461
v -0.006324 1.807326 0.128466
v -0.005904 1.813779 0.128364
v -0.008297 1.814011 0.127704
v -0.010262 1.818194 0.127691
v -0.015047 1.826486 0.126601
v -0.014484 1.813867 0.126009
v -0.008434 1.807827 0.127899
v -0.006887 1.802974 0.128116
v -0.003797 1.806911 0.129214
v 0.000003 1.814027 0.129349
v 0.005908 1.813779 0.128364
v 0.003800 1.806911 0.129214
v 0.000003 1.806732 0.129301
v -0.004637 1.801584 0.128671
v -0.008012 1.799879 0.127169
v -0.009279 1.801437 0.126976
v -0.018842 1.809749 0.124999
v -0.013074 1.799094 0.123906
v -0.019547 1.802927 0.123624
v -0.032060 1.804537 0.120764
v -0.020387 1.799342 0.120266
v -0.034872 1.798314 0.110951
v -0.040497 1.798589 0.108064
v -0.031637 1.799619 0.114846
v -0.028685 1.797424 0.110934
v -0.034872 1.799059 0.109276
v -0.045280 1.797032 0.105721
v -0.028547 1.798166 0.109256
v -0.040359 1.795834 0.110371
v -0.039934 1.794329 0.109986
v -0.034872 1.796394 0.111316
v -0.045137 1.794106 0.107669
v -0.044435 1.792999 0.107426
v -0.048654 1.792401 0.103634
v -0.046405 1.791429 0.103439
v -0.043735 1.792931 0.106359
v -0.024162 1.793954 0.108580
v -0.028967 1.795429 0.110674
v -0.034872 1.794937 0.110799
v -0.039797 1.794174 0.108739
v -0.024254 1.791940 0.110370
v -0.019122 1.790769 0.107829
v -0.021512 1.789394 0.107491
v -0.019824 1.787267 0.107184
v -0.017575 1.788637 0.107521
v -0.018422 1.785537 0.107019
v -0.020110 1.786714 0.105794
v -0.020529 1.785221 0.102431
v -0.020387 1.784852 0.105584
v -0.020529 1.786546 0.102901
v -0.022497 1.788009 0.105509
v -0.023060 1.788299 0.104271
v -0.025504 1.790856 0.105852
v -0.024882 1.790832 0.108451
v -0.029530 1.793738 0.108284
v -0.029247 1.793792 0.110244
v -0.034735 1.794784 0.109551
v -0.030831 1.783785 0.108612
v -0.028825 1.780170 0.108251
v -0.022922 1.781564 0.107701
v -0.026396 1.784940 0.107466
v -0.023200 1.784919 0.106654
v -0.019405 1.783577 0.107071
v -0.030769 1.784269 0.107965
v -0.035147 1.784518 0.108500
v -0.035154 1.784005 0.109070
v -0.035435 1.779192 0.108501
v -0.046824 1.788066 0.102396
v -0.044717 1.785832 0.105334
v -0.044155 1.786241 0.105031
v -0.040359 1.784854 0.107674
v -0.040637 1.784354 0.108244
v -0.042047 1.780144 0.107496
v -0.042185 1.777774 0.105761
v -0.044297 1.772181 0.107659
v -0.045422 1.767132 0.108854
v -0.045280 1.759546 0.110046
v -0.035997 1.759691 0.114274
v -0.044012 1.752854 0.111254
v -0.046967 1.782107 0.104909
v -0.050059 1.784954 0.102339
v -0.047809 1.779971 0.102514
v -0.051467 1.775959 0.102881
v -0.053297 1.769409 0.103694
v -0.053012 1.760497 0.104414
v -0.052310 1.753214 0.103924
v -0.052172 1.785656 0.098259
v -0.069047 1.746804 0.023476
v -0.069467 1.746490 0.043352
v -0.065950 1.753042 0.072193
v -0.062575 1.759882 0.087312
v -0.064404 1.770610 0.084723
v -0.060467 1.771710 0.092569
v -0.056110 1.780779 0.097279
v -0.051047 1.782821 0.099941
v -0.052085 1.833042 0.102559
v -0.057934 1.811077 0.096824
v -0.068485 1.801274 0.076491
v -0.068622 1.782064 0.071766
v -0.050342 1.815832 0.106564
v 0.075941 1.744061 0.001319
v 0.078613 1.746431 0.003054
v 0.079738 1.751467 0.007371
v 0.076783 1.746366 0.011236
v 0.078470 1.755696 0.011854
v 0.075515 1.749214 0.018361
v 0.075658 1.756517 0.010804
v 0.070596 1.743067 0.011709
v 0.074816 1.742514 0.012856
v 0.073408 1.745632 0.019626
v 0.073971 1.757136 0.020424
v 0.075515 1.758494 0.014489
v 0.069050 1.746804 0.023476
v 0.066516 1.748886 0.012129
v 0.074816 1.770639 0.021476
v -0.070592 1.743067 0.011709
v -0.066512 1.748886 0.012129
v 0.063845 1.728269 0.026536
v 0.056675 1.716575 0.029294
v 0.053863 1.707240 0.046007
v 0.061176 1.716736 0.040286
v 0.065391 1.727430 0.038325
v 0.069471 1.746490 0.043352
v 0.056390 1.715396 0.063221
v 0.051751 1.706956 0.059809
v 0.046828 1.706317 0.080154
v 0.050626 1.715415 0.083549
v 0.059203 1.726513 0.066643
v 0.052875 1.725941 0.086966
v 0.062863 1.741409 0.070012
v 0.055408 1.739460 0.091100
v 0.024890 1.746649 0.119499
v 0.030096 1.737818 0.117077
v 0.031503 1.740429 0.116846
v 0.025878 1.749807 0.119424
v 0.033051 1.743056 0.116584
v 0.035440 1.752639 0.115654
v 0.041346 1.744990 0.111862
v 0.044015 1.752854 0.111254
v 0.046690 1.747262 0.108079
v 0.052316 1.753214 0.103921
v 0.051051 1.743789 0.102326
v 0.057940 1.751219 0.093966
v 0.065953 1.753040 0.072193
v 0.025316 1.760552 0.118159
v 0.036003 1.759691 0.114274
v 0.045283 1.759546 0.110046
v 0.053015 1.760497 0.104414
v 0.058363 1.760713 0.095832
v 0.062578 1.759880 0.087312
v 0.073828 1.769501 0.027639
v 0.045425 1.767132 0.108854
v 0.053301 1.769409 0.103691
v 0.060471 1.771710 0.092569
v 0.064408 1.770610 0.084723
v 0.068628 1.782064 0.071766
v 0.068488 1.801274 0.076491
v 0.044300 1.772179 0.107659
v 0.035440 1.779192 0.108501
v 0.042191 1.777774 0.105761
v 0.051471 1.775959 0.102881
v 0.056113 1.780779 0.097279
v 0.063141 1.784819 0.085879
v 0.064828 1.795069 0.084736
v 0.040624 1.784678 0.108232
v 0.046966 1.782183 0.104906
v 0.044714 1.785938 0.105330
v 0.042046 1.780239 0.107493
v 0.051051 1.782819 0.099941
v 0.050066 1.784954 0.102339
v 0.047815 1.779971 0.102514
v 0.052176 1.785656 0.098259
v 0.049078 1.789784 0.100914
v 0.046690 1.788066 0.102396
v 0.050908 1.789724 0.099404
v 0.052596 1.789237 0.096991
v 0.058783 1.786464 0.093026
v 0.061738 1.791669 0.090544
v 0.054283 1.795907 0.101744
v 0.058641 1.789964 0.093669
v 0.047675 1.789964 0.100831
v -0.027842 1.719441 0.115072
v 0.022078 1.719487 0.112409
v 0.023203 1.719370 0.114897
v 0.019266 1.719645 0.115441
v 0.024753 1.719242 0.113664
v 0.024051 1.720158 0.110560
v 0.024890 1.719981 0.110198
v 0.025878 1.719818 0.112972
v 0.000003 1.721311 0.128276
v 0.004641 1.722734 0.130571
v 0.000003 1.722366 0.131186
v 0.005488 1.721427 0.124586
v 0.000003 1.721189 0.125251
v -0.005485 1.721427 0.124586
v -0.004637 1.722734 0.130571
v -0.004780 1.724821 0.133101
v 0.000003 1.724721 0.133811
v 0.000003 1.727184 0.135279
v 0.004641 1.724821 0.133101
v 0.007175 1.733024 0.132276
v 0.012516 1.732096 0.129411
v 0.007738 1.738336 0.131174
v 0.002253 1.732989 0.134054
v 0.003378 1.729291 0.134384
v 0.000003 1.728479 0.134994
v 0.004641 1.727957 0.134359
v 0.009845 1.724677 0.131406
v 0.008578 1.722494 0.129141
v 0.012940 1.722350 0.126847
v 0.010690 1.721467 0.122364
v 0.017440 1.721078 0.122069
v 0.015190 1.720191 0.119224
v 0.020816 1.719675 0.117990
v 0.011253 1.727507 0.132261
v 0.014628 1.723939 0.128459
v 0.019408 1.722438 0.124187
v 0.022503 1.720506 0.119470
v 0.024753 1.719808 0.116833
v 0.025595 1.719623 0.115876
v 0.006613 1.729212 0.133759
v 0.011390 1.728131 0.132184
v 0.015890 1.726319 0.129304
v 0.020253 1.724534 0.125221
v 0.024051 1.722231 0.120218
v 0.026015 1.721182 0.117455
v 0.027140 1.720247 0.116240
v 0.026300 1.719526 0.115102
v 0.024613 1.723886 0.120355
v 0.027845 1.719441 0.115072
v 0.028408 1.721017 0.115913
v 0.027988 1.723025 0.117071
v 0.025453 1.728269 0.119963
v 0.018141 1.730299 0.125641
v 0.033470 1.716919 0.111988
v 0.030378 1.720158 0.114275
v 0.033613 1.720909 0.113049
v 0.030658 1.722832 0.115492
v 0.030096 1.725979 0.116314
v 0.037828 1.716537 0.107545
v 0.036425 1.721690 0.110788
v 0.033470 1.724425 0.113982
v 0.038816 1.709563 0.102115
v 0.042328 1.707553 0.093822
v 0.041203 1.716727 0.103752
v 0.039238 1.722881 0.108380
v 0.036283 1.727094 0.112223
v 0.032908 1.729532 0.114882
v 0.027565 1.733531 0.118530
v 0.020253 1.735371 0.123114
v 0.013926 1.736849 0.127366
v 0.042328 1.724295 0.104998
v 0.039238 1.729374 0.110066
v 0.044158 1.734305 0.106418
v 0.035158 1.733668 0.113791
v 0.037128 1.736744 0.113078
v 0.039238 1.740849 0.112465
v 0.045283 1.740487 0.107257
v 0.049363 1.735172 0.100327
v 0.047533 1.725104 0.097986
v 0.045703 1.716302 0.096044
v 0.022078 1.739766 0.121239
v 0.015471 1.740707 0.125749
v 0.016315 1.743569 0.124824
v 0.023908 1.743659 0.119931
v 0.018566 1.749869 0.120939
v 0.018425 1.746599 0.122166
v 0.017863 1.746582 0.123056
v 0.018003 1.749807 0.121959
v 0.017720 1.754486 0.121381
v 0.008016 1.741409 0.130919
v 0.011533 1.742869 0.128901
v 0.013221 1.743446 0.128959
v 0.016315 1.744537 0.125464
v 0.018003 1.748494 0.127764
v 0.017863 1.752017 0.127516
v 0.017158 1.754109 0.122441
v 0.016315 1.757082 0.122896
v 0.019266 1.762187 0.121126
v 0.016595 1.746901 0.129734
v 0.011390 1.745029 0.129966
v 0.013078 1.745279 0.130949
v 0.015613 1.749184 0.133824
v 0.016033 1.753124 0.132386
v 0.016315 1.756186 0.127951
v 0.008578 1.747496 0.140686
v 0.011676 1.750171 0.140294
v 0.013503 1.754016 0.137029
v 0.013926 1.757514 0.133044
v 0.012095 1.746702 0.135779
v 0.010971 1.746596 0.136489
v 0.008016 1.750454 0.139496
v 0.010550 1.748247 0.133939
v 0.004641 1.746294 0.143244
v 0.004503 1.746601 0.138579
v 0.008158 1.749474 0.132584
v 0.006890 1.744781 0.133609
v 0.004078 1.744627 0.139521
v 0.006328 1.743347 0.134294
v 0.008441 1.743446 0.131494
v 0.002816 1.740811 0.134289
v 0.002953 1.742642 0.136281
v 0.000003 1.742681 0.136594
v -0.004075 1.744627 0.139521
v -0.004497 1.746601 0.138579
v -0.008155 1.749474 0.132584
v -0.006887 1.744781 0.133609
v -0.002809 1.740811 0.134289
v -0.002950 1.742642 0.136281
v -0.006324 1.743347 0.134294
v -0.008012 1.741409 0.130919
v -0.008434 1.743446 0.131494
v 0.000003 1.740507 0.133884
v 0.000003 1.738124 0.133039
v -0.002387 1.738199 0.133664
v -0.007734 1.738336 0.131174
v -0.013922 1.736849 0.127366
v -0.018137 1.730299 0.125641
v -0.012512 1.732096 0.129411
v -0.007172 1.733024 0.132276
v -0.002387 1.732989 0.134054
v 0.000003 1.732996 0.133611
v 0.002391 1.738199 0.133664
v -0.020247 1.724463 0.125204
v -0.019405 1.722434 0.124186
v -0.016029 1.726319 0.129304
v -0.011387 1.728131 0.132184
v -0.006609 1.729212 0.133759
v -0.003372 1.729291 0.134384
v -0.004637 1.727957 0.134359
v -0.011247 1.727507 0.132261
v -0.009984 1.724677 0.131406
v -0.008574 1.722494 0.129141
v -0.012935 1.722359 0.126849
v -0.010684 1.721467 0.122364
v -0.017435 1.721127 0.122083
v -0.015185 1.720191 0.119224
v -0.020809 1.719605 0.117968
v -0.019262 1.719491 0.115390
v -0.023200 1.719437 0.114922
v -0.022075 1.719592 0.112445
v -0.024747 1.719396 0.113717
v -0.024047 1.720203 0.110575
v -0.024887 1.720032 0.110217
v -0.025872 1.719857 0.112985
v -0.025172 1.719660 0.109940
v -0.025592 1.719553 0.115853
v -0.024747 1.719810 0.116833
v -0.022497 1.720836 0.119571
v -0.014622 1.723950 0.128464
v -0.026297 1.719574 0.115118
v -0.027137 1.720171 0.116215
v -0.026012 1.721174 0.117452
v -0.024047 1.722122 0.120190
v -0.028547 1.721349 0.116018
v -0.027984 1.723025 0.117071
v -0.024610 1.723829 0.120339
v -0.025449 1.728232 0.119955
v -0.020247 1.735371 0.123114
v -0.015467 1.740707 0.125749
v -0.011529 1.742869 0.128901
v -0.022075 1.739766 0.121239
v -0.027560 1.733482 0.118523
v -0.030092 1.725979 0.116314
v -0.030654 1.722802 0.115483
v -0.030372 1.720083 0.114251
v -0.033467 1.716919 0.111988
v -0.033610 1.720862 0.113033
v -0.033467 1.724417 0.113980
v -0.032905 1.729530 0.114882
v -0.030092 1.737799 0.117075
v -0.023905 1.743659 0.119931
v -0.025029 1.746649 0.119499
v -0.025309 1.760552 0.118159
v -0.025872 1.749807 0.119424
v -0.031637 1.740429 0.116846
v -0.035155 1.733638 0.113786
v -0.036280 1.727025 0.112206
v -0.036560 1.721648 0.110773
v -0.037824 1.716330 0.107459
v -0.035435 1.752639 0.115654
v -0.033047 1.743056 0.116584
v -0.037122 1.736695 0.113073
v -0.039250 1.729458 0.110054
v -0.039234 1.722819 0.108360
v -0.041342 1.744993 0.111862
v -0.039234 1.740755 0.112458
v -0.044431 1.735745 0.106204
v -0.042434 1.724809 0.104893
v -0.041199 1.716727 0.103752
v -0.045700 1.716253 0.096020
v -0.047713 1.726004 0.097818
v -0.049693 1.736935 0.100071
v -0.045299 1.740590 0.107242
v -0.046685 1.747264 0.108079
v -0.051047 1.743789 0.102326
v -0.055405 1.739460 0.091100
v -0.052874 1.725941 0.086966
v -0.050624 1.715415 0.083549
v -0.058359 1.760713 0.095832
v -0.057934 1.751219 0.093966
v -0.051749 1.706956 0.059809
v -0.056387 1.715396 0.063221
v -0.059199 1.726513 0.066643
v -0.062859 1.741409 0.070012
v -0.065387 1.727430 0.038325
v -0.061172 1.716736 0.040288
v -0.053860 1.707243 0.046007
v -0.063842 1.728269 0.026536
v -0.056672 1.716575 0.029296
v -0.043450 1.670364 0.019931
v -0.049779 1.680637 -0.002979
v -0.047376 1.703575 -0.016018
v -0.046464 1.694716 -0.019182
v 0.048872 1.704333 -0.017338
v 0.045729 1.681520 -0.003184
v 0.045778 1.695799 -0.020769
v 0.043453 1.670364 0.019931
v 0.032203 1.675986 0.042586
v 0.034033 1.663027 0.038226
v 0.018425 1.669397 0.052359
v 0.019266 1.658272 0.048761
v 0.000001 1.667986 0.058384
v 0.000001 1.658737 0.054834
v -0.019262 1.658272 0.048761
v -0.018422 1.669397 0.052359
v -0.034030 1.663027 0.038226
v -0.032200 1.675986 0.042589
vt 0.451150 0.251051
vt 0.416450 0.249151
vt 0.417750 0.216451
vt 0.451650 0.204151
vt 0.479950 0.196151
vt 0.417350 0.098751
vt 0.452050 0.097251
vt 0.418250 0.131351
vt 0.451950 0.144151
vt 0.480250 0.152451
vt 0.485250 0.174351
vt 0.500150 0.174651
vt 0.456950 0.174151
vt 0.850650 0.185051
vt 0.877650 0.185951
vt 0.850350 0.216651
vt 0.863450 0.301751
vt 0.878750 0.216151
vt 0.890650 0.292851
vt 0.835950 0.309251
vt 0.827050 0.214751
vt 0.824850 0.184751
vt 0.833850 0.407151
vt 0.857150 0.406151
vt 0.884850 0.397451
vt 0.913950 0.393051
vt 0.903250 0.213951
vt 0.916950 0.291551
vt 0.932850 0.386851
vt 0.951650 0.380751
vt 0.952350 0.292951
vt 0.929550 0.211351
vt 0.959750 0.210951
vt 0.957050 0.182951
vt 0.929650 0.182951
vt 0.926750 0.156051
vt 0.902950 0.188351
vt 0.902450 0.155651
vt 0.878350 0.155151
vt 0.851250 0.154651
vt 0.823250 0.158251
vt 0.790050 0.154651
vt 0.791450 0.182351
vt 0.793350 0.217351
vt 0.810950 0.318451
vt 0.810550 0.405251
vt 0.834350 0.460851
vt 0.857650 0.452351
vt 0.885650 0.445751
vt 0.913950 0.440351
vt 0.933350 0.422851
vt 0.950550 0.411551
vt 0.996450 0.408951
vt 0.993250 0.370351
vt 0.991450 0.294151
vt 0.991550 0.214251
vt 0.990450 0.183451
vt 0.955050 0.153651
vt 0.921950 0.127751
vt 0.898950 0.130351
vt 0.874850 0.125651
vt 0.850450 0.127351
vt 0.824450 0.130751
vt 0.787950 0.128051
vt 0.750550 0.153351
vt 0.747850 0.122551
vt 0.710750 0.149351
vt 0.715450 0.123251
vt 0.682350 0.150651
vt 0.673050 0.120451
vt 0.634750 0.117651
vt 0.662550 0.080151
vt 0.634150 0.081251
vt 0.661950 0.034551
vt 0.633250 0.035751
vt 0.810050 0.462851
vt 0.783450 0.404751
vt 0.785450 0.335051
vt 0.752150 0.219451
vt 0.752550 0.183451
vt 0.710750 0.182351
vt 0.680050 0.180951
vt 0.630650 0.149351
vt 0.628850 0.182851
vt 0.628450 0.214251
vt 0.991150 0.148751
vt 0.953850 0.118351
vt 0.913950 0.100551
vt 0.878050 0.102151
vt 0.842750 0.100451
vt 0.808150 0.097351
vt 0.777150 0.087951
vt 0.747350 0.080351
vt 0.721450 0.078651
vt 0.718150 0.033251
vt 0.691750 0.033251
vt 0.692950 0.079151
vt 0.992350 0.117751
vt 0.953750 0.089651
vt 0.992650 0.081651
vt 0.746750 0.034251
vt 0.775450 0.037451
vt 0.806950 0.036351
vt 0.837850 0.000651
vt 0.874550 0.001851
vt 0.911850 0.038251
vt 0.954950 0.036351
vt 0.991650 0.037051
vt 0.747150 0.434951
vt 0.723550 0.430251
vt 0.722250 0.409151
vt 0.699450 0.411051
vt 0.701350 0.428051
vt 0.678050 0.412751
vt 0.678650 0.423751
vt 0.653350 0.414051
vt 0.626450 0.369951
vt 0.653550 0.321151
vt 0.628550 0.294451
vt 0.680650 0.216751
vt 0.713150 0.216851
vt 0.747450 0.406651
vt 0.781250 0.459651
vt 0.628250 0.411551
vt 0.950950 0.505751
vt 0.973850 0.505951
vt 0.974850 0.560451
vt 0.973250 0.613351
vt 0.949550 0.558551
vt 0.923750 0.506851
vt 0.770750 0.586851
vt 0.805050 0.595751
vt 0.808950 0.694851
vt 0.830350 0.692251
vt 0.813950 0.726951
vt 0.839150 0.727251
vt 0.817750 0.761051
vt 0.843550 0.767651
vt 0.846650 0.814951
vt 0.875450 0.782451
vt 0.884550 0.820051
vt 0.911250 0.784151
vt 0.914650 0.821551
vt 0.946850 0.820651
vt 0.940450 0.779651
vt 0.973950 0.763351
vt 0.940150 0.733951
vt 0.971850 0.693451
vt 0.938650 0.688051
vt 0.944550 0.615451
vt 0.922250 0.558551
vt 0.890150 0.506851
vt 0.890150 0.558551
vt 0.857150 0.507851
vt 0.860050 0.557651
vt 0.828450 0.507351
vt 0.831350 0.556251
vt 0.795550 0.506851
vt 0.803650 0.556251
vt 0.765650 0.506851
vt 0.772450 0.559451
vt 0.732150 0.506851
vt 0.739850 0.561351
vt 0.697050 0.507851
vt 0.710250 0.560451
vt 0.675250 0.560451
vt 0.650850 0.507851
vt 0.641150 0.561351
vt 0.977650 0.816151
vt 0.875150 0.611351
vt 0.910550 0.614451
vt 0.912850 0.685051
vt 0.906350 0.731051
vt 0.874550 0.729451
vt 0.859950 0.688651
vt 0.838050 0.604751
vt 0.884450 0.686051
vt 0.834550 0.877251
vt 0.810250 0.880151
vt 0.815550 0.812551
vt 0.787150 0.811251
vt 0.785550 0.882751
vt 0.761950 0.810751
vt 0.756950 0.884051
vt 0.734950 0.809551
vt 0.728250 0.884051
vt 0.705950 0.809551
vt 0.700950 0.880151
vt 0.672150 0.809451
vt 0.669050 0.876251
vt 0.635350 0.872651
vt 0.635350 0.815651
vt 0.665650 0.760451
vt 0.637050 0.761051
vt 0.636050 0.694851
vt 0.663450 0.695151
vt 0.662950 0.617951
vt 0.690350 0.622651
vt 0.719850 0.632251
vt 0.746250 0.643851
vt 0.778950 0.696651
vt 0.785250 0.728151
vt 0.793350 0.765351
vt 0.863650 0.873651
vt 0.892950 0.871651
vt 0.924250 0.871651
vt 0.951550 0.871651
vt 0.977650 0.873651
vt 0.636750 0.612751
vt 0.692150 0.695451
vt 0.683450 0.735651
vt 0.773050 0.753251
vt 0.749950 0.758651
vt 0.759350 0.728151
vt 0.737150 0.728151
vt 0.732950 0.759751
vt 0.711350 0.729351
vt 0.714750 0.760451
vt 0.691750 0.757751
vt 0.717950 0.773951
vt 0.692550 0.768751
vt 0.719850 0.695451
vt 0.747850 0.696951
vt 0.773050 0.768051
vt 0.742750 0.775451
vt 0.658850 0.556351
vt 0.658850 0.550551
vt 0.654850 0.545451
vt 0.648650 0.541051
vt 0.654950 0.562451
vt 0.648250 0.564851
vt 0.640050 0.540851
vt 0.632950 0.544051
vt 0.640750 0.564651
vt 0.634050 0.561951
vt 0.629050 0.550051
vt 0.629850 0.556451
vt 0.648650 0.541051
vt 0.654850 0.545451
vt 0.658850 0.550551
vt 0.658850 0.556351
vt 0.654950 0.562451
vt 0.640050 0.540851
vt 0.648250 0.564851
vt 0.632950 0.544051
vt 0.640750 0.564651
vt 0.629050 0.550051
vt 0.634050 0.561951
vt 0.629850 0.556451
vt 0.662950 0.617951
vt 0.675250 0.560451
vt 0.641150 0.561351
vt 0.636750 0.612751
vt 0.636050 0.694851
vt 0.828450 0.507351
vt 0.795550 0.506851
vt 0.803650 0.556251
vt 0.772450 0.559451
vt 0.770750 0.586851
vt 0.739850 0.561351
vt 0.765650 0.506851
vt 0.732150 0.506851
vt 0.710250 0.560451
vt 0.697050 0.507851
vt 0.650850 0.507851
vt 0.808950 0.694851
vt 0.805050 0.595751
vt 0.831350 0.556251
vt 0.857150 0.507851
vt 0.773050 0.768051
vt 0.793350 0.765351
vt 0.773050 0.753251
vt 0.785250 0.728151
vt 0.813950 0.726951
vt 0.830350 0.692251
vt 0.838050 0.604751
vt 0.860050 0.557651
vt 0.890150 0.506851
vt 0.890150 0.558551
vt 0.923750 0.506851
vt 0.922250 0.558551
vt 0.950950 0.505751
vt 0.949550 0.558551
vt 0.974850 0.560451
vt 0.973250 0.613351
vt 0.944550 0.615451
vt 0.938650 0.688051
vt 0.912850 0.685051
vt 0.940150 0.733951
vt 0.906350 0.731051
vt 0.940450 0.779651
vt 0.911250 0.784151
vt 0.946850 0.820651
vt 0.914650 0.821551
vt 0.924250 0.871651
vt 0.892950 0.871651
vt 0.884550 0.820051
vt 0.863650 0.873651
vt 0.846650 0.814951
vt 0.834550 0.877251
vt 0.815550 0.812551
vt 0.810250 0.880151
vt 0.787150 0.811251
vt 0.785550 0.882751
vt 0.761950 0.810751
vt 0.756950 0.884051
vt 0.734950 0.809551
vt 0.728250 0.884051
vt 0.705950 0.809551
vt 0.700950 0.880151
vt 0.672150 0.809451
vt 0.669050 0.876251
vt 0.635350 0.872651
vt 0.635350 0.815651
vt 0.665650 0.760451
vt 0.637050 0.761051
vt 0.663450 0.695151
vt 0.690350 0.622651
vt 0.719850 0.632251
vt 0.746250 0.643851
vt 0.778950 0.696651
vt 0.759350 0.728151
vt 0.749950 0.758651
vt 0.742750 0.775451
vt 0.717950 0.773951
vt 0.692550 0.768751
vt 0.691750 0.757751
vt 0.683450 0.735651
vt 0.711350 0.729351
vt 0.692150 0.695451
vt 0.719850 0.695451
vt 0.747850 0.696951
vt 0.737150 0.728151
vt 0.732950 0.759751
vt 0.714750 0.760451
vt 0.973850 0.505951
vt 0.884450 0.686051
vt 0.951550 0.871651
vt 0.817750 0.761051
vt 0.843550 0.767651
vt 0.839150 0.727251
vt 0.875450 0.782451
vt 0.874550 0.729451
vt 0.859950 0.688651
vt 0.875150 0.611351
vt 0.910550 0.614451
vt 0.971850 0.693451
vt 0.973950 0.763351
vt 0.977650 0.816151
vt 0.977650 0.873651
vt 0.966150 0.982851
vt 0.966850 0.959751
vt 0.941850 0.981151
vt 0.876050 0.984351
vt 0.898050 0.983051
vt 0.886850 0.966151
vt 0.920950 0.981051
vt 0.914850 0.965451
vt 0.941850 0.957651
vt 0.969450 0.896751
vt 0.943650 0.891951
vt 0.918450 0.891251
vt 0.887750 0.891051
vt 0.860150 0.895051
vt 0.851750 0.955951
vt 0.833050 0.900251
vt 0.823550 0.953651
vt 0.808850 0.904351
vt 0.792350 0.954751
vt 0.785450 0.907051
vt 0.767050 0.962251
vt 0.759450 0.912651
vt 0.745450 0.973151
vt 0.731450 0.912251
vt 0.722050 0.974751
vt 0.704950 0.908851
vt 0.698150 0.968251
vt 0.672250 0.960251
vt 0.695750 0.986251
vt 0.670950 0.984051
vt 0.643650 0.958651
vt 0.643250 0.980551
vt 0.721750 0.990151
vt 0.746450 0.988851
vt 0.762750 0.988251
vt 0.774450 0.986251
vt 0.794950 0.984051
vt 0.820250 0.982951
vt 0.847650 0.983751
vt 0.675550 0.903551
vt 0.642950 0.895751
vt 0.229450 0.201651
vt 0.234450 0.170951
vt 0.279850 0.190151
vt 0.258150 0.255051
vt 0.219250 0.242851
vt 0.193550 0.274351
vt 0.161250 0.290951
vt 0.105850 0.294851
vt 0.110750 0.270451
vt 0.149850 0.266551
vt 0.174350 0.248751
vt 0.195050 0.223651
vt 0.207150 0.197651
vt 0.209950 0.170651
vt 0.207450 0.143651
vt 0.229750 0.140051
vt 0.195550 0.117551
vt 0.219850 0.098751
vt 0.175050 0.092051
vt 0.194450 0.066751
vt 0.163150 0.053951
vt 0.209350 0.045851
vt 0.173250 0.028251
vt 0.102950 0.022451
vt 0.109150 0.048751
vt 0.055050 0.049751
vt 0.080450 0.082951
vt 0.025750 0.098551
vt 0.061150 0.119951
vt 0.055050 0.167951
vt 0.013050 0.164051
vt 0.056050 0.214751
vt 0.019950 0.228451
vt 0.072650 0.255851
vt 0.043350 0.289051
vt 0.104550 0.319651
vt 0.169350 0.306551
vt 0.207450 0.289951
vt 0.256850 0.270451
vt 0.271350 0.256251
vt 0.342650 0.218651
vt 0.353050 0.169651
vt 0.432050 0.174051
vt 0.343250 0.120451
vt 0.272250 0.074651
vt 0.257850 0.060251
vt 0.258950 0.075651
vt 0.280050 0.140951
vt 0.283150 0.165551
vt 0.285850 0.142151
vt 0.301650 0.165751
vt 0.294150 0.141051
vt 0.301650 0.137251
vt 0.301350 0.194151
vt 0.293950 0.190251
vt 0.285550 0.189051
vt 0.113050 0.073551
vt 0.149450 0.077451
vt 0.857150 0.406151
vt 0.884850 0.397451
vt 0.863450 0.301751
vt 0.833850 0.407151
vt 0.885650 0.445751
vt 0.913950 0.440351
vt 0.857650 0.452351
vt 0.834350 0.460851
vt 0.810050 0.462851
vt 0.810550 0.405251
vt 0.781250 0.459651
vt 0.783450 0.404751
vt 0.747150 0.434951
vt 0.747450 0.406651
vt 0.723550 0.430251
vt 0.722250 0.409151
vt 0.701350 0.428051
vt 0.699450 0.411051
vt 0.678650 0.423751
vt 0.678050 0.412751
vt 0.653350 0.414051
vt 0.653550 0.321151
vt 0.680650 0.216751
vt 0.713150 0.216851
vt 0.752150 0.219451
vt 0.785450 0.335051
vt 0.810950 0.318451
vt 0.835950 0.309251
vt 0.850350 0.216651
vt 0.827050 0.214751
vt 0.850650 0.185051
vt 0.824850 0.184751
vt 0.793350 0.217351
vt 0.791450 0.182351
vt 0.991150 0.148751
vt 0.992350 0.117751
vt 0.953850 0.118351
vt 0.953750 0.089651
vt 0.992650 0.081651
vt 0.991650 0.037051
vt 0.954950 0.036351
vt 0.913950 0.100551
vt 0.911850 0.038251
vt 0.878050 0.102151
vt 0.874550 0.001851
vt 0.842750 0.100451
vt 0.837850 0.000651
vt 0.808150 0.097351
vt 0.806950 0.036351
vt 0.777150 0.087951
vt 0.775450 0.037451
vt 0.747350 0.080351
vt 0.746750 0.034251
vt 0.721450 0.078651
vt 0.718150 0.033251
vt 0.692950 0.079151
vt 0.691750 0.033251
vt 0.662550 0.080151
vt 0.661950 0.034551
vt 0.633250 0.035751
vt 0.634150 0.081251
vt 0.634750 0.117651
vt 0.673050 0.120451
vt 0.682350 0.150651
vt 0.715450 0.123251
vt 0.710750 0.149351
vt 0.747850 0.122551
vt 0.750550 0.153351
vt 0.787950 0.128051
vt 0.790050 0.154651
vt 0.824450 0.130751
vt 0.823250 0.158251
vt 0.850450 0.127351
vt 0.851250 0.154651
vt 0.874850 0.125651
vt 0.878350 0.155151
vt 0.898950 0.130351
vt 0.902450 0.155651
vt 0.921950 0.127751
vt 0.926750 0.156051
vt 0.955050 0.153651
vt 0.957050 0.182951
vt 0.990450 0.183451
vt 0.959750 0.210951
vt 0.991550 0.214251
vt 0.952350 0.292951
vt 0.991450 0.294151
vt 0.993250 0.370351
vt 0.951650 0.380751
vt 0.996250 0.406351
vt 0.950650 0.409651
vt 0.932850 0.386851
vt 0.933350 0.422851
vt 0.913950 0.393051
vt 0.890650 0.292851
vt 0.878750 0.216151
vt 0.877650 0.185951
vt 0.752550 0.183451
vt 0.710750 0.182351
vt 0.680050 0.180951
vt 0.628450 0.214251
vt 0.628550 0.294451
vt 0.626450 0.369951
vt 0.628150 0.408751
vt 0.630650 0.149351
vt 0.628850 0.182851
vt 0.902950 0.188351
vt 0.929650 0.182951
vt 0.929550 0.211351
vt 0.916950 0.291551
vt 0.903250 0.213951
vt 0.966150 0.982851
vt 0.941850 0.981151
vt 0.966850 0.959751
vt 0.704950 0.908851
vt 0.672250 0.960251
vt 0.675550 0.903551
vt 0.643650 0.958651
vt 0.643250 0.980551
vt 0.670950 0.984051
vt 0.698150 0.968251
vt 0.695750 0.986251
vt 0.722050 0.974751
vt 0.721750 0.990151
vt 0.745450 0.973151
vt 0.746450 0.988851
vt 0.767050 0.962251
vt 0.762750 0.988251
vt 0.774450 0.986251
vt 0.792350 0.954751
vt 0.794950 0.984051
vt 0.823550 0.953651
vt 0.820250 0.982951
vt 0.847650 0.983751
vt 0.851750 0.955951
vt 0.876050 0.984351
vt 0.886850 0.966151
vt 0.898050 0.983051
vt 0.914850 0.965451
vt 0.920950 0.981051
vt 0.941850 0.957651
vt 0.969450 0.896751
vt 0.943650 0.891951
vt 0.918450 0.891251
vt 0.887750 0.891051
vt 0.860150 0.895051
vt 0.833050 0.900251
vt 0.808850 0.904351
vt 0.785450 0.907051
vt 0.759450 0.912651
vt 0.731450 0.912251
vt 0.642950 0.895751
vt 0.727550 0.487351
vt 0.724650 0.484751
vt 0.723850 0.487951
vt 0.718250 0.487751
vt 0.718250 0.481651
vt 0.710150 0.487851
vt 0.710150 0.480251
vt 0.701350 0.487451
vt 0.701450 0.478751
vt 0.689850 0.487251
vt 0.689850 0.480151
vt 0.679250 0.487251
vt 0.679250 0.480151
vt 0.667750 0.487451
vt 0.690150 0.475151
vt 0.641650 0.487351
vt 0.645250 0.487951
vt 0.644450 0.484751
vt 0.650850 0.481651
vt 0.650950 0.487751
vt 0.658950 0.480251
vt 0.659050 0.487851
vt 0.667750 0.478751
vt 0.679250 0.475251
vt 0.679150 0.472651
vt 0.690350 0.472851
vt 0.686750 0.471451
vt 0.682750 0.471451
vt 0.686750 0.471451
vt 0.682750 0.471451
vt 0.676050 0.469051
vt 0.693650 0.468351
vt 0.694750 0.461551
vt 0.704550 0.466751
vt 0.704750 0.461851
vt 0.712250 0.467051
vt 0.713650 0.463051
vt 0.723950 0.468251
vt 0.656650 0.463451
vt 0.649150 0.466951
vt 0.659850 0.466651
vt 0.668850 0.467351
vt 0.668550 0.462151
vt 0.677450 0.462151
vt 0.060750 0.500051
vt 0.099650 0.480451
vt 0.087950 0.512451
vt 0.132450 0.496051
vt 0.123050 0.520251
vt 0.160950 0.499851
vt 0.213850 0.492951
vt 0.181750 0.509051
vt 0.152350 0.524151
vt 0.117150 0.542551
vt 0.147250 0.544051
vt 0.177750 0.530051
vt 0.168950 0.544451
vt 0.194150 0.517651
vt 0.214450 0.508451
vt 0.219050 0.519451
vt 0.204650 0.531351
vt 0.186250 0.546951
vt 0.200950 0.551851
vt 0.211850 0.558751
vt 0.209550 0.564151
vt 0.205050 0.544851
vt 0.218350 0.555451
vt 0.216350 0.566351
vt 0.220750 0.567351
vt 0.220350 0.568151
vt 0.219650 0.568151
vt 0.221350 0.567651
vt 0.222350 0.566951
vt 0.228750 0.566751
vt 0.226950 0.562251
vt 0.243850 0.567051
vt 0.241450 0.560651
vt 0.257550 0.570051
vt 0.240350 0.553451
vt 0.255650 0.562251
vt 0.225350 0.568351
vt 0.222050 0.568051
vt 0.420950 0.531251
vt 0.404650 0.517751
vt 0.444450 0.524751
vt 0.394550 0.531451
vt 0.398150 0.551951
vt 0.394150 0.544951
vt 0.412250 0.547151
vt 0.384750 0.543351
vt 0.382050 0.555051
vt 0.387650 0.558851
vt 0.383450 0.566451
vt 0.389850 0.564251
vt 0.380150 0.564651
vt 0.379150 0.567451
vt 0.377650 0.567051
vt 0.342550 0.512651
vt 0.343550 0.495351
vt 0.359150 0.500651
vt 0.324350 0.494551
vt 0.323850 0.513651
vt 0.341750 0.529251
vt 0.322750 0.531651
vt 0.301850 0.535951
vt 0.285550 0.541151
vt 0.276850 0.536751
vt 0.302250 0.532751
vt 0.325350 0.536351
vt 0.344450 0.538651
vt 0.358650 0.522851
vt 0.357650 0.511551
vt 0.385150 0.508551
vt 0.358850 0.487851
vt 0.345450 0.482751
vt 0.324750 0.482151
vt 0.300850 0.481751
vt 0.301850 0.495751
vt 0.345750 0.543351
vt 0.359150 0.540051
vt 0.359750 0.546351
vt 0.360450 0.553951
vt 0.357050 0.567151
vt 0.359450 0.561651
vt 0.372150 0.567151
vt 0.374150 0.562751
vt 0.374450 0.554651
vt 0.374750 0.543351
vt 0.376050 0.533351
vt 0.380750 0.519551
vt 0.378550 0.567751
vt 0.379550 0.568251
vt 0.380250 0.568351
vt 0.345750 0.562351
vt 0.343950 0.570151
vt 0.354450 0.569851
vt 0.369150 0.568351
vt 0.374750 0.568451
vt 0.377950 0.568151
vt 0.378150 0.568451
vt 0.330050 0.571451
vt 0.331650 0.562951
vt 0.314850 0.570951
vt 0.316950 0.562351
vt 0.301650 0.562251
vt 0.302050 0.551851
vt 0.317350 0.552251
vt 0.302250 0.540251
vt 0.316850 0.540951
vt 0.332050 0.552651
vt 0.330950 0.541751
vt 0.346450 0.552951
vt 0.301650 0.569551
vt 0.287950 0.570751
vt 0.272050 0.571251
vt 0.270350 0.562851
vt 0.285750 0.562251
vt 0.285350 0.552151
vt 0.341750 0.572251
vt 0.328850 0.573451
vt 0.315050 0.572951
vt 0.301650 0.572351
vt 0.287750 0.572851
vt 0.273350 0.573351
vt 0.259850 0.572151
vt 0.246550 0.569651
vt 0.231150 0.568151
vt 0.370050 0.459751
vt 0.354150 0.476951
vt 0.328850 0.461851
vt 0.326950 0.470151
vt 0.301550 0.469051
vt 0.301550 0.457651
vt 0.301450 0.439851
vt 0.392350 0.442951
vt 0.420250 0.465551
vt 0.434050 0.450051
vt 0.498450 0.475551
vt 0.301450 0.431351
vt 0.206950 0.442751
vt 0.177850 0.465451
vt 0.163450 0.449951
vt 0.230250 0.459551
vt 0.273250 0.461651
vt 0.275250 0.470051
vt 0.277550 0.482051
vt 0.255950 0.482651
vt 0.257950 0.495251
vt 0.241650 0.500551
vt 0.241950 0.487651
vt 0.246950 0.476751
vt 0.217750 0.480251
vt 0.168450 0.483951
vt 0.416450 0.509251
vt 0.385750 0.493051
vt 0.277950 0.494451
vt 0.258950 0.512451
vt 0.243250 0.511451
vt 0.301450 0.495651
vt 0.278450 0.513451
vt 0.259750 0.529151
vt 0.279650 0.531551
vt 0.301450 0.512751
vt 0.302250 0.529251
vt 0.301850 0.512851
vt 0.256950 0.536551
vt 0.242250 0.522651
vt 0.254850 0.552851
vt 0.269950 0.552451
vt 0.271450 0.541551
vt 0.255650 0.543251
vt 0.241550 0.538151
vt 0.223950 0.533251
vt 0.214950 0.543251
vt 0.219750 0.564551
vt 0.226750 0.554451
vt 0.240650 0.545751
vt 0.225350 0.543251
vt 0.475550 0.520451
vt 0.471350 0.496151
vt 0.510650 0.516051
vt 0.436350 0.499951
vt 0.429250 0.484051
vt 0.382050 0.480351
vt 0.538050 0.500451
vt 0.047950 0.465751
vt 0.082450 0.457951
vt 0.435250 0.435451
vt 0.301150 0.418851
vt 0.514050 0.457951
vt 0.556350 0.460851
vt 0.163850 0.434151
vt 0.547750 0.530251
vt 0.562350 0.506651
vt 0.589550 0.554651
vt 0.618250 0.534451
vt 0.606350 0.641051
vt 0.584350 0.478451
vt 0.035050 0.501951
vt 0.051450 0.525451
vt 0.018750 0.546451
vt 0.016550 0.482351
vt 0.001850 0.527751
vt 0.010150 0.636151
vt 0.003850 0.674851
vt 0.000850 0.748951
vt 0.000450 0.670951
vt 0.002350 0.746451
vt 0.003650 0.746451
vt 0.007350 0.680251
vt 0.005250 0.744451
vt 0.006650 0.744951
vt 0.008050 0.749351
vt 0.010950 0.688651
vt 0.010150 0.742251
vt 0.011050 0.743751
vt 0.011750 0.745051
vt 0.012750 0.746651
vt 0.016450 0.711451
vt 0.017950 0.741151
vt 0.017050 0.764551
vt 0.073650 0.684551
vt 0.041450 0.701151
vt 0.039750 0.662351
vt 0.032650 0.689451
vt 0.017950 0.729951
vt 0.029750 0.735351
vt 0.021850 0.688451
vt 0.043850 0.755351
vt 0.028250 0.772451
vt 0.044450 0.840751
vt 0.058650 0.790951
vt 0.066150 0.820051
vt 0.072350 0.885151
vt 0.105850 0.869051
vt 0.109150 0.935451
vt 0.130250 0.895451
vt 0.131250 0.961851
vt 0.162550 0.917951
vt 0.205450 0.931551
vt 0.187950 0.976551
vt 0.253350 0.941351
vt 0.302150 0.943651
vt 0.301550 0.886351
vt 0.347950 0.941451
vt 0.303450 0.993751
vt 0.275750 0.992151
vt 0.620850 0.648351
vt 0.620250 0.738751
vt 0.613850 0.673051
vt 0.619550 0.675451
vt 0.615950 0.737151
vt 0.614350 0.737151
vt 0.609850 0.679051
vt 0.612450 0.735651
vt 0.610750 0.736051
vt 0.609050 0.739351
vt 0.607050 0.692451
vt 0.605850 0.738251
vt 0.599550 0.717451
vt 0.601350 0.741751
vt 0.600950 0.765551
vt 0.598050 0.745051
vt 0.594650 0.728951
vt 0.584350 0.737751
vt 0.589550 0.768851
vt 0.564250 0.753251
vt 0.525950 0.682951
vt 0.556050 0.667451
vt 0.560250 0.700451
vt 0.570750 0.774351
vt 0.558050 0.790951
vt 0.546950 0.790251
vt 0.527150 0.820151
vt 0.547950 0.840851
vt 0.507550 0.921851
vt 0.489150 0.869151
vt 0.465750 0.895551
vt 0.463250 0.915951
vt 0.443750 0.930251
vt 0.434950 0.918051
vt 0.395550 0.973951
vt 0.393750 0.931651
vt 0.374150 0.991451
vt 0.317450 0.986951
vt 0.303450 0.993151
vt 0.001550 0.644451
vt 0.037450 0.873451
vt 0.048050 0.862851
vt 0.013950 0.916551
vt 0.034050 0.958451
vt 0.017250 0.955851
vt 0.046350 0.889151
vt 0.037450 0.873451
vt 0.077450 0.910351
vt 0.077250 0.898151
vt 0.060250 0.923151
vt 0.055350 0.986551
vt 0.029450 0.976651
vt 0.042550 0.870451
vt 0.075250 0.959051
vt 0.088750 0.918251
vt 0.083550 0.975951
vt 0.085850 0.858951
vt 0.100950 0.866451
vt 0.083050 0.879551
vt 0.105250 0.859551
vt 0.104250 0.887651
vt 0.088850 0.888351
vt 0.080250 0.882451
vt 0.071150 0.868451
vt 0.018250 0.955451
vt 0.055350 0.986551
vt 0.030450 0.976351
vt 0.035050 0.958151
vt 0.083550 0.975951
vt 0.076450 0.958751
vt 0.102250 0.924351
vt 0.090150 0.917851
vt 0.078750 0.909951
vt 0.078450 0.897751
vt 0.047450 0.888651
vt 0.065750 0.854551
vt 0.092050 0.846351
vt 0.038550 0.872951
vt 0.063450 0.847651
vt 0.043650 0.869951
vt 0.014950 0.916151
vt 0.061350 0.922751
vt 0.038550 0.872951
vt 0.049150 0.862351
vt 0.318450 0.755451
vt 0.328150 0.749751
vt 0.335150 0.758951
vt 0.339650 0.745151
vt 0.348050 0.761251
vt 0.353850 0.756851
vt 0.368850 0.764251
vt 0.375450 0.759351
vt 0.390050 0.762851
vt 0.379650 0.755251
vt 0.391450 0.758551
vt 0.392950 0.751651
vt 0.381650 0.749451
vt 0.368150 0.748751
vt 0.383350 0.744251
vt 0.373550 0.742151
vt 0.385550 0.740551
vt 0.395050 0.740651
vt 0.393850 0.745051
vt 0.414950 0.825951
vt 0.418650 0.809051
vt 0.448250 0.810551
vt 0.447350 0.799151
vt 0.422650 0.801351
vt 0.423050 0.785151
vt 0.391050 0.799751
vt 0.376850 0.808551
vt 0.386650 0.831051
vt 0.415550 0.870951
vt 0.454350 0.849851
vt 0.477150 0.797351
vt 0.473050 0.780351
vt 0.444450 0.784151
vt 0.175050 0.785051
vt 0.207650 0.798151
vt 0.175550 0.801251
vt 0.150750 0.796851
vt 0.153150 0.784351
vt 0.122650 0.780251
vt 0.126850 0.769751
vt 0.088350 0.757151
vt 0.104550 0.749851
vt 0.093250 0.731551
vt 0.115950 0.745551
vt 0.113450 0.737451
vt 0.135850 0.752851
vt 0.135050 0.742751
vt 0.149550 0.747251
vt 0.147150 0.742951
vt 0.161050 0.742251
vt 0.155450 0.741651
vt 0.157350 0.741151
vt 0.159250 0.738551
vt 0.178250 0.777651
vt 0.155850 0.776151
vt 0.160450 0.769851
vt 0.133050 0.761551
vt 0.148850 0.758851
vt 0.152150 0.755851
vt 0.162750 0.762551
vt 0.176650 0.765351
vt 0.181250 0.772551
vt 0.203250 0.775651
vt 0.331950 0.671451
vt 0.338350 0.676151
vt 0.325150 0.686951
vt 0.323250 0.673451
vt 0.329850 0.660851
vt 0.322650 0.661851
vt 0.322250 0.654351
vt 0.313150 0.655051
vt 0.313450 0.648451
vt 0.301750 0.645651
vt 0.301550 0.636251
vt 0.289350 0.648351
vt 0.286850 0.644651
vt 0.276550 0.647151
vt 0.276850 0.644251
vt 0.270050 0.642251
vt 0.268650 0.639151
vt 0.264050 0.639351
vt 0.268550 0.635851
vt 0.264750 0.634451
vt 0.268650 0.645151
vt 0.301850 0.663651
vt 0.301650 0.654351
vt 0.289650 0.654851
vt 0.280150 0.654251
vt 0.270350 0.652151
vt 0.259650 0.648851
vt 0.255050 0.643251
vt 0.249750 0.636051
vt 0.249650 0.630051
vt 0.243850 0.641051
vt 0.249150 0.644251
vt 0.241350 0.651451
vt 0.249050 0.655451
vt 0.288950 0.685251
vt 0.301850 0.685851
vt 0.302150 0.699851
vt 0.288050 0.698151
vt 0.277050 0.687951
vt 0.279150 0.672951
vt 0.270050 0.671251
vt 0.272250 0.660751
vt 0.264350 0.659351
vt 0.260150 0.667451
vt 0.256250 0.657851
vt 0.252150 0.664251
vt 0.279850 0.661751
vt 0.263350 0.676051
vt 0.289150 0.674851
vt 0.301750 0.674851
vt 0.313950 0.685351
vt 0.314650 0.698251
vt 0.301450 0.716751
vt 0.288050 0.715151
vt 0.278950 0.711851
vt 0.264550 0.685751
vt 0.255450 0.673251
vt 0.289350 0.662751
vt 0.313750 0.675151
vt 0.302050 0.753051
vt 0.301750 0.739451
vt 0.316450 0.750251
vt 0.314550 0.736851
vt 0.314650 0.715251
vt 0.313550 0.662851
vt 0.369750 0.726551
vt 0.385650 0.719351
vt 0.376950 0.727051
vt 0.382850 0.715351
vt 0.366550 0.719651
vt 0.381650 0.708651
vt 0.363350 0.713551
vt 0.380750 0.694751
vt 0.406950 0.689351
vt 0.407150 0.702351
vt 0.406450 0.712151
vt 0.392150 0.721651
vt 0.397250 0.734351
vt 0.387750 0.735651
vt 0.377750 0.734551
vt 0.367950 0.730351
vt 0.359750 0.731351
vt 0.353450 0.729351
vt 0.358650 0.701851
vt 0.377150 0.739751
vt 0.378150 0.737951
vt 0.386150 0.738851
vt 0.373250 0.736851
vt 0.371450 0.737251
vt 0.369250 0.739651
vt 0.365150 0.735051
vt 0.370350 0.734751
vt 0.397950 0.737151
vt 0.408050 0.735451
vt 0.407350 0.732751
vt 0.371750 0.733551
vt 0.364250 0.743251
vt 0.359650 0.740251
vt 0.395350 0.738951
vt 0.362950 0.751151
vt 0.350050 0.741151
vt 0.340050 0.727551
vt 0.343750 0.705051
vt 0.349950 0.682151
vt 0.337150 0.685851
vt 0.345950 0.673351
vt 0.324150 0.733151
vt 0.324650 0.712551
vt 0.222250 0.758651
vt 0.221350 0.754151
vt 0.236550 0.749951
vt 0.247150 0.756751
vt 0.251150 0.740951
vt 0.241050 0.740151
vt 0.247550 0.729251
vt 0.241050 0.731251
vt 0.233950 0.719551
vt 0.237250 0.713451
vt 0.218150 0.708551
vt 0.216650 0.714251
vt 0.229850 0.763951
vt 0.255050 0.760851
vt 0.262050 0.745051
vt 0.261650 0.727451
vt 0.242250 0.701751
vt 0.219150 0.694651
vt 0.191750 0.689251
vt 0.192150 0.704251
vt 0.193150 0.712851
vt 0.215050 0.718851
vt 0.230550 0.726351
vt 0.238950 0.651051
vt 0.241650 0.638651
vt 0.242150 0.661051
vt 0.245050 0.661551
vt 0.248650 0.669151
vt 0.236450 0.678351
vt 0.251250 0.682051
vt 0.257450 0.703451
vt 0.278950 0.733851
vt 0.273950 0.749651
vt 0.269950 0.758951
vt 0.284950 0.755851
vt 0.281950 0.762951
vt 0.302150 0.757451
vt 0.301850 0.763651
vt 0.288150 0.736751
vt 0.286350 0.751151
vt 0.419050 0.753651
vt 0.405550 0.752951
vt 0.405850 0.745451
vt 0.404950 0.760551
vt 0.420050 0.760251
vt 0.405550 0.764151
vt 0.420850 0.763951
vt 0.435950 0.762251
vt 0.442850 0.751951
vt 0.433950 0.759151
vt 0.431550 0.752451
vt 0.418050 0.745651
vt 0.428650 0.746651
vt 0.418250 0.739951
vt 0.438250 0.747251
vt 0.428650 0.740451
vt 0.406250 0.739751
vt 0.418350 0.737851
vt 0.428950 0.738651
vt 0.436750 0.743151
vt 0.447050 0.746451
vt 0.462750 0.752251
vt 0.438750 0.768951
vt 0.450450 0.759151
vt 0.416350 0.771751
vt 0.406550 0.738251
vt 0.442150 0.776351
vt 0.468550 0.770451
vt 0.419950 0.777751
vt 0.395950 0.775851
vt 0.393450 0.770851
vt 0.364050 0.770751
vt 0.342750 0.765551
vt 0.361250 0.777751
vt 0.394850 0.781651
vt 0.358850 0.794851
vt 0.332750 0.770851
vt 0.328550 0.768651
vt 0.322350 0.761951
vt 0.389750 0.878151
vt 0.342650 0.833251
vt 0.343150 0.804651
vt 0.327650 0.789051
vt 0.323450 0.776651
vt 0.315250 0.772951
vt 0.342850 0.884651
vt 0.321650 0.788051
vt 0.327150 0.804951
vt 0.329950 0.815251
vt 0.302150 0.831451
vt 0.258650 0.884551
vt 0.209850 0.878051
vt 0.182850 0.870851
vt 0.216850 0.830451
vt 0.183350 0.825851
vt 0.221850 0.808551
vt 0.179350 0.810051
vt 0.281650 0.788351
vt 0.283050 0.802951
vt 0.276950 0.802951
vt 0.273050 0.813551
vt 0.259550 0.832951
vt 0.259150 0.802651
vt 0.276050 0.788751
vt 0.279950 0.776951
vt 0.290650 0.785851
vt 0.302150 0.804651
vt 0.320450 0.804351
vt 0.312550 0.786451
vt 0.301750 0.784651
vt 0.287550 0.772951
vt 0.276450 0.769151
vt 0.272150 0.771951
vt 0.241650 0.793851
vt 0.261850 0.766151
vt 0.239650 0.775351
vt 0.204350 0.781551
vt 0.234750 0.768951
vt 0.193150 0.764751
vt 0.178150 0.760351
vt 0.205850 0.770651
vt 0.208750 0.762751
vt 0.193150 0.760351
vt 0.179650 0.753651
vt 0.164650 0.757951
vt 0.167050 0.752751
vt 0.155550 0.752551
vt 0.207750 0.758051
vt 0.193350 0.753451
vt 0.180250 0.744751
vt 0.180550 0.738551
vt 0.192650 0.744751
vt 0.168550 0.745951
vt 0.168750 0.739951
vt 0.160150 0.746751
vt 0.206350 0.752551
vt 0.160750 0.740751
vt 0.169450 0.738551
vt 0.218750 0.749251
vt 0.204050 0.744051
vt 0.192250 0.738751
vt 0.180250 0.736951
vt 0.215650 0.743551
vt 0.229750 0.746651
vt 0.224450 0.741451
vt 0.230350 0.738951
vt 0.236250 0.743151
vt 0.235450 0.734951
vt 0.227850 0.736951
vt 0.227450 0.734451
vt 0.229950 0.734651
vt 0.226450 0.735951
vt 0.222350 0.738751
vt 0.221850 0.737351
vt 0.213850 0.737551
vt 0.213850 0.738951
vt 0.203650 0.737251
vt 0.203650 0.738651
vt 0.192550 0.736551
vt 0.201950 0.733951
vt 0.208250 0.721851
vt 0.223050 0.727551
vt 0.212450 0.735851
vt 0.222250 0.734451
vt 0.232450 0.730251
vt 0.228450 0.733451
vt 0.201250 0.735451
vt 0.190250 0.733951
vt 0.190450 0.731551
vt 0.192350 0.718651
vt 0.160250 0.740051
vt 0.166950 0.735051
vt 0.167650 0.736651
vt 0.177550 0.734351
vt 0.176950 0.732151
vt 0.172750 0.719651
vt 0.171050 0.713851
vt 0.164150 0.702451
vt 0.161550 0.689851
vt 0.162250 0.670251
vt 0.192350 0.671651
vt 0.165450 0.653851
vt 0.156250 0.724751
vt 0.148150 0.731751
vt 0.151550 0.719151
vt 0.142350 0.711051
vt 0.137350 0.695451
vt 0.137650 0.671951
vt 0.137850 0.654251
vt 0.137450 0.733551
vt 0.021850 0.638151
vt 0.034250 0.630151
vt 0.076950 0.653451
vt 0.096150 0.670751
vt 0.089150 0.697451
vt 0.107750 0.700551
vt 0.125350 0.723851
vt 0.141750 0.727151
vt 0.142250 0.849751
vt 0.118450 0.797251
vt 0.072350 0.768351
vt 0.070050 0.723951
vt 0.148650 0.810451
vt 0.062350 0.848151
vt 0.064550 0.855051
vt 0.069950 0.868851
vt 0.084550 0.859451
vt 0.081750 0.880051
vt 0.099550 0.866951
vt 0.078950 0.882951
vt 0.085550 0.847251
vt 0.061550 0.858551
vt 0.090750 0.846951
vt 0.103850 0.860051
vt 0.102950 0.888051
vt 0.087550 0.888851
vt 0.115050 0.864651
vt 0.081550 0.862351
vt 0.102250 0.924351
vt 0.118950 0.864651
vt 0.115050 0.864651
vt 0.086850 0.846751
vt 0.062750 0.858051
vt 0.082850 0.861851
vt 0.596550 0.636151
vt 0.589250 0.639551
vt 0.583450 0.592251
vt 0.568150 0.557851
vt 0.539450 0.539551
vt 0.548750 0.564451
vt 0.552150 0.596651
vt 0.556050 0.636651
vt 0.519950 0.565851
vt 0.516550 0.540951
vt 0.477950 0.542451
vt 0.480450 0.564151
vt 0.521450 0.598751
vt 0.482650 0.591051
vt 0.521850 0.627951
vt 0.481450 0.623151
vt 0.376050 0.643151
vt 0.389750 0.621351
vt 0.395550 0.629551
vt 0.379050 0.650651
vt 0.398650 0.637151
vt 0.404350 0.654651
vt 0.425150 0.636351
vt 0.432150 0.653951
vt 0.442350 0.641751
vt 0.458550 0.654351
vt 0.457150 0.632851
vt 0.481350 0.649751
vt 0.524150 0.652651
vt 0.380650 0.673851
vt 0.406350 0.671751
vt 0.435150 0.670351
vt 0.458750 0.672151
vt 0.479650 0.672251
vt 0.498850 0.670251
vt 0.582450 0.687951
vt 0.589250 0.689851
vt 0.435850 0.689951
vt 0.459050 0.695651
vt 0.487350 0.700651
vt 0.505650 0.697351
vt 0.528750 0.722151
vt 0.521250 0.768451
vt 0.430850 0.701651
vt 0.406650 0.718851
vt 0.425450 0.712851
vt 0.452650 0.709351
vt 0.471350 0.723351
vt 0.501250 0.731751
vt 0.505950 0.757251
vt 0.419950 0.732351
vt 0.441550 0.723951
vt 0.430050 0.734551
vt 0.423450 0.718251
vt 0.455950 0.726151
vt 0.451450 0.731851
vt 0.444250 0.718651
vt 0.459350 0.733851
vt 0.445550 0.743551
vt 0.438250 0.738851
vt 0.452350 0.743351
vt 0.461950 0.743951
vt 0.481850 0.737551
vt 0.490350 0.749951
vt 0.460850 0.763651
vt 0.479450 0.745651
vt 0.436650 0.740351
vt 0.442050 0.743151
vt 0.215850 0.568651
vt 0.370750 0.568751
vt 0.372150 0.569451
vt 0.356450 0.570551
vt 0.376450 0.569051
vt 0.375650 0.568751
vt 0.377050 0.568651
vt 0.379250 0.568751
vt 0.301850 0.576451
vt 0.315250 0.578751
vt 0.301750 0.578851
vt 0.315350 0.575751
vt 0.301750 0.574951
vt 0.287450 0.575651
vt 0.287450 0.578551
vt 0.287650 0.583251
vt 0.301750 0.585451
vt 0.301650 0.591451
vt 0.315150 0.585351
vt 0.322450 0.605551
vt 0.337950 0.603451
vt 0.323550 0.619051
vt 0.308050 0.605551
vt 0.310450 0.596551
vt 0.301550 0.594551
vt 0.315350 0.593751
vt 0.328450 0.583151
vt 0.324950 0.578251
vt 0.338950 0.577751
vt 0.333450 0.575351
vt 0.353050 0.574151
vt 0.348250 0.572751
vt 0.359750 0.571451
vt 0.332550 0.591951
vt 0.342950 0.581551
vt 0.355950 0.577851
vt 0.368850 0.574551
vt 0.375150 0.570251
vt 0.377750 0.569551
vt 0.321050 0.596351
vt 0.333050 0.593551
vt 0.346350 0.589251
vt 0.359250 0.585351
vt 0.372550 0.578451
vt 0.378450 0.572951
vt 0.381350 0.570651
vt 0.380050 0.568951
vt 0.374050 0.582751
vt 0.383850 0.568751
vt 0.384650 0.573151
vt 0.383550 0.578451
vt 0.376250 0.594951
vt 0.354550 0.600151
vt 0.399850 0.562251
vt 0.390650 0.570351
vt 0.399550 0.572651
vt 0.390750 0.577551
vt 0.387450 0.590951
vt 0.416150 0.561751
vt 0.408650 0.574451
vt 0.398250 0.581751
vt 0.428750 0.544551
vt 0.448750 0.544551
vt 0.433850 0.562351
vt 0.418150 0.577951
vt 0.406650 0.588451
vt 0.396150 0.599351
vt 0.381950 0.606051
vt 0.361450 0.610751
vt 0.343550 0.615151
vt 0.435050 0.583651
vt 0.415850 0.594051
vt 0.434750 0.605851
vt 0.403650 0.607851
vt 0.410750 0.615451
vt 0.418550 0.625451
vt 0.437450 0.624851
vt 0.456150 0.611751
vt 0.454950 0.589451
vt 0.453050 0.563451
vt 0.367550 0.620351
vt 0.347050 0.622251
vt 0.353150 0.631051
vt 0.372750 0.633451
vt 0.361650 0.651151
vt 0.359750 0.639351
vt 0.356650 0.641051
vt 0.359450 0.651651
vt 0.359250 0.661051
vt 0.324350 0.625151
vt 0.336850 0.629551
vt 0.337050 0.634651
vt 0.351350 0.636151
vt 0.352150 0.646651
vt 0.352050 0.655551
vt 0.357550 0.660351
vt 0.353450 0.670151
vt 0.364050 0.678451
vt 0.346250 0.643351
vt 0.333450 0.635951
vt 0.337650 0.639451
vt 0.341950 0.648951
vt 0.345250 0.658051
vt 0.350050 0.663751
vt 0.325650 0.647251
vt 0.331650 0.652251
vt 0.337350 0.659451
vt 0.340750 0.668951
vt 0.333350 0.645251
vt 0.331950 0.642351
vt 0.325450 0.644351
vt 0.333250 0.639251
vt 0.315850 0.644851
vt 0.318150 0.640651
vt 0.323250 0.641351
vt 0.321150 0.636451
vt 0.312950 0.636151
vt 0.318450 0.633151
vt 0.323950 0.630951
vt 0.308950 0.625151
vt 0.309850 0.630951
vt 0.301550 0.630151
vt 0.289950 0.636051
vt 0.284450 0.640551
vt 0.279150 0.641251
vt 0.281350 0.636351
vt 0.294150 0.625451
vt 0.293150 0.630751
vt 0.284150 0.633051
vt 0.278750 0.625651
vt 0.278350 0.630851
vt 0.301950 0.625151
vt 0.301650 0.617851
vt 0.294950 0.618451
vt 0.278850 0.618951
vt 0.258450 0.614351
vt 0.246450 0.600051
vt 0.263750 0.603251
vt 0.279950 0.605351
vt 0.295050 0.605451
vt 0.301550 0.605351
vt 0.308150 0.618551
vt 0.241550 0.585251
vt 0.244950 0.577751
vt 0.255050 0.589151
vt 0.268950 0.593451
vt 0.281450 0.596251
vt 0.292450 0.596451
vt 0.287350 0.593651
vt 0.269450 0.591851
vt 0.273650 0.583051
vt 0.277350 0.578151
vt 0.262750 0.577651
vt 0.268550 0.575251
vt 0.248050 0.574051
vt 0.253050 0.572551
vt 0.241050 0.571351
vt 0.244450 0.570351
vt 0.228550 0.569451
vt 0.230250 0.568451
vt 0.223650 0.568951
vt 0.224450 0.568551
vt 0.222950 0.568451
vt 0.220650 0.568651
vt 0.221850 0.568351
vt 0.222250 0.569351
vt 0.225750 0.571051
vt 0.232950 0.574151
vt 0.258650 0.581451
vt 0.219850 0.568851
vt 0.218450 0.570551
vt 0.222250 0.573351
vt 0.228850 0.577951
vt 0.215050 0.573051
vt 0.217550 0.579151
vt 0.227050 0.582851
vt 0.223850 0.594751
vt 0.238650 0.610351
vt 0.254550 0.622551
vt 0.266550 0.629551
vt 0.232850 0.620051
vt 0.218150 0.605451
vt 0.212050 0.590851
vt 0.208750 0.577051
vt 0.208750 0.570251
vt 0.199150 0.562151
vt 0.199450 0.572451
vt 0.200750 0.581651
vt 0.202550 0.599851
vt 0.209750 0.619451
vt 0.227250 0.634051
vt 0.224350 0.642251
vt 0.219250 0.673751
vt 0.220850 0.650451
vt 0.203850 0.628251
vt 0.195150 0.607751
vt 0.192050 0.588351
vt 0.189850 0.574251
vt 0.182150 0.561651
vt 0.193750 0.654651
vt 0.200350 0.637051
vt 0.187750 0.615351
vt 0.182450 0.593851
vt 0.179950 0.577851
vt 0.172650 0.636251
vt 0.179650 0.625351
vt 0.162750 0.605751
vt 0.162350 0.583451
vt 0.163650 0.562151
vt 0.143650 0.564851
vt 0.141550 0.589351
vt 0.140350 0.611651
vt 0.159850 0.624651
vt 0.154750 0.641651
vt 0.139250 0.632751
vt 0.113950 0.622951
vt 0.112650 0.590951
vt 0.114850 0.565551
vt 0.115850 0.672151
vt 0.113950 0.649651
vt 0.080450 0.538251
vt 0.077750 0.566351
vt 0.076550 0.588851
vt 0.076550 0.624651
vt 0.032350 0.587851
vt 0.044550 0.569051
vt 0.064850 0.533951
vt 0.024850 0.584951
vt 0.016050 0.634251
vt 0.035150 0.562451
vt 0.037550 0.391051
vt 0.013050 0.421351
vt 0.003350 0.485751
vt 0.001850 0.429151
vt 0.617550 0.499251
vt 0.588250 0.420551
vt 0.618250 0.435451
vt 0.562250 0.393151
vt 0.522850 0.419851
vt 0.533650 0.357351
vt 0.439850 0.392551
vt 0.443750 0.349551
vt 0.302150 0.385051
vt 0.302150 0.347651
vt 0.151750 0.347651
vt 0.159250 0.393151
vt 0.065850 0.353951
vt 0.073350 0.419251
vn -0.0915 0.7513 0.6536
vn -0.0092 0.5530 0.8332
vn -0.1657 0.6448 0.7462
vn -0.2406 0.7731 0.5869
vn -0.4040 0.6365 0.6570
vn 0.0100 0.5534 0.8328
vn 0.0910 0.7516 0.6533
vn 0.1547 0.6756 0.7208
vn 0.3002 0.7291 0.6151
vn 0.3988 0.6575 0.6392
vn 0.0992 0.6866 0.7202
vn -0.0000 0.6566 0.7543
vn -0.1376 0.7374 0.6613
vn -0.4057 -0.1019 0.9083
vn 0.1817 -0.0978 0.9785
vn -0.3270 -0.0908 0.9407
vn -0.0791 -0.1628 0.9835
vn 0.0975 -0.0857 0.9915
vn 0.4159 -0.1200 0.9014
vn -0.5735 -0.1889 0.7971
vn -0.7160 -0.1187 0.6879
vn -0.7660 -0.1088 0.6336
vn -0.5939 -0.0753 0.8010
vn -0.2231 -0.0754 0.9719
vn 0.2388 -0.0671 0.9687
vn 0.7628 -0.0945 0.6397
vn 0.5672 -0.0759 0.8201
vn 0.8556 -0.0715 0.5127
vn 0.9166 -0.0824 0.3913
vn 0.9913 -0.0751 0.1080
vn 0.9987 -0.0504 -0.0021
vn 0.9043 -0.0582 0.4229
vn 0.9954 0.0024 -0.0958
vn 0.9906 -0.1096 0.0823
vn 0.8842 -0.1500 0.4424
vn 0.8694 -0.2170 0.4439
vn 0.6919 -0.1613 0.7038
vn 0.5978 -0.2929 0.7462
vn 0.1792 -0.3055 0.9352
vn -0.4134 -0.2613 0.8722
vn -0.7582 -0.1869 0.6246
vn -0.9731 -0.0613 0.2221
vn -0.9728 -0.0909 0.2132
vn -0.9475 -0.1339 0.2903
vn -0.9013 -0.1617 0.4019
vn -0.8891 -0.0495 0.4550
vn -0.5653 -0.0189 0.8247
vn -0.1687 -0.0849 0.9820
vn 0.0694 -0.1409 0.9876
vn 0.2780 -0.3532 0.8933
vn 0.6858 -0.5189 0.5104
vn 0.6416 -0.7173 0.2719
vn 0.5765 -0.8127 -0.0843
vn 0.8835 -0.0853 -0.4606
vn 0.9154 -0.0698 -0.3964
vn 0.7767 -0.0257 -0.6294
vn 0.8171 -0.0584 -0.5735
vn 0.9762 -0.2166 -0.0140
vn 0.8162 -0.2444 0.5235
vn 0.5397 -0.2621 0.8000
vn 0.0975 -0.2560 0.9618
vn -0.4249 -0.1945 0.8841
vn -0.7143 -0.0601 0.6973
vn -0.9653 0.1057 0.2388
vn -0.8974 0.1009 -0.4296
vn -0.8628 0.2565 -0.4356
vn -0.4433 0.2146 -0.8703
vn -0.3220 0.2631 -0.9095
vn 0.2242 0.1549 -0.9622
vn 0.2388 0.2508 -0.9381
vn 0.8292 0.1463 -0.5395
vn 0.4618 0.1829 -0.8679
vn 0.9070 0.0746 -0.4144
vn 0.4630 0.1028 -0.8804
vn 0.9042 0.0351 -0.4256
vn -0.9492 0.0514 0.3103
vn -0.9989 -0.0325 0.0344
vn -0.9910 -0.1268 -0.0419
vn -0.9377 -0.1059 -0.3309
vn -0.8947 -0.0575 -0.4429
vn -0.4925 0.0384 -0.8695
vn 0.1626 0.0414 -0.9858
vn 0.7797 -0.0235 -0.6257
vn 0.9888 -0.1207 0.0876
vn 0.7429 -0.0873 0.6637
vn 0.2357 -0.1076 0.9658
vn -0.3926 -0.0587 0.9178
vn -0.8003 0.0329 0.5987
vn -0.9930 0.1134 0.0321
vn -0.8806 0.1240 -0.4573
vn -0.5294 0.2020 -0.8240
vn -0.6495 0.0686 -0.7573
vn -0.1165 0.1414 -0.9831
vn 0.0060 0.2220 -0.9750
vn 0.9850 0.0074 0.1724
vn -0.9298 0.0706 -0.3613
vn -0.9729 0.0528 0.2253
vn -0.7180 -0.0079 0.6960
vn -0.2581 -0.0476 0.9650
vn 0.3318 -0.0526 0.9419
vn 0.8149 -0.0175 0.5793
vn 0.9948 0.0320 0.0970
vn -0.9012 -0.0412 -0.4314
vn -0.6617 -0.1936 -0.7243
vn -0.6569 -0.0995 -0.7474
vn -0.2551 -0.1343 -0.9575
vn -0.2455 -0.2752 -0.9295
vn 0.2989 -0.1141 -0.9474
vn 0.1174 -0.3876 -0.9143
vn 0.4519 -0.5418 -0.7087
vn 0.6515 -0.0719 -0.7552
vn 0.1768 -0.0863 -0.9805
vn -0.4762 -0.0842 -0.8753
vn -0.8936 -0.0711 -0.4431
vn -0.9923 0.0370 -0.1183
vn 0.9079 -0.4018 0.1194
vn 0.7598 -0.5773 -0.2991
vn 0.8696 -0.4864 -0.0848
vn 0.9058 -0.3366 0.2572
vn 0.8756 -0.2294 0.4251
vn 0.7701 -0.0859 0.6322
vn -0.7971 0.0284 -0.6031
vn -0.9549 0.2950 -0.0344
vn -0.9133 0.1814 -0.3646
vn -0.9203 0.3344 0.2032
vn -0.9300 0.2875 -0.2289
vn -0.8144 0.4261 0.3939
vn -0.9020 0.4270 -0.0636
vn -0.6924 0.4597 0.5560
vn -0.7905 0.3881 0.4739
vn -0.2755 0.3225 0.9056
vn -0.3227 0.1350 0.9368
vn 0.2041 0.0326 0.9784
vn 0.1511 -0.0701 0.9860
vn 0.5856 -0.2249 0.7788
vn 0.5288 -0.0266 0.8483
vn 0.8378 -0.2365 0.4920
vn 0.6480 -0.0528 0.7598
vn 0.8756 -0.3369 0.3461
vn 0.7440 -0.1440 0.6525
vn 0.7167 -0.0585 0.6949
vn 0.5749 0.0982 0.8123
vn 0.2854 0.3043 0.9088
vn 0.0186 0.3798 0.9249
vn -0.3901 0.4901 0.7795
vn -0.5066 0.4687 0.7236
vn -0.7595 0.4540 0.4659
vn -0.8295 0.4360 0.3490
vn -0.9343 0.3566 -0.0001
vn -0.9378 0.2900 -0.1906
vn -0.7940 0.0687 -0.6040
vn -0.7118 -0.0110 -0.7023
vn -0.2734 -0.3069 -0.9116
vn -0.3391 -0.3133 -0.8871
vn 0.2840 -0.5793 -0.7641
vn 0.1992 -0.5584 -0.8053
vn 0.6903 -0.5920 -0.4160
vn 0.9014 -0.3566 0.2454
vn -0.2895 0.3783 0.8792
vn 0.2714 0.1961 0.9423
vn 0.4243 0.0785 0.9021
vn 0.2318 0.2351 0.9439
vn -0.3572 0.4265 0.8310
vn -0.6223 0.3995 0.6732
vn -0.7614 0.4183 0.4953
vn -0.0960 0.3058 0.9472
vn -0.5552 0.8264 0.0940
vn -0.5632 0.7671 -0.3072
vn -0.9139 0.3699 -0.1673
vn -0.8060 0.2293 -0.5457
vn -0.6071 0.4808 -0.6327
vn -0.5747 0.0831 -0.8141
vn 0.0749 0.7646 -0.6401
vn 0.0553 -0.2116 -0.9758
vn 0.4442 0.4900 -0.7501
vn 0.5095 -0.4155 -0.7535
vn 0.7805 0.3680 -0.5054
vn 0.8345 -0.4599 -0.3035
vn 0.8324 0.5331 -0.1517
vn 0.9658 -0.1688 0.1969
vn 0.9114 -0.3607 -0.1983
vn 0.8486 -0.5045 -0.1595
vn 0.8477 -0.5141 -0.1307
vn 0.5824 -0.5825 -0.5670
vn -0.0297 -0.4440 -0.8955
vn -0.5088 -0.2090 -0.8351
vn -0.7299 0.0120 -0.6835
vn -0.7743 0.1507 -0.6146
vn -0.7828 0.2209 -0.5817
vn -0.1759 0.8709 0.4589
vn 0.1593 0.7298 0.6648
vn 0.4861 0.6031 0.6324
vn 0.8247 0.2529 0.5059
vn 0.6142 -0.5122 -0.6004
vn 0.7307 -0.4394 -0.5225
vn -0.7363 0.1540 -0.6589
vn -0.5540 0.0536 -0.8308
vn -0.6522 0.0188 -0.7578
vn -0.1386 -0.2928 -0.9461
vn 0.1451 -0.2106 -0.9667
vn 0.4399 -0.4171 -0.7953
vn 0.5097 -0.2691 -0.8172
vn 0.6952 -0.2723 -0.6652
vn 0.4700 -0.2077 -0.8579
vn 0.6988 -0.3160 -0.6418
vn 0.2212 -0.4552 -0.8625
vn -0.3821 -0.2356 -0.8936
vn -0.6893 0.1791 -0.7020
vn -0.2001 0.0194 -0.9796
vn 0.3871 0.9204 0.0550
vn 0.7535 0.5754 -0.3181
vn 0.4373 0.6843 -0.5835
vn -0.0915 0.7682 -0.6336
vn 0.2986 0.7653 0.5703
vn -0.2011 0.8136 0.5456
vn -0.4019 0.2960 -0.8665
vn -0.7349 0.5139 -0.4426
vn -0.4620 0.4402 0.7699
vn -0.7980 0.4385 0.4134
vn -0.9381 0.3083 -0.1579
vn -0.9658 -0.1687 0.1969
vn -0.8477 -0.5141 -0.1305
vn -0.6904 -0.5919 -0.4158
vn -0.8690 -0.4871 -0.0870
vn -0.9062 -0.3368 0.2557
vn -0.8756 -0.3369 0.3461
vn 0.8385 0.4296 0.3353
vn 0.9405 0.2870 -0.1820
vn 0.9399 0.3344 -0.0684
vn 0.7973 0.0799 -0.5983
vn 0.7968 0.0284 -0.6035
vn 0.4020 -0.2615 -0.8775
vn 0.6334 -0.0935 -0.7681
vn 0.1766 -0.3972 -0.9006
vn -0.1880 -0.5453 -0.8169
vn -0.4350 -0.6182 -0.6547
vn -0.7600 -0.5771 -0.2990
vn 0.9129 0.1805 -0.3662
vn 0.9549 0.2950 -0.0344
vn 0.8033 0.4458 0.3950
vn 0.5590 0.4805 0.6757
vn 0.6904 0.1773 -0.7014
vn 0.7825 0.2198 -0.5825
vn 0.7369 0.1531 -0.6584
vn 0.7732 0.1499 -0.6162
vn 0.9300 0.2877 -0.2289
vn 0.9203 0.3345 0.2031
vn 0.7620 0.4185 0.4942
vn 0.4224 0.4734 0.7730
vn -0.1228 0.3936 0.9111
vn -0.1896 0.3081 0.9323
vn -0.6832 0.0517 0.7284
vn -0.6104 0.0409 0.7910
vn -0.9063 -0.3226 0.2729
vn -0.8735 -0.2408 0.4231
vn -0.7163 -0.0574 0.6955
vn -0.7439 -0.1439 0.6526
vn -0.4243 0.0785 0.9021
vn -0.6479 -0.0528 0.7599
vn -0.2318 0.2351 0.9439
vn -0.5288 -0.0266 0.8483
vn -0.2041 0.0326 0.9784
vn -0.5859 -0.2244 0.7787
vn -0.1511 -0.0701 0.9860
vn 0.3226 0.1350 0.9369
vn 0.7905 0.3881 0.4738
vn 0.9139 0.3699 -0.1672
vn 0.8060 0.2293 -0.5457
vn 0.5747 0.0830 -0.8141
vn -0.0553 -0.2116 -0.9758
vn -0.5095 -0.4155 -0.7535
vn -0.8345 -0.4599 -0.3035
vn -0.9015 -0.3566 0.2454
vn -0.9114 -0.3607 -0.1982
vn -0.8378 -0.2365 0.4920
vn -0.8486 -0.5045 -0.1595
vn -0.5824 -0.5825 -0.5670
vn 0.0297 -0.4440 -0.8955
vn 0.5097 -0.2083 -0.8348
vn 0.7298 0.0111 -0.6836
vn 0.6532 0.0199 -0.7569
vn 0.5556 0.0536 -0.8297
vn 0.2000 0.0194 -0.9796
vn -0.4701 -0.2077 -0.8578
vn -0.6988 -0.3160 -0.6417
vn -0.6952 -0.2723 -0.6652
vn -0.7307 -0.4395 -0.5225
vn -0.4399 -0.4170 -0.7954
vn -0.6142 -0.5122 -0.6004
vn -0.2213 -0.4552 -0.8624
vn 0.3830 -0.2352 -0.8933
vn 0.1386 -0.2927 -0.9461
vn -0.1452 -0.2106 -0.9667
vn -0.5096 -0.2691 -0.8172
vn 0.0960 0.3058 0.9472
vn 0.9020 0.4270 -0.0636
vn 0.6924 0.4597 0.5561
vn 0.8144 0.4261 0.3939
vn 0.2755 0.3225 0.9056
vn 0.3571 0.4265 0.8310
vn 0.6223 0.3995 0.6732
vn 0.2881 0.3785 0.8796
vn -0.2714 0.1961 0.9423
vn -0.8515 -0.3660 0.3754
vn -0.8659 -0.3934 0.3089
vn -0.5927 -0.3146 0.7414
vn 0.4955 0.2053 0.8440
vn 0.2160 0.0130 0.9763
vn 0.3023 0.1287 0.9445
vn -0.0627 -0.1481 0.9870
vn -0.1882 -0.1005 0.9770
vn -0.6223 -0.2710 0.7344
vn -0.8316 -0.3752 0.4094
vn -0.6528 -0.2598 0.7116
vn -0.3296 -0.1182 0.9367
vn 0.1505 0.1210 0.9812
vn 0.6047 0.3253 0.7270
vn 0.7580 0.3404 0.5563
vn 0.8931 0.4090 0.1872
vn 0.9287 0.3685 0.0415
vn 0.8910 0.3731 -0.2588
vn 0.8719 0.2791 -0.4023
vn 0.7483 0.2331 -0.6210
vn 0.5847 0.1509 -0.7971
vn 0.3642 0.0480 -0.9301
vn 0.1268 -0.0749 -0.9891
vn -0.1686 -0.2013 -0.9649
vn -0.3739 -0.2868 -0.8820
vn -0.7215 -0.4005 -0.5648
vn -0.7542 -0.4183 -0.5062
vn -0.8775 -0.4346 -0.2027
vn -0.8117 -0.4224 -0.4033
vn -0.9049 -0.4242 -0.0346
vn -0.5212 -0.3423 -0.7818
vn 0.0165 -0.1358 -0.9906
vn 0.3776 0.0370 -0.9252
vn 0.6001 0.1985 -0.7749
vn 0.8238 0.2246 -0.5206
vn 0.9590 0.2807 -0.0397
vn 0.8500 0.3314 0.4095
vn -0.9017 -0.4248 -0.0806
vn 0.1655 0.2130 0.9629
vn -0.0488 0.1779 0.9828
vn -0.0941 0.7695 0.6317
vn 0.1055 0.6359 0.7645
vn 0.3155 0.4213 0.8503
vn 0.5062 0.6046 0.6150
vn 0.6355 0.7286 0.2556
vn 0.6696 0.7188 -0.1870
vn 0.7903 0.6116 -0.0366
vn 0.6963 0.5961 0.3997
vn 0.5892 0.4471 0.6730
vn 0.3838 0.1741 0.9069
vn 0.3525 -0.0673 0.9334
vn 0.0728 -0.0939 0.9929
vn -0.3063 -0.0770 0.9488
vn -0.1253 0.2904 0.9487
vn -0.3838 0.1741 0.9069
vn -0.3155 0.4213 0.8503
vn -0.6103 0.4777 0.6319
vn -0.4808 0.5806 0.6570
vn -0.6061 0.7249 0.3273
vn -0.3056 0.7137 0.6303
vn -0.4372 0.8180 0.3737
vn -0.4657 0.8849 -0.0108
vn -0.6697 0.7188 -0.1869
vn -0.5168 0.6532 -0.5534
vn -0.6303 0.4929 -0.5998
vn -0.3359 0.3489 -0.8749
vn -0.3968 0.3166 -0.8616
vn -0.0862 0.3177 -0.9443
vn 0.0826 0.3186 -0.9443
vn 0.3494 0.3166 -0.8818
vn 0.3675 0.3609 -0.8572
vn 0.6303 0.4929 -0.5998
vn 0.5168 0.6533 -0.5533
vn 0.4771 0.8788 -0.0072
vn 0.5014 0.7638 0.4064
vn 0.3092 0.6883 0.6562
vn 0.1917 0.5839 0.7888
vn 0.1336 0.4557 0.8800
vn -0.0401 0.4812 0.8757
vn -0.0139 0.4484 0.8937
vn 0.0883 0.5980 0.7966
vn 0.0495 0.4671 0.8828
vn -0.1321 0.4561 0.8801
vn -0.1883 0.5848 0.7890
vn -0.1046 0.6361 0.7645
vn 0.1570 0.8410 0.5178
vn -0.0207 0.7360 0.6767
vn 0.2074 0.7672 0.6070
vn 0.0000 0.3623 0.9321
vn -0.0693 0.2644 0.9619
vn -0.0430 0.3048 0.9514
vn 0.0430 0.3048 0.9514
vn 0.0694 0.2644 0.9619
vn -0.2074 0.7672 0.6069
vn -0.7902 0.6117 -0.0365
vn -0.7018 0.6215 0.3482
vn 0.1650 -0.0461 0.9852
vn -0.2723 -0.0782 0.9590
vn 0.1172 -0.1635 0.9796
vn 0.6305 -0.0837 0.7717
vn -0.0861 -0.1019 0.9911
vn -0.4529 -0.2717 0.8492
vn 0.1764 -0.1355 0.9749
vn 0.4959 -0.0440 0.8673
vn 0.8831 0.0533 0.4662
vn 0.9405 -0.0390 0.3375
vn 0.9979 0.0627 -0.0179
vn 0.9942 -0.0358 -0.1018
vn 0.9174 -0.0458 -0.3953
vn 0.8820 -0.0806 -0.4642
vn 0.6431 -0.2105 -0.7363
vn 0.5930 -0.1220 -0.7959
vn 0.2586 -0.2885 -0.9219
vn 0.1855 -0.1297 -0.9740
vn -0.0999 -0.3911 -0.9149
vn -0.2707 -0.1025 -0.9572
vn -0.4141 -0.6091 -0.6764
vn -0.6476 -0.0872 -0.7570
vn -0.1767 -0.0863 -0.9805
vn 0.3837 -0.0873 -0.9193
vn 0.8948 -0.1113 -0.4323
vn 0.9917 -0.1277 -0.0142
vn 0.8643 -0.1757 0.4713
vn 0.5671 -0.1947 0.8003
vn 0.3270 -0.0908 0.9406
vn 0.7160 -0.1187 0.6879
vn 0.4057 -0.1019 0.9083
vn 0.7827 -0.1064 0.6132
vn 0.9475 -0.1339 0.2903
vn 0.9845 -0.0838 0.1544
vn -0.7797 -0.0235 -0.6257
vn -0.8304 0.1375 -0.5399
vn -0.9888 -0.1207 0.0876
vn -0.9972 0.0157 0.0732
vn -0.9090 0.0752 -0.4099
vn -0.9061 0.0694 -0.4173
vn -0.9705 0.0230 0.2399
vn -0.8008 -0.0764 0.5940
vn -0.6745 -0.0409 0.7371
vn -0.3370 -0.1050 0.9356
vn -0.1269 -0.0565 0.9903
vn 0.3150 -0.0641 0.9469
vn 0.4400 -0.0353 0.8973
vn 0.7493 0.0244 0.6618
vn 0.8138 0.0079 0.5810
vn 0.9821 0.1099 0.1531
vn 0.9984 0.0567 0.0051
vn 0.9157 0.1346 -0.3786
vn 0.8565 0.0527 -0.5135
vn 0.6068 0.1848 -0.7731
vn 0.4596 0.1059 -0.8818
vn 0.0869 0.2188 -0.9719
vn -0.0174 0.1497 -0.9886
vn -0.4748 0.1620 -0.8651
vn -0.4828 0.0930 -0.8708
vn -0.2388 0.2511 -0.9380
vn -0.2242 0.1549 -0.9622
vn 0.3219 0.2631 -0.9095
vn 0.4433 0.2146 -0.8703
vn 0.8628 0.2565 -0.4356
vn 0.8974 0.1009 -0.4296
vn 0.9653 0.1057 0.2388
vn 0.9633 -0.0701 0.2590
vn 0.7143 -0.0601 0.6973
vn 0.7282 -0.2062 0.6536
vn 0.4248 -0.1946 0.8841
vn 0.4134 -0.2613 0.8722
vn -0.0975 -0.2560 0.9618
vn -0.1792 -0.3055 0.9352
vn -0.5397 -0.2621 0.8000
vn -0.5978 -0.2929 0.7462
vn -0.8162 -0.2444 0.5235
vn -0.8694 -0.2170 0.4439
vn -0.9762 -0.2166 -0.0140
vn -0.9906 -0.1096 0.0823
vn -0.8171 -0.0584 -0.5735
vn -0.9954 0.0024 -0.0958
vn -0.7766 -0.0257 -0.6294
vn -0.9987 -0.0504 -0.0021
vn -0.9154 -0.0698 -0.3964
vn -0.9287 -0.0838 -0.3612
vn -0.9913 -0.0751 0.1080
vn -0.8009 -0.5820 -0.1408
vn -0.6451 -0.7269 0.2357
vn -0.9034 -0.0996 0.4170
vn -0.3477 -0.7868 0.5100
vn -0.7293 -0.0882 0.6784
vn -0.4151 -0.1195 0.9019
vn -0.0974 -0.0857 0.9915
vn -0.1817 -0.0978 0.9785
vn 0.9238 -0.0427 -0.3804
vn 0.5339 0.0255 -0.8452
vn -0.1626 0.0414 -0.9858
vn -0.6918 -0.1613 0.7038
vn -0.8842 -0.1499 0.4425
vn -0.9043 -0.0582 0.4229
vn -0.8556 -0.0715 0.5127
vn -0.5672 -0.0758 0.8201
vn 0.8774 -0.3922 0.2763
vn 0.5925 -0.3147 0.7416
vn 0.8586 -0.3838 0.3398
vn 0.7204 -0.3991 -0.5672
vn 0.8959 -0.4262 -0.1252
vn 0.9017 -0.4248 -0.0806
vn 0.8841 -0.4432 -0.1481
vn 0.7922 -0.4178 -0.4448
vn 0.7410 -0.4124 -0.5300
vn 0.4720 -0.3130 -0.8242
vn 0.3243 -0.2747 -0.9052
vn -0.0487 -0.1001 -0.9938
vn -0.1624 -0.0898 -0.9826
vn -0.5302 0.1253 -0.8386
vn -0.4131 0.0730 -0.9077
vn -0.6614 0.1906 -0.7254
vn -0.8290 0.2738 -0.4876
vn -0.9002 0.2303 -0.3695
vn -0.9354 0.3536 0.0082
vn -0.9559 0.2911 0.0386
vn -0.8500 0.3314 0.4095
vn -0.7580 0.3404 0.5563
vn -0.4955 0.2054 0.8440
vn -0.3393 0.1582 0.9273
vn -0.1841 0.0327 0.9824
vn 0.1473 -0.1007 0.9840
vn 0.1952 -0.1847 0.9632
vn 0.6217 -0.2710 0.7349
vn 0.8316 -0.3752 0.4094
vn 0.6516 -0.2593 0.7128
vn 0.3288 -0.1170 0.9371
vn -0.1504 0.1210 0.9812
vn -0.6047 0.3253 0.7270
vn -0.8931 0.4090 0.1872
vn -0.8910 0.3731 -0.2588
vn -0.7484 0.2331 -0.6210
vn -0.3642 0.0479 -0.9301
vn 0.1705 -0.2007 -0.9647
vn 0.9216 -0.0173 -0.3877
vn 0.7253 -0.2630 -0.6362
vn 0.3340 -0.3971 -0.8549
vn 0.0947 -0.4476 -0.8892
vn -0.0421 -0.5863 -0.8090
vn -0.0763 -0.6574 -0.7497
vn -0.0294 -0.6420 -0.7662
vn 0.0471 -0.6365 -0.7699
vn -0.0198 -0.5284 -0.8488
vn -0.8990 -0.0772 -0.4310
vn -0.5897 -0.3252 -0.7393
vn -0.2087 -0.4207 -0.8829
vn -0.0516 -0.2289 0.9721
vn 0.0444 -0.2131 0.9760
vn 0.2332 -0.2492 0.9400
vn -0.2128 -0.2132 0.9535
vn -0.0091 -0.1875 0.9822
vn 0.0688 -0.2236 0.9722
vn -0.7948 -0.5900 0.1420
vn -0.6395 -0.7617 0.1042
vn -0.6320 -0.7745 -0.0250
vn -0.6104 -0.7917 0.0256
vn -0.7312 -0.6619 0.1652
vn -0.7332 -0.6446 0.2166
vn -0.7390 -0.5971 0.3120
vn -0.7623 -0.5475 0.3453
vn -0.7489 -0.5834 0.3142
vn -0.8024 -0.5438 0.2460
vn -0.7886 -0.4776 0.3873
vn -0.7240 -0.4914 0.4841
vn -0.7391 -0.4135 0.5317
vn -0.7321 -0.4785 0.4849
vn -0.7407 -0.4092 0.5329
vn -0.6459 -0.3366 0.6852
vn -0.6505 -0.3864 0.6539
vn -0.6772 -0.3888 0.6247
vn -0.5404 -0.3252 0.7760
vn -0.4014 -0.2239 0.8881
vn -0.3035 -0.3220 0.8968
vn -0.5776 -0.2771 0.7679
vn -0.5142 -0.1044 0.8513
vn -0.1108 -0.2284 0.9672
vn 0.4168 0.5285 0.7396
vn 0.8525 0.4490 0.2678
vn 0.6281 -0.4385 0.6428
vn 0.4264 0.8708 0.2447
vn 0.0153 0.7673 0.6411
vn -0.2128 0.9240 0.3176
vn -0.5223 0.4582 0.7192
vn -0.4905 0.8053 0.3330
vn -0.6732 0.4488 0.5877
vn -0.4994 0.7929 0.3491
vn -0.7143 -0.0152 0.6997
vn -0.6418 0.3285 0.6929
vn -0.0432 0.9716 0.2325
vn 0.3102 0.9056 0.2893
vn 0.7210 -0.4960 0.4840
vn 0.7326 -0.4799 0.4827
vn 0.7470 -0.5850 0.3157
vn 0.6503 -0.3893 0.6523
vn 0.5424 -0.3201 0.7767
vn 0.5763 -0.2778 0.7686
vn 0.6775 -0.3870 0.6255
vn 0.5853 -0.2391 0.7747
vn 0.5173 -0.1053 0.8493
vn 0.4060 -0.2148 0.8883
vn 0.1060 -0.2231 0.9690
vn 0.3059 -0.3211 0.8963
vn 0.3533 0.1975 0.9144
vn -0.4197 0.5363 0.7322
vn 0.0220 0.8142 0.5802
vn 0.6046 -0.1632 0.7797
vn 0.6114 -0.3397 0.7147
vn 0.6754 -0.3169 0.6659
vn 0.4197 -0.3495 0.8377
vn 0.3758 -0.0520 0.9252
vn 0.4661 -0.1607 0.8700
vn 0.2547 -0.2730 0.9277
vn 0.0000 -0.8111 0.5850
vn -0.2276 -0.5790 0.7829
vn -0.2410 -0.7022 0.6700
vn -0.0000 -0.6122 0.7907
vn 0.2430 -0.7014 0.6701
vn 0.4180 -0.4613 0.7826
vn 0.5689 -0.2559 0.7816
vn 0.6591 -0.2414 0.7122
vn 0.7428 -0.4064 0.5321
vn 0.6923 -0.5547 0.4616
vn 0.5741 -0.5792 0.5787
vn 0.3723 -0.6264 0.6848
vn 0.0000 -0.6339 0.7734
vn -0.0000 -0.2645 0.9644
vn 0.5503 -0.4538 0.7009
vn 0.5603 -0.3443 0.7533
vn 0.6442 -0.2196 0.7327
vn 0.7083 -0.0353 0.7050
vn 0.5246 0.7895 0.3185
vn 0.6477 0.5241 0.5530
vn 0.2990 0.8947 0.3318
vn 0.5048 0.4811 0.7168
vn 0.6510 -0.0416 0.7579
vn 0.5945 -0.2059 0.7773
vn 0.5755 -0.3223 0.7516
vn 0.6482 -0.3378 0.6824
vn -0.4036 0.8781 0.2569
vn -0.8523 0.4444 0.2759
vn -0.6331 -0.4377 0.6384
vn 0.6387 0.3259 0.6970
vn 0.4971 0.7812 0.3777
vn 0.4191 0.8853 0.2015
vn 0.4214 0.8802 0.2184
vn 0.1067 0.9583 0.2650
vn -0.2764 0.9070 0.3178
vn -0.9452 -0.0767 0.3174
vn 0.3104 0.8410 0.4431
vn 0.4153 0.3678 0.8320
vn 0.1587 0.8167 0.5548
vn 0.2320 0.3183 0.9192
vn -0.0274 0.3994 0.9163
vn 0.0006 -0.1776 0.9841
vn 0.2792 -0.1796 0.9433
vn 0.0338 -0.5910 0.8059
vn 0.2371 -0.6150 0.7520
vn 0.4845 -0.1815 0.8557
vn 0.4314 -0.5389 0.7235
vn 0.6304 -0.2033 0.7491
vn -0.0000 0.8784 0.4780
vn -0.1587 0.8167 0.5548
vn -0.3107 0.8457 0.4339
vn -0.4151 0.4346 0.7992
vn -0.2773 0.3150 0.9077
vn -0.2612 -0.1409 0.9549
vn 0.3159 0.9256 0.2087
vn 0.1385 0.9591 0.2468
vn 0.0637 0.9526 0.2974
vn -0.0000 0.9708 0.2400
vn -0.0637 0.9526 0.2975
vn -0.1516 0.9577 0.2447
vn -0.3106 0.9360 0.1655
vn -0.3915 0.9069 0.1555
vn -0.3239 0.9265 0.1914
vn 0.3123 -0.9477 -0.0660
vn 0.4926 -0.8455 0.2063
vn 0.1703 -0.9852 -0.0196
vn 0.2763 -0.9000 0.3373
vn 0.0000 -0.8616 0.5075
vn 0.0000 -0.9976 0.0693
vn -0.0000 -0.9960 -0.0895
vn 0.2660 -0.9561 0.1232
vn 0.4191 -0.9059 -0.0606
vn 0.5289 -0.8127 0.2445
vn 0.6397 -0.7615 0.1044
vn 0.0000 -0.9823 0.1873
vn -0.2664 -0.9558 0.1246
vn -0.4191 -0.9059 -0.0607
vn -0.5311 -0.8105 0.2469
vn -0.3123 -0.9477 -0.0661
vn -0.1703 -0.9852 -0.0197
vn -0.2763 -0.9000 0.3373
vn -0.3723 -0.6264 0.6848
vn -0.5741 -0.5793 0.5786
vn -0.6113 -0.3398 0.7148
vn -0.6754 -0.3169 0.6659
vn -0.6923 -0.5548 0.4615
vn -0.4926 -0.8455 0.2061
vn -0.6045 -0.7875 0.1205
vn -0.5686 -0.8221 0.0306
vn 0.7655 -0.5413 0.3480
vn 0.7391 -0.5968 0.3124
vn -0.4196 -0.3495 0.8377
vn -0.6047 -0.1630 0.7796
vn -0.6593 -0.2406 0.7123
vn -0.3758 -0.0520 0.9253
vn -0.4665 -0.1603 0.8699
vn -0.2548 -0.2728 0.9277
vn -0.0000 0.0288 0.9996
vn -0.0000 -0.1735 0.9848
vn -0.4169 -0.4658 0.7805
vn -0.5692 -0.2554 0.7816
vn -0.6293 -0.1961 0.7520
vn -0.4684 -0.1512 0.8705
vn -0.4287 -0.5355 0.7276
vn -0.5483 -0.4521 0.7035
vn -0.5599 -0.3544 0.7489
vn -0.5754 -0.3225 0.7516
vn -0.5861 -0.2388 0.7742
vn -0.3315 0.1681 0.9284
vn -0.6472 -0.0393 0.7613
vn -0.6518 -0.2129 0.7279
vn -0.5961 -0.2049 0.7763
vn 0.7304 -0.6626 0.1659
vn 0.6103 -0.7918 0.0256
vn 0.6322 -0.7744 -0.0247
vn 0.7344 -0.6429 0.2177
vn 0.5686 -0.8220 0.0306
vn 0.6045 -0.7874 0.1209
vn 0.7953 -0.5892 0.1424
vn -0.9083 -0.2609 0.3271
vn -0.7703 -0.4456 0.4562
vn 0.4983 -0.6277 0.5981
vn 0.0008 -0.8522 0.5232
vn 0.7692 -0.4473 0.4563
vn 0.9083 -0.2607 0.3273
vn -0.4994 -0.6266 0.5983
vn 0.7308 -0.6777 -0.0817
vn 0.8852 -0.4395 0.1523
vn 0.9060 -0.4203 -0.0504
vn 0.9420 -0.3310 -0.0558
vn 0.4957 -0.8596 -0.1242
vn 0.9637 -0.2596 0.0617
vn -0.8851 -0.4398 0.1521
vn -0.7305 -0.6780 -0.0817
vn -0.9060 -0.4200 -0.0529
vn -0.9722 -0.2197 0.0808
vn -0.9352 -0.3454 -0.0781
vn -0.4922 -0.8610 -0.1283
vn -0.3022 -0.1713 -0.9377
vn -0.1056 -0.1853 -0.9770
vn -0.0008 -0.1065 -0.9943
vn -0.2612 -0.1820 -0.9480
vn -0.6341 -0.1819 -0.7515
vn -0.7270 -0.1942 -0.6586
vn -0.6386 -0.1605 -0.7526
vn -0.7308 -0.2085 -0.6499
vn -0.8578 -0.2103 -0.4690
vn -0.8885 -0.2663 -0.3737
vn -0.9348 -0.2008 -0.2931
vn -0.8590 -0.0956 -0.5029
vn -0.7916 -0.1763 -0.5850
vn -0.8196 -0.5718 -0.0367
vn 0.1647 0.4037 -0.8999
vn -0.8937 -0.4411 0.0815
vn -0.6823 -0.7294 -0.0496
vn -0.9647 -0.0928 0.2463
vn -0.9887 -0.0893 0.1206
vn -0.9817 -0.1602 0.1033
vn -0.9860 -0.1610 0.0441
vn -0.8937 0.1330 0.4284
vn -0.9275 -0.3403 0.1549
vn -0.9038 -0.1405 0.4043
vn -0.9004 -0.2657 0.3445
vn -0.7056 -0.5632 0.4300
vn -0.7727 -0.1218 0.6230
vn -0.9210 -0.1552 0.3572
vn -0.9142 -0.0071 0.4052
vn -0.9525 0.2098 0.2207
vn -0.9315 0.0924 0.3517
vn -0.8958 0.2948 0.3325
vn -0.7735 0.2078 0.5988
vn -0.6192 0.4317 0.6560
vn -0.6536 0.2448 0.7162
vn -0.4737 0.3908 0.7892
vn -0.2871 0.6273 0.7239
vn -0.2416 0.4029 0.8828
vn -0.1277 0.5289 0.8390
vn 0.0182 0.2152 0.9764
vn 0.2678 0.3895 0.8812
vn -0.3219 0.6523 0.6863
vn -0.1649 0.6371 0.7530
vn -0.3197 -0.5984 -0.7346
vn 0.1539 -0.1507 -0.9765
vn -0.0609 -0.2395 -0.9690
vn 0.3074 -0.1614 -0.9378
vn 0.6620 -0.1216 -0.7396
vn 0.1875 -0.3110 -0.9317
vn 0.9125 -0.0929 -0.3984
vn 0.8618 -0.0456 -0.5052
vn 0.7796 -0.0529 -0.6241
vn 0.9005 0.3524 -0.2547
vn 0.1217 0.7360 -0.6659
vn 0.7423 0.6615 0.1068
vn 0.8387 -0.1218 -0.5309
vn 0.9874 -0.1495 -0.0525
vn 0.8893 0.1439 0.4340
vn 0.9687 -0.1871 0.1632
vn 0.8508 -0.5216 -0.0643
vn 0.9380 -0.2614 0.2278
vn 0.9647 -0.0928 0.2464
vn 0.9817 -0.1602 0.1033
vn 0.9890 -0.0872 0.1195
vn 0.8900 -0.3607 0.2789
vn 0.8235 -0.1986 0.5314
vn 0.9068 -0.0913 0.4115
vn 0.8192 -0.0194 0.5732
vn 0.7700 -0.1173 0.6272
vn 0.7642 -0.1729 0.6213
vn 0.8809 -0.0467 0.4710
vn 0.7706 -0.0576 0.6347
vn 0.4254 -0.1967 0.8834
vn 0.4519 0.0698 0.8893
vn 0.6526 0.2504 0.7152
vn 0.3112 0.4816 0.8193
vn 0.4610 0.3397 0.8198
vn 0.3598 0.5589 0.7471
vn 0.1152 0.5576 0.8221
vn 0.3201 -0.5993 -0.7338
vn -0.2505 -0.3885 -0.8868
vn -0.2512 -0.0701 -0.9654
vn 0.9913 -0.0749 0.1086
vn 0.9077 -0.1670 0.3848
vn 0.7744 -0.5483 -0.3158
vn 0.9560 -0.2115 0.2034
vn 0.9520 0.0297 0.3046
vn 0.8773 -0.2224 0.4254
vn 0.8516 0.3147 0.4193
vn -0.1545 0.8159 -0.5571
vn 0.9073 -0.1877 0.3762
vn 0.9601 -0.2281 0.1616
vn -0.9065 -0.3092 0.2876
vn -0.8677 -0.1610 0.4703
vn -0.9233 0.3705 0.1011
vn -0.7071 -0.3951 0.5864
vn -0.8726 0.0123 0.4884
vn -0.9394 0.3387 -0.0538
vn -0.8549 0.5187 0.0113
vn -0.9839 0.0337 0.1755
vn -0.9911 -0.0753 0.1096
vn -0.8521 0.3133 0.4193
vn 0.1586 0.8145 -0.5580
vn -0.8966 -0.1331 0.4224
vn -0.9273 -0.3058 0.2160
vn -0.9642 -0.2460 0.0987
vn -0.9601 -0.0587 0.2735
vn -0.9153 -0.1091 0.3878
vn -0.8811 -0.4663 0.0786
vn -0.4696 -0.8563 0.2151
vn -0.7743 -0.5484 -0.3158
vn -0.0750 -0.8764 -0.4757
vn 0.2504 -0.3886 -0.8867
vn 0.2522 -0.0696 -0.9652
vn -0.8821 -0.2765 0.3813
vn 0.4517 -0.1469 0.8800
vn 0.7230 -0.0798 0.6862
vn 0.6293 -0.3204 0.7080
vn 0.8476 -0.2364 0.4751
vn 0.5649 -0.6403 0.5205
vn 0.6146 -0.6203 0.4873
vn 0.3086 -0.8535 0.4199
vn 0.4315 -0.8546 0.2888
vn 0.1168 -0.7965 0.5932
vn 0.3534 -0.7880 0.5041
vn 0.9388 0.3433 0.0274
vn 0.1169 -0.7965 0.5932
vn -0.3912 0.1805 0.9024
vn 0.0584 -0.2472 0.9672
vn -0.1497 -0.2724 0.9505
vn 0.1624 -0.6247 0.7638
vn 0.3684 -0.8459 0.3856
vn 0.2392 -0.7382 0.6307
vn -0.1702 -0.0964 0.9807
vn 0.5731 0.0907 0.8144
vn 0.5435 0.2487 0.8017
vn 0.7340 0.1637 0.6591
vn 0.7417 0.1887 0.6436
vn 0.5544 0.1967 0.8087
vn 0.5217 -0.1261 0.8437
vn 0.3544 0.0872 0.9310
vn 0.3543 0.0888 0.9309
vn 0.4339 0.0411 0.9000
vn 0.5859 0.1215 0.8012
vn 0.8122 0.0888 0.5766
vn 0.8709 0.1199 0.4766
vn 0.8586 0.0875 0.5052
vn 0.7578 0.0231 0.6521
vn -0.5207 -0.1286 0.8440
vn -0.3544 0.0871 0.9310
vn -0.5510 0.1957 0.8112
vn -0.7416 0.1861 0.6445
vn -0.7577 0.0142 0.6525
vn -0.8596 0.0821 0.5043
vn -0.8125 -0.1288 0.5685
vn -0.9098 -0.0231 0.4145
vn -0.8121 -0.2084 0.5451
vn -0.8759 -0.0419 0.4806
vn -0.6107 -0.3456 0.7125
vn -0.6617 0.0445 0.7484
vn -0.6604 -0.2214 0.7176
vn -0.7356 -0.0115 0.6773
vn -0.7630 -0.2570 0.5931
vn -0.7299 -0.0741 0.6795
vn -0.1934 -0.8139 0.5478
vn -0.3780 -0.1454 0.9143
vn 0.2090 -0.1657 0.9638
vn -0.2480 0.5793 0.7765
vn -0.3471 -0.6265 0.6978
vn -0.6069 -0.3745 0.7011
vn -0.2788 -0.7356 0.6174
vn -0.4696 -0.6189 0.6297
vn -0.7642 -0.1207 0.6336
vn -0.2077 0.3685 -0.9061
vn -0.6603 -0.2214 0.7176
vn -0.7642 -0.1208 0.6336
vn -0.5084 -0.0848 0.8570
vn -0.5084 -0.0849 0.8569
vn -0.1859 -0.6039 0.7751
vn -0.1516 -0.8467 0.5100
vn -0.2488 -0.7219 0.6458
vn 0.8337 0.3704 0.4095
vn 0.8645 0.3643 0.3463
vn 0.8092 0.3580 0.4659
vn 0.7765 0.3799 0.5027
vn 0.8661 0.1292 0.4829
vn 0.7616 0.0335 0.6472
vn 0.7206 -0.4180 0.5533
vn 0.4504 -0.4242 0.7856
vn 0.4117 -0.7787 0.4734
vn 0.0000 -0.7708 0.6371
vn 0.0001 -0.9315 0.3639
vn -0.4116 -0.7788 0.4734
vn -0.5244 -0.8515 -0.0000
vn -0.2844 -0.9434 0.1704
vn 0.2966 -0.8967 -0.3285
vn 0.5249 -0.8507 -0.0284
vn 0.6597 -0.7336 0.1631
vn -0.1085 -0.8630 0.4935
vn -0.1381 -0.5713 0.8091
vn -0.3800 -0.7005 0.6040
vn -0.5193 -0.7445 0.4195
vn 0.0001 0.0826 0.9966
vn 0.0001 -0.5006 0.8657
vn -0.4504 -0.4242 0.7856
vn -0.7205 -0.4179 0.5534
vn -0.7777 -0.3013 0.5517
vn -0.8230 -0.3209 0.4688
vn -0.6941 -0.5809 0.4252
vn -0.8203 -0.4626 0.3364
vn -0.7114 -0.1597 0.6844
vn -0.9204 -0.1037 0.3770
vn -0.9581 -0.1843 0.2194
vn -0.9579 0.0955 0.2706
vn -0.9740 0.1926 0.1189
vn -0.4811 0.5311 0.6975
vn 0.0001 0.5942 0.8043
vn 0.0001 0.5568 0.8307
vn -0.5231 0.4637 0.7150
vn -0.8077 0.3567 0.4694
vn -0.7765 0.3798 0.5027
vn -0.8302 0.3732 0.4141
vn -0.8661 0.1292 0.4829
vn -0.8466 0.2143 0.4872
vn -0.8342 0.4350 0.3390
vn -0.9088 0.1934 0.3697
vn -0.9019 0.4014 0.1597
vn -0.7616 0.0336 0.6471
vn -0.8611 0.3679 0.3509
vn -0.5000 0.4116 0.7620
vn 0.0001 0.5459 0.8378
vn 0.4811 0.5310 0.6975
vn 0.5231 0.4638 0.7150
vn 0.0458 0.5319 0.8456
vn -0.5993 0.4291 0.6758
vn -0.8269 0.3126 0.4674
vn -0.8733 0.2500 0.4181
vn -0.8965 0.3245 0.3016
vn -0.5179 0.0731 0.8523
vn 0.5000 0.4117 0.7619
vn -0.0000 0.1469 0.9892
vn -0.0480 0.4140 0.9090
vn 0.3964 0.0942 0.9132
vn 0.5668 0.3392 0.7508
vn 0.6225 0.4209 0.6598
vn 0.5178 0.0732 0.8524
vn 0.1056 0.1768 0.9786
vn -0.0378 -0.0629 0.9973
vn -0.1381 0.0240 0.9901
vn 0.0826 0.3990 0.9132
vn 0.4470 0.4959 0.7445
vn 0.2779 0.5369 0.7965
vn 0.6009 0.6306 0.4912
vn 0.4552 0.5183 0.7240
vn 0.2812 0.3678 0.8864
vn 0.1323 0.3203 0.9380
vn 0.0856 0.0382 0.9956
vn -0.1200 -0.2623 0.9575
vn -0.0873 0.4119 0.9070
vn -0.1587 0.4302 0.8887
vn -0.1310 0.4337 0.8915
vn 0.1744 0.3189 0.9316
vn 0.5405 0.1731 0.8234
vn 0.8483 0.3068 0.4315
vn 0.6488 0.4005 0.6471
vn 0.5501 -0.7641 0.3370
vn 0.5900 -0.7893 0.1700
vn 0.5666 -0.8013 0.1923
vn 0.5822 -0.8000 0.1448
vn 0.6658 -0.6140 0.4239
vn 0.3876 -0.4316 0.8146
vn 0.5360 -0.0851 0.8399
vn 0.4817 0.3177 0.8167
vn -0.0321 0.6788 0.7336
vn -0.0151 0.7145 0.6995
vn 0.0266 0.2016 0.9791
vn 0.3999 -0.2695 0.8761
vn 0.7444 -0.1745 0.6445
vn 0.3409 -0.9336 0.1105
vn 0.6191 -0.5889 0.5196
vn 0.8714 -0.2133 0.4417
vn 0.8718 0.1911 0.4510
vn 0.8086 0.2864 0.5139
vn 0.7759 0.1672 0.6083
vn 0.8723 0.2548 0.4173
vn 0.9056 0.3047 0.2950
vn 0.8252 0.1789 0.5358
vn 0.8154 0.3202 0.4823
vn -0.4294 -0.8530 0.2967
vn -0.1231 -0.4905 0.8627
vn -0.6238 -0.5842 0.5192
vn -0.6192 -0.6151 0.4881
vn -0.8743 -0.2159 0.4347
vn -0.7507 -0.1801 0.6356
vn -0.8527 0.2996 0.4279
vn -0.5405 0.1730 0.8234
vn -0.4470 0.4959 0.7445
vn -0.6009 0.6305 0.4913
vn -0.2778 0.5368 0.7967
vn -0.0828 0.3993 0.9131
vn -0.2948 -0.8617 0.4130
vn -0.5649 -0.6404 0.5205
vn -0.8463 -0.2330 0.4790
vn -0.8712 0.1877 0.4536
vn -0.6489 0.4004 0.6470
vn -0.4552 0.5182 0.7241
vn -0.2812 0.3668 0.8868
vn -0.1331 0.3207 0.9378
vn -0.0861 0.0392 0.9955
vn 0.0379 -0.0631 0.9973
vn -0.1057 0.1768 0.9786
vn -0.6014 0.1195 0.7900
vn -0.6956 0.1615 0.7001
vn -0.5841 0.0298 0.8111
vn -0.9513 0.2325 0.2024
vn -0.8605 0.1517 0.4863
vn -0.5209 0.1027 0.8474
vn -0.7793 0.1655 0.6044
vn -0.8096 0.2887 0.5110
vn -0.8218 0.2036 0.5321
vn -0.7229 -0.0797 0.6864
vn -0.6292 -0.3205 0.7080
vn -0.4515 -0.1469 0.8801
vn -0.3540 -0.1699 0.9197
vn -0.0000 -0.0714 0.9974
vn 0.0000 -0.1205 0.9927
vn -0.5591 0.3005 0.7727
vn -0.3964 0.0943 0.9132
vn 0.3704 -0.2480 0.8952
vn 0.1539 -0.1363 0.9786
vn 0.0894 -0.0227 0.9957
vn 0.3704 -0.2479 0.8952
vn 0.1540 -0.1363 0.9786
vn -0.0886 -0.8172 -0.5695
vn 0.3532 0.7658 0.5374
vn 0.1540 -0.1362 0.9786
vn 0.4640 -0.3067 0.8311
vn 0.6660 -0.3243 0.6718
vn 0.4639 -0.3067 0.8311
vn 0.6122 0.1905 0.7674
vn 0.3920 0.1752 0.9031
vn 0.6011 -0.0912 0.7940
vn 0.1311 -0.6438 0.7539
vn 0.6202 -0.4499 0.6426
vn 0.1037 -0.8683 0.4851
vn 0.0340 -0.8291 0.5581
vn -0.1478 -0.9777 0.1493
vn -0.2294 -0.9500 0.2119
vn 0.2237 -0.7798 0.5846
vn 0.7281 -0.3111 0.6108
vn 0.5740 -0.3585 0.7362
vn 0.2498 -0.7661 0.5921
vn 0.1512 -0.8473 0.5091
vn 0.1539 -0.1362 0.9787
vn 0.0400 -0.9923 0.1172
vn 0.6068 -0.3746 0.7010
vn 0.8125 -0.1289 0.5685
vn 0.3471 -0.6266 0.6978
vn 0.2519 -0.6906 0.6779
vn 0.1819 -0.9004 0.3952
vn -0.0887 -0.8173 -0.5694
vn 0.9388 0.3433 0.0273
vn 0.1168 -0.7966 0.5932
vn 0.2867 -0.7828 0.5523
vn 0.4617 -0.4867 0.7416
vn 0.2957 -0.4371 0.8494
vn 0.2991 -0.2743 0.9139
vn 0.2744 -0.0489 0.9604
vn 0.3716 -0.2112 0.9040
vn 0.4306 -0.2130 0.8771
vn 0.3542 -0.1698 0.9196
vn 0.3821 0.1634 0.9095
vn 0.2610 0.0568 0.9637
vn 0.2794 -0.0171 0.9600
vn 0.2898 -0.0208 0.9569
vn 0.3218 -0.0899 0.9425
vn 0.2041 -0.1274 0.9706
vn 0.2188 0.2052 0.9540
vn 0.2703 0.0039 0.9628
vn 0.2635 -0.0282 0.9642
vn 0.2189 -0.0409 0.9749
vn -0.0158 0.0829 0.9964
vn -0.2002 0.1901 0.9611
vn -0.3849 0.1604 0.9089
vn -0.5858 0.1198 0.8015
vn -0.4357 0.0422 0.8991
vn -0.5695 0.0917 0.8169
vn -0.3543 0.0888 0.9309
vn -0.5418 0.2508 0.8023
vn -0.2704 0.0039 0.9627
vn -0.2111 0.0201 0.9773
vn -0.2636 -0.0282 0.9642
vn -0.2189 -0.0409 0.9749
vn -0.2779 0.0462 0.9595
vn -0.2794 -0.0171 0.9600
vn -0.2868 -0.0188 0.9578
vn -0.3148 -0.0909 0.9448
vn -0.1776 -0.0159 0.9840
vn -0.0000 0.0443 0.9990
vn 0.2112 0.0200 0.9772
vn 0.1776 -0.0159 0.9840
vn 0.0000 -0.0575 0.9983
vn -0.2041 -0.1275 0.9706
vn -0.4248 -0.2216 0.8778
vn -0.3643 -0.2188 0.9052
vn -0.2748 -0.0479 0.9603
vn -0.4595 -0.4938 0.7383
vn -0.2971 -0.4382 0.8484
vn -0.2991 -0.2742 0.9140
vn -0.3001 -0.7556 0.5822
vn -0.1550 -0.1402 0.9779
vn -0.3948 0.7580 0.5191
vn -0.1549 -0.1402 0.9779
vn -0.1761 -0.9012 0.3961
vn 0.0343 -0.6265 0.7787
vn -0.1549 -0.1401 0.9780
vn 0.0922 -0.8188 -0.5667
vn 0.0342 -0.6265 0.7787
vn 0.0923 -0.8187 -0.5668
vn -0.5239 0.2079 -0.8260
vn -0.3949 0.7580 0.5192
vn -0.5260 0.2054 -0.8253
vn 0.3226 0.8579 0.3999
vn -0.3918 0.1750 0.9033
vn -0.1310 -0.6438 0.7539
vn -0.0901 -0.0257 0.9956
vn -0.6011 -0.0911 0.7940
vn -0.1410 -0.8456 0.5149
vn -0.6656 -0.3583 0.6546
vn -0.5084 -0.0848 0.8569
vn -0.1549 -0.1401 0.9779
vn -0.1231 -0.4906 0.8627
vn 0.3216 0.8576 0.4015
vn 0.0343 -0.6264 0.7787
vn 0.1123 -0.9050 0.4104
vn 0.1768 -0.9486 0.2623
vn 0.3896 0.1810 0.9030
vn 0.1588 -0.1017 0.9821
vn -0.0328 -0.8297 0.5573
vn 0.1480 -0.9777 0.1489
vn 0.1280 -0.2930 0.9475
vn -0.0438 -0.2482 0.9677
vn -0.1516 -0.6259 0.7650
vn -0.3491 -0.4500 0.8220
vn -0.4002 -0.2697 0.8758
vn -0.5069 -0.0533 0.8604
vn -0.8243 -0.4230 0.3764
vn -0.9936 0.0444 0.1041
vn -0.6253 0.4039 0.6678
vn -0.7501 -0.6505 0.1190
vn -0.5320 -0.7842 0.3193
vn -0.6135 -0.7839 0.0953
vn -0.6265 -0.7673 0.1366
vn -0.4159 -0.8342 0.3622
vn -0.3629 -0.9269 0.0954
vn -0.2604 -0.7354 0.6256
vn -0.0376 -0.9923 0.1176
vn 0.1024 0.4590 0.8825
vn 0.1188 -0.2664 0.9565
vn 0.1384 0.0195 0.9902
vn 0.1271 0.4790 0.8686
vn 0.1629 0.4976 0.8520
vn -0.1528 0.3439 0.9265
vn 0.0318 0.7989 0.6006
vn 0.0302 0.7615 0.6474
vn -0.0197 0.2022 0.9791
vn -0.0876 -0.3664 0.9263
vn 0.0868 0.7636 0.6398
vn -0.2895 0.5770 0.7637
vn -0.1752 0.7301 0.6605
vn -0.1301 0.7607 0.6359
vn -0.2593 0.4422 0.8586
vn -0.3228 -0.2668 0.9081
vn -0.3937 -0.1517 0.9066
vn -0.3152 0.3392 0.8863
vn -0.3777 0.1937 0.9054
vn -0.4878 0.1092 0.8661
vn -0.3919 0.2528 0.8846
vn -0.5499 -0.0183 0.8350
vn -0.5964 -0.1551 0.7876
vn -0.7375 0.0308 0.6746
vn -0.6164 -0.0817 0.7832
vn -0.4437 0.3448 0.8272
vn -0.6756 0.1434 0.7232
vn -0.6966 -0.0091 0.7174
vn -0.7477 -0.1260 0.6520
vn -0.7357 0.1596 0.6582
vn -0.7749 -0.5628 0.2877
vn -0.9669 -0.2378 0.0925
vn -0.9376 -0.2417 0.2499
vn -0.9160 -0.1199 0.3828
vn -0.9260 -0.0066 0.3774
vn -0.8655 0.0305 0.4999
vn -0.6972 0.2057 0.6867
vn -0.6561 0.1309 0.7432
vn -0.7372 0.0618 0.6729
vn -0.8567 0.0586 0.5124
vn -0.9221 -0.0387 0.3851
vn -0.9539 -0.0571 0.2945
vn -0.7329 0.1636 0.6604
vn 0.0752 -0.8764 -0.4757
vn 0.8813 -0.4660 0.0788
vn 0.9600 0.0375 0.2776
vn 0.9065 -0.3091 0.2877
vn 0.9233 0.3705 0.1011
vn 0.8676 -0.1611 0.4704
vn 0.8100 0.5767 -0.1067
vn -0.5459 -0.8345 -0.0751
vn 0.4700 -0.8560 0.2154
vn 0.7071 -0.3950 0.5865
vn 0.8726 0.0122 0.4883
vn 0.9394 0.3387 -0.0539
vn 0.7749 -0.5628 0.2877
vn 0.4603 -0.8637 -0.2051
vn 0.9028 -0.1389 0.4070
vn 0.5458 -0.8345 -0.0751
vn -0.4604 -0.8637 -0.2051
vn 0.8906 -0.4030 -0.2106
vn 0.7609 -0.6175 -0.1993
vn 0.6983 -0.7088 -0.0999
vn 0.8515 -0.5219 -0.0502
vn 0.9536 -0.2980 0.0425
vn 0.9669 -0.2379 0.0925
vn 0.8898 -0.4095 0.2015
vn 0.7824 -0.6086 0.1322
vn 0.8012 -0.5458 0.2454
vn 0.8760 -0.3735 0.3050
vn 0.9300 -0.2853 0.2319
vn 0.8969 -0.2846 0.3384
vn 0.9273 -0.2815 0.2469
vn 0.8840 -0.2773 0.3763
vn 0.2817 -0.0340 0.9589
vn 0.4536 -0.0342 0.8905
vn 0.3877 -0.1174 0.9143
vn 0.3176 0.0060 0.9482
vn 0.4456 -0.0981 0.8898
vn 0.4118 0.0484 0.9100
vn 0.5599 -0.1420 0.8163
vn 0.5499 -0.0183 0.8350
vn 0.6654 -0.1827 0.7238
vn 0.7477 -0.1258 0.6520
vn 0.7855 -0.2493 0.5664
vn 0.8793 -0.2136 0.4258
vn 0.9376 -0.2417 0.2499
vn 0.4164 0.2352 0.8782
vn 0.3919 0.2528 0.8846
vn 0.4879 0.1092 0.8661
vn 0.6966 -0.0091 0.7174
vn 0.8627 -0.0678 0.5011
vn 0.9160 -0.1199 0.3827
vn 0.9863 -0.1589 0.0440
vn 0.3773 0.1946 0.9054
vn 0.6756 0.1434 0.7231
vn 0.8655 0.0305 0.4999
vn 0.9260 -0.0066 0.3774
vn 0.9541 -0.0562 0.2940
vn 0.9193 0.0303 0.3923
vn 0.3143 0.3383 0.8870
vn 0.0896 -0.3651 0.9267
vn 0.3932 -0.1446 0.9080
vn 0.4439 0.3447 0.8271
vn 0.6973 0.2056 0.6867
vn 0.8759 -0.0418 0.4806
vn 0.9098 -0.0230 0.4145
vn 0.3137 0.2306 0.9211
vn 0.5949 -0.1491 0.7898
vn 0.5107 0.3185 0.7986
vn 0.3271 -0.2582 0.9090
vn 0.6563 0.1308 0.7431
vn 0.7229 0.0871 0.6854
vn 0.6141 -0.0785 0.7853
vn 0.7359 0.1595 0.6580
vn 0.3759 -0.2079 0.9030
vn 0.4203 0.3699 0.8286
vn 0.6909 -0.0990 0.7161
vn 0.7356 -0.0113 0.6773
vn 0.6617 0.0445 0.7485
vn 0.8121 -0.2084 0.5450
vn 0.4695 -0.6189 0.6296
vn 0.6107 -0.3455 0.7125
vn -0.0849 -0.2132 0.9733
vn -0.1442 -0.6391 0.7555
vn -0.0369 -0.9937 -0.1061
vn -0.0138 -0.9957 0.0917
vn -0.0709 -0.9970 0.0316
vn 0.0908 -0.9912 -0.0966
vn -0.1208 -0.9592 -0.2557
vn -0.2194 -0.9727 -0.0762
vn -0.4883 -0.8695 0.0744
vn 0.0000 -0.9782 0.2075
vn 0.1408 -0.8787 0.4562
vn 0.0007 -0.8315 0.5556
vn 0.0772 -0.9829 0.1671
vn 0.0000 -0.9992 0.0403
vn -0.0775 -0.9829 0.1672
vn -0.1398 -0.8804 0.4532
vn -0.1877 -0.5956 0.7811
vn 0.0020 -0.6356 0.7720
vn 0.0007 -0.1361 0.9907
vn 0.1890 -0.5964 0.7801
vn 0.3699 0.2127 0.9044
vn 0.5180 0.2585 0.8154
vn 0.4736 0.0433 0.8797
vn 0.1479 0.1546 0.9768
vn 0.1925 0.1953 0.9617
vn -0.0020 0.2131 0.9770
vn 0.2569 -0.1155 0.9595
vn 0.2674 -0.6295 0.7295
vn 0.1410 -0.8985 0.4157
vn 0.1478 -0.9096 0.3884
vn -0.0042 -0.9723 0.2338
vn 0.0511 -0.9340 0.3536
vn -0.0462 -0.9711 0.2341
vn 0.0268 -0.9737 0.2261
vn 0.3914 -0.2658 0.8810
vn 0.3725 -0.6087 0.7006
vn 0.3449 -0.7429 0.5737
vn 0.3003 -0.8104 0.5030
vn 0.2178 -0.8790 0.4241
vn 0.1417 -0.9740 0.1770
vn 0.3163 0.2410 0.9175
vn 0.4670 0.1961 0.8622
vn 0.5806 -0.0985 0.8082
vn 0.6411 -0.2357 0.7304
vn 0.5749 -0.5002 0.6475
vn 0.4684 -0.5519 0.6900
vn 0.3074 -0.7303 0.6101
vn -0.1872 -0.9355 0.2996
vn 0.6922 -0.1795 0.6990
vn 0.1483 -0.6383 0.7554
vn 0.4635 -0.4440 0.7668
vn 0.5671 -0.2760 0.7760
vn 0.6322 -0.0067 0.7748
vn 0.6221 0.2166 0.7524
vn 0.5288 -0.2759 0.8026
vn 0.4024 -0.3583 0.8424
vn 0.5339 -0.2520 0.8071
vn 0.4877 -0.2771 0.8279
vn 0.5416 -0.1061 0.8339
vn 0.6940 -0.3070 0.6512
vn 0.6646 -0.2056 0.7184
vn 0.5810 -0.1404 0.8017
vn 0.7384 -0.4117 0.5341
vn 0.7883 -0.4780 0.3874
vn 0.7774 -0.3077 0.5486
vn 0.7173 -0.2044 0.6661
vn 0.6301 -0.1324 0.7651
vn 0.5459 -0.0712 0.8348
vn 0.5395 0.0044 0.8420
vn 0.5730 0.1071 0.8125
vn 0.5647 0.1270 0.8155
vn 0.7789 -0.2204 0.5872
vn 0.6693 -0.1568 0.7262
vn 0.7097 -0.2140 0.6713
vn 0.5369 -0.1133 0.8360
vn 0.5570 -0.1573 0.8154
vn 0.5862 -0.1843 0.7889
vn 0.6786 -0.2317 0.6970
vn 0.7919 -0.2643 0.5505
vn 0.8260 -0.2681 0.4958
vn 0.8365 -0.3191 0.4455
vn 0.5295 0.0761 0.8449
vn 0.5833 0.0492 0.8107
vn 0.7115 -0.1598 0.6842
vn 0.4528 0.1325 0.8817
vn 0.6289 0.1240 0.7675
vn 0.6958 0.1748 0.6966
vn 0.9269 -0.1029 0.3608
vn 0.9650 0.0944 0.2446
vn 0.5950 0.0267 0.8033
vn 0.5591 -0.1186 0.8206
vn 0.5052 -0.3960 0.7668
vn 0.3800 -0.7005 0.6041
vn 0.8202 -0.4626 0.3365
vn 0.9607 -0.1736 0.2166
vn 0.9736 0.1954 0.1182
vn 0.9397 0.2618 0.2199
vn 0.7978 0.0544 0.6004
vn 0.5209 0.1027 0.8474
vn 0.6939 -0.5810 0.4254
vn 0.1383 -0.5711 0.8092
vn 0.1086 -0.8630 0.4935
vn 0.8229 -0.3211 0.4688
vn 0.9095 0.2029 0.3628
vn 0.8950 0.4162 0.1602
vn 0.2845 -0.9434 0.1704
vn 0.7777 -0.3014 0.5517
vn 0.8475 0.2202 0.4829
vn 0.8342 0.4349 0.3392
vn 0.5194 -0.7444 0.4196
vn -0.5247 -0.8508 -0.0283
vn -0.2965 -0.8968 -0.3284
vn -0.6596 -0.7337 0.1632
vn 0.5243 -0.8515 0.0000
vn 0.9097 -0.3671 0.1943
vn 0.3494 -0.7301 0.5872
vn 0.8037 -0.1232 0.5822
vn 0.6434 -0.6578 0.3914
vn 0.6766 -0.5280 0.5132
vn 0.6230 -0.3789 0.6843
vn 0.3383 -0.5145 0.7880
vn 0.2518 -0.7966 0.5496
vn -0.0000 -0.8467 0.5321
vn -0.6436 -0.6577 0.3915
vn -0.9098 -0.3667 0.1944
vn -0.3493 -0.7301 0.5873
vn -0.8037 -0.1234 0.5821
vn -0.2756 -0.4999 0.8211
vn -0.2518 -0.7967 0.5495
vn -0.6766 -0.5285 0.5127
vn -0.5590 -0.1184 0.8207
vn -0.6230 -0.3792 0.6842
vn -0.0520 -0.5115 0.8577
vn 0.0235 -0.1324 0.9909
vn -0.0326 -0.0459 0.9984
vn -0.4747 0.0448 0.8790
vn -0.5647 0.1270 0.8155
vn -0.6236 0.2199 0.7502
vn -0.5180 0.2586 0.8154
vn -0.3735 0.2103 0.9035
vn -0.1546 0.1528 0.9761
vn -0.0037 0.1614 0.9869
vn 0.0068 -0.1014 0.9948
vn -0.6648 -0.1886 0.7228
vn -0.3550 -0.7309 0.5829
vn -0.5489 -0.2231 0.8056
vn -0.4633 0.2003 0.8633
vn -0.3163 0.2411 0.9175
vn -0.1943 0.1928 0.9618
vn -0.2570 -0.1109 0.9600
vn -0.3819 -0.1982 0.9027
vn -0.2835 -0.6131 0.7374
vn -0.1398 -0.9007 0.4114
vn -0.1483 -0.9110 0.3848
vn -0.0005 -0.9716 0.2367
vn -0.0692 -0.9292 0.3631
vn 0.0473 -0.9660 0.2540
vn -0.0573 -0.9634 0.2619
vn 0.0369 -0.9989 0.0297
vn 0.0020 -0.9981 0.0615
vn 0.0076 -0.9931 -0.1174
vn -0.0642 -0.9919 -0.1100
vn 0.1103 -0.9683 -0.2241
vn 0.2564 -0.9652 -0.0518
vn 0.4879 -0.8705 0.0644
vn 0.9511 -0.0566 0.3035
vn -0.1354 -0.9809 0.1397
vn -0.2068 -0.8664 0.4545
vn -0.2955 -0.8068 0.5116
vn -0.3392 -0.6743 0.6559
vn 0.1593 -0.9520 0.2612
vn -0.3119 -0.7384 0.5979
vn -0.4517 -0.5614 0.6934
vn -0.5584 -0.5318 0.6367
vn -0.4673 -0.4326 0.7711
vn -0.5672 -0.2730 0.7770
vn -0.6924 -0.1782 0.6992
vn -0.6320 -0.0076 0.7749
vn -0.5734 0.1068 0.8123
vn -0.5834 0.0493 0.8107
vn -0.5052 -0.3959 0.7668
vn -0.5298 0.0757 0.8447
vn -0.5394 0.0040 0.8420
vn -0.5415 -0.1064 0.8340
vn -0.4886 -0.2746 0.8282
vn -0.4047 -0.3474 0.8459
vn -0.5294 -0.2758 0.8023
vn -0.5260 -0.2531 0.8120
vn -0.5768 -0.1396 0.8048
vn -0.5463 -0.0712 0.8346
vn -0.4494 -0.0403 0.8924
vn -0.4492 0.1255 0.8846
vn -0.2803 -0.0354 0.9593
vn -0.4164 0.2353 0.8782
vn -0.3210 0.0104 0.9470
vn -0.3914 -0.1166 0.9128
vn -0.5367 -0.1173 0.8356
vn -0.6325 -0.1266 0.7642
vn -0.6633 -0.2051 0.7197
vn -0.6961 -0.3107 0.6472
vn -0.4118 0.0485 0.9100
vn -0.4496 -0.0937 0.8883
vn -0.5662 -0.1578 0.8090
vn -0.6767 -0.1532 0.7201
vn -0.7266 -0.1989 0.6576
vn -0.5607 -0.1420 0.8158
vn -0.5900 -0.1977 0.7828
vn -0.7178 -0.2232 0.6595
vn -0.7874 -0.2091 0.5799
vn -0.7801 -0.3050 0.5463
vn -0.8377 -0.3131 0.4474
vn -0.8255 -0.2566 0.5028
vn -0.7862 -0.2871 0.5472
vn -0.6788 -0.2577 0.6876
vn -0.6652 -0.1839 0.7237
vn -0.7823 -0.2660 0.5632
vn -0.8793 -0.2827 0.3834
vn -0.8959 -0.2828 0.3426
vn -0.8755 -0.3750 0.3048
vn -0.8628 -0.0679 0.5010
vn -0.8793 -0.2136 0.4257
vn -0.7827 -0.6081 0.1330
vn -0.8895 -0.4100 0.2017
vn -0.9300 -0.2852 0.2318
vn -0.9273 -0.2815 0.2468
vn -0.9536 -0.2980 0.0426
vn -0.8515 -0.5219 -0.0502
vn -0.6983 -0.7088 -0.0999
vn -0.8907 -0.4030 -0.2105
vn -0.7609 -0.6176 -0.1993
vn -0.9277 -0.0964 0.3606
vn -0.9989 -0.0305 -0.0366
vn -0.9801 -0.1086 -0.1663
vn -0.9755 -0.0222 -0.2189
vn 0.9607 -0.2458 -0.1293
vn 0.9700 -0.2217 -0.0995
vn 0.9434 -0.2587 -0.2074
vn 0.9432 -0.1256 0.3077
vn 0.7770 -0.2080 0.5941
vn 0.7254 -0.1349 0.6750
vn 0.5119 -0.2895 0.8088
vn 0.4074 -0.2761 0.8705
vn 0.0004 -0.4229 0.9062
vn -0.0000 -0.3583 0.9336
vn -0.4073 -0.2762 0.8705
vn -0.5120 -0.2920 0.8078
vn -0.7253 -0.1351 0.6750
vn -0.7778 -0.2086 0.5929
usemtl head.014
s 1
f 1/1/1 2/2/2 3/3/3
f 4/4/4 1/1/1 3/3/3
f 5/5/5 1/1/1 4/4/4
f 6/6/6 7/7/7 8/8/8
f 9/9/9 8/8/8 7/7/7
f 7/7/7 10/10/10 9/9/9
f 11/11/11 9/9/9 10/10/10
f 10/10/10 12/12/12 11/11/11
f 12/12/12 5/5/5 11/11/11
f 13/13/13 11/11/11 5/5/5
f 11/11/11 13/13/13 9/9/9
f 14/14/14 15/15/15 16/16/16
f 17/17/17 18/18/18 19/19/19
f 18/18/18 17/17/17 16/16/16
f 20/20/20 16/16/16 17/17/17
f 21/21/21 16/16/16 20/20/20
f 16/16/16 21/21/21 14/14/14
f 22/22/22 14/14/14 21/21/21
f 23/23/23 20/20/20 24/24/24
f 17/17/17 24/24/24 20/20/20
f 25/25/25 24/24/24 17/17/17
f 17/17/17 19/19/19 25/25/25
f 26/26/26 25/25/25 19/19/19
f 16/16/16 15/15/15 18/18/18
f 27/27/27 18/18/18 15/15/15
f 18/18/18 27/27/27 19/19/19
f 28/28/28 19/19/19 27/27/27
f 19/19/19 28/28/28 26/26/26
f 29/29/29 26/26/26 28/28/28
f 29/29/29 28/28/28 30/30/30
f 31/31/31 30/30/30 28/28/28
f 28/28/28 32/32/32 31/31/31
f 33/33/33 31/31/31 32/32/32
f 32/32/32 34/34/34 33/33/33
f 34/34/34 32/32/32 35/35/35
f 35/35/35 36/36/36 34/34/34
f 35/35/35 37/37/37 36/36/36
f 38/38/38 36/36/36 37/37/37
f 37/37/37 15/15/15 38/38/38
f 39/39/39 38/38/38 15/15/15
f 15/15/15 14/14/14 39/39/39
f 40/40/40 39/39/39 14/14/14
f 14/14/14 22/22/22 40/40/40
f 41/41/41 40/40/40 22/22/22
f 27/27/27 32/32/32 28/28/28
f 32/32/32 27/27/27 37/37/37
f 15/15/15 37/37/37 27/27/27
f 37/37/37 35/35/35 32/32/32
f 42/42/42 41/41/41 43/43/43
f 22/22/22 43/43/43 41/41/41
f 43/43/43 22/22/22 44/44/44
f 21/21/21 44/44/44 22/22/22
f 44/44/44 21/21/21 45/45/45
f 20/20/20 45/45/45 21/21/21
f 45/45/45 20/20/20 46/46/46
f 23/23/23 46/46/46 20/20/20
f 46/46/46 23/23/23 47/47/47
f 24/24/24 47/47/47 23/23/23
f 47/47/47 24/24/24 48/48/48
f 24/24/24 25/25/25 48/48/48
f 49/49/49 48/48/48 25/25/25
f 50/50/50 49/49/49 25/25/25
f 25/25/25 26/26/26 50/50/50
f 51/51/51 50/50/50 26/26/26
f 26/26/26 29/29/29 51/51/51
f 52/52/52 51/51/51 29/29/29
f 30/30/30 52/52/52 29/29/29
f 52/52/52 30/30/30 53/53/53
f 54/54/54 53/53/53 30/30/30
f 30/30/30 31/31/31 54/54/54
f 55/55/55 54/54/54 31/31/31
f 56/56/56 55/55/55 31/31/31
f 31/31/31 33/33/33 56/56/56
f 57/57/57 56/56/56 33/33/33
f 57/57/57 33/33/33 34/34/34
f 34/34/34 58/58/58 57/57/57
f 58/58/58 34/34/34 36/36/36
f 36/36/36 59/59/59 58/58/58
f 36/36/36 38/38/38 59/59/59
f 60/60/60 59/59/59 38/38/38
f 38/38/38 39/39/39 60/60/60
f 61/61/61 60/60/60 39/39/39
f 39/39/39 40/40/40 61/61/61
f 40/40/40 62/62/62 61/61/61
f 40/40/40 41/41/41 62/62/62
f 63/63/63 62/62/62 41/41/41
f 41/41/41 42/42/42 63/63/63
f 64/64/64 63/63/63 42/42/42
f 42/42/42 65/65/65 64/64/64
f 66/66/66 64/64/64 65/65/65
f 65/65/65 67/67/67 66/66/66
f 68/68/68 66/66/66 67/67/67
f 68/68/68 67/67/67 69/69/69
f 69/69/69 70/70/70 68/68/68
f 70/70/70 69/69/69 71/71/71
f 71/71/71 72/72/72 70/70/70
f 71/71/71 73/73/73 72/72/72
f 74/74/74 72/72/72 73/73/73
f 73/73/73 75/75/75 74/74/74
f 47/47/47 76/76/76 46/46/46
f 77/77/77 46/46/46 76/76/76
f 46/46/46 77/77/77 45/45/45
f 78/78/78 45/45/45 77/77/77
f 45/45/45 78/78/78 44/44/44
f 79/79/79 44/44/44 78/78/78
f 44/44/44 79/79/79 43/43/43
f 80/80/80 43/43/43 79/79/79
f 43/43/43 80/80/80 42/42/42
f 65/65/65 42/42/42 80/80/80
f 80/80/80 81/81/81 65/65/65
f 67/67/67 65/65/65 81/81/81
f 81/81/81 82/82/82 67/67/67
f 82/82/82 69/69/69 67/67/67
f 69/69/69 82/82/82 83/83/83
f 83/83/83 71/71/71 69/69/69
f 57/84/57 83/83/83 82/82/82
f 56/85/56 57/84/57 82/82/82
f 83/86/83 57/57/57 58/58/58
f 58/58/58 84/87/84 83/86/83
f 84/87/84 58/58/58 59/59/59
f 59/59/59 85/88/85 84/87/84
f 59/59/59 60/60/60 85/88/85
f 86/89/86 85/88/85 60/60/60
f 60/60/60 61/61/61 86/89/86
f 87/90/87 86/89/86 61/61/61
f 87/90/87 61/61/61 62/62/62
f 62/62/62 63/63/63 87/90/87
f 88/91/88 87/90/87 63/63/63
f 63/63/63 64/64/64 88/91/88
f 89/92/89 88/91/88 64/64/64
f 64/64/64 66/66/66 89/92/89
f 90/93/90 89/92/89 66/66/66
f 91/94/91 90/93/90 66/66/66
f 90/93/90 91/94/91 92/95/92
f 93/96/93 92/95/92 91/94/91
f 91/94/91 94/97/94 93/96/93
f 74/74/74 93/96/93 94/97/94
f 72/72/72 74/74/74 94/97/94
f 94/97/94 70/70/70 72/72/72
f 70/70/70 94/97/94 68/68/68
f 94/97/94 91/94/91 68/68/68
f 66/66/66 68/68/68 91/94/91
f 71/98/71 83/86/83 84/87/84
f 71/98/71 84/87/84 95/99/95
f 85/88/85 95/99/95 84/87/84
f 95/99/95 73/100/73 71/98/71
f 92/95/92 96/101/96 90/93/90
f 89/92/89 90/93/90 96/101/96
f 96/101/96 97/102/97 89/92/89
f 88/91/88 89/92/89 97/102/97
f 97/102/97 98/103/98 88/91/88
f 87/90/87 88/91/88 98/103/98
f 98/103/98 99/104/99 87/90/87
f 86/89/86 87/90/87 99/104/99
f 99/104/99 100/105/100 86/89/86
f 85/88/85 86/89/86 100/105/100
f 100/105/100 101/106/101 85/88/85
f 95/99/95 85/88/85 101/106/101
f 101/106/101 102/107/102 95/99/95
f 73/100/73 95/99/95 102/107/102
f 102/107/102 75/108/75 73/100/73
f 103/109/103 104/110/104 105/111/105
f 106/112/106 105/111/105 104/110/104
f 104/110/104 107/113/107 106/112/106
f 108/114/108 106/112/106 107/113/107
f 107/113/107 109/115/109 108/114/108
f 110/116/110 108/114/108 109/115/109
f 108/114/108 110/116/110 54/117/54
f 54/117/54 111/118/111 108/114/108
f 54/117/54 55/119/55 111/118/111
f 56/85/56 111/118/111 55/119/55
f 111/118/111 56/85/56 112/120/112
f 82/82/82 112/120/112 56/85/56
f 112/120/112 82/82/82 113/121/113
f 82/82/82 81/81/81 113/121/113
f 81/81/81 80/80/80 113/121/113
f 79/79/79 113/121/113 80/80/80
f 113/121/113 79/79/79 114/122/114
f 78/78/78 114/122/114 79/79/79
f 77/77/77 114/122/114 78/78/78
f 114/122/114 77/77/77 115/123/115
f 76/76/76 115/123/115 77/77/77
f 115/123/115 103/109/103 114/122/114
f 105/111/105 114/122/114 103/109/103
f 114/122/114 105/111/105 113/121/113
f 106/112/106 113/121/113 105/111/105
f 113/121/113 106/112/106 112/120/112
f 108/114/108 112/120/112 106/112/106
f 112/120/112 108/114/108 111/118/111
f 53/124/53 54/117/54 110/116/110
f 116/125/116 117/126/117 118/127/118
f 118/127/118 119/128/119 120/129/120
f 118/127/118 120/129/120 116/125/116
f 121/130/121 116/125/116 120/129/120
f 122/131/122 123/132/123 124/133/124
f 125/134/125 124/133/124 123/132/123
f 124/133/124 125/134/125 126/135/126
f 127/136/127 126/135/126 125/134/125
f 126/135/126 127/136/127 128/137/128
f 129/138/129 128/137/128 127/136/127
f 128/137/128 129/138/129 130/139/130
f 131/140/131 130/139/130 129/138/129
f 131/140/131 132/141/132 130/139/130
f 132/141/132 131/140/131 133/142/133
f 133/142/133 134/143/134 132/141/132
f 134/143/134 133/142/133 135/144/135
f 136/145/136 135/144/135 133/142/133
f 135/144/135 136/145/136 137/146/137
f 136/145/136 138/147/138 137/146/137
f 139/148/139 137/146/137 138/147/138
f 138/147/138 140/149/140 139/148/139
f 119/128/119 139/148/139 140/149/140
f 119/128/119 140/149/140 141/150/141
f 141/150/141 120/129/120 119/128/119
f 120/129/120 141/150/141 142/151/142
f 120/129/120 142/151/142 121/130/121
f 143/152/143 121/130/121 142/151/142
f 142/151/142 144/153/144 143/152/143
f 145/154/145 143/152/143 144/153/144
f 144/153/144 146/155/146 145/154/145
f 147/156/147 145/154/145 146/155/146
f 146/155/146 148/157/148 147/156/147
f 149/158/149 147/156/147 148/157/148
f 148/157/148 150/159/150 149/158/149
f 151/160/151 149/158/149 150/159/150
f 150/159/150 152/161/152 151/160/151
f 153/162/153 151/160/151 152/161/152
f 152/161/152 154/163/154 153/162/153
f 155/164/155 153/162/153 154/163/154
f 154/163/154 156/165/156 155/164/155
f 156/165/156 157/166/157 155/164/155
f 117/167/117 155/164/155 157/166/157
f 118/168/118 117/167/117 157/166/157
f 137/146/137 158/169/158 135/144/135
f 146/155/146 144/153/144 159/170/159
f 160/171/160 159/170/159 144/153/144
f 144/153/144 142/151/142 160/171/160
f 160/171/160 142/151/142 141/150/141
f 141/150/141 161/172/161 160/171/160
f 161/172/161 141/150/141 140/149/140
f 140/149/140 138/147/138 161/172/161
f 162/173/162 161/172/161 138/147/138
f 138/147/138 136/145/136 162/173/162
f 133/142/133 162/173/162 136/145/136
f 162/173/162 133/142/133 131/140/131
f 162/173/162 131/140/131 163/174/163
f 129/138/129 163/174/163 131/140/131
f 127/136/127 163/174/163 129/138/129
f 163/174/163 127/136/127 164/175/164
f 125/134/125 164/175/164 127/136/127
f 164/175/164 125/134/125 165/176/165
f 123/132/123 165/176/165 125/134/125
f 165/176/165 123/132/123 148/157/148
f 150/159/150 148/157/148 123/132/123
f 123/132/123 122/131/122 150/159/150
f 152/161/152 150/159/150 122/131/122
f 154/163/154 152/161/152 122/131/122
f 163/174/163 166/177/166 162/173/162
f 161/172/161 162/173/162 166/177/166
f 166/177/166 160/171/160 161/172/161
f 159/170/159 160/171/160 166/177/166
f 166/177/166 164/175/164 159/170/159
f 165/176/165 159/170/159 164/175/164
f 159/170/159 165/176/165 146/155/146
f 148/157/148 146/155/146 165/176/165
f 164/175/164 166/177/166 163/174/163
f 167/178/167 168/179/168 169/180/169
f 169/180/169 168/179/168 170/181/170
f 168/179/168 171/182/171 170/181/170
f 172/183/172 170/181/170 171/182/171
f 171/182/171 173/184/173 172/183/172
f 174/185/174 172/183/172 173/184/173
f 173/184/173 175/186/175 174/185/174
f 176/187/176 174/185/174 175/186/175
f 175/186/175 177/188/177 176/187/176
f 178/189/178 176/187/176 177/188/177
f 177/188/177 179/190/179 178/189/178
f 179/190/179 180/191/180 178/189/178
f 180/191/180 158/192/158 178/189/178
f 181/193/181 178/189/178 158/192/158
f 158/192/158 137/194/137 181/193/181
f 137/194/137 139/195/139 181/193/181
f 182/196/182 181/193/181 139/195/139
f 139/195/139 183/197/183 182/196/182
f 184/198/184 182/196/182 183/197/183
f 183/197/183 157/166/157 184/198/184
f 157/166/157 156/165/156 184/198/184
f 185/199/185 184/198/184 156/165/156
f 156/165/156 154/163/154 185/199/185
f 186/200/186 185/199/185 154/163/154
f 154/163/154 122/131/122 186/200/186
f 187/201/187 186/200/186 122/131/122
f 122/131/122 124/133/124 187/201/187
f 188/202/188 187/201/187 124/133/124
f 124/133/124 126/135/126 188/202/188
f 189/203/189 188/202/188 126/135/126
f 126/135/126 128/137/128 189/203/189
f 169/180/169 189/203/189 128/137/128
f 130/139/130 169/180/169 128/137/128
f 169/180/169 130/139/130 167/178/167
f 190/204/190 167/178/167 130/139/130
f 130/139/130 132/141/132 190/204/190
f 191/205/191 190/204/190 132/141/132
f 132/141/132 134/143/134 191/205/191
f 192/206/192 191/205/191 134/143/134
f 135/144/135 192/206/192 134/143/134
f 193/207/193 192/206/192 135/144/135
f 135/144/135 158/169/158 193/207/193
f 180/208/180 193/207/193 158/169/158
f 169/180/169 170/181/170 189/203/189
f 183/197/183 139/195/139 119/209/119
f 119/209/119 118/168/118 183/197/183
f 157/166/157 183/197/183 118/168/118
f 182/196/182 184/198/184 194/210/194
f 194/210/194 195/211/195 182/196/182
f 181/193/181 182/196/182 195/211/195
f 196/212/196 197/213/197 198/214/198
f 199/215/199 198/214/198 197/213/197
f 197/213/197 200/216/200 199/215/199
f 201/217/201 199/215/199 200/216/200
f 200/216/200 202/218/202 201/217/201
f 203/219/203 201/217/201 202/218/202
f 204/220/204 203/219/203 202/218/202
f 203/219/203 204/220/204 205/221/205
f 205/221/205 204/220/204 176/187/176
f 176/187/176 178/189/178 205/221/205
f 178/189/178 181/193/181 205/221/205
f 203/219/203 205/221/205 181/193/181
f 181/193/181 195/211/195 203/219/203
f 201/217/201 203/219/203 195/211/195
f 195/211/195 194/210/194 201/217/201
f 206/222/206 201/217/201 194/210/194
f 194/210/194 184/198/184 206/222/206
f 184/198/184 185/199/185 206/222/206
f 207/223/207 206/222/206 185/199/185
f 185/199/185 186/200/186 207/223/207
f 186/200/186 187/201/187 207/223/207
f 198/214/198 207/223/207 187/201/187
f 187/201/187 188/202/188 198/214/198
f 196/212/196 198/214/198 188/202/188
f 188/202/188 189/203/189 196/212/196
f 189/203/189 208/224/208 196/212/196
f 208/224/208 189/203/189 170/181/170
f 170/181/170 172/183/172 208/224/208
f 209/225/209 208/224/208 172/183/172
f 172/183/172 174/185/174 209/225/209
f 204/220/204 209/225/209 174/185/174
f 174/185/174 176/187/176 204/220/204
f 197/213/197 196/212/196 208/224/208
f 208/224/208 209/225/209 197/213/197
f 200/216/200 197/213/197 209/225/209
f 209/225/209 204/220/204 200/216/200
f 202/218/202 200/216/200 204/220/204
f 199/215/199 201/217/201 206/222/206
f 206/222/206 207/223/207 199/215/199
f 198/214/198 199/215/199 207/223/207
f 210/226/210 211/227/211 212/228/212
f 212/228/212 213/229/213 210/226/210
f 214/230/214 210/226/210 213/229/213
f 215/231/215 214/230/214 213/229/213
f 213/229/213 216/232/216 215/231/215
f 216/232/216 217/233/217 215/231/215
f 218/234/218 215/231/215 217/233/217
f 219/235/219 218/234/218 217/233/217
f 217/233/217 220/236/220 219/235/219
f 221/237/221 219/235/219 220/236/220
f 173/238/173 171/239/171 168/240/168
f 168/240/168 167/241/167 173/238/173
f 167/241/167 190/242/190 173/238/173
f 175/243/175 173/238/173 190/242/190
f 190/242/190 191/244/191 175/243/175
f 177/245/177 175/243/175 191/244/191
f 191/244/191 192/246/192 177/245/177
f 179/247/179 177/245/177 192/246/192
f 192/246/192 193/248/193 179/247/179
f 180/249/180 179/247/179 193/248/193
f 222/250/222 223/251/223 224/252/224
f 224/252/224 225/253/225 222/250/222
f 226/254/226 222/250/222 225/253/225
f 227/255/227 228/256/228 229/257/229
f 229/257/229 228/256/228 230/258/230
f 229/257/229 230/258/230 231/259/231
f 230/258/230 232/260/232 231/259/231
f 232/260/232 230/258/230 233/261/233
f 233/261/233 234/262/234 232/260/232
f 235/263/235 232/260/232 234/262/234
f 234/262/234 236/264/236 235/263/235
f 223/251/223 235/263/235 236/264/236
f 236/264/236 237/265/237 223/251/223
f 224/252/224 223/251/223 237/265/237
f 228/256/228 233/261/233 230/258/230
f 231/259/231 238/266/238 239/267/239
f 239/267/239 229/257/229 231/259/231
f 229/257/229 239/267/239 240/268/240
f 229/257/229 240/268/240 227/255/227
f 241/269/241 227/255/227 240/268/240
f 242/270/242 243/271/243 244/272/244
f 245/273/245 244/272/244 243/271/243
f 245/273/245 243/271/243 246/274/246
f 246/274/246 238/266/238 245/273/245
f 238/266/238 246/274/246 247/275/247
f 247/275/247 239/267/239 238/266/238
f 239/267/239 247/275/247 248/276/248
f 248/276/248 240/268/240 239/267/239
f 240/268/240 248/276/248 249/277/249
f 240/268/240 249/277/249 241/269/241
f 250/278/250 241/269/241 249/277/249
f 251/279/251 250/278/250 249/277/249
f 250/278/250 251/279/251 252/280/252
f 253/281/253 252/280/252 251/279/251
f 252/280/252 253/281/253 254/282/254
f 255/283/255 254/282/254 253/281/253
f 254/282/254 255/283/255 224/284/224
f 225/285/225 224/284/224 255/283/255
f 225/285/225 255/283/255 256/286/256
f 256/286/256 257/287/257 225/285/225
f 257/287/257 256/286/256 258/288/258
f 258/288/258 259/289/259 257/287/257
f 259/289/259 258/288/258 260/290/260
f 260/290/260 261/291/261 259/289/259
f 261/291/261 260/290/260 262/292/262
f 262/292/262 263/293/263 261/291/261
f 263/293/263 262/292/262 264/294/264
f 264/294/264 218/295/218 263/293/263
f 215/296/215 218/295/218 264/294/264
f 264/294/264 265/297/265 215/296/215
f 214/298/214 215/296/215 265/297/265
f 265/297/265 266/299/266 214/298/214
f 210/300/210 214/298/214 266/299/266
f 266/299/266 267/301/267 210/300/210
f 211/302/211 210/300/210 267/301/267
f 267/301/267 268/303/268 211/302/211
f 212/304/212 211/302/211 268/303/268
f 268/303/268 269/305/269 212/304/212
f 213/306/213 212/304/212 269/305/269
f 269/305/269 270/307/270 213/306/213
f 216/308/216 213/306/213 270/307/270
f 271/309/271 216/308/216 270/307/270
f 217/310/217 216/308/216 271/309/271
f 271/309/271 272/311/272 217/310/217
f 220/312/220 217/310/217 272/311/272
f 221/313/221 220/312/220 272/311/272
f 273/314/273 221/313/221 272/311/272
f 274/315/274 273/314/273 272/311/272
f 273/314/273 274/315/274 275/316/275
f 226/254/226 275/316/275 274/315/274
f 274/315/274 276/317/276 226/254/226
f 222/250/222 226/254/226 276/317/276
f 276/317/276 277/318/277 222/250/222
f 223/251/223 222/250/222 277/318/277
f 235/263/235 223/251/223 277/318/277
f 277/318/277 278/319/278 235/263/235
f 232/260/232 235/263/235 278/319/278
f 232/260/232 278/319/278 279/320/279
f 279/320/279 231/259/231 232/260/232
f 231/259/231 279/320/279 280/321/280
f 238/266/238 231/259/231 280/321/280
f 280/321/280 245/273/245 238/266/238
f 280/321/280 281/322/281 245/273/245
f 244/272/244 245/273/245 281/322/281
f 281/322/281 282/323/282 244/272/244
f 242/270/242 244/272/244 282/323/282
f 282/323/282 283/324/283 242/270/242
f 242/270/242 283/324/283 269/305/269
f 270/307/270 269/305/269 283/324/283
f 283/324/283 284/325/284 270/307/270
f 271/309/271 270/307/270 284/325/284
f 284/325/284 285/326/285 271/309/271
f 272/311/272 271/309/271 285/326/285
f 272/311/272 285/326/285 274/315/274
f 286/327/286 274/315/274 285/326/285
f 274/315/274 286/327/286 287/328/287
f 288/329/288 287/328/287 286/327/286
f 287/328/287 288/329/288 289/330/289
f 290/331/290 289/330/289 288/329/288
f 289/330/289 290/331/290 277/318/277
f 278/319/278 277/318/277 290/331/290
f 278/319/278 290/331/290 291/332/291
f 291/332/291 279/320/279 278/319/278
f 279/320/279 291/332/291 280/321/280
f 281/322/281 280/321/280 291/332/291
f 291/332/291 292/333/292 281/322/281
f 282/323/282 281/322/281 292/333/292
f 292/333/292 293/334/293 282/323/282
f 283/324/283 282/323/282 293/334/293
f 293/334/293 284/325/284 283/324/283
f 284/325/284 293/334/293 294/335/294
f 294/335/294 286/327/286 284/325/284
f 286/327/286 294/335/294 288/329/288
f 288/329/288 294/335/294 293/334/293
f 293/334/293 292/333/292 288/329/288
f 290/331/290 288/329/288 292/333/292
f 292/333/292 291/332/291 290/331/290
f 276/317/276 274/315/274 287/328/287
f 287/328/287 289/330/289 276/317/276
f 277/318/277 276/317/276 289/330/289
f 285/326/285 284/325/284 286/327/286
f 224/284/224 237/336/237 254/282/254
f 295/337/295 260/290/260 258/288/258
f 219/338/219 263/293/263 218/295/218
f 296/339/296 246/274/246 243/271/243
f 269/305/269 268/303/268 242/270/242
f 243/271/243 242/270/242 268/303/268
f 268/303/268 267/301/267 243/271/243
f 296/339/296 243/271/243 267/301/267
f 267/301/267 266/299/266 296/339/296
f 296/339/296 266/299/266 297/340/297
f 297/340/297 298/341/298 296/339/296
f 246/274/246 296/339/296 298/341/298
f 298/341/298 247/275/247 246/274/246
f 266/299/266 265/297/265 299/342/299
f 299/342/299 297/340/297 266/299/266
f 297/340/297 299/342/299 300/343/300
f 298/341/298 297/340/297 300/343/300
f 300/343/300 301/344/301 298/341/298
f 247/275/247 298/341/298 301/344/301
f 301/344/301 248/276/248 247/275/247
f 265/297/265 264/294/264 262/292/262
f 262/292/262 299/342/299 265/297/265
f 299/342/299 262/292/262 260/290/260
f 260/290/260 300/343/300 299/342/299
f 260/290/260 295/337/295 300/343/300
f 301/344/301 300/343/300 295/337/295
f 295/337/295 302/345/302 301/344/301
f 248/276/248 301/344/301 302/345/302
f 302/345/302 249/277/249 248/276/248
f 249/277/249 302/345/302 251/279/251
f 303/346/303 251/279/251 302/345/302
f 251/279/251 303/346/303 253/281/253
f 256/286/256 253/281/253 303/346/303
f 253/281/253 256/286/256 255/283/255
f 303/346/303 258/288/258 256/286/256
f 258/288/258 303/346/303 295/337/295
f 302/345/302 295/337/295 303/346/303
f 226/347/226 225/285/225 257/287/257
f 226/347/226 257/287/257 259/289/259
f 259/289/259 275/348/275 226/347/226
f 275/348/275 259/289/259 261/291/261
f 261/291/261 263/293/263 275/348/275
f 273/349/273 275/348/275 263/293/263
f 263/293/263 219/338/219 273/349/273
f 221/350/221 273/349/273 219/338/219
f 304/351/304 305/352/305 306/353/306
f 307/354/307 308/355/308 309/356/309
f 308/355/308 310/357/310 309/356/309
f 311/358/311 309/356/309 310/357/310
f 310/357/310 306/353/306 311/358/311
f 312/359/312 311/358/311 306/353/306
f 312/359/312 306/353/306 305/352/305
f 305/352/305 313/360/313 312/359/312
f 313/360/313 314/361/314 312/359/312
f 314/361/314 315/362/315 312/359/312
f 311/358/311 312/359/312 315/362/315
f 315/362/315 316/363/316 311/358/311
f 309/356/309 311/358/311 316/363/316
f 316/363/316 317/364/317 309/356/309
f 318/365/318 309/356/309 317/364/317
f 317/364/317 319/366/319 318/365/318
f 320/367/320 318/365/318 319/366/319
f 319/366/319 321/368/321 320/367/320
f 322/369/322 320/367/320 321/368/321
f 321/368/321 323/370/323 322/369/322
f 324/371/324 322/369/322 323/370/323
f 323/370/323 325/372/325 324/371/324
f 326/373/326 324/371/324 325/372/325
f 325/372/325 327/374/327 326/373/326
f 328/375/328 326/373/326 327/374/327
f 327/374/327 329/376/329 328/375/328
f 330/377/330 328/375/328 329/376/329
f 329/376/329 331/378/331 330/377/330
f 332/379/332 330/377/330 331/378/331
f 333/380/333 332/379/332 331/378/331
f 331/378/331 305/381/305 333/380/333
f 304/382/304 333/380/333 305/381/305
f 332/379/332 334/383/334 330/377/330
f 328/375/328 330/377/330 334/383/334
f 334/383/334 335/384/335 328/375/328
f 326/373/326 328/375/328 335/384/335
f 335/384/335 336/385/336 326/373/326
f 324/371/324 326/373/326 336/385/336
f 336/385/336 337/386/337 324/371/324
f 337/386/337 338/387/338 324/371/324
f 322/369/322 324/371/324 338/387/338
f 338/387/338 339/388/339 322/369/322
f 320/367/320 322/369/322 339/388/339
f 339/388/339 340/389/340 320/367/320
f 318/365/318 320/367/320 340/389/340
f 340/389/340 307/354/307 318/365/318
f 309/356/309 318/365/318 307/354/307
f 341/390/341 313/391/313 305/381/305
f 305/381/305 331/378/331 341/390/341
f 329/376/329 341/390/341 331/378/331
f 342/392/342 343/393/343 344/394/344
f 344/394/344 345/395/345 342/392/342
f 346/396/346 342/392/342 345/395/345
f 345/395/345 347/397/347 346/396/346
f 348/398/348 349/399/349 350/400/350
f 350/400/350 351/401/351 348/398/348
f 347/397/347 348/398/348 351/401/351
f 351/401/351 352/402/352 347/397/347
f 346/396/346 347/397/347 352/402/352
f 352/402/352 353/403/353 346/396/346
f 342/392/342 346/396/346 353/403/353
f 353/403/353 354/404/354 342/392/342
f 354/404/354 355/405/355 342/392/342
f 343/393/343 342/392/342 355/405/355
f 355/405/355 356/406/356 343/393/343
f 357/407/357 343/393/343 356/406/356
f 356/406/356 358/408/358 357/407/357
f 359/409/359 357/407/357 358/408/358
f 358/408/358 360/410/360 359/409/359
f 360/410/360 361/411/361 359/409/359
f 361/411/361 360/410/360 362/412/362
f 361/411/361 362/412/362 363/413/363
f 364/414/364 363/413/363 362/412/362
f 365/415/365 364/414/364 362/412/362
f 362/412/362 366/416/366 365/415/365
f 367/417/367 365/415/365 366/416/366
f 366/416/366 368/418/368 367/417/367
f 369/419/369 367/417/367 368/418/368
f 368/418/368 370/420/370 369/419/369
f 370/420/370 371/421/371 369/419/369
f 372/422/372 369/419/369 371/421/371
f 371/421/371 373/423/373 372/422/372
f 374/424/374 372/422/372 373/423/373
f 373/423/373 375/425/375 374/424/374
f 376/426/376 374/424/374 375/425/375
f 375/425/375 349/399/349 376/426/376
f 377/427/377 376/426/376 349/399/349
f 349/399/349 348/398/348 377/427/377
f 378/428/378 377/427/377 348/398/348
f 348/398/348 347/397/347 378/428/378
f 379/429/379 378/428/378 347/397/347
f 347/397/347 345/395/345 379/429/379
f 380/430/380 379/429/379 345/395/345
f 345/395/345 381/431/381 380/430/380
f 2/2/2 380/430/380 381/431/381
f 381/431/381 382/432/382 2/2/2
f 382/432/382 3/3/3 2/2/2
f 3/3/3 382/432/382 383/433/383
f 384/434/384 3/3/3 383/433/383
f 383/433/383 385/435/385 384/434/384
f 385/435/385 8/8/8 384/434/384
f 8/8/8 385/435/385 6/6/6
f 386/436/386 6/6/6 385/435/385
f 387/437/387 6/6/6 386/436/386
f 386/436/386 388/438/388 387/437/387
f 363/413/363 387/437/387 388/438/388
f 388/438/388 361/411/361 363/413/363
f 388/438/388 359/409/359 361/411/361
f 359/409/359 388/438/388 357/407/357
f 388/438/388 389/439/389 357/407/357
f 389/439/389 390/440/390 357/407/357
f 390/440/390 389/439/389 391/441/391
f 392/442/392 390/440/390 391/441/391
f 391/441/391 393/443/393 392/442/392
f 394/444/394 392/442/392 393/443/393
f 394/444/394 393/443/393 386/436/386
f 385/435/385 394/444/394 386/436/386
f 385/435/385 383/433/383 394/444/394
f 392/442/392 394/444/394 383/433/383
f 383/433/383 395/445/395 392/442/392
f 395/445/395 396/446/396 392/442/392
f 396/446/396 395/445/395 381/431/381
f 381/431/381 345/395/345 396/446/396
f 397/447/397 396/446/396 345/395/345
f 345/395/345 344/394/344 397/447/397
f 344/394/344 390/440/390 397/447/397
f 390/440/390 344/394/344 343/393/343
f 343/393/343 357/407/357 390/440/390
f 375/425/375 350/400/350 349/399/349
f 388/438/388 386/436/386 393/443/393
f 393/443/393 391/441/391 388/438/388
f 389/439/389 388/438/388 391/441/391
f 395/445/395 383/433/383 382/432/382
f 382/432/382 381/431/381 395/445/395
f 396/446/396 397/447/397 392/442/392
f 390/440/390 392/442/392 397/447/397
f 398/448/398 368/418/368 366/416/366
f 366/416/366 362/412/362 398/448/398
f 399/449/399 398/448/398 362/412/362
f 360/410/360 399/449/399 362/412/362
f 4/4/4 13/13/13 5/5/5
f 4/4/4 3/3/3 13/13/13
f 3/3/3 384/434/384 13/13/13
f 384/434/384 9/9/9 13/13/13
f 9/9/9 384/434/384 8/8/8
f 400/450/400 401/451/401 402/452/402
f 403/453/403 400/450/400 402/452/402
f 404/454/404 405/455/405 401/451/401
f 401/451/401 400/450/400 404/454/404
f 406/456/406 404/454/404 400/450/400
f 407/457/407 406/456/406 400/450/400
f 400/450/400 403/453/403 407/457/407
f 408/458/408 407/457/407 403/453/403
f 403/453/403 409/459/409 408/458/408
f 410/460/410 408/458/408 409/459/409
f 411/461/411 410/460/410 409/459/409
f 412/462/412 410/460/410 411/461/411
f 411/461/411 413/463/413 412/462/412
f 414/464/414 412/462/412 413/463/413
f 413/463/413 415/465/415 414/464/414
f 416/466/416 414/464/414 415/465/415
f 415/465/415 417/467/417 416/466/416
f 418/468/418 416/466/416 417/467/417
f 417/467/417 419/469/419 418/468/418
f 420/470/420 418/468/418 419/469/419
f 420/470/420 419/469/419 421/471/421
f 422/472/422 421/471/421 419/469/419
f 419/469/419 417/467/417 422/472/422
f 423/473/423 422/472/422 417/467/417
f 417/467/417 415/465/415 423/473/423
f 424/474/424 423/473/423 415/465/415
f 415/465/415 413/463/413 424/474/424
f 425/475/425 424/474/424 413/463/413
f 413/463/413 411/461/411 425/475/425
f 409/459/409 425/475/425 411/461/411
f 426/476/426 425/475/425 409/459/409
f 409/459/409 403/453/403 426/476/426
f 427/477/427 426/476/426 403/453/403
f 402/452/402 427/477/427 403/453/403
f 427/477/427 402/452/402 428/478/428
f 428/478/428 429/479/429 427/477/427
f 429/479/429 428/478/428 430/480/430
f 430/480/430 431/481/431 429/479/429
f 432/482/432 429/479/429 431/481/431
f 431/481/431 433/483/433 432/482/432
f 424/474/424 432/482/432 433/483/433
f 432/482/432 424/474/424 425/475/425
f 425/475/425 426/476/426 432/482/432
f 429/479/429 432/482/432 426/476/426
f 426/476/426 427/477/427 429/479/429
f 434/484/434 435/485/435 436/486/436
f 437/487/437 436/486/436 435/485/435
f 435/485/435 438/488/438 437/487/437
f 438/488/438 439/489/439 437/487/437
f 439/489/439 440/490/440 437/487/437
f 441/491/441 437/487/437 440/490/440
f 442/492/442 441/491/441 440/490/440
f 443/493/443 441/491/441 442/492/442
f 442/492/442 444/494/444 443/493/443
f 445/495/445 443/493/443 444/494/444
f 444/494/444 446/496/446 445/495/445
f 447/497/447 445/495/445 446/496/446
f 446/496/446 448/498/448 447/497/447
f 449/499/449 447/497/447 448/498/448
f 448/498/448 450/500/450 449/499/449
f 451/501/451 449/499/449 450/500/450
f 450/500/450 452/502/452 451/501/451
f 453/503/453 451/501/451 452/502/452
f 452/502/452 454/504/454 453/503/453
f 455/505/455 453/503/453 454/504/454
f 454/504/454 456/506/456 455/505/455
f 457/507/457 455/505/455 456/506/456
f 456/506/456 458/508/458 457/507/457
f 458/508/458 439/509/439 457/507/457
f 438/510/438 457/507/457 439/509/439
f 438/510/438 435/511/435 457/507/457
f 459/512/459 457/507/457 435/511/435
f 435/511/435 460/513/460 459/512/459
f 461/514/461 459/512/459 460/513/460
f 460/513/460 462/515/462 461/514/461
f 463/516/463 461/514/461 462/515/462
f 462/515/462 464/517/464 463/516/463
f 465/518/465 463/516/463 464/517/464
f 464/517/464 466/519/466 465/518/465
f 467/520/467 465/518/465 466/519/466
f 466/519/466 468/521/468 467/520/467
f 469/522/469 467/520/467 468/521/468
f 468/521/468 470/523/470 469/522/469
f 471/524/471 469/522/469 470/523/470
f 470/523/470 472/525/472 471/524/471
f 473/526/473 471/524/471 472/525/472
f 472/525/472 474/527/474 473/526/473
f 475/528/475 473/526/473 474/527/474
f 474/527/474 476/529/476 475/528/475
f 477/530/477 475/528/475 476/529/476
f 476/529/476 478/531/478 477/530/477
f 479/532/479 477/530/477 478/531/478
f 478/531/478 480/533/480 479/532/479
f 481/534/481 479/532/479 480/533/480
f 480/533/480 482/535/482 481/534/481
f 483/536/483 481/534/481 482/535/482
f 484/537/484 483/536/483 482/535/482
f 485/538/485 484/537/484 482/535/482
f 484/537/484 485/538/485 486/539/486
f 487/540/487 486/539/486 485/538/485
f 485/538/485 488/541/488 487/540/487
f 489/542/489 487/540/487 488/541/488
f 488/541/488 405/455/405 489/542/489
f 405/455/405 488/541/488 490/543/490
f 490/543/490 401/451/401 405/455/405
f 401/451/401 490/543/490 491/544/491
f 491/544/491 402/452/402 401/451/401
f 402/452/402 491/544/491 492/545/492
f 492/545/492 428/478/428 402/452/402
f 428/478/428 492/545/492 493/546/493
f 493/546/493 430/480/430 428/478/428
f 430/480/430 493/546/493 472/525/472
f 472/525/472 470/523/470 430/480/430
f 431/481/431 430/480/430 470/523/470
f 470/523/470 468/521/468 431/481/431
f 468/521/468 466/519/466 431/481/431
f 433/483/433 431/481/431 466/519/466
f 466/519/466 494/547/494 433/483/433
f 424/474/424 433/483/433 494/547/494
f 494/547/494 495/548/495 424/474/424
f 423/473/423 424/474/424 495/548/495
f 495/548/495 496/549/496 423/473/423
f 422/472/422 423/473/423 496/549/496
f 496/549/496 481/550/481 422/472/422
f 421/471/421 422/472/422 481/550/481
f 481/550/481 483/551/483 421/471/421
f 484/552/484 421/471/421 483/551/483
f 421/471/421 484/552/484 420/470/420
f 486/553/486 420/470/420 484/552/484
f 436/486/436 437/487/437 441/491/441
f 455/505/455 457/507/457 459/512/459
f 459/512/459 461/514/461 455/505/455
f 453/503/453 455/505/455 461/514/461
f 461/514/461 463/516/463 453/503/453
f 451/501/451 453/503/453 463/516/463
f 449/499/449 451/501/451 463/516/463
f 463/516/463 465/518/465 449/499/449
f 447/497/447 449/499/449 465/518/465
f 465/518/465 467/520/467 447/497/447
f 445/495/445 447/497/447 467/520/467
f 467/520/467 469/522/469 445/495/445
f 469/522/469 471/524/471 445/495/445
f 443/493/443 445/495/445 471/524/471
f 471/524/471 473/526/473 443/493/443
f 441/491/441 443/493/443 473/526/473
f 475/528/475 441/491/441 473/526/473
f 441/491/441 475/528/475 436/486/436
f 477/530/477 436/486/436 475/528/475
f 436/486/436 477/530/477 434/484/434
f 479/532/479 434/484/434 477/530/477
f 466/519/466 464/517/464 494/547/494
f 495/548/495 494/547/494 464/517/464
f 464/517/464 462/515/462 495/548/495
f 496/549/496 495/548/495 462/515/462
f 462/515/462 460/513/460 496/549/496
f 496/549/496 460/513/460 434/554/434
f 435/511/435 434/554/434 460/513/460
f 481/550/481 496/549/496 479/555/479
f 434/554/434 479/555/479 496/549/496
f 474/527/474 472/525/472 493/546/493
f 493/546/493 497/556/497 474/527/474
f 474/527/474 497/556/497 476/529/476
f 497/556/497 498/557/498 476/529/476
f 478/531/478 476/529/476 498/557/498
f 498/557/498 499/558/499 478/531/478
f 480/533/480 478/531/478 499/558/499
f 482/535/482 480/533/480 499/558/499
f 500/559/500 482/535/482 499/558/499
f 482/535/482 500/559/500 485/538/485
f 488/541/488 485/538/485 500/559/500
f 500/559/500 490/543/490 488/541/488
f 500/559/500 491/544/491 490/543/490
f 491/544/491 500/559/500 501/560/501
f 501/560/501 492/545/492 491/544/491
f 492/545/492 501/560/501 493/546/493
f 497/556/497 493/546/493 501/560/501
f 501/560/501 499/558/499 497/556/497
f 498/557/498 497/556/497 499/558/499
f 499/558/499 501/560/501 500/559/500
f 502/561/502 503/562/503 504/563/504
f 505/564/505 506/565/506 507/566/507
f 507/566/507 506/565/506 504/567/504
f 502/568/502 504/567/504 506/565/506
f 508/569/508 502/568/502 506/565/506
f 509/570/509 508/569/508 506/565/506
f 508/569/508 509/570/509 510/571/510
f 509/570/509 511/572/511 510/571/510
f 512/573/512 510/571/510 511/572/511
f 511/572/511 513/574/513 512/573/512
f 514/575/514 512/573/512 513/574/513
f 513/574/513 515/576/515 514/575/514
f 516/577/516 514/575/514 515/576/515
f 517/578/517 516/577/516 515/576/515
f 515/576/515 518/579/518 517/578/517
f 519/580/519 517/578/517 518/579/518
f 518/579/518 520/581/520 519/580/519
f 521/582/521 519/580/519 520/581/520
f 522/583/522 521/582/521 520/581/520
f 520/581/520 523/584/523 522/583/522
f 524/585/524 522/583/522 523/584/523
f 523/584/523 525/586/525 524/585/524
f 526/587/526 524/585/524 525/586/525
f 525/586/525 527/588/527 526/587/526
f 526/587/526 527/588/527 528/589/528
f 503/562/503 528/589/528 527/588/527
f 503/562/503 527/588/527 529/590/529
f 529/590/529 504/563/504 503/562/503
f 504/563/504 529/590/529 530/591/530
f 531/592/531 530/591/530 529/590/529
f 529/590/529 532/593/532 531/592/531
f 532/593/532 529/590/529 527/588/527
f 533/594/533 532/593/532 527/588/527
f 527/588/527 525/586/525 533/594/533
f 534/595/534 533/594/533 525/586/525
f 525/586/525 523/584/523 534/595/534
f 535/596/535 534/595/534 523/584/523
f 523/584/523 520/581/520 535/596/535
f 536/597/536 535/596/535 520/581/520
f 520/581/520 518/579/518 536/597/536
f 537/598/537 536/597/536 518/579/518
f 518/579/518 515/576/515 537/598/537
f 538/599/538 537/598/537 515/576/515
f 515/576/515 513/574/513 538/599/538
f 539/600/539 538/599/538 513/574/513
f 513/574/513 511/572/511 539/600/539
f 539/600/539 511/572/511 505/564/505
f 511/572/511 509/570/509 505/564/505
f 506/565/506 505/564/505 509/570/509
f 504/567/504 530/601/530 507/566/507
f 410/602/410 412/603/412 540/604/540
f 541/605/541 540/604/540 412/603/412
f 412/603/412 414/606/414 541/605/541
f 542/607/542 541/605/541 414/606/414
f 414/606/414 416/608/416 542/607/542
f 543/609/543 542/607/542 416/608/416
f 416/608/416 418/610/418 543/609/543
f 544/611/544 543/609/543 418/610/418
f 418/610/418 545/612/545 544/611/544
f 546/613/546 544/611/544 545/612/545
f 545/612/545 547/614/547 546/613/546
f 548/615/548 546/613/546 547/614/547
f 418/610/418 420/616/420 545/612/545
f 547/614/547 545/612/545 420/616/420
f 115/617/115 549/618/549 103/619/103
f 104/620/104 103/619/103 549/618/549
f 549/618/549 550/621/550 104/620/104
f 107/622/107 104/620/104 550/621/550
f 550/621/550 551/623/551 107/622/107
f 109/624/109 107/622/107 551/623/551
f 551/623/551 548/615/548 109/624/109
f 547/614/547 109/624/109 548/615/548
f 109/624/109 547/614/547 110/625/110
f 420/616/420 110/625/110 547/614/547
f 110/625/110 420/616/420 53/626/53
f 420/616/420 486/627/486 53/626/53
f 486/627/486 487/628/487 53/626/53
f 52/629/52 53/626/53 487/628/487
f 487/628/487 489/630/489 52/629/52
f 51/631/51 52/629/52 489/630/489
f 50/632/50 51/631/51 489/630/489
f 489/630/489 405/633/405 50/632/50
f 552/634/552 50/632/50 405/633/405
f 405/633/405 404/635/404 552/634/552
f 553/636/553 552/634/552 404/635/404
f 404/635/404 406/637/406 553/636/553
f 554/638/554 553/636/553 406/637/406
f 406/637/406 407/639/407 554/638/554
f 555/640/555 47/641/47 48/642/48
f 48/642/48 49/643/49 555/640/555
f 556/644/556 555/640/555 49/643/49
f 557/645/557 556/644/556 49/643/49
f 49/643/49 50/632/50 557/645/557
f 552/634/552 557/645/557 50/632/50
f 558/646/558 559/647/559 560/648/560
f 560/648/560 561/649/561 562/650/562
f 563/651/563 562/650/562 561/649/561
f 563/651/563 564/652/564 565/653/565
f 565/653/565 566/654/566 563/651/563
f 562/650/562 563/651/563 566/654/566
f 566/654/566 567/655/567 562/650/562
f 568/656/568 569/657/569 570/658/570
f 569/657/569 568/656/568 566/654/566
f 566/654/566 571/659/571 569/657/569
f 571/659/571 566/654/566 565/653/565
f 571/659/571 565/653/565 572/660/572
f 572/660/572 573/661/573 571/659/571
f 574/662/574 571/659/571 573/661/573
f 569/657/569 571/659/571 574/662/574
f 574/662/574 575/663/575 569/657/569
f 570/658/570 569/657/569 575/663/575
f 576/664/576 577/665/577 578/666/578
f 577/665/577 576/664/576 579/667/579
f 575/663/575 579/667/579 576/664/576
f 579/667/579 575/663/575 574/662/574
f 579/667/579 580/668/580 577/665/577
f 577/665/577 580/668/580 581/669/581
f 582/670/582 583/671/583 584/672/584
f 583/671/583 582/670/582 585/673/585
f 586/674/586 585/673/585 582/670/582
f 585/673/585 586/674/586 587/675/587
f 588/676/588 587/675/587 586/674/586
f 587/675/587 588/676/588 589/677/589
f 590/678/590 589/677/589 588/676/588
f 589/677/589 590/678/590 591/679/591
f 590/678/590 592/680/592 593/681/593
f 588/676/588 592/680/592 590/678/590
f 587/675/587 594/682/594 585/673/585
f 595/683/595 585/673/585 594/682/594
f 585/673/585 595/683/595 583/671/583
f 596/684/596 597/685/597 598/686/598
f 597/685/597 596/684/596 599/687/599
f 600/688/600 601/689/601 602/690/602
f 602/690/602 601/689/601 599/687/599
f 599/687/599 601/689/601 603/691/603
f 603/691/603 601/689/601 604/692/604
f 605/693/605 604/692/604 601/689/601
f 605/693/605 606/694/606 604/692/604
f 607/695/607 606/694/606 605/693/605
f 605/693/605 600/688/600 607/695/607
f 601/689/601 600/688/600 605/693/605
f 608/696/608 604/692/604 606/694/606
f 609/697/609 608/696/608 606/694/606
f 610/698/610 608/696/608 609/697/609
f 611/699/611 612/700/612 613/701/613
f 614/702/614 612/700/612 611/699/611
f 611/699/611 615/703/615 614/702/614
f 616/704/616 615/703/615 611/699/611
f 617/705/617 615/703/615 616/704/616
f 618/706/618 619/707/619 620/708/620
f 620/708/620 621/709/621 618/706/618
f 618/706/618 621/709/621 622/710/622
f 622/710/622 621/709/621 617/705/617
f 617/705/617 623/711/623 622/710/622
f 616/704/616 623/711/623 617/705/617
f 623/711/623 616/704/616 624/712/624
f 611/699/611 624/712/624 616/704/616
f 624/712/624 611/699/611 625/713/625
f 613/701/613 625/713/625 611/699/611
f 625/713/625 613/701/613 626/714/626
f 627/715/627 626/714/626 613/701/613
f 613/701/613 628/716/628 627/715/627
f 628/716/628 613/701/613 612/700/612
f 612/700/612 629/717/629 628/716/628
f 629/717/629 612/700/612 614/702/614
f 614/702/614 630/718/630 629/717/629
f 630/718/630 614/702/614 631/719/631
f 632/720/632 622/710/622 623/711/623
f 633/721/633 623/711/623 624/712/624
f 623/711/623 633/721/633 632/720/632
f 632/720/632 633/721/633 634/722/634
f 634/722/634 635/723/635 632/720/632
f 636/724/636 637/725/637 638/726/638
f 639/727/639 638/726/638 637/725/637
f 637/725/637 635/723/635 639/727/639
f 640/728/640 639/727/639 635/723/635
f 635/723/635 634/722/634 640/728/640
f 641/729/641 640/728/640 634/722/634
f 634/722/634 633/721/633 641/729/641
f 641/729/641 633/721/633 642/730/642
f 624/712/624 642/730/642 633/721/633
f 642/730/642 624/712/624 643/731/643
f 625/713/625 643/731/643 624/712/624
f 626/714/626 643/731/643 625/713/625
f 597/685/597 643/731/643 626/714/626
f 599/687/599 643/731/643 597/685/597
f 643/731/643 599/687/599 642/730/642
f 603/691/603 642/730/642 599/687/599
f 642/730/642 603/691/603 641/729/641
f 641/729/641 603/691/603 604/692/604
f 604/692/604 640/728/640 641/729/641
f 640/728/640 604/692/604 608/696/608
f 608/696/608 639/727/639 640/728/640
f 639/727/639 608/696/608 610/698/610
f 638/726/638 639/727/639 610/698/610
f 638/726/638 610/698/610 644/732/644
f 609/697/609 644/732/644 610/698/610
f 644/732/644 609/697/609 645/733/645
f 646/734/646 645/733/645 609/697/609
f 647/735/647 635/723/635 637/725/637
f 637/725/637 648/736/648 647/735/647
f 648/736/648 637/725/637 636/724/636
f 636/724/636 649/737/649 648/736/648
f 649/737/649 636/724/636 650/738/650
f 638/726/638 650/738/650 636/724/636
f 650/738/650 638/726/638 651/739/651
f 644/732/644 651/739/651 638/726/638
f 651/739/651 644/732/644 652/740/652
f 645/733/645 652/740/652 644/732/644
f 652/740/652 645/733/645 653/741/653
f 654/742/654 647/735/647 648/736/648
f 647/735/647 654/742/654 655/743/655
f 656/744/656 655/743/655 654/742/654
f 655/743/655 656/744/656 657/745/657
f 657/745/657 656/744/656 658/746/658
f 658/746/658 659/747/659 657/745/657
f 660/748/660 657/745/657 659/747/659
f 659/747/659 661/749/661 660/748/660
f 662/750/662 660/748/660 661/749/661
f 660/748/660 662/750/662 663/751/663
f 664/752/664 663/751/663 662/750/662
f 663/751/663 664/752/664 665/753/665
f 665/753/665 647/735/647 663/751/663
f 655/743/655 663/751/663 647/735/647
f 663/751/663 655/743/655 660/748/660
f 657/745/657 660/748/660 655/743/655
f 666/754/666 658/746/658 656/744/656
f 667/755/667 658/746/658 666/754/666
f 593/681/593 591/679/591 590/678/590
f 591/679/591 593/681/593 668/756/668
f 669/757/669 668/756/668 593/681/593
f 668/756/668 669/757/669 667/755/667
f 670/758/670 667/755/667 669/757/669
f 658/746/658 667/755/667 670/758/670
f 670/758/670 671/759/671 658/746/658
f 659/747/659 658/746/658 671/759/671
f 671/759/671 619/707/619 659/747/659
f 661/749/661 659/747/659 619/707/619
f 619/707/619 618/706/618 661/749/661
f 661/749/661 618/706/618 662/750/662
f 662/750/662 618/706/618 622/710/622
f 622/710/622 664/752/664 662/750/662
f 664/752/664 622/710/622 632/720/632
f 665/753/665 664/752/664 632/720/632
f 665/753/665 632/720/632 635/723/635
f 635/723/635 647/735/647 665/753/665
f 672/760/672 648/736/648 649/737/649
f 648/736/648 672/760/672 654/742/654
f 673/761/673 654/742/654 672/760/672
f 654/742/654 673/761/673 656/744/656
f 674/762/674 656/744/656 673/761/673
f 656/744/656 674/762/674 666/754/666
f 675/763/675 666/754/666 674/762/674
f 676/764/676 666/754/666 675/763/675
f 666/754/666 676/764/676 667/755/667
f 677/765/677 667/755/667 676/764/676
f 667/755/667 677/765/677 668/756/668
f 678/766/678 668/756/668 677/765/677
f 668/756/668 678/766/678 591/679/591
f 591/679/591 678/766/678 679/767/679
f 591/679/591 679/767/679 589/677/589
f 680/768/680 589/677/589 679/767/679
f 589/677/589 680/768/680 587/675/587
f 594/682/594 587/675/587 680/768/680
f 681/769/681 682/770/682 683/771/683
f 684/772/684 683/771/683 682/770/682
f 685/773/685 686/774/686 684/772/684
f 683/771/683 684/772/684 686/774/686
f 686/774/686 687/775/687 683/771/683
f 683/771/683 687/775/687 681/769/681
f 688/776/688 681/769/681 687/775/687
f 688/776/688 689/777/689 681/769/681
f 689/777/689 688/776/688 690/778/690
f 691/779/691 689/777/689 690/778/690
f 692/780/692 687/775/687 693/781/693
f 687/775/687 692/780/692 688/776/688
f 560/648/560 559/647/559 561/649/561
f 561/649/561 559/647/559 694/782/694
f 694/782/694 559/647/559 695/783/695
f 693/781/693 694/782/694 695/783/695
f 694/782/694 693/781/693 696/784/696
f 696/784/696 693/781/693 687/775/687
f 697/785/697 696/784/696 687/775/687
f 687/775/687 686/774/686 697/785/697
f 698/786/698 697/785/697 686/774/686
f 686/774/686 685/773/685 698/786/698
f 699/787/699 698/786/698 685/773/685
f 698/786/698 699/787/699 700/788/700
f 701/789/701 700/788/700 699/787/699
f 700/788/700 701/789/701 702/790/702
f 702/790/702 703/791/703 700/788/700
f 703/791/703 702/790/702 572/660/572
f 572/660/572 564/652/564 703/791/703
f 564/652/564 572/660/572 565/653/565
f 700/788/700 704/792/704 698/786/698
f 704/792/704 700/788/700 703/791/703
f 703/791/703 564/652/564 704/792/704
f 705/793/705 704/792/704 564/652/564
f 564/652/564 563/651/563 705/793/705
f 706/794/706 705/793/705 563/651/563
f 563/651/563 561/649/561 706/794/706
f 694/782/694 706/794/706 561/649/561
f 696/784/696 706/794/706 694/782/694
f 705/793/705 706/794/706 696/784/696
f 696/784/696 704/792/704 705/793/705
f 704/792/704 696/784/696 697/785/697
f 697/785/697 698/786/698 704/792/704
f 597/685/597 707/795/707 598/686/598
f 626/714/626 707/795/707 597/685/597
f 708/796/708 707/795/707 626/714/626
f 626/714/626 627/715/627 708/796/708
f 682/770/682 708/796/708 627/715/627
f 627/715/627 628/716/628 682/770/682
f 682/770/682 628/716/628 684/772/684
f 629/717/629 684/772/684 628/716/628
f 684/772/684 629/717/629 685/773/685
f 630/718/630 685/773/685 629/717/629
f 685/773/685 630/718/630 699/787/699
f 709/797/709 699/787/699 630/718/630
f 699/787/699 709/797/709 701/789/701
f 701/789/701 709/797/709 710/798/710
f 710/798/710 702/790/702 701/789/701
f 702/790/702 710/798/710 711/799/711
f 572/660/572 702/790/702 711/799/711
f 573/661/573 572/660/572 711/799/711
f 631/800/631 709/797/709 630/718/630
f 709/797/709 631/800/631 712/801/712
f 712/801/712 710/798/710 709/797/709
f 713/802/713 710/798/710 712/801/712
f 712/801/712 714/803/714 713/802/713
f 714/803/714 712/801/712 715/804/715
f 716/805/716 714/803/714 715/804/715
f 715/804/715 712/801/712 631/800/631
f 631/719/631 614/702/614 615/703/615
f 615/703/615 715/806/715 631/719/631
f 715/806/715 615/703/615 617/705/617
f 716/805/716 715/806/715 617/705/617
f 617/705/617 621/709/621 716/805/716
f 714/803/714 716/805/716 621/709/621
f 621/709/621 620/708/620 714/803/714
f 717/807/717 714/803/714 620/708/620
f 713/802/713 714/803/714 717/807/717
f 717/807/717 718/808/718 713/802/713
f 710/798/710 713/802/713 718/808/718
f 718/808/718 711/799/711 710/798/710
f 711/799/711 718/808/718 573/661/573
f 719/809/719 593/681/593 592/680/592
f 720/810/720 593/681/593 719/809/719
f 593/681/593 720/810/720 669/757/669
f 669/757/669 720/810/720 670/758/670
f 671/759/671 670/758/670 720/810/720
f 720/810/720 619/707/619 671/759/671
f 619/707/619 720/810/720 721/811/721
f 721/811/721 620/708/620 619/707/619
f 722/812/722 620/708/620 721/811/721
f 620/708/620 722/812/722 717/807/717
f 717/807/717 722/812/722 723/813/723
f 723/813/723 718/808/718 717/807/717
f 718/808/718 723/813/723 724/814/724
f 724/814/724 573/661/573 718/808/718
f 573/661/573 724/814/724 574/662/574
f 725/815/725 574/662/574 724/814/724
f 574/662/574 725/815/725 579/667/579
f 580/668/580 579/667/579 725/815/725
f 592/680/592 722/812/722 719/809/719
f 721/811/721 719/809/719 722/812/722
f 719/809/719 721/811/721 720/810/720
f 584/672/584 581/669/581 582/670/582
f 726/816/726 582/670/582 581/669/581
f 582/670/582 726/816/726 586/674/586
f 586/674/586 726/816/726 588/676/588
f 727/817/727 588/676/588 726/816/726
f 592/680/592 588/676/588 727/817/727
f 727/817/727 728/818/728 592/680/592
f 722/812/722 592/680/592 728/818/728
f 728/818/728 723/813/723 722/812/722
f 729/819/729 723/813/723 728/818/728
f 724/814/724 723/813/723 729/819/729
f 729/819/729 725/815/725 724/814/724
f 725/815/725 729/819/729 580/668/580
f 729/819/729 727/817/727 580/668/580
f 726/816/726 580/668/580 727/817/727
f 581/669/581 580/668/580 726/816/726
f 728/818/728 727/817/727 729/819/729
f 730/820/730 731/821/731 732/822/732
f 731/821/731 730/820/730 733/823/733
f 734/824/734 731/821/731 733/823/733
f 733/823/733 735/825/735 734/824/734
f 598/686/598 733/823/733 730/820/730
f 733/823/733 598/686/598 707/795/707
f 707/795/707 708/796/708 733/823/733
f 735/825/735 733/823/733 708/796/708
f 708/796/708 682/770/682 735/825/735
f 735/825/735 682/770/682 681/769/681
f 681/769/681 734/824/734 735/825/735
f 734/824/734 681/769/681 689/777/689
f 731/821/731 734/824/734 689/777/689
f 689/777/689 691/779/691 731/821/731
f 732/822/732 731/821/731 691/779/691
f 691/779/691 736/826/736 732/822/732
f 558/646/558 737/827/737 738/828/738
f 739/829/739 688/776/688 740/830/740
f 688/776/688 739/829/739 690/778/690
f 741/831/741 690/778/690 739/829/739
f 690/778/690 741/831/741 691/779/691
f 736/826/736 691/779/691 741/831/741
f 741/831/741 742/832/742 736/826/736
f 559/647/559 558/646/558 738/828/738
f 559/647/559 738/828/738 695/783/695
f 743/833/743 695/783/695 738/828/738
f 695/783/695 743/833/743 693/781/693
f 740/830/740 693/781/693 743/833/743
f 693/781/693 740/830/740 692/780/692
f 692/780/692 740/830/740 688/776/688
f 744/834/744 745/835/745 746/836/746
f 745/835/745 744/834/744 736/826/736
f 747/837/747 748/838/748 746/836/746
f 746/836/746 749/839/749 747/837/747
f 745/835/745 749/839/749 746/836/746
f 749/839/749 745/835/745 742/832/742
f 745/835/745 736/826/736 742/832/742
f 737/827/737 558/646/558 750/840/750
f 558/646/558 751/841/751 750/840/750
f 750/840/750 751/841/751 752/842/752
f 752/842/752 753/843/753 750/840/750
f 737/827/737 750/840/750 753/843/753
f 754/844/754 753/843/753 752/842/752
f 752/842/752 755/845/755 754/844/754
f 756/846/756 757/847/757 758/848/758
f 757/847/757 756/846/756 759/849/759
f 759/849/759 756/846/756 760/850/760
f 761/851/761 760/850/760 756/846/756
f 760/850/760 761/851/761 762/852/762
f 762/852/762 761/851/761 763/853/763
f 763/853/763 761/851/761 764/854/764
f 765/855/765 764/854/764 761/851/761
f 764/854/764 765/855/765 766/856/766
f 766/856/766 765/855/765 767/857/767
f 767/857/767 765/855/765 768/858/768
f 768/858/768 765/855/765 769/859/769
f 770/860/770 769/859/769 765/855/765
f 771/861/771 769/859/769 770/860/770
f 769/859/769 771/861/771 772/862/772
f 773/863/773 774/864/774 775/865/775
f 776/866/776 775/865/775 774/864/774
f 777/867/777 771/861/771 770/860/770
f 771/861/771 777/867/777 778/868/778
f 779/869/779 778/868/778 777/867/777
f 776/866/776 778/868/778 779/869/779
f 774/864/774 778/868/778 776/866/776
f 778/868/778 774/864/774 780/870/780
f 778/868/778 772/862/772 771/861/771
f 772/862/772 778/868/778 781/871/781
f 780/870/780 781/871/781 778/868/778
f 780/870/780 782/872/782 781/871/781
f 783/873/783 782/872/782 780/870/780
f 784/874/784 782/872/782 783/873/783
f 782/872/782 784/874/784 785/875/785
f 786/876/786 785/875/785 784/874/784
f 785/875/785 786/876/786 787/877/787
f 788/878/788 787/877/787 786/876/786
f 787/877/787 788/878/788 789/879/789
f 790/880/790 789/879/789 788/878/788
f 791/881/791 789/879/789 790/880/790
f 789/879/789 791/881/791 792/882/792
f 793/883/793 792/882/792 791/881/791
f 794/884/794 792/882/792 793/883/793
f 793/883/793 795/885/795 794/884/794
f 794/884/794 795/885/795 796/886/796
f 797/887/797 798/888/798 794/884/794
f 792/882/792 794/884/794 798/888/798
f 748/838/748 747/837/747 799/889/799
f 757/890/757 800/891/800 758/892/758
f 801/893/801 800/891/800 757/890/757
f 802/894/802 800/891/800 801/893/801
f 800/891/800 802/894/802 803/895/803
f 804/896/804 803/895/803 802/894/802
f 805/897/805 803/895/803 804/896/804
f 806/898/806 803/895/803 805/897/805
f 803/895/803 806/898/806 807/899/807
f 808/900/808 807/899/807 806/898/806
f 807/899/807 808/900/808 809/901/809
f 810/902/810 809/901/809 808/900/808
f 811/903/811 809/901/809 810/902/810
f 809/901/809 811/903/811 812/904/812
f 812/904/812 813/905/813 809/901/809
f 814/906/814 813/905/813 812/904/812
f 812/904/812 815/907/815 814/906/814
f 814/906/814 815/907/815 816/908/816
f 817/909/817 818/910/818 819/911/819
f 816/908/816 819/911/819 814/906/814
f 815/907/815 812/904/812 811/903/811
f 820/912/820 816/908/816 815/907/815
f 816/908/816 820/912/820 821/913/821
f 821/913/821 822/914/822 816/908/816
f 822/914/822 821/913/821 823/915/823
f 824/916/824 823/915/823 821/913/821
f 825/917/825 823/915/823 824/916/824
f 823/915/823 825/917/825 826/918/826
f 826/918/826 825/917/825 827/919/827
f 828/920/828 827/919/827 825/917/825
f 829/921/829 827/919/827 828/920/828
f 827/919/827 829/921/829 830/922/830
f 831/923/831 830/922/830 829/921/829
f 830/922/830 831/923/831 832/924/832
f 832/924/832 831/923/831 796/886/796
f 833/925/833 796/886/796 831/923/831
f 834/926/834 796/886/796 833/925/833
f 796/886/796 834/926/834 794/884/794
f 797/927/797 794/884/794 834/926/834
f 754/844/754 755/845/755 835/928/835
f 836/929/836 799/930/799 837/931/837
f 809/932/809 837/931/837 799/930/799
f 838/933/838 839/934/839 840/935/840
f 841/936/841 842/937/842 839/934/839
f 839/934/839 843/938/843 841/936/841
f 843/938/843 839/934/839 838/933/838
f 838/933/838 844/939/844 843/938/843
f 844/939/844 838/933/838 845/940/845
f 845/940/845 809/932/809 844/939/844
f 809/932/809 845/940/845 838/933/838
f 838/933/838 837/931/837 809/932/809
f 840/935/840 837/931/837 838/933/838
f 837/931/837 840/935/840 836/941/836
f 846/942/846 847/943/847 841/936/841
f 841/936/841 843/938/843 846/942/846
f 846/942/846 843/938/843 844/939/844
f 844/939/844 813/944/813 846/942/846
f 813/944/813 844/939/844 809/932/809
f 848/945/848 849/946/849 850/947/850
f 849/946/849 848/945/848 851/948/851
f 851/948/851 852/949/852 849/946/849
f 850/947/850 849/946/849 852/949/852
f 852/949/852 853/950/853 850/947/850
f 854/951/854 850/947/850 853/950/853
f 855/952/855 850/947/850 854/951/854
f 850/947/850 855/952/855 848/945/848
f 856/953/856 857/954/857 858/955/858
f 856/953/856 858/955/858 770/956/770
f 857/954/857 770/956/770 858/955/858
f 770/956/770 857/954/857 777/957/777
f 859/958/859 777/957/777 857/954/857
f 777/957/777 859/958/859 779/959/779
f 860/960/860 779/959/779 859/958/859
f 852/949/852 779/959/779 860/960/860
f 860/960/860 861/961/861 852/949/852
f 853/950/853 852/949/852 861/961/861
f 861/961/861 862/962/862 853/950/853
f 853/950/853 862/962/862 854/951/854
f 863/963/863 854/951/854 862/962/862
f 854/951/854 863/963/863 855/952/855
f 855/952/855 863/963/863 864/964/864
f 864/964/864 848/945/848 855/952/855
f 848/945/848 864/964/864 865/965/865
f 865/965/865 851/948/851 848/945/848
f 866/966/866 864/964/864 863/963/863
f 867/967/867 865/965/865 864/964/864
f 864/964/864 866/966/866 867/967/867
f 867/967/867 866/966/866 868/968/868
f 868/968/868 866/966/866 869/969/869
f 856/953/856 869/969/869 866/966/866
f 863/963/863 856/953/856 866/966/866
f 856/953/856 863/963/863 870/970/870
f 862/962/862 870/970/870 863/963/863
f 870/970/870 862/962/862 861/961/861
f 861/961/861 860/960/860 870/970/870
f 859/958/859 870/970/870 860/960/860
f 857/954/857 870/970/870 859/958/859
f 870/970/870 857/954/857 856/953/856
f 868/971/868 835/972/835 867/967/867
f 869/969/869 835/972/835 868/971/868
f 835/972/835 869/969/869 770/956/770
f 770/956/770 869/969/869 856/953/856
f 871/973/871 872/974/872 873/975/873
f 874/976/874 873/975/873 872/974/872
f 873/975/873 874/976/874 875/977/875
f 875/977/875 874/976/874 876/978/876
f 876/978/876 877/979/877 875/977/875
f 877/979/877 876/978/876 878/980/878
f 878/980/878 879/981/879 877/979/877
f 880/982/880 879/981/879 878/980/878
f 880/982/880 881/983/881 879/984/882
f 879/984/879 880/982/880 882/985/883
f 883/986/884 882/985/883 880/982/880
f 882/985/883 883/986/884 884/987/885
f 885/988/886 884/987/885 883/986/884
f 884/987/885 885/988/886 886/989/887
f 886/989/887 887/990/888 884/987/885
f 888/991/889 884/987/885 887/990/888
f 884/987/885 888/991/889 882/985/883
f 889/992/890 890/993/891 891/994/892
f 891/994/892 890/993/891 892/995/893
f 893/996/894 892/995/893 890/993/891
f 894/997/895 892/995/893 893/996/894
f 893/996/894 895/998/896 894/997/895
f 890/993/891 895/998/896 893/996/894
f 896/999/897 895/998/896 890/993/891
f 890/993/891 889/992/890 896/999/897
f 897/1000/898 896/999/897 889/992/890
f 889/992/890 898/1001/899 897/1000/898
f 898/1001/899 889/992/890 899/1002/900
f 891/994/892 899/1002/900 889/992/890
f 891/994/892 900/1003/901 899/1002/900
f 892/995/893 900/1003/901 891/994/892
f 900/1003/901 892/995/893 901/1004/902
f 902/1005/903 901/1004/902 892/995/893
f 892/995/893 894/997/895 902/1005/903
f 903/1006/904 904/1007/905 905/1008/906
f 905/1008/906 906/1009/907 903/1006/904
f 907/1010/908 903/1006/904 906/1009/907
f 906/1009/907 908/1011/909 907/1010/908
f 907/1010/908 908/1011/909 909/1012/910
f 910/1013/911 909/1012/910 908/1011/909
f 909/1012/910 910/1013/911 911/1014/912
f 912/1015/913 911/1014/912 910/1013/911
f 912/1015/913 913/1016/914 911/1014/912
f 913/1016/914 912/1015/913 914/1017/915
f 914/1017/915 915/1018/916 913/1016/914
f 915/1018/916 914/1017/915 916/1019/917
f 916/1019/917 917/1020/918 915/1018/916
f 918/1021/919 917/1020/918 916/1019/917
f 917/1020/918 918/1021/919 919/1022/920
f 920/1023/921 919/1022/920 918/1021/919
f 921/1024/922 919/1022/920 920/1023/921
f 920/1023/921 922/1025/923 921/1024/922
f 923/1026/924 924/1027/925 925/1028/926
f 926/1029/927 925/1028/926 924/1027/925
f 925/1028/926 926/1029/927 927/1030/928
f 926/1029/927 915/1018/916 927/1030/928
f 928/1031/929 915/1018/930 927/1030/928
f 927/1030/931 928/1031/929 929/1032/932
f 927/1030/928 929/1032/933 925/1028/926
f 930/1033/934 925/1028/926 929/1032/933
f 931/1034/935 925/1028/926 930/1033/934
f 925/1028/926 931/1034/935 923/1026/924
f 932/1035/936 923/1026/924 931/1034/935
f 903/1006/904 923/1026/924 932/1035/936
f 924/1027/925 923/1026/924 903/1006/904
f 903/1006/904 907/1010/908 924/1027/925
f 909/1012/910 924/1027/925 907/1010/908
f 924/1027/925 909/1012/910 926/1029/927
f 911/1014/912 926/1029/927 909/1012/910
f 926/1029/927 911/1014/912 913/1016/914
f 913/1016/914 915/1018/916 926/1029/927
f 933/1036/937 934/1037/938 935/1038/939
f 935/1038/939 936/1039/940 933/1036/937
f 937/1040/941 933/1036/937 936/1039/940
f 936/1039/940 938/1041/942 937/1040/941
f 939/1042/943 937/1040/941 938/1041/942
f 938/1041/942 940/1043/944 939/1042/943
f 941/1044/945 939/1042/943 940/1043/944
f 941/1044/945 940/1043/944 942/1045/946
f 942/1045/946 943/1046/947 941/1044/945
f 944/1047/948 943/1046/947 942/1045/946
f 943/1046/947 944/1047/948 945/1048/949
f 945/1048/949 944/1047/948 946/1049/950
f 946/1049/950 947/1050/951 945/1048/949
f 947/1050/951 946/1049/950 948/1051/952
f 948/1051/952 949/1052/953 947/1050/951
f 949/1052/953 948/1051/952 950/1053/954
f 950/1053/954 951/1054/955 949/1052/953
f 951/1054/955 950/1053/954 952/1055/956
f 953/1056/957 950/1053/954 948/1051/952
f 948/1051/952 946/1049/950 953/1056/957
f 940/1043/944 954/1057/958 955/1058/959
f 955/1058/959 942/1045/946 940/1043/944
f 956/1059/960 942/1045/946 955/1058/959
f 942/1045/946 956/1059/960 944/1047/948
f 956/1059/960 957/1060/961 944/1047/948
f 946/1049/950 944/1047/948 957/1060/961
f 957/1060/961 958/1061/962 946/1049/950
f 953/1056/957 946/1049/950 958/1061/962
f 958/1061/962 959/1062/963 953/1056/957
f 950/1053/954 953/1056/957 959/1062/963
f 959/1062/963 960/1063/964 950/1053/954
f 952/1055/956 950/1053/954 960/1063/964
f 960/1063/964 961/1064/965 952/1055/956
f 952/1055/956 961/1064/965 962/1065/966
f 961/1064/965 963/1066/967 962/1065/966
f 961/1064/965 964/1067/968 963/1066/967
f 965/1068/969 963/1066/967 964/1067/968
f 964/1067/968 966/1069/970 965/1068/969
f 960/1063/964 959/1062/963 964/1067/968
f 964/1067/968 961/1064/965 960/1063/964
f 967/1070/971 968/1071/972 969/1072/973
f 969/1072/973 970/1073/974 967/1070/971
f 971/1074/975 967/1070/971 970/1073/974
f 967/1070/971 971/1074/975 972/1075/976
f 973/1076/977 972/1075/976 971/1074/975
f 972/1075/976 973/1076/977 974/1077/978
f 975/1078/979 974/1077/978 973/1076/977
f 973/1076/977 976/1079/980 975/1078/979
f 975/1078/979 976/1079/980 977/1080/981
f 978/1081/982 977/1080/981 976/1079/980
f 977/1080/981 978/1081/982 966/1069/970
f 966/1069/970 964/1067/968 977/1080/981
f 964/1067/968 959/1062/963 977/1080/981
f 975/1078/979 977/1080/981 959/1062/963
f 959/1062/963 958/1061/962 975/1078/979
f 974/1077/978 975/1078/979 958/1061/962
f 958/1061/962 957/1060/961 974/1077/978
f 979/1082/983 974/1077/978 957/1060/961
f 971/1074/975 980/1083/984 973/1076/977
f 976/1079/980 973/1076/977 980/1083/984
f 974/1077/978 979/1082/983 972/1075/976
f 981/1084/985 972/1075/976 979/1082/983
f 972/1075/976 981/1084/985 967/1070/971
f 982/1085/986 967/1070/971 981/1084/985
f 968/1071/972 967/1070/971 982/1085/986
f 968/1071/972 982/1085/986 983/1086/987
f 983/1086/987 969/1072/973 968/1071/972
f 969/1072/973 983/1086/987 984/1087/988
f 984/1087/988 985/1088/989 969/1072/973
f 970/1073/974 969/1072/973 985/1088/989
f 985/1088/989 986/1089/990 970/1073/974
f 970/1073/974 986/1089/990 971/1074/975
f 987/1090/991 971/1074/975 986/1089/990
f 987/1090/991 988/1091/992 971/1074/975
f 988/1091/992 980/1083/984 971/1074/975
f 980/1083/984 988/1091/992 989/1092/993
f 989/1092/993 976/1079/980 980/1083/984
f 976/1079/980 989/1092/993 978/1081/982
f 957/1060/961 956/1059/960 979/1082/983
f 990/1093/994 979/1082/983 956/1059/960
f 979/1082/983 990/1093/994 981/1084/985
f 954/1057/958 981/1084/985 990/1093/994
f 981/1084/985 954/1057/958 982/1085/986
f 982/1085/986 954/1057/958 991/1094/995
f 991/1094/995 983/1086/987 982/1085/986
f 990/1093/994 956/1059/960 954/1057/958
f 955/1058/959 954/1057/958 956/1059/960
f 992/1095/996 993/1096/997 994/1097/998
f 995/1098/999 994/1097/998 993/1096/997
f 993/1096/997 985/1088/989 995/1098/999
f 996/1099/1000 995/1098/999 985/1088/989
f 985/1088/989 984/1087/988 996/1099/1000
f 935/1038/939 996/1099/1000 984/1087/988
f 984/1087/988 983/1086/987 935/1038/939
f 936/1039/940 935/1038/939 983/1086/987
f 983/1086/987 991/1094/995 936/1039/940
f 938/1041/942 936/1039/940 991/1094/995
f 991/1094/995 997/1100/1001 938/1041/942
f 997/1100/1001 991/1094/995 954/1057/958
f 954/1057/958 940/1043/944 997/1100/1001
f 940/1043/944 938/1041/942 997/1100/1001
f 998/1101/1002 999/1102/1003 1000/1103/1004
f 999/1102/1003 998/1101/1002 1001/1104/1005
f 1002/1105/1006 1001/1104/1005 998/1101/1002
f 1001/1104/1005 1002/1105/1006 1003/1106/1007
f 1004/1107/1008 1003/1106/1007 1002/1105/1006
f 1005/1108/1009 1003/1106/1007 1004/1107/1008
f 1003/1106/1007 1005/1108/1009 1006/1109/1010
f 1006/1109/1010 1007/1110/1011 1003/1106/1007
f 1003/1106/1007 1007/1110/1011 1001/1104/1005
f 1008/1111/1012 1001/1104/1005 1007/1110/1011
f 1001/1104/1005 1008/1111/1012 999/1102/1003
f 999/1102/1003 1008/1111/1012 1009/1112/1013
f 1009/1112/1013 1000/1103/1004 999/1102/1003
f 1010/1113/1014 1000/1103/1004 1009/1112/1013
f 1000/1103/1004 1010/1113/1014 1011/1114/1015
f 1011/1114/1015 1012/1115/1016 1000/1103/1004
f 1013/1116/1017 1000/1103/1004 1012/1115/1016
f 1000/1103/1004 1013/1116/1017 998/1101/1002
f 1014/1117/1018 998/1101/1002 1013/1116/1017
f 998/1101/1002 1014/1117/1018 1002/1105/1006
f 1015/1118/1019 1002/1105/1006 1014/1117/1018
f 1002/1105/1006 1015/1118/1019 1004/1107/1008
f 1016/1119/1020 1004/1107/1008 1015/1118/1019
f 1004/1107/1008 1016/1119/1020 1005/1108/1009
f 1017/1120/1021 1018/1121/1022 1019/1122/1023
f 1018/1121/1022 1017/1120/1021 1020/1123/1024
f 1021/1124/1025 1020/1123/1024 1017/1120/1021
f 1017/1120/1021 1022/1125/1026 1021/1124/1025
f 1023/1126/1027 1021/1124/1025 1022/1125/1026
f 1021/1124/1025 1023/1126/1027 1024/1127/1028
f 1025/1128/1029 1011/1114/1015 1010/1113/1014
f 1010/1113/1014 1026/1129/1030 1025/1128/1029
f 1026/1129/1030 1010/1113/1014 1027/1130/1031
f 1012/1115/1016 1024/1131/1028 1013/1116/1017
f 1023/1126/1027 1013/1116/1017 1024/1131/1028
f 1013/1116/1017 1023/1126/1027 1014/1117/1018
f 1022/1125/1026 1028/1132/1032 1023/1126/1027
f 1023/1126/1027 1028/1132/1032 1029/1133/1033
f 1029/1133/1033 1014/1117/1018 1023/1126/1027
f 1014/1117/1018 1029/1133/1033 1015/1118/1019
f 1030/1134/1034 886/989/887 1019/1122/1023
f 1019/1122/1023 886/989/887 1017/1120/1021
f 1017/1120/1021 886/989/887 885/988/886
f 885/988/886 1022/1125/1026 1017/1120/1021
f 1022/1125/1026 885/988/886 883/986/884
f 883/986/884 1028/1132/1032 1022/1125/1026
f 1028/1132/1032 883/986/884 1031/1135/1035
f 1031/1135/1035 1029/1133/1033 1028/1132/1032
f 1029/1133/1033 1031/1135/1035 1032/1136/1036
f 1032/1136/1036 1015/1118/1019 1029/1133/1033
f 1033/1137/1037 1015/1118/1019 1032/1136/1036
f 1015/1118/1019 1033/1137/1037 1016/1119/1020
f 1016/1119/1020 1033/1137/1037 1034/1138/1038
f 1034/1138/1038 1035/1139/1039 1016/1119/1020
f 1035/1139/1039 1034/1138/1038 1036/1140/1040
f 1036/1140/1040 1037/1141/1041 1035/1139/1039
f 1037/1141/1041 1036/1140/1040 934/1037/938
f 935/1038/939 934/1037/938 1036/1140/1040
f 880/982/880 1031/1135/1035 883/986/884
f 878/980/878 1031/1135/1035 880/982/880
f 1031/1135/1035 878/980/878 876/978/876
f 876/978/876 1032/1136/1036 1031/1135/1035
f 874/976/874 1032/1136/1036 876/978/876
f 1032/1136/1036 874/976/874 1033/1137/1037
f 1033/1137/1037 874/976/874 1038/1142/1042
f 872/974/872 1038/1142/1042 874/976/874
f 1038/1142/1042 872/974/872 995/1098/999
f 995/1098/999 872/974/872 994/1097/998
f 1038/1142/1042 1034/1138/1038 1033/1137/1037
f 1034/1138/1038 1038/1142/1042 1039/1143/1043
f 995/1098/999 1039/1143/1043 1038/1142/1042
f 1039/1143/1043 995/1098/999 996/1099/1000
f 996/1099/1000 935/1038/939 1039/1143/1043
f 1036/1140/1040 1039/1143/1043 935/1038/939
f 1039/1143/1043 1036/1140/1040 1034/1138/1038
f 1040/1144/1044 1041/1145/1045 1042/1146/1046
f 1042/1146/1046 1043/1147/1047 1040/1144/1044
f 1042/1146/1046 1044/1148/1048 1043/1147/1047
f 1044/1148/1048 1042/1146/1046 1045/1149/1049
f 1045/1149/1049 1046/1150/1050 1044/1148/1048
f 1047/1151/1051 1046/1150/1050 1045/1149/1049
f 1046/1150/1050 1047/1151/1051 1048/1152/1052
f 1048/1152/1052 1049/1153/1053 1046/1150/1050
f 1049/1153/1053 1048/1152/1052 1050/1154/1054
f 1051/1155/1055 1050/1154/1054 1048/1152/1052
f 1052/1156/1056 1040/1144/1044 1043/1147/1047
f 1043/1147/1047 1053/1157/1057 1052/1156/1056
f 1053/1157/1057 1043/1147/1047 1054/1158/1058
f 1054/1158/1058 1043/1147/1047 1044/1148/1048
f 1044/1148/1048 1055/1159/1059 1054/1158/1058
f 1055/1159/1059 1044/1148/1048 1046/1150/1050
f 1046/1150/1050 1056/1160/1060 1055/1159/1059
f 1056/1160/1060 1046/1150/1050 1049/1153/1053
f 1049/1153/1053 1057/1161/1061 1056/1160/1060
f 1050/1154/1054 1057/1161/1061 1049/1153/1053
f 1057/1161/1061 1050/1154/1054 1058/1162/1062
f 1059/1163/1063 1058/1162/1062 1050/1154/1054
f 1050/1154/1054 1051/1155/1055 1059/1163/1063
f 1060/1164/1064 1059/1163/1063 1051/1155/1055
f 1051/1155/1055 1061/1165/1065 1060/1164/1064
f 1061/1165/1065 1051/1155/1055 1062/1166/1066
f 1048/1152/1052 1062/1166/1066 1051/1155/1055
f 1062/1166/1066 1048/1152/1052 1047/1151/1051
f 963/1066/967 1063/1167/1067 1064/1168/1068
f 1063/1167/1067 963/1066/967 965/1068/969
f 965/1068/969 1065/1169/1069 1063/1167/1067
f 1066/1170/1070 1065/1169/1069 965/1068/969
f 1065/1169/1069 1066/1170/1070 1067/1171/1071
f 1067/1171/1071 1068/1172/1072 1065/1169/1069
f 1068/1172/1072 1067/1171/1071 1069/1173/1073
f 1069/1173/1073 1056/1160/1060 1068/1172/1072
f 1056/1160/1060 1069/1173/1073 1070/1174/1074
f 1070/1174/1074 1055/1159/1059 1056/1160/1060
f 1055/1159/1059 1070/1174/1074 1071/1175/1075
f 1054/1158/1058 1055/1159/1059 1071/1175/1075
f 1071/1175/1075 1072/1176/1076 1054/1158/1058
f 1054/1158/1058 1072/1176/1076 1073/1177/1077
f 1072/1176/1076 1074/1178/1078 1073/1177/1077
f 1075/1179/1079 1073/1177/1077 1074/1178/1078
f 1074/1178/1078 1076/1180/1080 1075/1179/1079
f 1077/1181/1081 1075/1179/1079 1076/1180/1080
f 986/1089/990 985/1088/989 993/1096/997
f 965/1068/969 966/1069/970 1066/1170/1070
f 1066/1170/1070 966/1069/970 978/1081/982
f 978/1081/982 1067/1171/1071 1066/1170/1070
f 1067/1171/1071 978/1081/982 989/1092/993
f 989/1092/993 1069/1173/1073 1067/1171/1071
f 1069/1173/1073 989/1092/993 988/1091/992
f 988/1091/992 1070/1174/1074 1069/1173/1073
f 1070/1174/1074 988/1091/992 987/1090/991
f 987/1090/991 1071/1175/1075 1070/1174/1074
f 986/1089/990 1071/1175/1075 987/1090/991
f 1078/1182/1082 1071/1175/1075 986/1089/990
f 993/1096/997 1078/1182/1082 986/1089/990
f 1079/1183/1083 1078/1182/1082 993/1096/997
f 993/1096/997 992/1095/996 1079/1183/1083
f 1076/1180/1080 1079/1183/1083 992/1095/996
f 994/1097/998 1076/1180/1080 992/1095/996
f 1076/1180/1080 994/1097/998 871/973/871
f 872/974/872 871/973/871 994/1097/998
f 1079/1183/1083 1076/1180/1080 1074/1178/1078
f 1074/1178/1078 1072/1176/1076 1079/1183/1083
f 1078/1182/1082 1079/1183/1083 1072/1176/1076
f 1072/1176/1076 1071/1175/1075 1078/1182/1082
f 1080/1184/1084 1081/1185/1085 1082/1186/1086
f 1080/1184/1087 1081/1185/1088 1083/1187/1089
f 1083/1187/1089 1084/1188/1090 1080/1184/1087
f 1084/1188/1090 1083/1187/1089 1081/1189/1091
f 1081/1189/1091 1080/1190/1084 1084/1188/1090
f 1085/1191/1092 1084/1188/1090 1080/1190/1084
f 1086/1192/1093 1085/1193/1094 1087/1194/1095
f 1080/1184/1084 1087/1194/1095 1085/1193/1094
f 1087/1194/1095 1080/1184/1084 1088/1195/1096
f 1089/1196/1097 1088/1195/1096 1090/1197/1098
f 1088/1195/1096 1089/1196/1097 1087/1194/1095
f 1087/1194/1095 1089/1196/1097 1086/1192/1093
f 1091/1198/1099 1086/1192/1093 1089/1196/1097
f 1089/1196/1097 1092/1199/1100 1091/1198/1099
f 1092/1199/1100 1089/1196/1097 1090/1197/1098
f 1088/1195/1096 1080/1184/1084 1082/1186/1086
f 1082/1186/1086 1090/1197/1098 1088/1195/1096
f 1090/1197/1098 1082/1186/1086 1093/1200/1101
f 1093/1200/1101 1094/1201/1102 1090/1197/1098
f 1090/1197/1098 1094/1201/1102 1092/1199/1100
f 1095/1202/1103 1092/1199/1100 1094/1201/1102
f 1092/1199/1100 1095/1202/1103 1096/1203/1104
f 1096/1203/1104 1091/1198/1099 1092/1199/1100
f 1096/1203/1104 1097/1204/1105 1091/1198/1099
f 1086/1192/1093 1091/1198/1099 1097/1204/1105
f 1097/1204/1105 1098/1205/1106 1086/1192/1093
f 1099/1206/1107 1085/1191/1094 1086/1207/1093
f 1080/1190/1084 1085/1191/1094 1099/1206/1107
f 1099/1206/1107 1100/1208/1108 1080/1190/1084
f 1080/1190/1084 1100/1208/1108 1081/1189/1109
f 1101/1209/1110 1093/1200/1101 1030/1134/1034
f 1094/1201/1102 1093/1200/1101 1101/1209/1110
f 882/985/883 888/991/889 879/984/879
f 1102/1210/1111 1103/1211/1112 902/1005/903
f 902/1005/903 894/997/895 1102/1210/1111
f 1104/1212/1113 1102/1210/1111 894/997/895
f 894/997/895 1105/1213/1114 1104/1212/1113
f 1104/1212/1113 1105/1213/1114 1100/1208/1108
f 1100/1208/1108 1105/1213/1114 1106/1214/1115
f 1106/1214/1115 1081/1189/1109 1100/1208/1108
f 1081/1189/1109 1106/1214/1115 879/981/879
f 879/981/879 1083/1187/1116 1081/1189/1109
f 1083/1187/1116 879/981/879 881/983/1117
f 881/983/1117 1081/1185/1088 1083/1187/1116
f 881/983/1117 879/984/1118 1081/1185/1088
f 879/984/879 1082/1186/1086 1081/1185/1085
f 1082/1186/1086 879/984/879 888/991/889
f 888/991/889 1093/1200/1101 1082/1186/1086
f 887/990/888 1093/1200/1101 888/991/889
f 1030/1134/1034 1093/1200/1101 887/990/888
f 887/990/888 886/989/887 1030/1134/1034
f 877/979/877 879/981/879 1106/1214/1115
f 1106/1214/1115 1107/1215/1119 877/979/877
f 877/979/877 1107/1215/1119 875/977/875
f 1107/1215/1119 1106/1214/1115 1105/1213/1114
f 875/977/875 1108/1216/1120 873/975/873
f 1108/1216/1120 875/977/875 1107/1215/1119
f 1107/1215/1119 1109/1217/1121 1108/1216/1120
f 1105/1213/1114 1109/1217/1121 1107/1215/1119
f 1110/1218/1122 1109/1217/1121 1105/1213/1114
f 1105/1213/1114 894/997/895 1110/1218/1122
f 1110/1218/1122 894/997/895 895/998/896
f 895/998/896 1111/1219/1123 1110/1218/1122
f 1109/1217/1121 1110/1218/1122 1111/1219/1123
f 1111/1219/1123 1112/1220/1124 1109/1217/1121
f 1108/1216/1120 1109/1217/1121 1112/1220/1124
f 1112/1220/1124 1113/1221/1125 1108/1216/1120
f 1108/1216/1120 1113/1221/1125 873/975/873
f 1114/1222/1126 873/975/873 1113/1221/1125
f 1114/1222/1126 871/973/871 873/975/873
f 871/973/871 1114/1222/1126 1076/1180/1080
f 895/998/896 896/999/897 1111/1219/1123
f 827/919/827 899/1002/900 826/918/826
f 830/922/830 899/1002/900 827/919/827
f 899/1002/900 830/922/830 898/1001/899
f 832/924/832 898/1001/899 830/922/830
f 898/1001/899 832/924/832 1115/1223/1127
f 1115/1223/1127 897/1000/898 898/1001/899
f 897/1000/898 1115/1223/1127 1116/1224/1128
f 1116/1224/1128 896/999/897 897/1000/898
f 896/999/897 1116/1224/1128 1117/1225/1129
f 1117/1225/1129 1111/1219/1123 896/999/897
f 1118/1226/1130 1111/1219/1123 1117/1225/1129
f 1112/1220/1124 1111/1219/1123 1118/1226/1130
f 1118/1226/1130 1119/1227/1131 1112/1220/1124
f 1113/1221/1125 1112/1220/1124 1119/1227/1131
f 1119/1227/1131 1120/1228/1132 1113/1221/1125
f 1113/1221/1125 1120/1228/1132 1114/1222/1126
f 1077/1181/1081 1114/1222/1126 1120/1228/1132
f 1114/1222/1126 1077/1181/1081 1076/1180/1080
f 796/886/796 1115/1223/1127 832/924/832
f 1115/1223/1127 796/886/796 1121/1229/1133
f 1121/1229/1133 796/886/796 795/885/795
f 795/885/795 1116/1224/1128 1121/1229/1133
f 1121/1229/1133 1116/1224/1128 1115/1223/1127
f 1119/1227/1131 1118/1226/1130 1122/1230/1134
f 1122/1230/1134 1118/1226/1130 1123/1231/1135
f 1117/1225/1129 1123/1231/1135 1118/1226/1130
f 1124/1232/1136 1123/1231/1135 1117/1225/1129
f 1117/1225/1129 1116/1224/1128 1124/1232/1136
f 1125/1233/1137 1124/1232/1136 1116/1224/1128
f 1116/1224/1128 795/885/795 1125/1233/1137
f 1126/1234/1138 1125/1233/1137 795/885/795
f 795/885/795 793/883/793 1126/1234/1138
f 1126/1234/1138 793/883/793 1127/1235/1139
f 791/881/791 1127/1235/1139 793/883/793
f 1127/1235/1139 791/881/791 1128/1236/1140
f 1128/1236/1140 1129/1237/1141 1127/1235/1139
f 1129/1237/1141 1128/1236/1140 1130/1238/1142
f 1131/1239/1143 1129/1237/1141 1130/1238/1142
f 1130/1238/1142 1132/1240/1144 1131/1239/1143
f 904/1007/905 1131/1239/1143 1132/1240/1144
f 1132/1240/1144 905/1008/906 904/1007/905
f 1133/1241/1145 1134/1242/1146 1135/1243/1147
f 1135/1243/1147 1134/1242/1146 1136/1244/1148
f 1125/1233/1137 1136/1244/1148 1134/1242/1146
f 1137/1245/1149 1136/1244/1148 1125/1233/1137
f 1138/1246/1150 1136/1244/1148 1137/1245/1149
f 1136/1244/1148 1138/1246/1150 1135/1243/1147
f 1139/1247/1151 1135/1243/1147 1138/1246/1150
f 1135/1243/1147 1139/1247/1151 1133/1241/1145
f 1140/1248/1152 1133/1241/1145 1139/1247/1151
f 1133/1241/1145 1140/1248/1152 1141/1249/1153
f 1141/1249/1153 1134/1242/1146 1133/1241/1145
f 1142/1250/1154 1134/1242/1146 1141/1249/1153
f 1134/1242/1146 1142/1250/1154 1125/1233/1137
f 1142/1250/1154 1143/1251/1155 1125/1233/1137
f 1124/1232/1136 1125/1233/1137 1143/1251/1155
f 1143/1251/1155 1123/1231/1135 1124/1232/1136
f 1123/1231/1135 1143/1251/1155 1122/1230/1134
f 1144/1252/1156 1122/1230/1134 1143/1251/1155
f 1143/1251/1155 1142/1250/1154 1144/1252/1156
f 1145/1253/1157 1144/1252/1156 1142/1250/1154
f 1145/1253/1157 1142/1250/1154 1141/1249/1153
f 1141/1249/1153 1146/1254/1158 1145/1253/1157
f 1146/1254/1158 1141/1249/1153 1140/1248/1152
f 1140/1248/1152 1147/1255/1159 1146/1254/1158
f 1147/1255/1159 1140/1248/1152 1148/1256/1160
f 1139/1247/1151 1148/1256/1160 1140/1248/1152
f 1148/1256/1160 1139/1247/1151 1149/1257/1161
f 1138/1246/1150 1149/1257/1161 1139/1247/1151
f 1149/1257/1161 1138/1246/1150 1131/1239/1143
f 1137/1245/1149 1131/1239/1143 1138/1246/1150
f 1129/1237/1141 1131/1239/1143 1137/1245/1149
f 1137/1245/1149 1127/1235/1139 1129/1237/1141
f 1127/1235/1139 1137/1245/1149 1126/1234/1138
f 1125/1233/1137 1126/1234/1138 1137/1245/1149
f 1148/1256/1160 1150/1258/1162 1147/1255/1159
f 1150/1258/1162 1148/1256/1160 1151/1259/1163
f 1149/1257/1161 1151/1259/1163 1148/1256/1160
f 1151/1259/1163 1149/1257/1161 1152/1260/1164
f 1131/1239/1143 904/1007/905 1149/1257/1161
f 1152/1260/1164 1149/1257/1161 904/1007/905
f 904/1007/905 903/1006/904 1152/1260/1164
f 932/1035/936 1152/1260/1164 903/1006/904
f 1152/1260/1164 932/1035/936 1151/1259/1163
f 1153/1261/1165 1151/1259/1163 932/1035/936
f 1151/1259/1163 1153/1261/1165 1150/1258/1162
f 1054/1158/1058 1073/1177/1077 1053/1157/1057
f 930/1033/934 1154/1262/1166 1155/1263/1167
f 930/1033/934 1154/1262/1168 931/1034/935
f 1156/1264/1169 931/1034/935 1154/1262/1168
f 931/1034/935 1156/1264/1169 932/1035/936
f 932/1035/936 1156/1264/1169 1052/1156/1056
f 1052/1156/1056 1153/1261/1165 932/1035/936
f 1153/1261/1165 1052/1156/1056 1053/1157/1057
f 1053/1157/1057 1150/1258/1162 1153/1261/1165
f 1150/1258/1162 1053/1157/1057 1073/1177/1077
f 1073/1177/1077 1147/1255/1159 1150/1258/1162
f 1147/1255/1159 1073/1177/1077 1075/1179/1079
f 1075/1179/1079 1146/1254/1158 1147/1255/1159
f 1146/1254/1158 1075/1179/1079 1077/1181/1081
f 1145/1253/1157 1146/1254/1158 1077/1181/1081
f 1077/1181/1081 1120/1228/1132 1145/1253/1157
f 1144/1252/1156 1145/1253/1157 1120/1228/1132
f 1120/1228/1132 1119/1227/1131 1144/1252/1156
f 1122/1230/1134 1144/1252/1156 1119/1227/1131
f 1156/1264/1169 1157/1265/1170 1052/1156/1056
f 1157/1265/1170 1156/1264/1169 1154/1262/1168
f 1154/1262/1171 1158/1266/1172 1157/1265/1173
f 1158/1266/1174 1155/1263/1167 1154/1262/1166
f 1155/1263/1167 1158/1266/1174 930/1267/934
f 930/1267/934 1159/1268/1175 1155/1263/1176
f 1159/1268/1175 930/1267/934 929/1269/933
f 929/1269/933 1159/1268/1177 927/1270/931
f 1160/1271/1178 1157/1265/1173 1158/1266/1172
f 1158/1266/1172 1154/1272/1168 1160/1271/1178
f 1154/1272/1168 930/1267/934 1158/1266/1174
f 1161/1273/1179 1162/1274/1180 1163/1275/1181
f 1162/1274/1180 1161/1273/1179 1164/1276/1182
f 1162/1274/1180 1164/1276/1182 1165/1277/1183
f 1166/1278/1184 1165/1277/1183 1164/1276/1182
f 1164/1276/1182 927/1270/928 1166/1278/1184
f 927/1270/928 1164/1276/1182 929/1269/1185
f 929/1269/1185 1164/1276/1182 1161/1273/1179
f 929/1269/1185 1161/1273/1179 930/1267/934
f 1163/1275/1181 930/1267/934 1161/1273/1179
f 930/1267/934 1163/1275/1181 1154/1272/1186
f 1154/1272/1186 1163/1275/1181 1157/1279/1170
f 1157/1279/1173 1160/1271/1178 1154/1272/1168
f 1041/1145/1187 1160/1271/1188 1157/1265/1189
f 1157/1265/1170 1041/1145/1045 1040/1144/1044
f 1040/1144/1044 1052/1156/1056 1157/1265/1170
f 1167/1280/1190 919/1022/920 921/1024/922
f 1168/1281/1191 919/1022/920 1167/1280/1190
f 1169/1282/1192 1041/1145/1045 1157/1279/1170
f 1157/1279/1170 1170/1283/1193 1169/1282/1192
f 1170/1283/1193 1157/1279/1170 1163/1275/1181
f 1163/1275/1181 1171/1284/1194 1170/1283/1193
f 1171/1284/1194 1163/1275/1181 1162/1274/1180
f 1162/1274/1180 1172/1285/1195 1171/1284/1194
f 1165/1277/1183 1172/1285/1195 1162/1274/1180
f 1172/1285/1195 1165/1277/1183 1168/1281/1191
f 919/1022/920 1168/1281/1191 1165/1277/1183
f 1165/1277/1183 1166/1278/1184 919/1022/920
f 919/1022/920 1166/1278/1184 917/1020/918
f 917/1020/918 1166/1278/1184 927/1270/928
f 927/1270/928 915/1018/916 917/1020/918
f 928/1031/929 927/1270/931 1159/1268/1177
f 1159/1268/1177 929/1032/932 928/1031/929
f 929/1032/933 1155/1263/1176 1159/1268/1175
f 1155/1263/1176 929/1032/933 930/1033/934
f 1169/1282/1192 1170/1283/1193 1173/1286/1196
f 1173/1286/1196 1174/1287/1197 1169/1282/1192
f 1174/1287/1197 1173/1286/1196 1175/1288/1198
f 1175/1288/1198 1176/1289/1199 1174/1287/1197
f 1174/1287/1197 1176/1289/1199 1177/1290/1200
f 1178/1291/1201 1177/1290/1200 1176/1289/1199
f 1179/1292/1202 1180/1293/1203 1181/1294/1204
f 1180/1293/1203 1179/1292/1202 1182/1295/1205
f 1183/1296/1206 1182/1295/1205 1179/1292/1202
f 1182/1295/1205 1183/1296/1206 1184/1297/1207
f 1184/1297/1207 1183/1296/1206 1185/1298/1208
f 1183/1296/1206 1186/1299/1209 1185/1298/1208
f 1185/1298/1208 1186/1299/1209 1187/1300/1210
f 1187/1300/1210 1186/1299/1209 1188/1301/1211
f 1189/1302/1212 1171/1284/1194 1172/1285/1195
f 1171/1284/1194 1189/1302/1212 1187/1300/1210
f 1188/1301/1211 1171/1284/1194 1187/1300/1210
f 1170/1283/1193 1171/1284/1194 1188/1301/1211
f 1188/1301/1211 1173/1286/1196 1170/1283/1193
f 1173/1286/1196 1188/1301/1211 1186/1299/1209
f 1186/1299/1209 1175/1288/1198 1173/1286/1196
f 1175/1288/1198 1186/1299/1209 1183/1296/1206
f 1183/1296/1206 1176/1289/1199 1175/1288/1198
f 1179/1292/1202 1176/1289/1199 1183/1296/1206
f 1176/1289/1199 1179/1292/1202 1178/1291/1201
f 1181/1294/1204 1178/1291/1201 1179/1292/1202
f 1190/1303/1213 1191/1304/1214 1192/1305/1215
f 1192/1305/1215 1193/1306/1216 1190/1303/1213
f 1193/1306/1216 1192/1305/1215 1194/1307/1217
f 1195/1308/1218 1194/1307/1217 1192/1305/1215
f 1195/1308/1218 1181/1309/1204 1194/1307/1217
f 1181/1309/1204 1195/1308/1218 1178/1291/1201
f 1193/1306/1216 1196/1310/1219 1190/1303/1213
f 1197/1311/1220 1190/1303/1213 1196/1310/1219
f 1190/1303/1213 1197/1311/1220 1198/1312/1221
f 1198/1312/1221 1191/1304/1214 1190/1303/1213
f 1191/1304/1214 1198/1312/1221 1199/1313/1222
f 1199/1313/1222 1060/1164/1064 1191/1304/1214
f 1191/1304/1214 1060/1164/1064 1061/1165/1065
f 1061/1165/1065 1192/1305/1215 1191/1304/1214
f 1062/1166/1066 1192/1305/1215 1061/1165/1065
f 1192/1305/1215 1062/1166/1066 1195/1308/1218
f 1047/1151/1051 1195/1308/1218 1062/1166/1066
f 1195/1308/1218 1047/1151/1051 1178/1291/1201
f 1045/1149/1049 1178/1291/1201 1047/1151/1051
f 1177/1290/1200 1178/1291/1201 1045/1149/1049
f 1045/1149/1049 1042/1146/1046 1177/1290/1200
f 1177/1290/1200 1042/1146/1046 1174/1287/1197
f 1174/1287/1197 1042/1146/1046 1041/1145/1045
f 1041/1145/1045 1169/1282/1192 1174/1287/1197
f 921/1024/922 922/1025/923 1200/1314/1223
f 1201/1315/1224 1200/1314/1223 922/1025/923
f 1200/1314/1223 1201/1315/1224 1202/1316/1225
f 1201/1315/1224 1203/1317/1226 1202/1316/1225
f 1204/1318/1227 1203/1317/1226 1201/1315/1224
f 1203/1317/1226 1204/1318/1227 1197/1311/1220
f 1198/1312/1221 1197/1311/1220 1204/1318/1227
f 1204/1318/1227 1205/1319/1228 1198/1312/1221
f 1199/1313/1222 1198/1312/1221 1205/1319/1228
f 1205/1319/1228 1206/1320/1229 1199/1313/1222
f 1060/1164/1064 1199/1313/1222 1206/1320/1229
f 1206/1320/1229 1207/1321/1230 1060/1164/1064
f 1059/1163/1063 1060/1164/1064 1207/1321/1230
f 1207/1321/1230 1208/1322/1231 1059/1163/1063
f 1058/1162/1062 1059/1163/1063 1208/1322/1231
f 1208/1322/1231 1209/1323/1232 1058/1162/1062
f 1210/1324/1233 1058/1162/1062 1209/1323/1232
f 1209/1323/1232 1211/1325/1234 1210/1324/1233
f 1212/1326/1235 1206/1320/1229 1205/1319/1228
f 1205/1319/1228 1204/1318/1227 1212/1326/1235
f 1201/1315/1224 1212/1326/1235 1204/1318/1227
f 918/1021/919 922/1025/923 920/1023/921
f 1213/1327/1236 922/1025/923 918/1021/919
f 922/1025/923 1213/1327/1236 1201/1315/1224
f 1212/1326/1235 1201/1315/1224 1213/1327/1236
f 1213/1327/1236 1214/1328/1237 1212/1326/1235
f 1206/1320/1229 1212/1326/1235 1214/1328/1237
f 1214/1328/1237 1215/1329/1238 1206/1320/1229
f 1207/1321/1230 1206/1320/1229 1215/1329/1238
f 1216/1330/1239 1207/1321/1230 1215/1329/1238
f 1208/1322/1231 1207/1321/1230 1216/1330/1239
f 1216/1330/1239 1217/1331/1240 1208/1322/1231
f 1209/1323/1232 1208/1322/1231 1217/1331/1240
f 1217/1331/1240 1218/1332/1241 1209/1323/1232
f 1219/1333/1242 916/1019/917 914/1017/915
f 916/1019/917 1219/1333/1242 918/1021/919
f 918/1021/919 1219/1333/1242 1213/1327/1236
f 1220/1334/1243 776/866/776 779/869/779
f 1221/1335/1244 776/866/776 1220/1334/1243
f 775/865/775 776/866/776 1221/1335/1244
f 1221/1335/1244 1222/1336/1245 775/865/775
f 775/865/775 1222/1336/1245 773/863/773
f 1223/1337/1246 773/863/773 1222/1336/1245
f 773/863/773 1223/1337/1246 1224/1338/1247
f 1224/1338/1247 1223/1337/1246 1225/1339/1248
f 1225/1339/1248 912/1015/913 1224/1338/1247
f 912/1015/913 1225/1339/1248 1226/1340/1249
f 1226/1340/1249 914/1017/915 912/1015/913
f 914/1017/915 1226/1340/1249 1219/1333/1242
f 1219/1333/1242 1226/1340/1249 1227/1341/1250
f 1213/1327/1236 1219/1333/1242 1227/1341/1250
f 1214/1328/1237 1213/1327/1236 1227/1341/1250
f 1215/1329/1238 1214/1328/1237 1227/1341/1250
f 790/880/790 1128/1236/1140 791/881/791
f 1128/1236/1140 790/880/790 1228/1342/1251
f 788/878/788 1228/1342/1251 790/880/790
f 786/876/786 1228/1342/1251 788/878/788
f 1228/1342/1251 786/876/786 1229/1343/1252
f 784/874/784 1229/1343/1252 786/876/786
f 1229/1343/1252 784/874/784 1230/1344/1253
f 783/873/783 1230/1344/1253 784/874/784
f 1230/1344/1253 783/873/783 1231/1345/1254
f 780/870/780 1231/1345/1254 783/873/783
f 1231/1345/1254 780/870/780 774/864/774
f 774/864/774 773/863/773 1231/1345/1254
f 1224/1338/1247 1231/1345/1254 773/863/773
f 1231/1345/1254 1224/1338/1247 912/1015/913
f 910/1013/911 1231/1345/1254 912/1015/913
f 1231/1345/1254 910/1013/911 1230/1344/1253
f 1230/1344/1253 910/1013/911 1229/1343/1252
f 1229/1343/1252 1232/1346/1255 1228/1342/1251
f 1228/1342/1251 1130/1238/1142 1128/1236/1140
f 1130/1238/1142 1228/1342/1251 1232/1346/1255
f 1232/1346/1255 1132/1240/1144 1130/1238/1142
f 1132/1240/1144 1232/1346/1255 906/1009/907
f 1232/1346/1255 1229/1343/1252 906/1009/907
f 1229/1343/1252 908/1011/909 906/1009/907
f 908/1011/909 1229/1343/1252 910/1013/911
f 906/1009/907 905/1008/906 1132/1240/1144
f 1233/1347/1256 799/930/799 836/929/836
f 1234/1348/1257 1235/1349/1258 1236/1350/1259
f 1237/1351/1260 1238/1352/1261 1236/1350/1259
f 1236/1350/1259 1235/1349/1258 1237/1351/1260
f 1239/1353/1262 1237/1351/1260 1235/1349/1258
f 799/930/799 1240/1354/1263 748/1355/748
f 1240/1354/1263 799/930/799 1233/1347/1256
f 1240/1354/1263 1233/1347/1256 1241/1356/1264
f 1234/1348/1257 1241/1356/1264 1233/1347/1256
f 1236/1350/1259 1241/1356/1264 1234/1348/1257
f 1242/1357/1265 1241/1356/1264 1236/1350/1259
f 1236/1350/1259 1238/1352/1261 1242/1357/1265
f 1243/1358/1266 1242/1357/1265 1238/1352/1261
f 1238/1352/1261 1237/1351/1260 1243/1358/1266
f 1244/1359/1267 1243/1358/1266 1237/1351/1260
f 1237/1351/1260 1239/1353/1262 1244/1359/1267
f 1244/1359/1267 1239/1353/1262 842/937/842
f 1235/1349/1258 842/937/842 1239/1353/1262
f 1235/1349/1258 839/934/839 842/937/842
f 839/934/839 1235/1349/1258 1234/1348/1257
f 1234/1348/1257 840/935/840 839/934/839
f 1233/1347/1256 840/935/840 1234/1348/1257
f 836/941/836 840/935/840 1233/1347/1256
f 1245/1360/1268 1241/1356/1264 1242/1357/1265
f 1241/1356/1264 1245/1360/1268 1240/1354/1263
f 1246/1361/1269 1240/1354/1263 1245/1360/1268
f 748/1355/748 1240/1354/1263 1246/1361/1269
f 1247/1362/1270 846/942/846 813/944/813
f 847/943/847 846/942/846 1247/1362/1270
f 1247/1362/1270 1243/1358/1266 847/943/847
f 841/936/841 847/943/847 1243/1358/1266
f 1243/1358/1266 1244/1359/1267 841/936/841
f 842/937/842 841/936/841 1244/1359/1267
f 1243/1358/1266 1247/1362/1270 1245/1360/1268
f 1242/1357/1265 1243/1358/1266 1245/1363/1268
f 779/959/779 852/949/852 1220/1364/1243
f 1220/1364/1243 852/949/852 851/948/851
f 851/948/851 865/965/865 1220/1364/1243
f 1248/1365/1271 1220/1364/1243 865/965/865
f 865/965/865 867/967/867 1248/1365/1271
f 835/972/835 1248/1365/1271 867/967/867
f 835/972/835 755/1366/755 1248/1365/1271
f 1248/1365/1271 755/1366/755 1249/1367/1272
f 1220/1364/1243 1248/1365/1271 1249/1367/1272
f 1246/1368/1269 746/836/746 748/838/748
f 1245/1369/1268 1250/1370/1273 1246/1368/1269
f 746/836/746 1246/1368/1269 1250/1370/1273
f 1250/1370/1273 1251/1371/1274 746/836/746
f 744/834/744 746/836/746 1251/1371/1274
f 1251/1371/1274 1252/1372/1275 744/834/744
f 1253/1373/1276 1252/1372/1275 1251/1371/1274
f 1251/1371/1274 1250/1370/1273 1253/1373/1276
f 1254/1374/1277 1253/1373/1276 1250/1370/1273
f 1250/1370/1273 1245/1369/1268 1254/1374/1277
f 1255/1375/1278 1254/1374/1277 1245/1369/1268
f 1256/1376/1279 1257/1377/1280 1253/1373/1276
f 1252/1372/1275 1253/1373/1276 1257/1377/1280
f 1257/1377/1280 732/822/732 1252/1372/1275
f 744/834/744 1252/1372/1275 732/822/732
f 732/822/732 736/826/736 744/834/744
f 730/820/730 1258/1378/1281 598/686/598
f 732/822/732 1257/1377/1280 730/820/730
f 1258/1378/1281 730/820/730 1257/1377/1280
f 1257/1377/1280 1256/1376/1279 1258/1378/1281
f 1259/1379/1282 1258/1378/1281 1256/1376/1279
f 1260/1380/1283 1259/1379/1282 1256/1376/1279
f 1261/1381/1284 1259/1379/1282 1260/1380/1283
f 1260/1380/1283 1262/1382/1285 1261/1381/1284
f 1263/1383/1286 1261/1381/1284 1262/1382/1285
f 1264/1384/1287 1265/1385/1288 1266/1386/1289
f 1266/1386/1289 1267/1387/1290 1264/1384/1287
f 1267/1387/1290 1266/1386/1289 1268/1388/1291
f 1268/1388/1291 1269/1389/1292 1267/1387/1290
f 1269/1389/1292 1268/1388/1291 1270/1390/1293
f 1270/1390/1293 1271/1391/1294 1269/1389/1292
f 1271/1391/1294 1270/1390/1293 1272/1392/1295
f 1272/1392/1295 1273/1393/1296 1271/1391/1294
f 1273/1393/1296 1272/1392/1295 1274/1394/1297
f 1275/1395/1298 1273/1393/1296 1274/1394/1297
f 1274/1394/1297 1263/1383/1286 1275/1395/1298
f 1275/1395/1298 1263/1383/1286 1276/1396/1299
f 1262/1382/1285 1276/1396/1299 1263/1383/1286
f 1255/1375/1278 1276/1396/1299 1262/1382/1285
f 1262/1382/1285 1260/1380/1283 1255/1375/1278
f 1254/1374/1277 1255/1375/1278 1260/1380/1283
f 1260/1380/1283 1256/1376/1279 1254/1374/1277
f 1253/1373/1276 1254/1374/1277 1256/1376/1279
f 1277/1397/1300 1267/1387/1290 1269/1389/1292
f 1269/1389/1292 1278/1398/1301 1277/1397/1300
f 1278/1398/1301 1269/1389/1292 1271/1391/1294
f 1271/1391/1294 1279/1399/1302 1278/1398/1301
f 1279/1399/1302 1271/1391/1294 1273/1393/1296
f 1273/1393/1296 1280/1400/1303 1279/1399/1302
f 1281/1401/1304 1280/1400/1303 1273/1393/1296
f 1273/1393/1296 1275/1395/1298 1281/1401/1304
f 1281/1401/1304 1275/1395/1298 1282/1402/1305
f 1276/1396/1299 1282/1402/1305 1275/1395/1298
f 1282/1402/1305 1276/1396/1299 817/909/817
f 818/910/818 817/909/817 1276/1396/1299
f 1276/1396/1299 1255/1375/1278 818/910/818
f 818/910/818 1255/1375/1278 1283/1403/1306
f 1245/1369/1268 1283/1403/1306 1255/1375/1278
f 1247/1404/1270 1283/1403/1306 1245/1369/1268
f 1283/1403/1306 1247/1404/1270 814/906/814
f 813/905/813 814/906/814 1247/1404/1270
f 814/906/814 819/911/819 1283/1403/1306
f 1283/1403/1306 819/911/819 818/910/818
f 1006/1109/1010 1278/1398/1301 1279/1399/1302
f 1279/1399/1302 1284/1405/1307 1006/1109/1010
f 1284/1405/1307 1279/1399/1302 1280/1400/1303
f 1280/1400/1303 1285/1406/1308 1284/1405/1307
f 1285/1406/1308 1280/1400/1303 1281/1401/1304
f 1281/1401/1304 1286/1407/1309 1285/1406/1308
f 1286/1407/1309 1281/1401/1304 1282/1402/1305
f 1282/1402/1305 1287/1408/1310 1286/1407/1309
f 1287/1408/1310 1282/1402/1305 817/909/817
f 817/909/817 1288/1409/1311 1287/1408/1310
f 1288/1409/1311 817/909/817 819/911/819
f 819/911/819 816/908/816 1288/1409/1311
f 822/914/822 1288/1409/1311 816/908/816
f 1288/1409/1311 822/914/822 1289/1410/1312
f 823/915/823 1289/1410/1312 822/914/822
f 1289/1410/1312 823/915/823 900/1003/901
f 826/918/826 900/1003/901 823/915/823
f 900/1003/901 826/918/826 899/1002/900
f 1007/1110/1011 1006/1109/1010 1284/1405/1307
f 1284/1405/1307 1290/1411/1313 1007/1110/1011
f 1290/1411/1313 1284/1405/1307 1285/1406/1308
f 1007/1110/1011 1290/1411/1313 1008/1111/1012
f 1009/1112/1013 1027/1130/1031 1010/1113/1014
f 1291/1412/1314 1027/1130/1031 1009/1112/1013
f 1009/1112/1013 1008/1111/1012 1291/1412/1314
f 1292/1413/1315 1291/1412/1314 1008/1111/1012
f 1008/1111/1012 1290/1411/1313 1292/1413/1315
f 1293/1414/1316 1292/1413/1315 1290/1411/1313
f 1285/1406/1308 1293/1414/1316 1290/1411/1313
f 1293/1414/1316 1285/1406/1308 1294/1415/1317
f 1286/1407/1309 1294/1415/1317 1285/1406/1308
f 1295/1416/1318 1294/1415/1317 1286/1407/1309
f 1286/1407/1309 1287/1408/1310 1295/1416/1318
f 1295/1416/1318 1287/1408/1310 1288/1409/1311
f 1288/1409/1311 1296/1417/1319 1295/1416/1318
f 1289/1410/1312 1296/1417/1319 1288/1409/1311
f 900/1003/901 1296/1417/1319 1289/1410/1312
f 901/1004/902 1296/1417/1319 900/1003/901
f 1103/1211/1112 1296/1417/1319 901/1004/902
f 901/1004/902 902/1005/903 1103/1211/1112
f 1297/1418/1320 1298/1419/1321 1299/1420/1322
f 1298/1419/1321 1297/1418/1320 1300/1421/1323
f 1300/1421/1323 1292/1413/1315 1298/1419/1321
f 1291/1412/1314 1292/1413/1315 1300/1421/1323
f 1300/1421/1323 1027/1130/1031 1291/1412/1314
f 1297/1418/1320 1027/1130/1031 1300/1421/1323
f 1027/1130/1031 1297/1418/1320 1026/1129/1030
f 1301/1422/1324 1302/1423/1325 1303/1424/1326
f 1304/1425/1327 1302/1423/1325 1301/1422/1324
f 1305/1426/1328 1306/1427/1329 1307/1428/1330
f 1307/1428/1330 1306/1427/1329 1302/1423/1325
f 1302/1423/1325 1304/1425/1327 1307/1428/1330
f 1308/1429/1331 1307/1428/1330 1304/1425/1327
f 1304/1425/1327 1309/1430/1332 1308/1429/1331
f 1309/1430/1332 1304/1425/1327 1294/1415/1317
f 1301/1422/1324 1294/1415/1317 1304/1425/1327
f 1294/1415/1317 1301/1422/1324 1293/1414/1316
f 1303/1424/1326 1293/1414/1316 1301/1422/1324
f 1293/1414/1316 1303/1424/1326 1292/1413/1315
f 1303/1424/1326 1298/1419/1321 1292/1413/1315
f 1298/1419/1321 1303/1424/1326 1302/1423/1325
f 1302/1423/1325 1299/1420/1322 1298/1419/1321
f 1306/1427/1329 1299/1420/1322 1302/1423/1325
f 1294/1415/1317 1295/1416/1318 1309/1430/1332
f 1310/1431/1333 1311/1432/1334 1312/1433/1335
f 1098/1205/1106 1312/1433/1335 1311/1432/1334
f 1311/1432/1334 1086/1207/1093 1098/1205/1106
f 1086/1207/1093 1311/1432/1334 1099/1206/1107
f 1306/1434/1329 1305/1426/1328 1313/1435/1336
f 1096/1203/1104 1313/1435/1336 1305/1426/1328
f 1305/1426/1328 1307/1428/1330 1096/1203/1104
f 1097/1204/1105 1096/1203/1104 1307/1428/1330
f 1307/1428/1330 1308/1429/1331 1097/1204/1105
f 1098/1205/1106 1097/1204/1105 1308/1429/1331
f 1308/1429/1331 1309/1430/1332 1098/1205/1106
f 1312/1433/1335 1098/1205/1106 1309/1430/1332
f 1309/1430/1332 1295/1416/1318 1312/1433/1335
f 1312/1433/1335 1295/1416/1318 1310/1431/1333
f 1310/1431/1333 1295/1416/1318 1296/1417/1319
f 1296/1417/1319 1103/1211/1112 1310/1431/1333
f 1311/1432/1334 1310/1431/1333 1103/1211/1112
f 1103/1211/1112 1102/1210/1111 1311/1432/1334
f 1099/1206/1107 1311/1432/1334 1102/1210/1111
f 1102/1210/1111 1104/1212/1113 1099/1206/1107
f 1100/1208/1108 1099/1206/1107 1104/1212/1113
f 581/669/581 584/672/584 1314/1436/1337
f 1315/1437/1338 1316/1438/1339 1317/1439/1340
f 1316/1438/1339 1315/1437/1338 1318/1440/1341
f 1319/1441/1342 1318/1440/1341 1315/1437/1338
f 1320/1442/1343 1318/1440/1341 1319/1441/1342
f 1318/1440/1341 1320/1442/1343 1321/1443/1344
f 653/741/653 1321/1443/1344 1320/1442/1343
f 1321/1443/1344 653/741/653 645/733/645
f 645/733/645 646/734/646 1321/1443/1344
f 1322/1444/1345 1323/1445/1346 1324/1446/1347
f 1323/1445/1346 1322/1444/1345 1325/1447/1348
f 1326/1448/1349 1325/1447/1348 1322/1444/1345
f 1322/1444/1345 1327/1449/1350 1326/1448/1349
f 1327/1449/1350 1322/1444/1345 1328/1450/1351
f 1324/1446/1347 1328/1450/1351 1322/1444/1345
f 1328/1450/1351 1324/1446/1347 1329/1451/1352
f 1330/1452/1353 1329/1451/1352 1324/1446/1347
f 1329/1451/1352 1330/1452/1353 1331/1453/1354
f 1331/1453/1354 1330/1452/1353 1332/1454/1355
f 1324/1446/1347 1332/1454/1355 1330/1452/1353
f 1332/1454/1355 1324/1446/1347 1323/1445/1346
f 1333/1455/1356 1334/1456/1357 1335/1457/1358
f 1335/1457/1358 1336/1458/1359 1333/1455/1356
f 1337/1459/1360 1333/1455/1356 1336/1458/1359
f 1336/1458/1359 1338/1460/1361 1337/1459/1360
f 1331/1453/1354 1337/1459/1360 1338/1460/1361
f 1337/1459/1360 1331/1453/1354 1339/1461/1362
f 1332/1454/1355 1339/1461/1362 1331/1453/1354
f 1339/1461/1362 1332/1454/1355 1340/1462/1363
f 1323/1445/1346 1340/1462/1363 1332/1454/1355
f 1340/1462/1363 1323/1445/1346 1341/1463/1364
f 1341/1463/1364 1323/1445/1346 1325/1447/1348
f 1341/1463/1364 1325/1447/1348 1342/1464/1365
f 1343/1465/1366 1342/1464/1365 1325/1447/1348
f 1342/1464/1365 1343/1465/1366 1344/1466/1367
f 1345/1467/1368 1344/1466/1367 1343/1465/1366
f 1344/1466/1367 1345/1467/1368 1346/1468/1369
f 1317/1439/1340 1346/1468/1369 1345/1467/1368
f 1346/1468/1369 1317/1439/1340 1316/1438/1339
f 1342/1464/1365 1340/1462/1363 1341/1463/1364
f 1340/1462/1363 1347/1469/1370 1339/1461/1362
f 1348/1470/1371 1347/1469/1370 1340/1462/1363
f 1340/1462/1363 1342/1464/1365 1348/1470/1371
f 1348/1470/1371 1342/1464/1365 1349/1471/1372
f 1344/1466/1367 1349/1471/1372 1342/1464/1365
f 1349/1471/1372 1344/1466/1367 1350/1472/1373
f 1346/1468/1369 1350/1472/1373 1344/1466/1367
f 1350/1472/1373 1346/1468/1369 1351/1473/1374
f 1316/1438/1339 1351/1473/1374 1346/1468/1369
f 1351/1473/1374 1316/1438/1339 1352/1474/1375
f 1318/1440/1341 1352/1474/1375 1316/1438/1339
f 1321/1443/1344 1352/1474/1375 1318/1440/1341
f 1334/1456/1357 1333/1455/1356 1353/1475/1376
f 1333/1455/1356 1337/1459/1360 1353/1475/1376
f 1339/1461/1362 1353/1475/1376 1337/1459/1360
f 1353/1475/1376 1339/1461/1362 1354/1476/1377
f 1354/1476/1377 1339/1461/1362 1347/1469/1370
f 1347/1469/1370 1355/1477/1378 1354/1476/1377
f 1355/1477/1378 1347/1469/1370 1348/1470/1371
f 1348/1470/1371 1356/1478/1379 1355/1477/1378
f 1349/1471/1372 1356/1478/1379 1348/1470/1371
f 1356/1478/1379 1349/1471/1372 1357/1479/1380
f 1350/1472/1373 1357/1479/1380 1349/1471/1372
f 1357/1479/1380 1350/1472/1373 1358/1480/1381
f 1351/1473/1374 1358/1480/1381 1350/1472/1373
f 1358/1480/1381 1351/1473/1374 1359/1481/1382
f 1352/1474/1375 1359/1481/1382 1351/1473/1374
f 1360/1482/1383 1359/1481/1382 1352/1474/1375
f 1352/1474/1375 1321/1443/1344 1360/1482/1383
f 1360/1482/1383 1321/1443/1344 646/734/646
f 1357/1479/1380 1361/1483/1384 1356/1478/1379
f 609/697/609 606/694/606 646/734/646
f 1362/1484/1385 646/734/646 606/694/606
f 646/734/646 1362/1484/1385 1360/1482/1383
f 1359/1481/1382 1360/1482/1383 1362/1484/1385
f 1362/1484/1385 1363/1485/1386 1359/1481/1382
f 1359/1481/1382 1363/1485/1386 1358/1480/1381
f 1364/1486/1387 1358/1480/1381 1363/1485/1386
f 1358/1480/1381 1364/1486/1387 1357/1479/1380
f 1361/1483/1384 1357/1479/1380 1364/1486/1387
f 1364/1486/1387 1365/1487/1388 1361/1483/1384
f 1356/1478/1379 1361/1483/1384 1365/1487/1388
f 1365/1487/1388 1366/1488/1389 1356/1478/1379
f 1355/1477/1378 1356/1478/1379 1366/1488/1389
f 1366/1488/1389 1354/1476/1377 1355/1477/1378
f 1334/1456/1357 1354/1476/1377 1366/1488/1389
f 1354/1476/1377 1334/1456/1357 1353/1475/1376
f 607/695/607 600/688/600 1367/1489/1390
f 1367/1489/1390 1368/1490/1391 607/695/607
f 1369/1491/1392 1368/1490/1391 1367/1489/1390
f 1370/1492/1393 1368/1490/1391 1369/1491/1392
f 1364/1486/1387 1371/1493/1394 1365/1487/1388
f 1371/1493/1394 1364/1486/1387 1370/1492/1393
f 1363/1485/1386 1370/1492/1393 1364/1486/1387
f 1363/1485/1386 1368/1490/1391 1370/1492/1393
f 1368/1490/1391 1363/1485/1386 1362/1484/1385
f 1362/1484/1385 607/695/607 1368/1490/1391
f 606/694/606 607/695/607 1362/1484/1385
f 602/690/602 1372/1494/1395 600/688/600
f 600/688/600 1372/1494/1395 1367/1489/1390
f 1373/1495/1396 1367/1489/1390 1372/1494/1395
f 1367/1489/1390 1373/1495/1396 1369/1491/1392
f 1374/1496/1397 1369/1491/1392 1373/1495/1396
f 1369/1491/1392 1374/1496/1397 1370/1492/1393
f 1370/1492/1393 1374/1496/1397 1371/1493/1394
f 599/687/599 596/684/596 602/690/602
f 1375/1497/1398 602/690/602 596/684/596
f 1372/1494/1395 602/690/602 1375/1497/1398
f 1376/1498/1399 596/684/596 598/686/598
f 596/684/596 1376/1498/1399 1375/1497/1398
f 1377/1499/1400 1375/1497/1398 1376/1498/1399
f 1375/1497/1398 1377/1499/1400 1372/1494/1395
f 1378/1500/1401 1372/1494/1395 1377/1499/1400
f 1372/1494/1395 1378/1500/1401 1373/1495/1396
f 1379/1501/1402 1373/1495/1396 1378/1500/1401
f 1373/1495/1396 1379/1501/1402 1374/1496/1397
f 1374/1496/1397 1379/1501/1402 1380/1502/1403
f 1380/1502/1403 1371/1493/1394 1374/1496/1397
f 1381/1503/1404 1371/1493/1394 1380/1502/1403
f 1365/1487/1388 1371/1493/1394 1381/1503/1404
f 1381/1503/1404 1382/1504/1405 1365/1487/1388
f 1366/1488/1389 1365/1487/1388 1382/1504/1405
f 1382/1504/1405 1383/1505/1406 1366/1488/1389
f 1334/1456/1357 1366/1488/1389 1383/1505/1406
f 1383/1505/1406 1335/1457/1358 1334/1456/1357
f 1377/1499/1400 1384/1506/1407 1378/1500/1401
f 1385/1507/1408 1379/1501/1402 1378/1500/1401
f 1378/1500/1401 1384/1506/1407 1385/1507/1408
f 1384/1506/1407 1386/1508/1409 1385/1507/1408
f 1387/1509/1410 1380/1502/1403 1379/1501/1402
f 1379/1501/1402 1385/1507/1408 1387/1509/1410
f 1388/1510/1411 1387/1509/1410 1385/1507/1408
f 1385/1507/1408 1386/1508/1409 1388/1510/1411
f 1389/1511/1412 1388/1510/1411 1386/1508/1409
f 1386/1508/1409 1390/1512/1413 1389/1511/1412
f 1390/1512/1413 1386/1508/1409 1391/1513/1414
f 1392/1514/1415 1391/1513/1414 1386/1508/1409
f 1386/1508/1409 1384/1506/1407 1392/1514/1415
f 1393/1515/1416 1392/1514/1415 1384/1506/1407
f 1384/1506/1407 1377/1499/1400 1393/1515/1416
f 1376/1498/1399 1393/1515/1416 1377/1499/1400
f 1382/1504/1405 1381/1503/1404 1394/1516/1417
f 1381/1503/1404 1265/1385/1288 1394/1516/1417
f 1380/1502/1403 1265/1385/1288 1381/1503/1404
f 1265/1385/1288 1380/1502/1403 1387/1509/1410
f 1387/1509/1410 1266/1386/1289 1265/1385/1288
f 1266/1386/1289 1387/1509/1410 1388/1510/1411
f 1388/1510/1411 1268/1388/1291 1266/1386/1289
f 1268/1388/1291 1388/1510/1411 1389/1511/1412
f 1389/1511/1412 1270/1390/1293 1268/1388/1291
f 1270/1390/1293 1389/1511/1412 1390/1512/1413
f 1390/1512/1413 1272/1392/1295 1270/1390/1293
f 1272/1392/1295 1390/1512/1413 1274/1394/1297
f 1391/1513/1414 1274/1394/1297 1390/1512/1413
f 1263/1383/1286 1274/1394/1297 1391/1513/1414
f 1391/1513/1414 1392/1514/1415 1263/1383/1286
f 1261/1381/1284 1263/1383/1286 1392/1514/1415
f 1392/1514/1415 1393/1515/1416 1261/1381/1284
f 1259/1379/1282 1261/1381/1284 1393/1515/1416
f 1393/1515/1416 1376/1498/1399 1259/1379/1282
f 1258/1378/1281 1259/1379/1282 1376/1498/1399
f 1376/1498/1399 598/686/598 1258/1378/1281
f 1383/1505/1406 1382/1504/1405 1395/1517/1418
f 1394/1516/1417 1395/1517/1418 1382/1504/1405
f 1396/1518/1419 1395/1517/1418 1394/1516/1417
f 1394/1516/1417 1397/1519/1420 1396/1518/1419
f 1397/1519/1420 1394/1516/1417 1265/1385/1288
f 1265/1385/1288 1264/1384/1287 1397/1519/1420
f 1398/1520/1421 1399/1521/1422 1397/1519/1420
f 1397/1519/1420 1264/1384/1287 1398/1520/1421
f 1396/1518/1419 1397/1519/1420 1399/1521/1422
f 1400/1522/1423 1396/1518/1419 1399/1521/1422
f 1399/1521/1422 1398/1520/1421 1400/1522/1423
f 1398/1520/1421 1401/1523/1424 1400/1522/1423
f 1401/1523/1424 1398/1520/1421 1402/1524/1425
f 1402/1524/1425 1398/1520/1421 1264/1384/1287
f 1264/1384/1287 1267/1387/1290 1402/1524/1425
f 1335/1457/1358 1383/1505/1406 1403/1525/1426
f 1395/1517/1418 1403/1525/1426 1383/1505/1406
f 1404/1526/1427 1403/1525/1426 1395/1517/1418
f 1395/1517/1418 1396/1518/1419 1404/1526/1427
f 1405/1527/1428 1404/1526/1427 1396/1518/1419
f 1396/1518/1419 1406/1528/1429 1405/1527/1428
f 1406/1528/1429 1396/1518/1419 1400/1522/1423
f 1400/1522/1423 1407/1529/1430 1406/1528/1429
f 1400/1522/1423 1401/1523/1424 1407/1529/1430
f 1408/1530/1431 1407/1529/1430 1401/1523/1424
f 1401/1523/1424 1409/1531/1432 1408/1530/1431
f 1402/1524/1425 1409/1531/1432 1401/1523/1424
f 1410/1532/1433 1409/1531/1432 1402/1524/1425
f 1402/1524/1425 1411/1533/1434 1410/1532/1433
f 1411/1533/1434 1402/1524/1425 1267/1387/1290
f 1267/1387/1290 1277/1397/1300 1411/1533/1434
f 1412/1534/1435 1406/1528/1429 1407/1529/1430
f 1405/1527/1428 1406/1528/1429 1412/1534/1435
f 1413/1535/1436 1404/1526/1427 1405/1527/1428
f 1405/1527/1428 1414/1536/1437 1413/1535/1436
f 1412/1534/1435 1414/1536/1437 1405/1527/1428
f 1414/1536/1437 1412/1534/1435 1415/1537/1438
f 1407/1529/1430 1415/1537/1438 1412/1534/1435
f 1416/1538/1439 1415/1537/1438 1407/1529/1430
f 1407/1529/1430 1408/1530/1431 1416/1538/1439
f 1417/1539/1440 1416/1538/1439 1408/1530/1431
f 1417/1539/1440 1408/1530/1431 1409/1531/1432
f 1409/1531/1432 1037/1141/1041 1417/1539/1440
f 1037/1141/1041 1409/1531/1432 1410/1532/1433
f 1410/1532/1433 1035/1139/1039 1037/1141/1041
f 1035/1139/1039 1410/1532/1433 1411/1533/1434
f 1411/1533/1434 1016/1119/1020 1035/1139/1039
f 1016/1119/1020 1411/1533/1434 1277/1397/1300
f 1277/1397/1300 1005/1108/1009 1016/1119/1020
f 1005/1108/1009 1277/1397/1300 1278/1398/1301
f 1278/1398/1301 1006/1109/1010 1005/1108/1009
f 939/1042/943 941/1044/945 1418/1540/1441
f 1418/1540/1441 1419/1541/1442 939/1042/943
f 937/1040/941 939/1042/943 1419/1541/1442
f 1419/1541/1442 1420/1542/1443 937/1040/941
f 933/1036/937 937/1040/941 1420/1542/1443
f 1420/1542/1443 1421/1543/1444 933/1036/937
f 934/1037/938 933/1036/937 1421/1543/1444
f 1421/1543/1444 1037/1141/1041 934/1037/938
f 1037/1141/1041 1421/1543/1444 1417/1539/1440
f 1416/1538/1439 1417/1539/1440 1421/1543/1444
f 1421/1543/1444 1420/1542/1443 1416/1538/1439
f 1415/1537/1438 1416/1538/1439 1420/1542/1443
f 1420/1542/1443 1419/1541/1442 1415/1537/1438
f 1422/1544/1445 1415/1537/1438 1419/1541/1442
f 1419/1541/1442 1418/1540/1441 1422/1544/1445
f 1422/1544/1445 1418/1540/1441 1423/1545/1446
f 1423/1545/1446 1418/1540/1441 1424/1546/1447
f 1424/1546/1447 1425/1547/1448 1423/1545/1446
f 1425/1547/1448 1413/1535/1436 1414/1536/1437
f 1414/1536/1437 1423/1545/1446 1425/1547/1448
f 1423/1545/1446 1414/1536/1437 1422/1544/1445
f 1415/1537/1438 1422/1544/1445 1414/1536/1437
f 1426/1548/1449 1424/1546/1447 1418/1540/1441
f 1424/1546/1447 1426/1548/1449 1427/1549/1450
f 1427/1549/1450 1428/1550/1451 1424/1546/1447
f 1428/1550/1451 1427/1549/1450 1429/1551/1452
f 1430/1552/1453 1429/1551/1452 1427/1549/1450
f 1427/1549/1450 1426/1548/1449 1430/1552/1453
f 943/1046/947 1430/1552/1453 1426/1548/1449
f 1426/1548/1449 941/1044/945 943/1046/947
f 941/1044/945 1426/1548/1449 1418/1540/1441
f 1430/1552/1453 1431/1553/1454 1429/1551/1452
f 1425/1547/1448 1424/1546/1447 1428/1550/1451
f 1428/1550/1451 1413/1535/1436 1425/1547/1448
f 1429/1551/1452 1413/1535/1436 1428/1550/1451
f 1413/1535/1436 1429/1551/1452 1432/1554/1455
f 1431/1553/1454 1432/1554/1455 1429/1551/1452
f 1433/1555/1456 1432/1554/1455 1431/1553/1454
f 1431/1553/1454 1434/1556/1457 1433/1555/1456
f 1434/1556/1457 1431/1553/1454 1430/1552/1453
f 1430/1552/1453 1435/1557/1458 1434/1556/1457
f 1435/1557/1458 1430/1552/1453 943/1046/947
f 943/1046/947 1436/1558/1459 1435/1557/1458
f 945/1048/949 1436/1558/1459 943/1046/947
f 1436/1558/1459 945/1048/949 1437/1559/1460
f 1437/1559/1460 945/1048/949 947/1050/951
f 947/1050/951 1438/1560/1461 1437/1559/1460
f 1438/1560/1461 947/1050/951 949/1052/953
f 949/1052/953 951/1054/955 1438/1560/1461
f 1438/1560/1461 951/1054/955 1439/1561/1462
f 1440/1562/1463 1441/1563/1464 1442/1564/1465
f 1443/1565/1466 1440/1562/1463 1444/1566/1467
f 1442/1564/1465 1444/1566/1467 1440/1562/1463
f 1439/1561/1462 1444/1566/1467 1442/1564/1465
f 1442/1564/1465 1436/1558/1459 1439/1561/1462
f 1436/1558/1459 1442/1564/1465 1441/1563/1464
f 1435/1557/1458 1436/1558/1459 1441/1563/1464
f 1441/1563/1464 1440/1562/1463 1435/1557/1458
f 1440/1562/1463 1445/1567/1468 1435/1557/1458
f 1445/1567/1468 1440/1562/1463 1446/1568/1469
f 1447/1569/1470 1446/1568/1469 1440/1562/1463
f 1440/1562/1463 1448/1570/1471 1447/1569/1470
f 1448/1570/1471 1440/1562/1463 1443/1565/1466
f 1443/1565/1466 1449/1571/1472 1448/1570/1471
f 1449/1571/1472 1450/1572/1473 1451/1573/1474
f 1451/1573/1474 1448/1570/1471 1449/1571/1472
f 1448/1570/1471 1451/1573/1474 1452/1574/1475
f 1452/1574/1475 1453/1575/1476 1448/1570/1471
f 1447/1569/1470 1448/1570/1471 1453/1575/1476
f 1453/1575/1476 1454/1576/1477 1447/1569/1470
f 1446/1568/1469 1447/1569/1470 1454/1576/1477
f 1454/1576/1477 1455/1577/1478 1446/1568/1469
f 1446/1568/1469 1455/1577/1478 1445/1567/1468
f 1433/1555/1456 1445/1567/1468 1455/1577/1478
f 1445/1567/1468 1433/1555/1456 1435/1557/1458
f 1433/1555/1456 1434/1556/1457 1435/1557/1458
f 1456/1578/1479 1457/1579/1480 1458/1580/1481
f 1458/1580/1481 1450/1572/1473 1456/1578/1479
f 1450/1572/1473 1458/1580/1481 1459/1581/1482
f 1459/1581/1482 1451/1573/1474 1450/1572/1473
f 1451/1573/1474 1459/1581/1482 1460/1582/1483
f 1452/1574/1475 1451/1573/1474 1460/1582/1483
f 1460/1582/1483 1461/1583/1484 1452/1574/1475
f 1453/1575/1476 1452/1574/1475 1461/1583/1484
f 1461/1583/1484 1338/1460/1361 1453/1575/1476
f 1454/1576/1477 1453/1575/1476 1338/1460/1361
f 1338/1460/1361 1336/1458/1359 1454/1576/1477
f 1455/1577/1478 1454/1576/1477 1336/1458/1359
f 1336/1458/1359 1335/1457/1358 1455/1577/1478
f 1455/1577/1478 1335/1457/1358 1433/1555/1456
f 1403/1525/1426 1433/1555/1456 1335/1457/1358
f 1432/1554/1455 1433/1555/1456 1403/1525/1426
f 1403/1525/1426 1404/1526/1427 1432/1554/1455
f 1432/1554/1455 1404/1526/1427 1413/1535/1436
f 1462/1584/1485 1463/1585/1486 1464/1586/1487
f 1458/1580/1481 1464/1586/1487 1463/1585/1486
f 1463/1585/1486 1459/1581/1482 1458/1580/1481
f 1459/1581/1482 1463/1585/1486 1462/1584/1485
f 1462/1584/1485 1460/1582/1483 1459/1581/1482
f 1461/1583/1484 1460/1582/1483 1462/1584/1485
f 1338/1460/1361 1461/1583/1484 1331/1453/1354
f 1462/1584/1485 1331/1453/1354 1461/1583/1484
f 1331/1453/1354 1462/1584/1485 1329/1451/1352
f 1464/1586/1487 1329/1451/1352 1462/1584/1485
f 1329/1451/1352 1464/1586/1487 1328/1450/1351
f 1465/1587/1488 1328/1450/1351 1464/1586/1487
f 1328/1450/1351 1465/1587/1488 1327/1449/1350
f 1466/1588/1489 1327/1449/1350 1465/1587/1488
f 1327/1449/1350 1466/1588/1489 1467/1589/1490
f 1468/1590/1491 1467/1589/1490 1466/1588/1489
f 1467/1589/1490 1468/1590/1491 1469/1591/1492
f 1470/1592/1493 1469/1591/1492 1468/1590/1491
f 1469/1591/1492 1470/1592/1493 1471/1593/1494
f 1472/1594/1495 1471/1593/1494 1470/1592/1493
f 1471/1593/1494 1472/1594/1495 1473/1595/1496
f 1474/1596/1497 1473/1595/1496 1472/1594/1495
f 1473/1595/1496 1474/1596/1497 1475/1597/1498
f 1475/1597/1498 1474/1596/1497 1476/1598/1499
f 1477/1599/1500 1476/1598/1499 1474/1596/1497
f 1476/1598/1499 1477/1599/1500 1478/1600/1501
f 583/671/583 1478/1600/1501 1477/1599/1500
f 1478/1600/1501 583/671/583 595/683/595
f 1474/1596/1497 1479/1601/1502 1477/1599/1500
f 1472/1594/1495 1479/1601/1502 1474/1596/1497
f 1479/1601/1502 1472/1594/1495 1480/1602/1503
f 1470/1592/1493 1480/1602/1503 1472/1594/1495
f 1480/1602/1503 1470/1592/1493 1481/1603/1504
f 1468/1590/1491 1481/1603/1504 1470/1592/1493
f 1481/1603/1504 1468/1590/1491 1457/1579/1480
f 1466/1588/1489 1457/1579/1480 1468/1590/1491
f 1457/1579/1480 1466/1588/1489 1482/1604/1505
f 1482/1604/1505 1458/1580/1481 1457/1579/1480
f 1464/1586/1487 1458/1580/1481 1482/1604/1505
f 1482/1604/1505 1466/1588/1489 1464/1586/1487
f 1465/1587/1488 1464/1586/1487 1466/1588/1489
f 1477/1599/1500 584/672/584 583/671/583
f 584/672/584 1477/1599/1500 1483/1605/1506
f 1483/1605/1506 1477/1599/1500 1479/1601/1502
f 1479/1601/1502 1484/1606/1507 1483/1605/1506
f 1480/1602/1503 1484/1606/1507 1479/1601/1502
f 1484/1606/1507 1480/1602/1503 1485/1607/1508
f 1481/1603/1504 1485/1607/1508 1480/1602/1503
f 1481/1603/1504 1486/1608/1509 1485/1607/1508
f 1486/1608/1509 1481/1603/1504 1457/1579/1480
f 1457/1579/1480 1456/1578/1479 1486/1608/1509
f 1439/1561/1462 1437/1559/1460 1438/1560/1461
f 1437/1559/1460 1439/1561/1462 1436/1558/1459
f 1483/1605/1506 1314/1436/1337 584/672/584
f 1314/1436/1337 1483/1605/1506 1484/1606/1507
f 1484/1606/1507 1487/1609/1510 1314/1436/1337
f 1487/1609/1510 1484/1606/1507 1485/1607/1508
f 1485/1607/1508 1488/1610/1511 1487/1609/1510
f 1488/1610/1511 1485/1607/1508 1486/1608/1509
f 1486/1608/1509 1489/1611/1512 1488/1610/1511
f 1489/1611/1512 1486/1608/1509 1456/1578/1479
f 1456/1578/1479 1490/1612/1513 1489/1611/1512
f 1490/1612/1513 1456/1578/1479 1450/1572/1473
f 1450/1572/1473 1491/1613/1514 1490/1612/1513
f 1491/1613/1514 1450/1572/1473 1449/1571/1472
f 1449/1571/1472 1492/1614/1515 1491/1613/1514
f 1492/1614/1515 1449/1571/1472 1443/1565/1466
f 1443/1565/1466 1493/1615/1516 1492/1614/1515
f 1444/1566/1467 1493/1615/1516 1443/1565/1466
f 951/1054/955 1493/1615/1516 1444/1566/1467
f 1444/1566/1467 1439/1561/1462 951/1054/955
f 1488/1610/1511 1489/1611/1512 1490/1612/1513
f 952/1055/956 1493/1615/1516 951/1054/955
f 1493/1615/1516 952/1055/956 962/1065/966
f 962/1065/966 1492/1614/1515 1493/1615/1516
f 1492/1614/1515 962/1065/966 1494/1616/1517
f 1494/1616/1517 1491/1613/1514 1492/1614/1515
f 1491/1613/1514 1494/1616/1517 1495/1617/1518
f 1495/1617/1518 1490/1612/1513 1491/1613/1514
f 1496/1618/1519 1490/1612/1513 1495/1617/1518
f 1490/1612/1513 1496/1618/1519 1488/1610/1511
f 1488/1610/1511 1496/1618/1519 1497/1619/1520
f 1497/1619/1520 1487/1609/1510 1488/1610/1511
f 1487/1609/1510 1497/1619/1520 1498/1620/1521
f 1498/1620/1521 1314/1436/1337 1487/1609/1510
f 1314/1436/1337 1498/1620/1521 578/666/578
f 578/666/578 581/669/581 1314/1436/1337
f 581/669/581 578/666/578 577/665/577
f 578/666/578 1499/1621/1522 576/664/576
f 1499/1621/1522 578/666/578 1498/1620/1521
f 1498/1620/1521 1500/1622/1523 1499/1621/1522
f 1500/1622/1523 1498/1620/1521 1497/1619/1520
f 1497/1619/1520 1501/1623/1524 1500/1622/1523
f 1501/1623/1524 1497/1619/1520 1496/1618/1519
f 1496/1618/1519 1502/1624/1525 1501/1623/1524
f 1495/1617/1518 1502/1624/1525 1496/1618/1519
f 1503/1625/1526 1502/1624/1525 1495/1617/1518
f 1495/1617/1518 1494/1616/1517 1503/1625/1526
f 1503/1625/1526 1494/1616/1517 1504/1626/1527
f 1504/1626/1527 1494/1616/1517 962/1065/966
f 962/1065/966 1064/1168/1068 1504/1626/1527
f 1064/1168/1068 962/1065/966 963/1066/967
f 1504/1626/1527 1064/1168/1068 1063/1167/1067
f 1063/1167/1067 1505/1627/1528 1504/1626/1527
f 1504/1626/1527 1505/1627/1528 1503/1625/1526
f 1505/1627/1528 1063/1167/1067 1065/1169/1069
f 1058/1162/1062 1210/1324/1233 1057/1161/1061
f 1210/1324/1233 1506/1628/1529 1057/1161/1061
f 1056/1160/1060 1057/1161/1061 1506/1628/1529
f 1506/1628/1529 1068/1172/1072 1056/1160/1060
f 1068/1172/1072 1506/1628/1529 1507/1629/1530
f 1507/1629/1530 1065/1169/1069 1068/1172/1072
f 1065/1169/1069 1507/1629/1530 1505/1627/1528
f 1505/1627/1528 1507/1629/1530 1508/1630/1531
f 1508/1630/1531 1503/1625/1526 1505/1627/1528
f 1508/1630/1531 1509/1631/1532 1503/1625/1526
f 1502/1624/1525 1503/1625/1526 1509/1631/1532
f 1509/1631/1532 1510/1632/1533 1502/1624/1525
f 1501/1623/1524 1502/1624/1525 1510/1632/1533
f 1510/1632/1533 1511/1633/1534 1501/1623/1524
f 1500/1622/1523 1501/1623/1524 1511/1633/1534
f 1511/1633/1534 1499/1621/1522 1500/1622/1523
f 1499/1621/1522 1511/1633/1534 1512/1634/1535
f 1512/1634/1535 576/664/576 1499/1621/1522
f 576/664/576 1512/1634/1535 575/663/575
f 1506/1628/1529 1210/1324/1233 1513/1635/1536
f 1513/1635/1536 1507/1629/1530 1506/1628/1529
f 1507/1629/1530 1513/1635/1536 1514/1636/1537
f 1514/1636/1537 1508/1630/1531 1507/1629/1530
f 1508/1630/1531 1514/1636/1537 1515/1637/1538
f 1509/1631/1532 1508/1630/1531 1515/1637/1538
f 1516/1638/1539 1509/1631/1532 1515/1637/1538
f 1510/1632/1533 1509/1631/1532 1516/1638/1539
f 1517/1639/1540 1510/1632/1533 1516/1638/1539
f 1511/1633/1534 1510/1632/1533 1517/1639/1540
f 1517/1639/1540 1512/1634/1535 1511/1633/1534
f 1211/1325/1234 1513/1635/1536 1210/1324/1233
f 1513/1635/1536 1211/1325/1234 1518/1640/1541
f 1518/1640/1541 1514/1636/1537 1513/1635/1536
f 1514/1636/1537 1518/1640/1541 1519/1641/1542
f 1519/1641/1542 1515/1637/1538 1514/1636/1537
f 1520/1642/1543 1515/1637/1538 1519/1641/1542
f 1515/1637/1538 1520/1642/1543 1516/1638/1539
f 1520/1642/1543 1521/1643/1544 1516/1638/1539
f 1517/1639/1540 1516/1638/1539 1521/1643/1544
f 1521/1643/1544 1522/1644/1545 1517/1639/1540
f 1512/1634/1535 1517/1639/1540 1522/1644/1545
f 1522/1644/1545 570/658/570 1512/1634/1535
f 575/663/575 1512/1634/1535 570/658/570
f 570/658/570 1522/1644/1545 568/656/568
f 1523/1645/1546 568/656/568 1522/1644/1545
f 1522/1644/1545 1521/1643/1544 1523/1645/1546
f 1523/1645/1546 1521/1643/1544 1524/1646/1547
f 1524/1646/1547 1521/1643/1544 1520/1642/1543
f 1520/1642/1543 1525/1647/1548 1524/1646/1547
f 1525/1647/1548 1520/1642/1543 1526/1648/1549
f 1519/1641/1542 1526/1648/1549 1520/1642/1543
f 1526/1648/1549 1519/1641/1542 1518/1640/1541
f 1211/1325/1234 1209/1323/1232 1218/1332/1241
f 1218/1332/1241 1527/1649/1550 1211/1325/1234
f 1527/1649/1550 1518/1640/1541 1211/1325/1234
f 1518/1640/1541 1527/1649/1550 1526/1648/1549
f 1528/1650/1551 1526/1648/1549 1527/1649/1550
f 1526/1648/1549 1528/1650/1551 1525/1647/1548
f 1529/1651/1552 1525/1647/1548 1528/1650/1551
f 1529/1651/1552 1524/1646/1547 1525/1647/1548
f 1524/1646/1547 1529/1651/1552 1530/1652/1553
f 1530/1652/1553 1523/1645/1546 1524/1646/1547
f 1523/1645/1546 1530/1652/1553 1531/1653/1554
f 1531/1653/1554 568/656/568 1523/1645/1546
f 568/656/568 1531/1653/1554 567/655/567
f 567/655/567 566/654/566 568/656/568
f 1527/1649/1550 1218/1332/1241 1528/1650/1551
f 1217/1331/1240 1216/1330/1239 1532/1654/1555
f 1532/1654/1555 1218/1332/1241 1217/1331/1240
f 1218/1332/1241 1532/1654/1555 1533/1655/1556
f 1533/1655/1556 1528/1650/1551 1218/1332/1241
f 1533/1655/1556 1529/1651/1552 1528/1650/1551
f 562/650/562 1534/1656/1557 560/648/560
f 1534/1656/1557 562/650/562 567/655/567
f 567/655/567 1535/1657/1558 1534/1656/1557
f 1535/1657/1558 567/655/567 1531/1653/1554
f 1531/1653/1554 1536/1658/1559 1535/1657/1558
f 1536/1658/1559 1531/1653/1554 1530/1652/1553
f 1537/1659/1560 1536/1658/1559 1530/1652/1553
f 1537/1659/1560 1530/1652/1553 1529/1651/1552
f 1529/1651/1552 1222/1336/1245 1537/1659/1560
f 1222/1336/1245 1529/1651/1552 1533/1655/1556
f 1533/1655/1556 1223/1337/1246 1222/1336/1245
f 1223/1337/1246 1533/1655/1556 1532/1654/1555
f 1532/1654/1555 1225/1339/1248 1223/1337/1246
f 1225/1339/1248 1532/1654/1555 1216/1330/1239
f 1216/1330/1239 1226/1340/1249 1225/1339/1248
f 1215/1329/1238 1226/1340/1249 1216/1330/1239
f 1227/1341/1250 1226/1340/1249 1215/1329/1238
f 1537/1659/1560 1222/1336/1245 1221/1335/1244
f 1221/1335/1244 1536/1658/1559 1537/1659/1560
f 1536/1658/1559 1221/1335/1244 1538/1660/1561
f 1538/1660/1561 1535/1657/1558 1536/1658/1559
f 1535/1657/1558 1538/1660/1561 1539/1661/1562
f 1539/1661/1562 1534/1656/1557 1535/1657/1558
f 1534/1656/1557 1539/1661/1562 1540/1662/1563
f 1540/1662/1563 560/648/560 1534/1656/1557
f 560/648/560 1540/1662/1563 751/841/751
f 751/841/751 558/646/558 560/648/560
f 1220/1334/1243 1538/1660/1561 1221/1335/1244
f 1538/1660/1561 1220/1334/1243 1541/1663/1564
f 1249/1664/1272 1541/1663/1564 1220/1334/1243
f 1541/1663/1564 1249/1664/1272 752/842/752
f 752/842/752 1542/1665/1565 1541/1663/1564
f 1542/1665/1565 752/842/752 751/841/751
f 751/841/751 1540/1662/1563 1542/1665/1565
f 1542/1665/1565 1540/1662/1563 1539/1661/1562
f 1539/1661/1562 1541/1663/1564 1542/1665/1565
f 1541/1663/1564 1539/1661/1562 1538/1660/1561
f 755/845/755 752/842/752 1249/1664/1272
f 1543/1666/1566 753/843/753 1544/1667/1567
f 1545/1668/1568 1544/1667/1567 753/843/753
f 753/843/753 754/844/754 1545/1668/1568
f 1544/1667/1567 1545/1668/1568 1546/1669/1569
f 1547/1670/1570 1548/1671/1571 1549/1672/1572
f 1548/1671/1571 749/839/749 1550/1673/1573
f 1548/1671/1571 1547/1670/1570 749/839/749
f 1547/1670/1570 747/837/747 749/839/749
f 742/832/742 1550/1673/1573 749/839/749
f 1551/1674/1574 1550/1673/1573 742/832/742
f 1550/1673/1573 1551/1674/1574 1552/1675/1575
f 1553/1676/1576 1552/1675/1575 1551/1674/1574
f 1552/1675/1575 1553/1676/1576 1554/1677/1577
f 1555/1678/1578 1554/1677/1577 1553/1676/1576
f 1554/1677/1577 1555/1678/1578 1556/1679/1579
f 1556/1679/1579 1555/1678/1578 1557/1680/1580
f 1558/1681/1581 1557/1680/1580 1555/1678/1578
f 1557/1680/1580 1558/1681/1581 1559/1682/1582
f 1560/1683/1583 1559/1682/1582 1558/1681/1581
f 1559/1682/1582 1560/1683/1583 1543/1666/1566
f 737/827/737 1543/1666/1566 1560/1683/1583
f 753/843/753 1543/1666/1566 737/827/737
f 1553/1676/1576 739/829/739 1555/1678/1578
f 1551/1674/1574 739/829/739 1553/1676/1576
f 739/829/739 1551/1674/1574 741/831/741
f 742/832/742 741/831/741 1551/1674/1574
f 1560/1683/1583 738/828/738 737/827/737
f 738/828/738 1560/1683/1583 743/833/743
f 1558/1681/1581 743/833/743 1560/1683/1583
f 1555/1678/1578 743/833/743 1558/1681/1581
f 743/833/743 1555/1678/1578 740/830/740
f 740/830/740 1555/1678/1578 739/829/739
o hands.006
v 0.362258 0.969879 0.188586
v 0.364008 0.982757 0.183861
v 0.353390 0.969357 0.182376
v 0.355003 0.981869 0.177916
v 0.365160 0.987129 0.181581
v 0.356018 0.986277 0.175319
v 0.359718 1.005146 0.170511
v 0.359240 1.012859 0.164661
v 0.377790 1.015401 0.169999
v 0.366385 1.014114 0.169769
v 0.371068 1.006096 0.174151
v 0.378140 1.026781 0.166044
v 0.365495 1.025741 0.163271
v 0.375365 1.046791 0.154639
v 0.371978 0.984054 0.180004
v 0.370205 0.969819 0.183634
v 0.368168 0.963067 0.187296
v 0.361193 0.960677 0.193369
v 0.354583 0.957822 0.191974
v 0.350858 0.959302 0.186674
v 0.354118 0.962009 0.177754
v 0.355358 0.968427 0.174579
v 0.357493 0.981339 0.169261
v 0.357085 1.009781 0.156936
v 0.355455 1.023024 0.152651
v 0.360655 1.041284 0.149866
v 0.363950 1.055321 0.140549
v 0.376653 1.060109 0.143141
v 0.393280 1.062121 0.136441
v 0.393813 1.027316 0.160251
v 0.388558 1.015429 0.166949
v 0.381205 1.003814 0.169864
v 0.405680 0.899302 0.168361
v 0.406965 0.897937 0.161851
v 0.409113 0.903364 0.168834
v 0.394915 0.890679 0.168059
v 0.396275 0.889314 0.160819
v 0.410548 0.902062 0.162054
v 0.407178 0.899847 0.158156
v 0.418735 0.919087 0.156171
v 0.427000 0.960124 0.142876
v 0.424795 0.920284 0.143819
v 0.434273 0.957649 0.137661
v 0.426748 0.918922 0.136161
v 0.423958 0.914594 0.136911
v 0.422105 0.915594 0.144064
v 0.412505 0.901137 0.135589
v 0.410378 0.902594 0.143626
v 0.415675 0.918807 0.146274
v 0.418670 0.941199 0.145359
v 0.420475 0.956009 0.145066
v 0.431308 0.959864 0.150716
v 0.422248 0.942987 0.150014
v 0.423720 0.922467 0.160406
v 0.421320 0.918084 0.161504
v 0.392708 0.889619 0.157019
v 0.388550 0.882849 0.158929
v 0.385360 0.881384 0.163914
v 0.385630 0.885254 0.169076
v 0.389483 0.891552 0.170041
v 0.402523 0.902989 0.171381
v 0.418623 0.919342 0.168234
v 0.421355 0.923709 0.167984
v 0.429608 0.962194 0.160841
v 0.433798 0.971079 0.148386
v 0.435778 0.970117 0.136396
v 0.434460 0.955977 0.129309
v 0.427690 0.937912 0.128566
v 0.422320 0.917514 0.131971
v 0.431705 0.973627 0.157731
v 0.411685 0.923219 0.170121
v 0.416608 0.948944 0.166041
v 0.422753 0.962777 0.163276
v 0.424260 0.968262 0.165629
v 0.422523 0.984132 0.164071
v 0.428228 0.998049 0.141969
v 0.417670 0.962522 0.164516
v 0.404588 0.904364 0.145044
v 0.402480 0.905044 0.129961
v 0.408643 0.900904 0.132369
v 0.389778 0.895627 0.128874
v 0.395555 0.892052 0.133291
v 0.409350 0.898844 0.135491
v 0.394105 0.892929 0.140851
v 0.407448 0.900299 0.143439
v 0.421450 0.962629 0.168471
v 0.422925 0.967897 0.172069
v 0.418445 0.928907 0.181644
v 0.412668 0.926712 0.176729
v 0.406188 0.951062 0.168506
v 0.408330 0.963644 0.162984
v 0.419143 0.981072 0.175096
v 0.415418 1.005404 0.162599
v 0.421873 1.024186 0.124281
v 0.430685 0.990399 0.114029
v 0.433030 0.969394 0.119759
v 0.429090 0.958339 0.121876
v 0.419513 0.939119 0.127316
v 0.413578 0.917819 0.131019
v 0.389205 0.896079 0.143144
v 0.382298 0.887647 0.140639
v 0.381415 0.884389 0.135971
v 0.383715 0.886192 0.131116
v 0.410965 0.903117 0.121896
v 0.411205 0.902434 0.115751
v 0.418818 0.910222 0.120886
v 0.418915 0.909532 0.115866
v 0.420675 0.912274 0.120876
v 0.415903 0.913992 0.124221
v 0.406003 0.904614 0.124126
v 0.404898 0.896862 0.122764
v 0.404273 0.892767 0.119694
v 0.405068 0.896182 0.115904
v 0.399212 1.063894 0.084504
v 0.404385 1.069299 0.096406
v 0.411398 1.059106 0.098049
v 0.407438 1.057781 0.110171
v 0.395550 1.076004 0.116229
v 0.384490 1.078981 0.128549
v 0.368835 1.075064 0.135524
v 0.359180 1.064326 0.126901
v 0.420995 0.941794 0.122729
v 0.420688 0.928714 0.123501
v 0.427973 0.929462 0.119704
v 0.426585 0.925022 0.120181
v 0.408928 0.916989 0.117064
v 0.411663 0.914507 0.112846
v 0.405018 0.913174 0.117319
v 0.431743 0.956427 0.108196
v 0.428465 0.955572 0.104266
v 0.432318 0.967832 0.106249
v 0.426610 0.967134 0.100871
v 0.428390 0.983144 0.102269
v 0.417015 1.011839 0.094914
v 0.416868 0.912604 0.111676
v 0.406220 0.903369 0.112939
v 0.401200 0.905294 0.115391
v 0.400733 0.905724 0.120564
v 0.411133 0.915677 0.122179
v 0.410930 0.919252 0.116751
v 0.415945 0.929274 0.110951
v 0.422280 0.926742 0.110211
v 0.421025 0.911437 0.115746
v 0.426925 0.924569 0.114296
v 0.428320 0.928694 0.113574
v 0.424378 0.938672 0.107414
v 0.421485 0.954989 0.103429
v 0.414943 0.975917 0.097531
v 0.403255 1.008981 0.088984
v 0.409700 1.030081 0.092206
v 0.423888 1.015201 0.104949
v 0.412420 0.930004 0.116056
v 0.412218 0.932937 0.115679
v 0.415575 0.929237 0.122011
v 0.412465 0.937139 0.115306
v 0.415703 0.956367 0.105146
v 0.409033 1.053656 0.089809
v 0.413903 1.048239 0.101359
v 0.410495 1.045336 0.093891
v 0.402308 1.045111 0.088039
v 0.416378 0.930779 0.189371
v 0.413160 0.958802 0.184379
v 0.409908 0.929854 0.191486
v 0.417913 0.971217 0.178159
v 0.409088 0.974169 0.180944
v 0.406760 0.959027 0.184069
v 0.402738 0.932099 0.187574
v 0.397675 0.913242 0.190566
v 0.401378 0.973804 0.177399
v 0.398328 0.884909 0.188224
v 0.400533 0.887542 0.182724
v 0.404813 0.894819 0.185179
v 0.408553 0.907744 0.180446
v 0.409718 1.026281 0.149126
v 0.400363 0.897569 0.121709
v 0.400875 0.896892 0.116144
v 0.399920 1.010734 0.168254
v 0.405283 0.910327 0.192956
v 0.409788 0.910419 0.191336
v 0.414645 0.925947 0.190311
v 0.408018 0.906812 0.191651
v 0.399168 0.896849 0.193441
v 0.403403 0.895884 0.191499
v 0.409805 0.905639 0.184416
v 0.411718 0.909054 0.184051
v 0.417573 0.923872 0.182356
v 0.393235 0.897767 0.191749
v 0.396248 0.888742 0.193294
v 0.392533 1.004861 0.168114
v 0.392940 0.987342 0.170486
v 0.386143 0.998379 0.166924
v 0.392895 1.040866 0.085214
v 0.395260 1.024219 0.085636
v 0.388390 1.009369 0.092881
v 0.404415 0.977169 0.104199
v 0.414570 0.955199 0.113639
v 0.418128 0.954634 0.121899
v 0.380535 0.996437 0.164264
v 0.373690 0.980252 0.174736
v 0.369425 0.980792 0.168831
v 0.369065 0.977282 0.170319
v 0.370585 0.968709 0.176479
v 0.367155 0.959577 0.181009
v 0.361398 0.956414 0.188401
v 0.354918 0.955779 0.184226
v 0.360325 0.958919 0.176601
v 0.363020 0.968054 0.171394
v 0.363098 0.978852 0.166641
v 0.376638 0.998962 0.154261
v 0.381660 1.021839 0.092964
v 0.382168 1.036794 0.090384
v 0.373420 1.052724 0.084821
v 0.386363 1.056594 0.080734
v 0.361735 1.003101 0.151596
v 0.363523 1.038656 0.110251
v 0.361855 1.053636 0.099984
v 0.391723 0.889407 0.189901
v 0.355645 1.056386 0.116386
v 0.357590 1.030909 0.125209
v 0.371085 1.024601 0.112449
v 0.368360 1.012341 0.130046
v 0.379778 1.013899 0.116721
v 0.353918 1.043644 0.136084
v 0.353573 1.031989 0.140279
v 0.358115 1.016951 0.138356
v 0.381083 0.999022 0.145291
v 0.392548 0.998457 0.129869
v 0.397495 0.995297 0.109509
v 0.408035 0.966297 0.119674
v 0.396883 0.915539 0.182539
v 0.394598 0.911934 0.182954
v 0.400393 0.929019 0.180219
v 0.413680 0.955499 0.124316
v 0.391335 0.985879 0.160586
v 0.397158 0.971099 0.172341
v 0.402315 0.956434 0.179319
v 0.400870 0.933472 0.179486
v 0.406425 0.929027 0.175506
v 0.400448 0.911584 0.177476
v 0.391608 0.904664 0.183819
v 0.390693 0.896574 0.184636
v 0.393943 0.888237 0.182531
v 0.395898 0.895402 0.179249
v 0.412428 0.940562 0.132866
v 0.408548 0.923442 0.135229
v 0.407203 0.918822 0.135929
v 0.380340 0.890437 0.132131
v 0.379395 0.891284 0.137476
v 0.385855 0.899172 0.130749
v 0.384795 0.900467 0.138481
v 0.392065 0.906939 0.134651
v 0.400400 0.953547 0.173959
v 0.398848 0.968182 0.168841
v 0.400010 0.967402 0.153216
v 0.404820 0.963567 0.136126
v 0.409793 0.955394 0.134389
v 0.412900 0.941127 0.141661
v 0.408893 0.920612 0.143064
v 0.399643 0.910772 0.135404
v 0.396628 0.909502 0.134744
v 0.400183 0.907697 0.143329
v 0.412063 0.955114 0.143521
v 0.411950 0.942657 0.148931
v 0.409708 0.955794 0.149546
v 0.407085 0.944234 0.155114
v 0.407600 0.958607 0.155051
v 0.407358 0.946037 0.162869
v 0.409240 0.962119 0.160739
v 0.403290 0.966354 0.163604
v 0.382920 0.886667 0.159406
v 0.405373 0.926822 0.158749
v 0.408160 0.921454 0.154666
v 0.398215 0.903189 0.156589
v 0.384588 0.894392 0.157904
v 0.381588 0.887879 0.165491
v 0.383178 0.895597 0.165319
v 0.395575 0.905372 0.168219
v 0.388540 0.903099 0.160729
v 0.392953 0.907049 0.160764
v 0.405363 0.924167 0.166426
v 0.402900 0.921639 0.159416
v 0.395473 0.909167 0.160836
v -0.050402 1.546627 0.092201
v -0.038875 1.515951 0.116699
v -0.044777 1.550136 0.109254
v -0.068827 1.590054 0.107946
v -0.058137 1.567861 0.074764
v 0.037348 1.515949 0.116699
v 0.044375 1.550002 0.109396
v 0.043393 1.550081 0.107566
v 0.036643 1.515419 0.115096
v 0.043250 1.522259 0.098169
v 0.044375 1.508529 0.113971
v 0.070113 1.608054 0.081889
v 0.048875 1.546627 0.092201
v 0.056613 1.567861 0.074764
v 0.067298 1.590054 0.107946
v -0.028465 1.660556 0.066034
v -0.018762 1.664269 0.066846
v -0.031982 1.638182 0.061564
v -0.028465 1.658077 0.077884
v -0.018762 1.661789 0.078699
v -0.008637 1.661644 0.066316
v -0.017920 1.622722 0.058441
v 0.008098 1.661199 0.066346
v -0.000482 1.654187 0.064824
v -0.000482 1.651844 0.076711
v 0.015688 1.622004 0.058401
v -0.001187 1.610292 0.055959
v -0.008637 1.659167 0.078166
v 0.008098 1.658859 0.078231
v 0.018223 1.661071 0.078659
v 0.018223 1.663552 0.066806
v 0.030455 1.636987 0.061691
v 0.033125 1.649042 0.063931
v 0.027785 1.659397 0.066026
v -0.045902 1.508529 0.113971
v -0.044920 1.522259 0.098169
v -0.038170 1.515419 0.115096
v -0.043937 1.550359 0.107416
v -0.089057 0.027802 -0.052349
v -0.074150 0.027772 -0.058424
v -0.094825 0.027884 -0.009151
v -0.058400 0.027827 -0.050656
v -0.054182 0.027867 -0.008749
v -0.043212 0.073337 -0.003856
v -0.108182 0.073309 -0.003261
v -0.121400 0.028969 0.074506
v -0.026900 0.028999 0.080579
v -0.020150 0.029027 0.128966
v -0.119575 0.028992 0.158234
v -0.063040 0.029004 0.205294
v -0.036602 0.028969 0.192884
v -0.091307 0.028934 0.200489
v -0.121825 0.152582 0.000236
v -0.122525 0.103995 -0.003896
v -0.121962 0.142500 0.032539
v -0.117027 0.187935 0.009349
v -0.096190 0.192309 0.041841
v -0.092012 0.037607 0.200459
v -0.123370 0.055614 0.157316
v -0.121400 0.037089 0.158149
v -0.093275 0.051952 0.197536
v -0.063602 0.038737 0.205644
v -0.064870 0.053782 0.203269
v -0.035200 0.038287 0.193981
v -0.035337 0.052014 0.192779
v -0.020150 0.036602 0.130336
v -0.019307 0.057279 0.132669
v -0.017762 0.055004 0.091284
v -0.020995 0.090219 0.093931
v -0.024932 0.094024 0.050604
v -0.026200 0.119872 0.062596
v -0.024790 0.148852 0.001366
v -0.033105 0.185237 0.012896
v -0.050102 0.148999 0.076921
v -0.057595 0.190564 0.043714
v -0.102837 0.145715 0.070206
v -0.124495 0.111134 0.057631
v -0.132227 0.082607 0.058959
v -0.113950 0.080834 -0.002331
v -0.129977 0.055459 0.067416
v -0.124212 0.039604 0.072589
v -0.134900 0.047779 0.106094
v -0.128150 0.038117 0.115321
v -0.137712 0.071282 0.096779
v -0.114650 0.082184 0.132781
v -0.113387 0.109967 0.095304
v -0.082307 0.115142 0.106581
v -0.040400 0.082569 0.137551
v -0.045602 0.064097 0.181574
v -0.098477 0.063274 0.180531
v -0.029995 0.093074 -0.002289
v -0.037587 0.061729 0.044901
v -0.022682 0.035977 0.084869
v -0.041245 0.081862 -0.003081
v -0.186772 1.627356 -0.054094
v -0.149852 1.610869 -0.071129
v -0.160445 1.585889 -0.087539
v -0.162300 1.637136 -0.036271
v -0.170187 1.641637 -0.014241
v -0.139392 1.635269 -0.014709
v -0.142477 1.628277 -0.045531
v -0.231075 1.520694 0.035911
v -0.193450 1.505819 0.053459
v -0.182025 1.533854 0.067046
v -0.231172 1.553404 0.045026
v -0.247475 1.525254 -0.006739
v -0.252482 1.559542 -0.008281
v -0.232985 1.516902 -0.049424
v -0.233480 1.548679 -0.061544
v -0.196075 1.500354 -0.067159
v -0.185340 1.527027 -0.083796
v -0.158500 1.485349 -0.049601
v -0.136195 1.507476 -0.061776
v -0.142102 1.480791 -0.006949
v -0.114755 1.501284 -0.008466
v -0.156592 1.489142 0.035739
v -0.133832 1.512329 0.044779
v -0.117062 1.540682 0.047526
v -0.169220 1.564132 0.071659
v -0.108990 1.571059 0.041051
v -0.157262 1.592767 0.063301
v -0.110460 1.599571 0.027259
v -0.147382 1.616059 0.044291
v -0.121170 1.622137 0.007776
v -0.141125 1.631039 0.016894
v -0.161347 1.639099 0.007876
v -0.201237 1.635676 -0.013244
v -0.208637 1.607412 -0.065276
v -0.172825 1.556712 -0.091549
v -0.119532 1.535494 -0.067891
v -0.096380 1.528884 -0.010054
v -0.089992 1.560187 -0.012351
v -0.095865 1.591202 -0.013594
v -0.113285 1.617627 -0.014391
v -0.122122 1.620177 -0.036366
v -0.112235 1.595934 -0.054284
v -0.111300 1.566339 -0.065519
v -0.224980 1.580147 -0.067559
v -0.222382 1.585287 0.047866
v -0.206275 1.612279 0.041424
v -0.184997 1.630996 0.027446
v -0.227585 1.618407 -0.012024
v -0.245532 1.591904 -0.009834
v 0.094853 1.528884 -0.010054
v 0.118005 1.535491 -0.067891
v 0.134668 1.507476 -0.061776
v 0.113228 1.501284 -0.008466
v 0.115535 1.540682 0.047529
v 0.132305 1.512329 0.044779
v 0.167693 1.564129 0.071659
v 0.180498 1.533852 0.067046
v 0.220855 1.585287 0.047866
v 0.229645 1.553404 0.045026
v 0.244005 1.591904 -0.009834
v 0.250955 1.559542 -0.008281
v 0.223323 1.580094 -0.067556
v 0.231953 1.548679 -0.061544
v 0.171295 1.556709 -0.091549
v 0.183813 1.527027 -0.083796
v 0.088335 1.560131 -0.012349
v 0.109773 1.566337 -0.065519
v 0.107463 1.571059 0.041051
v 0.155603 1.592714 0.063304
v 0.204748 1.612276 0.041424
v 0.226058 1.618404 -0.012024
v 0.207110 1.607412 -0.065274
v 0.158918 1.585887 -0.087539
v 0.194548 1.500351 -0.067159
v 0.156973 1.485349 -0.049601
v 0.140573 1.480789 -0.006949
v 0.155063 1.489139 0.035739
v 0.191923 1.505816 0.053459
v 0.229548 1.520694 0.035911
v 0.245948 1.525251 -0.006739
v 0.231458 1.516902 -0.049424
v 0.183470 1.630996 0.027446
v 0.199710 1.635676 -0.013244
v 0.185115 1.627304 -0.054091
v 0.148323 1.610869 -0.071129
v 0.110708 1.595932 -0.054284
v 0.094340 1.591202 -0.013594
v 0.108935 1.599569 0.027259
v 0.145855 1.616056 0.044291
v 0.159820 1.639097 0.007876
v 0.168660 1.641634 -0.014241
v 0.137865 1.635269 -0.014709
v 0.160770 1.637136 -0.036271
v 0.140950 1.628274 -0.045531
v 0.120595 1.620174 -0.036366
v 0.111758 1.617627 -0.014391
v 0.119643 1.622134 0.007776
v 0.139598 1.631037 0.016894
v -0.034232 1.650476 0.064011
v -0.034232 1.647997 0.075861
v -0.032125 1.635804 0.073586
v -0.017920 1.620242 0.070294
v -0.001325 1.607947 0.067844
v 0.015688 1.619661 0.070289
v 0.030455 1.634506 0.073541
v 0.027785 1.657051 0.077911
v 0.033125 1.646701 0.075819
v 0.060830 1.098174 0.135666
v 0.069688 1.121841 0.135454
v 0.069688 1.121887 0.159674
v 0.044658 1.155352 0.135454
v 0.023845 1.153809 0.135376
v 0.023845 1.153847 0.159736
v 0.004720 1.142301 0.159716
v -0.010327 1.053594 0.159751
v -0.039295 1.083869 0.159729
v -0.039295 1.083829 0.135369
v -0.062640 1.119439 0.135611
v -0.028327 1.167889 0.135379
v -0.048717 1.163239 0.135426
v -0.048717 1.163287 0.159649
v -0.063202 1.144649 0.135476
v -0.062640 1.119339 0.159969
v -0.009202 1.159619 0.159744
v 0.004720 1.142262 0.135356
v 0.027080 1.072421 0.135356
v 0.060830 1.098219 0.159889
v 0.062375 1.144136 0.159669
v 0.062375 1.144229 0.135456
v 0.044658 1.155259 0.159666
v 0.027080 1.072464 0.159716
v -0.010327 1.053554 0.135391
v -0.009202 1.159579 0.135381
v -0.028327 1.167927 0.159741
v -0.063202 1.144697 0.159699
v -0.092852 0.116962 -0.069914
v -0.112682 0.098022 -0.037704
v -0.113665 0.127827 -0.040966
v -0.037572 0.404972 0.024489
v -0.032322 0.222542 0.012481
v -0.030050 0.221727 -0.027551
v -0.031065 0.187657 -0.028949
v -0.057330 0.226347 -0.058604
v -0.058182 0.191449 -0.056141
v -0.057275 0.158880 -0.063486
v -0.033512 0.139494 -0.048216
v -0.054602 0.117947 -0.069671
v -0.034775 0.106057 -0.041629
v -0.052212 0.091014 -0.063891
v -0.060622 0.223382 0.040121
v -0.096792 0.223880 0.038489
v -0.119240 0.226725 0.006881
v -0.113877 0.226117 -0.031001
v -0.149357 0.413014 -0.018386
v -0.141020 0.421744 -0.055391
v -0.146920 0.486702 -0.052726
v -0.117397 0.497457 -0.076749
v -0.142825 0.566577 -0.065181
v -0.095965 0.550944 -0.072971
v -0.071052 0.495350 -0.079786
v -0.109640 0.436409 -0.081564
v -0.064512 0.437582 -0.076891
v -0.090097 0.225984 -0.059519
v -0.088107 0.190034 -0.057079
v -0.090462 0.158672 -0.063294
v -0.111700 0.154820 -0.036889
v -0.094540 0.089424 -0.063961
v -0.110677 0.187259 -0.026844
v -0.156422 0.469412 -0.009684
v -0.143095 0.405334 0.021121
v -0.109515 0.396860 0.045496
v -0.067602 0.397247 0.050074
v -0.044792 0.567312 -0.065039
v -0.040720 0.492212 -0.059614
v -0.032537 0.431095 -0.051801
v -0.025282 0.418167 -0.014174
v -0.020037 0.527284 0.039134
v -0.063162 0.484797 0.055746
v -0.088910 0.439704 0.052034
v -0.114055 0.483644 0.050811
v -0.160382 0.525332 0.032171
v -0.178802 0.545137 -0.001034
v -0.173420 0.558859 -0.037746
v -0.000057 0.547224 0.003526
v -0.004910 0.559797 -0.037144
v 0.067863 1.609289 0.080864
v 0.060688 1.590436 0.055169
v 0.064625 1.590072 0.108509
v 0.068705 1.619222 0.061966
v 0.070955 1.633384 0.034769
v 0.072785 1.616501 0.026176
v 0.073063 1.648541 0.003459
v 0.078688 1.629384 0.002819
v 0.072223 1.648104 -0.022836
v 0.078268 1.635819 -0.024121
v 0.055768 1.634894 -0.052374
v 0.124250 1.626799 0.125879
v 0.110188 1.651809 0.081864
v 0.100063 1.670327 0.041439
v 0.092188 1.682487 0.004599
v 0.084455 1.689006 -0.024036
v 0.067438 1.694096 -0.053329
v 0.037768 1.696561 -0.068321
v 0.029330 1.635734 -0.061124
v -0.000762 1.697029 -0.079876
v -0.000762 1.636457 -0.069166
v -0.030857 1.635734 -0.061124
v -0.039295 1.696561 -0.068321
v -0.057295 1.634894 -0.052374
v -0.068965 1.694096 -0.053329
v -0.073750 1.648104 -0.022836
v -0.079795 1.635819 -0.024121
v -0.074590 1.648541 0.003459
v -0.080215 1.629459 0.005069
v -0.072482 1.633384 0.034769
v -0.103562 1.668917 0.041344
v -0.114250 1.651812 0.081864
v -0.115937 1.650152 0.082761
v -0.125777 1.633134 0.125951
v -0.127750 1.630914 0.126869
v -0.066152 1.590072 0.108509
v -0.093715 1.682487 0.004599
v -0.085982 1.689006 -0.024036
v 0.112723 1.648887 0.082804
v 0.124250 1.623271 0.125571
v -0.062357 1.590436 0.055169
v -0.069527 1.609289 0.080864
v -0.070232 1.618797 0.061839
v -0.074450 1.616504 0.026176
v -0.082292 0.414434 -0.019164
v -0.079652 1.453819 0.163486
v -0.064045 1.434774 0.169049
v -0.059965 1.455679 0.167759
v -0.086825 1.470074 0.153069
v -0.065450 1.477451 0.154329
v -0.086965 1.485127 0.141716
v -0.075152 1.498531 0.132536
v -0.050262 1.507131 0.124951
v -0.037887 1.493487 0.141911
v -0.000762 1.456209 0.169361
v -0.032965 1.428319 0.172816
v -0.043795 1.417749 0.166836
v -0.000765 1.391616 0.159041
v 0.063925 1.477451 0.154329
v 0.085438 1.485127 0.141716
v 0.073625 1.498531 0.132536
v 0.036223 1.493487 0.141911
v -0.000762 1.480254 0.153846
v -0.023262 1.501742 0.128811
v -0.023262 1.488147 0.101166
v -0.050262 1.493614 0.101134
v -0.075152 1.484937 0.104894
v -0.086965 1.471479 0.117941
v -0.086825 1.459497 0.127831
v -0.079652 1.445334 0.137854
v -0.064045 1.429232 0.139334
v -0.043795 1.413052 0.136541
v -0.000765 1.388656 0.128176
v 0.042268 1.417749 0.166836
v 0.042268 1.413052 0.136541
v 0.062518 1.434774 0.169049
v 0.062518 1.429232 0.139334
v 0.078125 1.453819 0.163486
v 0.078125 1.446004 0.137189
v 0.085300 1.470072 0.153069
v 0.085300 1.459497 0.127831
v 0.085438 1.471479 0.117941
v 0.073628 1.484937 0.104894
v 0.048598 1.507129 0.124951
v 0.048598 1.493614 0.101134
v 0.021598 1.501742 0.128811
v 0.021598 1.488186 0.103521
v -0.000762 1.488909 0.141056
v -0.000762 1.475219 0.115814
v 0.058438 1.455679 0.167759
v 0.031438 1.428319 0.172816
v -0.000762 1.408497 0.167974
v 0.069550 1.597364 0.056209
v 0.072080 1.618944 0.062116
v 0.076863 1.617062 0.030379
v 0.072785 1.632751 0.036901
v 0.077143 1.647944 0.006714
v 0.076438 1.651657 -0.021686
v 0.063785 1.653924 -0.051309
v -0.000762 1.633277 -0.080319
v -0.065450 1.653924 -0.051309
v -0.077965 1.651657 -0.021686
v -0.078670 1.647899 0.005311
v -0.074312 1.632691 0.035074
v -0.073607 1.618944 0.062116
v -0.071637 1.608054 0.081889
v 0.064625 1.634049 -0.056706
v 0.082205 1.636151 -0.022586
v 0.080660 1.627339 0.009076
v -0.071215 1.597364 0.056209
v -0.078387 1.617062 0.030379
v -0.082187 1.627842 0.007234
v -0.083732 1.636151 -0.022586
v -0.066152 1.634049 -0.056706
v 0.094430 0.550944 -0.072971
v 0.080758 0.414434 -0.019164
v 0.141290 0.566577 -0.065181
v 0.171885 0.558859 -0.037746
v 0.177268 0.545137 -0.001034
v 0.158848 0.525332 0.032171
v 0.112520 0.483644 0.050811
v 0.087375 0.439704 0.052034
v 0.061628 0.484797 0.055746
v 0.018503 0.527284 0.039134
v -0.001477 0.547224 0.003526
v 0.003375 0.559797 -0.037144
v 0.043258 0.567312 -0.065039
v 0.087523 0.027799 -0.052349
v 0.072615 0.027772 -0.058424
v 0.093005 0.089424 -0.063961
v 0.050678 0.091014 -0.063891
v 0.056865 0.027827 -0.050656
v 0.041678 0.073337 -0.003856
v 0.039710 0.081862 -0.003081
v 0.036053 0.061729 0.044901
v 0.025365 0.028999 0.080581
v 0.021148 0.035974 0.084869
v 0.018615 0.036604 0.130336
v 0.018615 0.029027 0.128966
v 0.033665 0.038287 0.193981
v 0.035068 0.028969 0.192884
v 0.062068 0.038737 0.205644
v 0.061505 0.029004 0.205294
v 0.090478 0.037607 0.200459
v 0.089773 0.028934 0.200489
v 0.119865 0.037089 0.158149
v 0.118040 0.028992 0.158234
v 0.126615 0.038117 0.115324
v 0.119865 0.028969 0.074506
v 0.122678 0.039604 0.072589
v 0.106648 0.073309 -0.003261
v 0.112415 0.080834 -0.002331
v 0.093290 0.027884 -0.009149
v 0.052648 0.027867 -0.008749
v 0.113115 0.082184 0.132784
v 0.136178 0.071282 0.096779
v 0.111853 0.109967 0.095304
v 0.080773 0.115142 0.106581
v 0.038865 0.082569 0.137551
v 0.091740 0.051952 0.197536
v 0.121835 0.055614 0.157319
v 0.096943 0.063274 0.180531
v 0.063335 0.053782 0.203269
v 0.044068 0.064097 0.181574
v 0.033803 0.052014 0.192779
v 0.017773 0.057279 0.132669
v 0.133365 0.047779 0.106094
v 0.128443 0.055459 0.067416
v 0.130693 0.082607 0.058959
v 0.122960 0.111134 0.057631
v 0.101303 0.145714 0.070206
v 0.048568 0.148999 0.076921
v 0.019460 0.090219 0.093931
v 0.120990 0.103994 -0.003896
v 0.120290 0.152582 0.000239
v 0.120428 0.142499 0.032541
v 0.115493 0.187934 0.009349
v 0.094655 0.192309 0.041841
v 0.016228 0.055004 0.091284
v 0.024665 0.119872 0.062596
v 0.028460 0.093074 -0.002289
v 0.023398 0.094024 0.050604
v 0.056060 0.190564 0.043714
v 0.031570 0.185237 0.012896
v 0.023255 0.148852 0.001366
v 0.088563 0.225984 -0.059519
v 0.109143 0.187259 -0.026844
v 0.086573 0.190034 -0.057076
v 0.088928 0.158672 -0.063294
v 0.110165 0.154819 -0.036889
v 0.115863 0.497457 -0.076746
v 0.139485 0.421744 -0.055391
v 0.108105 0.436409 -0.081564
v 0.112343 0.226117 -0.031001
v 0.111148 0.098022 -0.037704
v 0.091318 0.116962 -0.069914
v 0.112130 0.127827 -0.040966
v 0.053068 0.117947 -0.069671
v 0.055740 0.158879 -0.063486
v 0.056648 0.191449 -0.056141
v 0.055795 0.226347 -0.058601
v 0.062978 0.437582 -0.076891
v 0.069518 0.495349 -0.079784
v 0.145385 0.486702 -0.052726
v 0.147823 0.413014 -0.018386
v 0.117705 0.226724 0.006884
v 0.095258 0.223879 0.038489
v 0.059088 0.223382 0.040121
v 0.030788 0.222542 0.012481
v 0.029530 0.187657 -0.028949
v 0.031978 0.139494 -0.048214
v 0.033240 0.106057 -0.041629
v 0.028515 0.221727 -0.027549
v 0.036038 0.404972 0.024489
v 0.066068 0.397247 0.050074
v 0.141560 0.405334 0.021121
v 0.154888 0.469412 -0.009684
v 0.107980 0.396859 0.045496
v 0.031003 0.431097 -0.051801
v 0.023748 0.418167 -0.014174
v 0.039185 0.492212 -0.059614
v -0.408495 0.897939 0.161851
v -0.407210 0.899304 0.168361
v -0.410645 0.903367 0.168834
v -0.396445 0.890682 0.168059
v -0.397805 0.889317 0.160819
v -0.419200 0.962524 0.164516
v -0.409860 0.963647 0.162984
v -0.422980 0.962632 0.168471
v -0.407717 0.951064 0.168506
v -0.414197 0.926714 0.176729
v -0.419975 0.928909 0.181644
v -0.424455 0.967897 0.172069
v -0.425790 0.968264 0.165629
v -0.424330 0.962654 0.163319
v -0.418137 0.948944 0.166041
v -0.422885 0.923712 0.167984
v -0.413215 0.923222 0.170121
v -0.420152 0.919344 0.168234
v -0.404052 0.902992 0.171381
v -0.391012 0.891554 0.170041
v -0.387160 0.885257 0.169076
v -0.386890 0.881387 0.163914
v -0.390080 0.882852 0.158929
v -0.394237 0.889622 0.157019
v -0.408707 0.899849 0.158156
v -0.412077 0.902062 0.162054
v -0.422847 0.918087 0.161504
v -0.421042 0.939122 0.127316
v -0.415107 0.917822 0.131019
v -0.423850 0.917517 0.131971
v -0.404010 0.905047 0.129961
v -0.410172 0.900907 0.132369
v -0.391307 0.895629 0.128874
v -0.397085 0.892054 0.133291
v -0.385245 0.886194 0.131116
v -0.382945 0.884392 0.135971
v -0.395635 0.892932 0.140851
v -0.410880 0.898847 0.135491
v -0.408977 0.900302 0.143439
v -0.411907 0.902597 0.143626
v -0.414035 0.901139 0.135589
v -0.425485 0.914597 0.136911
v -0.423635 0.915597 0.144064
v -0.422005 0.956009 0.145066
v -0.423777 0.942989 0.150014
v -0.432837 0.959867 0.150716
v -0.428530 0.960127 0.142876
v -0.420197 0.941202 0.145359
v -0.426325 0.920289 0.143819
v -0.417205 0.918809 0.146274
v -0.416947 1.005406 0.162599
v -0.420672 0.981074 0.175096
v -0.401450 1.010736 0.168254
v -0.424052 0.984132 0.164071
v -0.429757 0.998049 0.141969
v -0.433235 0.973629 0.157731
v -0.431137 0.962197 0.160841
v -0.425250 0.922469 0.160406
v -0.420265 0.919089 0.156171
v -0.435327 0.971082 0.148386
v -0.437430 0.970177 0.136424
v -0.435802 0.957652 0.137661
v -0.428277 0.918924 0.136161
v -0.435992 0.955979 0.129309
v -0.429220 0.937914 0.128566
v -0.408290 0.959029 0.184069
v -0.402907 0.973807 0.177399
v -0.410617 0.974172 0.180944
v -0.414690 0.958804 0.184379
v -0.399207 0.913244 0.190566
v -0.404267 0.932102 0.187574
v -0.411437 0.929857 0.191486
v -0.417907 0.930782 0.189371
v -0.419442 0.971219 0.178159
v -0.410082 0.907747 0.180446
v -0.402062 0.887544 0.182724
v -0.406342 0.894822 0.185179
v -0.399857 0.884912 0.188224
v -0.411317 0.910422 0.191336
v -0.406812 0.910327 0.192956
v -0.416175 0.925949 0.190311
v -0.409547 0.906814 0.191651
v -0.400697 0.896852 0.193441
v -0.404935 0.895887 0.191501
v -0.411335 0.905642 0.184416
v -0.413247 0.909057 0.184051
v -0.419102 0.923874 0.182356
v -0.394765 0.897769 0.191749
v -0.397777 0.888744 0.193294
v -0.394062 1.004864 0.168114
v -0.394470 0.987344 0.170486
v -0.387672 0.998382 0.166924
v -0.382735 1.003817 0.169864
v -0.390087 1.015431 0.166949
v -0.395342 1.027319 0.160251
v -0.411247 1.026284 0.149126
v -0.423402 1.024189 0.124281
v -0.432215 0.990402 0.114029
v -0.434560 0.969397 0.119759
v -0.430620 0.958342 0.121876
v -0.406117 0.904367 0.145044
v -0.390737 0.896082 0.143141
v -0.383827 0.887649 0.140639
v -0.429850 0.928697 0.113574
v -0.425907 0.938674 0.107414
v -0.423812 0.926744 0.110211
v -0.428455 0.924572 0.114296
v -0.422557 0.911442 0.115746
v -0.415210 0.955502 0.124316
v -0.419657 0.954637 0.121899
v -0.416100 0.955199 0.113639
v -0.413995 0.937142 0.115306
v -0.417232 0.956367 0.105146
v -0.417477 0.929277 0.110951
v -0.418400 0.912607 0.111676
v -0.420445 0.909534 0.115866
v -0.422205 0.912277 0.120876
v -0.428115 0.925024 0.120181
v -0.429502 0.929464 0.119704
v -0.433272 0.956429 0.108196
v -0.429995 0.955574 0.104264
v -0.423015 0.954992 0.103429
v -0.413747 0.932942 0.115679
v -0.406547 0.913177 0.117319
v -0.413192 0.914509 0.112846
v -0.410457 0.916992 0.117064
v -0.417100 0.929099 0.122029
v -0.413950 0.930007 0.116056
v -0.412585 0.919192 0.116766
v -0.412662 0.915679 0.122179
v -0.402262 0.905727 0.120564
v -0.402730 0.905297 0.115391
v -0.407750 0.903374 0.112939
v -0.422525 0.941797 0.122729
v -0.422217 0.928717 0.123501
v -0.402405 0.896894 0.116144
v -0.401892 0.897572 0.121709
v -0.405802 0.892769 0.119694
v -0.406427 0.896864 0.122764
v -0.407532 0.904619 0.124126
v -0.412495 0.903119 0.121896
v -0.420347 0.910224 0.120884
v -0.412735 0.902439 0.115751
v -0.417432 0.913994 0.124221
v -0.406597 0.896184 0.115904
v -0.433847 0.967834 0.106246
v -0.428137 0.967137 0.100871
v -0.416472 0.975919 0.097531
v -0.405945 0.977172 0.104199
v -0.409565 0.966299 0.119674
v -0.406350 0.963569 0.136126
v -0.411322 0.955397 0.134389
v -0.413957 0.940564 0.132866
v -0.398157 0.909504 0.134744
v -0.393595 0.906942 0.134651
v -0.401272 0.910684 0.135441
v -0.401712 0.907699 0.143329
v -0.386325 0.900469 0.138481
v -0.387385 0.899174 0.130749
v -0.409690 0.921457 0.154666
v -0.413480 0.942659 0.148931
v -0.413592 0.955117 0.143521
v -0.414567 0.941119 0.141696
v -0.410422 0.920614 0.143064
v -0.410077 0.923444 0.135229
v -0.408732 0.918824 0.135929
v -0.380925 0.891287 0.137479
v -0.381870 0.890437 0.132131
v -0.411237 0.955797 0.149546
v -0.408615 0.944237 0.155114
v -0.406902 0.926824 0.158749
v -0.404430 0.921642 0.159416
v -0.355447 1.043646 0.136084
v -0.355102 1.031989 0.140279
v -0.359120 1.030911 0.125209
v -0.363385 1.053639 0.099986
v -0.357175 1.056389 0.116389
v -0.365052 1.038659 0.110251
v -0.360710 1.064329 0.126901
v -0.365480 1.055324 0.140549
v -0.362185 1.041286 0.149866
v -0.357110 1.023084 0.152681
v -0.359642 1.016951 0.138356
v -0.369890 1.012344 0.130046
v -0.372615 1.024604 0.112449
v -0.370955 0.980794 0.168831
v -0.364627 0.978854 0.166641
v -0.370595 0.977284 0.170319
v -0.378167 0.998964 0.154261
v -0.363265 1.003104 0.151596
v -0.382612 0.999024 0.145291
v -0.374950 1.052726 0.084821
v -0.383697 1.036796 0.090384
v -0.383190 1.021841 0.092964
v -0.381307 1.013902 0.116721
v -0.358615 1.009781 0.156936
v -0.359022 0.981342 0.169261
v -0.364550 0.968054 0.171394
v -0.372115 0.968712 0.176479
v -0.375220 0.980254 0.174736
v -0.382065 0.996439 0.164264
v -0.356887 0.968429 0.174579
v -0.355645 0.962012 0.177754
v -0.369697 0.963069 0.187296
v -0.371735 0.969822 0.183634
v -0.368685 0.959579 0.181009
v -0.362927 0.956414 0.188401
v -0.356447 0.955782 0.184226
v -0.361855 0.958922 0.176601
v -0.404782 1.008984 0.088984
v -0.396832 1.024191 0.085504
v -0.389920 1.009371 0.092881
v -0.411230 1.030084 0.092206
v -0.394425 1.040869 0.085214
v -0.403837 1.045114 0.088039
v -0.412025 1.045339 0.093891
v -0.415432 1.048241 0.101359
v -0.410562 1.053659 0.089809
v -0.400742 1.063896 0.084504
v -0.387892 1.056596 0.080736
v -0.399025 0.995299 0.109509
v -0.394077 0.998459 0.129869
v -0.392907 0.985854 0.160459
v -0.373507 0.984057 0.180006
v -0.352465 0.959259 0.186564
v -0.356112 0.957824 0.191974
v -0.362722 0.960679 0.193369
v -0.408967 1.057784 0.110171
v -0.412927 1.059109 0.098049
v -0.405915 1.069302 0.096406
v -0.397077 1.076006 0.116229
v -0.394810 1.062124 0.136441
v -0.386017 1.078984 0.128549
v -0.378182 1.060111 0.143141
v -0.376895 1.046794 0.154639
v -0.418545 1.011841 0.094914
v -0.429920 0.983144 0.102269
v -0.354920 0.969359 0.182376
v -0.356602 0.981804 0.177816
v -0.357665 0.986289 0.175396
v -0.398687 0.971102 0.172341
v -0.400377 0.968184 0.168841
v -0.401540 0.967404 0.153216
v -0.425417 1.015201 0.104949
v -0.372597 1.006099 0.174151
v -0.379320 1.015404 0.169999
v -0.379670 1.026781 0.166044
v -0.367915 1.014116 0.169769
v -0.397105 0.905374 0.168219
v -0.370365 1.075066 0.135526
v -0.393252 0.889409 0.189901
v -0.384452 0.886669 0.159406
v -0.404820 0.966357 0.163604
v -0.410895 0.962179 0.160769
v -0.409130 0.958607 0.155049
v -0.408887 0.946039 0.162869
v -0.401977 0.911587 0.177476
v -0.393137 0.904667 0.183819
v -0.397427 0.895404 0.179249
v -0.392225 0.896577 0.184636
v -0.395472 0.888237 0.182531
v -0.396127 0.911937 0.182954
v -0.398415 0.915542 0.182539
v -0.401922 0.929022 0.180219
v -0.401980 0.953519 0.173829
v -0.403845 0.956437 0.179319
v -0.402400 0.933474 0.179486
v -0.407955 0.929029 0.175506
v -0.406892 0.924169 0.166426
v -0.397002 0.909169 0.160836
v -0.394482 0.907049 0.160764
v -0.399745 0.903192 0.156589
v -0.390070 0.903102 0.160729
v -0.384707 0.895599 0.165319
v -0.383117 0.887882 0.165491
v -0.386117 0.894394 0.157904
v -0.367025 1.025744 0.163271
v -0.360770 1.012861 0.164661
v -0.361435 1.005091 0.170486
v -0.366687 0.987132 0.181581
v -0.365537 0.982759 0.183861
v -0.363787 0.969882 0.188586
v -0.052016 1.717908 -0.010919
v -0.040078 1.699566 -0.029497
v -0.044815 1.695172 -0.010322
v -0.038663 1.692060 -0.031000
v -0.020721 1.703666 -0.044896
v -0.022158 1.709203 -0.043804
v 0.005938 1.703663 -0.050503
v 0.005341 1.710706 -0.051246
v 0.063749 1.773845 -0.044589
v 0.025033 1.712851 -0.042516
v 0.003882 1.722762 -0.057536
v 0.000897 1.760910 -0.076866
v -0.025054 1.722091 -0.048307
v -0.031365 1.762529 -0.074221
v -0.058572 1.771204 -0.055886
v -0.045970 1.720016 -0.034760
v -0.060022 1.733844 -0.015773
v -0.075850 1.781766 -0.032410
v -0.067458 1.750712 -0.001377
v 0.067194 1.750885 -0.001285
v 0.076841 1.776945 -0.032743
v 0.081003 1.788229 -0.003324
v 0.067189 1.772897 -0.018211
v 0.052062 1.716576 -0.011734
v 0.057690 1.781070 -0.035039
v 0.041470 1.701068 -0.028983
v 0.046068 1.694066 -0.011971
v 0.024720 1.700498 -0.042824
v 0.040571 1.693405 -0.030715
v 0.047197 1.776343 -0.062872
v -0.080997 1.788229 -0.003324
v -0.044012 1.796359 0.103841
v -0.045280 1.794891 0.103769
v -0.042467 1.797854 0.104671
v 0.042471 1.797854 0.104671
v 0.045283 1.794891 0.103769
v 0.044015 1.796357 0.103841
v 0.070675 1.738447 0.068851
v 0.070675 1.776184 0.096244
v 0.070675 1.724242 0.024729
v 0.070675 1.738546 -0.019434
v 0.070675 1.776021 -0.046886
v 0.070675 1.822704 0.096319
v 0.070675 1.822589 -0.046946
v 0.070675 1.860312 0.068914
v 0.070675 1.860329 -0.019551
v 0.070675 1.874619 0.024749
v -0.072200 1.860329 -0.019551
v -0.072200 1.874619 0.024749
v -0.072200 1.822589 -0.046946
v -0.072200 1.822704 0.096319
v -0.072200 1.776184 0.096244
v -0.072200 1.776021 -0.046886
v -0.072200 1.738447 0.068851
v -0.072200 1.724242 0.024729
v -0.072200 1.738546 -0.019434
v -0.072200 1.860312 0.068914
v -0.102012 1.735319 0.024626
v -0.102012 1.747512 0.062214
v -0.102012 1.779676 0.085546
v -0.102012 1.819214 0.085534
v -0.101974 1.851654 0.062305
v -0.102012 1.863406 0.024806
v -0.102012 1.851129 -0.012964
v -0.102012 1.819099 -0.036246
v -0.102012 1.779559 -0.036234
v -0.102012 1.747589 -0.012949
v -0.120715 1.752799 0.024554
v -0.120715 1.761712 0.052031
v -0.130000 1.779614 0.038976
v -0.120715 1.784969 0.068921
v -0.130000 1.806889 0.047896
v -0.120715 1.813792 0.068841
v -0.120715 1.837057 0.052021
v -0.120715 1.784982 -0.019541
v -0.120715 1.761669 -0.002589
v -0.130000 1.779619 0.010334
v -0.130000 1.806917 0.001506
v -0.120715 1.813759 -0.019491
v -0.120715 1.837016 -0.002599
v -0.130000 1.823869 0.024819
v -0.120715 1.845977 0.024746
v -0.133090 1.799274 0.024761
v 0.100488 1.779676 0.085546
v 0.100488 1.747509 0.062214
v 0.100488 1.735319 0.024626
v 0.100488 1.747589 -0.012949
v 0.100488 1.779559 -0.036234
v 0.101660 1.819198 -0.036122
v 0.100722 1.852654 -0.013356
v 0.100578 1.863245 0.024798
v 0.100488 1.851186 0.062249
v 0.100488 1.819214 0.085534
v 0.119190 1.784969 0.068921
v 0.119190 1.761712 0.052031
v 0.128473 1.779614 0.038976
v 0.119188 1.752799 0.024554
v 0.128473 1.779617 0.010334
v 0.119188 1.761669 -0.002589
v 0.119188 1.784982 -0.019541
v 0.119195 1.813838 -0.019634
v 0.118962 1.838529 -0.002994
v 0.119192 1.845970 0.024746
v 0.119190 1.837057 0.052021
v 0.119188 1.813789 0.068841
v 0.128473 1.806889 0.047896
v 0.131565 1.799406 0.024806
v 0.128473 1.806917 0.001506
v 0.128473 1.823869 0.024819
v -0.119310 1.959969 0.031864
v -0.121982 1.959646 0.030259
v -0.121982 1.959587 0.033371
v -0.108200 1.822521 0.030309
v -0.105670 1.822711 0.031871
v -0.108200 1.822512 0.033289
v -0.129152 1.961659 0.017844
v -0.130982 1.970157 0.031744
v -0.126060 1.970099 0.023071
v -0.104965 1.961664 0.031719
v -0.104965 1.951212 0.031744
v -0.112982 1.961659 0.017844
v -0.112982 1.951249 0.017736
v -0.111152 1.942849 0.031766
v -0.116075 1.942786 0.023094
v -0.129152 1.951249 0.017736
v -0.137170 1.961664 0.031719
v -0.126060 1.970132 0.040239
v -0.121137 1.973316 0.031671
v -0.116075 1.970099 0.023071
v -0.111152 1.970157 0.031744
v -0.116075 1.970132 0.040239
v -0.129152 1.961669 0.045594
v -0.137170 1.951212 0.031744
v -0.126060 1.942786 0.023094
v -0.121137 1.939604 0.031661
v -0.116075 1.942824 0.040261
v -0.112982 1.951219 0.045624
v -0.112982 1.961669 0.045594
v -0.129152 1.951219 0.045624
v -0.130982 1.942849 0.031766
v -0.126060 1.942824 0.040261
v 0.109628 1.970157 0.031744
v 0.103440 1.961664 0.031719
v 0.114550 1.970132 0.040239
v 0.124535 1.970099 0.023071
v 0.129455 1.970157 0.031744
v 0.135643 1.961664 0.031719
v 0.127628 1.961656 0.017844
v 0.135643 1.951212 0.031744
v 0.127628 1.951249 0.017736
v 0.129455 1.942849 0.031766
v 0.124535 1.942786 0.023094
v 0.119473 1.939604 0.031661
v 0.114550 1.942786 0.023094
v 0.109628 1.942849 0.031766
v 0.103440 1.951212 0.031744
v 0.111455 1.951219 0.045624
v 0.111455 1.961669 0.045594
v 0.127628 1.961669 0.045594
v 0.124535 1.970132 0.040239
v 0.119473 1.973316 0.031671
v 0.114550 1.970099 0.023071
v 0.111455 1.961656 0.017844
v 0.111455 1.951249 0.017736
v 0.127628 1.951219 0.045624
v 0.114550 1.942822 0.040261
v 0.124535 1.942822 0.040261
v 0.120455 1.959646 0.030259
v 0.117785 1.959969 0.031864
v 0.120455 1.959587 0.033371
v 0.104143 1.822711 0.031871
v 0.106675 1.822521 0.030309
v 0.106675 1.822509 0.033289
v 0.023728 1.803819 0.093682
v 0.030670 1.806254 0.087850
v 0.024085 1.803248 0.087925
v 0.019091 1.797829 0.093707
v 0.019645 1.797510 0.087986
v 0.017687 1.790395 0.093670
v 0.018367 1.790350 0.088018
v 0.019938 1.783222 0.093628
v 0.020544 1.783407 0.088014
v 0.025392 1.777773 0.093639
v 0.025677 1.778290 0.087977
v 0.032611 1.775545 0.093593
v 0.032590 1.776157 0.087919
v 0.040033 1.776981 0.093549
v 0.039700 1.777521 0.087850
v 0.045926 1.781962 0.093377
v 0.045369 1.782066 0.087778
v 0.049024 1.788856 0.093275
v 0.048302 1.788802 0.087589
v 0.048542 1.796178 0.093415
v 0.047850 1.795939 0.087695
v 0.044618 1.802626 0.093537
v 0.044095 1.802122 0.087733
v 0.038149 1.806528 0.093590
v 0.037892 1.805853 0.087780
v 0.030606 1.806951 0.093639
v -0.026684 1.782525 0.105689
v -0.025570 1.787538 0.107972
v -0.028210 1.785013 0.107956
v -0.028878 1.789387 0.108836
v -0.031668 1.780986 0.105666
v -0.031588 1.778245 0.102696
v -0.025444 1.780162 0.102723
v -0.022994 1.786093 0.105718
v -0.024412 1.791025 0.107996
v -0.028252 1.791232 0.108858
v -0.037890 1.779474 0.102679
v -0.020758 1.784762 0.102743
v -0.021432 1.790854 0.105749
v -0.025059 1.794616 0.108014
v -0.028558 1.793091 0.108874
v -0.032316 1.791439 0.109439
v -0.030215 1.788100 0.108836
v -0.035529 1.789018 0.108813
v -0.036335 1.790737 0.108816
v -0.031845 1.783911 0.107936
v -0.032070 1.787538 0.108825
v -0.033978 1.787884 0.108822
v -0.038543 1.786849 0.107930
v -0.040119 1.790107 0.107926
v -0.035567 1.784613 0.107930
v -0.036163 1.792668 0.108840
v -0.039832 1.793802 0.107960
v -0.042996 1.789639 0.105675
v -0.040850 1.785139 0.105659
v -0.036779 1.781918 0.105656
v -0.042638 1.794675 0.105701
v -0.039933 1.798932 0.105731
v -0.037858 1.796911 0.107984
v -0.035122 1.794283 0.108859
v -0.041799 1.800745 0.102775
v -0.045126 1.795431 0.102724
v -0.036347 1.804039 0.102830
v -0.035521 1.801524 0.105757
v -0.034611 1.798770 0.108003
v -0.033438 1.795251 0.108875
v -0.030344 1.801798 0.105775
v -0.029969 1.804395 0.102852
v -0.029705 1.806254 0.099425
v -0.036924 1.805853 0.099400
v -0.043093 1.802077 0.099319
v -0.046865 1.795984 0.099204
v -0.045538 1.789261 0.102691
v -0.027384 1.797474 0.108020
v -0.031492 1.795363 0.108882
v -0.029728 1.794585 0.108882
v -0.030831 1.798977 0.108017
v -0.025623 1.799724 0.105779
v -0.024132 1.801776 0.102855
v -0.023114 1.803256 0.099429
v -0.018585 1.797541 0.099390
v -0.020065 1.796799 0.102824
v -0.017036 1.790557 0.099286
v -0.018819 1.790692 0.102782
v -0.019190 1.783843 0.099227
v -0.022354 1.795764 0.105771
v -0.024353 1.777773 0.093639
v -0.018900 1.783222 0.093628
v -0.016649 1.790395 0.093670
v -0.018052 1.797829 0.093707
v -0.022690 1.803819 0.093682
v -0.029568 1.806951 0.093639
v -0.037111 1.806528 0.093590
v -0.043579 1.802626 0.093537
v -0.047504 1.796178 0.093415
v -0.047333 1.788960 0.099166
v -0.047986 1.788856 0.093275
v -0.044347 1.782408 0.099140
v -0.044888 1.781962 0.093376
v -0.038680 1.777750 0.099210
v -0.042908 1.783546 0.102670
v -0.031590 1.776292 0.099246
v -0.024648 1.778461 0.099271
v -0.038994 1.776981 0.093549
v -0.031573 1.775545 0.093593
v 0.039718 1.777750 0.099210
v 0.032628 1.776292 0.099246
v 0.032626 1.778245 0.102696
v 0.025686 1.778461 0.099271
v 0.026483 1.780162 0.102723
v 0.027722 1.782525 0.105689
v 0.020228 1.783843 0.099227
v 0.021796 1.784762 0.102743
v 0.024032 1.786093 0.105718
v 0.026609 1.787538 0.107972
v 0.018074 1.790557 0.099286
v 0.019857 1.790692 0.102782
v 0.022470 1.790854 0.105749
v 0.025451 1.791025 0.107996
v 0.029916 1.789387 0.108836
v 0.029248 1.785013 0.107956
v 0.029290 1.791232 0.108858
v 0.031253 1.788100 0.108836
v 0.033354 1.791439 0.109439
v 0.029596 1.793091 0.108874
v 0.026098 1.794616 0.108014
v 0.023392 1.795764 0.105771
v 0.021103 1.796799 0.102824
v 0.019623 1.797541 0.099390
v 0.025170 1.801776 0.102855
v 0.024152 1.803256 0.099429
v 0.026662 1.799481 0.105779
v 0.028423 1.797235 0.108020
v 0.030766 1.794585 0.108882
v 0.032530 1.795363 0.108882
v 0.031382 1.801560 0.105775
v 0.031007 1.804395 0.102852
v 0.031870 1.798738 0.108017
v 0.034476 1.795251 0.108875
v 0.035649 1.798531 0.108003
v 0.036559 1.801043 0.105757
v 0.037385 1.804039 0.102830
v 0.040971 1.798693 0.105731
v 0.042838 1.800502 0.102775
v 0.043676 1.794675 0.105701
v 0.040870 1.793802 0.107960
v 0.044035 1.789639 0.105675
v 0.046164 1.795431 0.102724
v 0.044132 1.801825 0.099319
v 0.037963 1.805853 0.099400
v 0.030744 1.806254 0.099425
v 0.039581 1.786849 0.107930
v 0.041157 1.790107 0.107926
v 0.047904 1.795984 0.099204
v 0.048372 1.788960 0.099166
v 0.046576 1.789261 0.102691
v 0.043947 1.783191 0.102670
v 0.041888 1.784784 0.105659
v 0.037817 1.781918 0.105656
v 0.036605 1.784613 0.107930
v 0.032884 1.783911 0.107936
v 0.035016 1.787884 0.108822
v 0.033108 1.787538 0.108825
v 0.036567 1.789018 0.108813
v 0.037374 1.790737 0.108816
v 0.037202 1.792668 0.108840
v 0.038896 1.796673 0.107984
v 0.036161 1.794283 0.108859
v 0.032707 1.780986 0.105666
v 0.038928 1.779474 0.102679
v 0.045385 1.782408 0.099140
v -0.031552 1.776157 0.087919
v -0.038662 1.777521 0.087850
v -0.044331 1.782066 0.087778
v -0.047264 1.788802 0.087589
v -0.023047 1.803248 0.087925
v -0.018607 1.797510 0.087986
v -0.017329 1.790350 0.088018
v -0.019506 1.783407 0.088014
v -0.024639 1.778290 0.087977
v -0.046811 1.795939 0.087695
v -0.043057 1.802122 0.087733
v -0.036853 1.805853 0.087780
v -0.029632 1.806254 0.087850
vt 0.057129 0.187889
vt 0.053729 0.222089
vt 0.031729 0.186889
vt 0.028929 0.221389
vt 0.053729 0.235289
vt 0.030729 0.234289
vt 0.052729 0.298289
vt 0.033729 0.318489
vt 0.064429 0.323889
vt 0.052629 0.323189
vt 0.062529 0.300689
vt 0.074229 0.364089
vt 0.050729 0.354789
vt 0.071229 0.412489
vt 0.066929 0.230189
vt 0.067829 0.190389
vt 0.067329 0.170789
vt 0.057629 0.158589
vt 0.044429 0.150289
vt 0.029429 0.158489
vt 0.021429 0.173289
vt 0.018529 0.190389
vt 0.016529 0.228889
vt 0.015629 0.314889
vt 0.016129 0.351489
vt 0.020029 0.402789
vt 0.027329 0.434989
vt 0.079429 0.444089
vt 0.130829 0.446689
vt 0.094329 0.368489
vt 0.075229 0.327289
vt 0.072829 0.300189
vt 0.154329 0.075189
vt 0.168729 0.075789
vt 0.153829 0.085989
vt 0.155929 0.039589
vt 0.170529 0.039489
vt 0.168729 0.086489
vt 0.177529 0.081489
vt 0.177929 0.149289
vt 0.185729 0.221889
vt 0.198329 0.159289
vt 0.199229 0.223489
vt 0.216429 0.160589
vt 0.214829 0.148989
vt 0.199629 0.147189
vt 0.216329 0.098989
vt 0.199229 0.099589
vt 0.186129 0.152289
vt 0.182029 0.182789
vt 0.179329 0.203989
vt 0.172529 0.219889
vt 0.177429 0.184189
vt 0.168029 0.155589
vt 0.168029 0.143489
vt 0.177929 0.039989
vt 0.177729 0.016989
vt 0.163129 0.007589
vt 0.150529 0.017389
vt 0.148129 0.038789
vt 0.144729 0.081289
vt 0.149329 0.142789
vt 0.149429 0.154289
vt 0.151329 0.221889
vt 0.173429 0.249889
vt 0.196229 0.254289
vt 0.216229 0.223489
vt 0.221529 0.193289
vt 0.223829 0.154289
vt 0.154329 0.251889
vt 0.139029 0.148889
vt 0.140529 0.190389
vt 0.143029 0.217989
vt 0.139129 0.230589
vt 0.132729 0.265889
vt 0.167529 0.315189
vt 0.138629 0.216989
vt 0.188229 0.098989
vt 0.228129 0.100489
vt 0.223029 0.098889
vt 0.228529 0.060989
vt 0.219929 0.058289
vt 0.216029 0.093389
vt 0.202229 0.056389
vt 0.198829 0.093189
vt 0.133229 0.215089
vt 0.127829 0.226189
vt 0.124829 0.157989
vt 0.136129 0.151689
vt 0.137629 0.189489
vt 0.138129 0.208789
vt 0.110629 0.256189
vt 0.119429 0.318589
vt 0.186129 0.374389
vt 0.225229 0.311689
vt 0.226629 0.259589
vt 0.227729 0.231789
vt 0.226229 0.194089
vt 0.228129 0.154289
vt 0.192029 0.058689
vt 0.199229 0.030589
vt 0.214829 0.024789
vt 0.225729 0.031889
vt 0.240329 0.111289
vt 0.253929 0.110689
vt 0.238929 0.137689
vt 0.253329 0.137589
vt 0.239429 0.143389
vt 0.230129 0.142989
vt 0.233029 0.111389
vt 0.238829 0.094789
vt 0.246529 0.087089
vt 0.255129 0.093089
vt 0.259429 0.473189
vt 0.225529 0.473589
vt 0.224129 0.453989
vt 0.190429 0.446689
vt 0.164029 0.473089
vt 0.107429 0.473589
vt 0.062929 0.469289
vt 0.021429 0.458189
vt 0.226529 0.210689
vt 0.229929 0.177789
vt 0.239529 0.182489
vt 0.240329 0.173589
vt 0.281629 0.134789
vt 0.273029 0.136789
vt 0.281729 0.127489
vt 0.240529 0.232789
vt 0.256429 0.234089
vt 0.253529 0.262589
vt 0.262929 0.261889
vt 0.254429 0.299989
vt 0.264329 0.372489
vt 0.260329 0.141989
vt 0.268529 0.102989
vt 0.274929 0.101289
vt 0.287829 0.100989
vt 0.290229 0.134789
vt 0.281629 0.142389
vt 0.274029 0.176489
vt 0.260329 0.175889
vt 0.252929 0.143389
vt 0.252129 0.173989
vt 0.253329 0.182089
vt 0.262029 0.211589
vt 0.262529 0.238789
vt 0.282529 0.275489
vt 0.292929 0.365989
vt 0.268429 0.417889
vt 0.229129 0.373089
vt 0.260029 0.112889
vt 0.283929 0.170889
vt 0.284429 0.175889
vt 0.293429 0.171489
vt 0.286129 0.184189
vt 0.277329 0.226189
vt 0.245029 0.448689
vt 0.219329 0.434289
vt 0.245429 0.435589
vt 0.267129 0.441689
vt 0.101729 0.158989
vt 0.093929 0.198189
vt 0.091029 0.153689
vt 0.108129 0.228189
vt 0.093429 0.232489
vt 0.081329 0.194289
vt 0.083129 0.157989
vt 0.086529 0.090789
vt 0.081629 0.233089
vt 0.116829 0.014889
vt 0.129529 0.028289
vt 0.122329 0.050189
vt 0.131729 0.088889
vt 0.131529 0.373789
vt 0.294229 0.099789
vt 0.287029 0.080489
vt 0.291429 0.079489
vt 0.279929 0.071389
vt 0.276029 0.080389
vt 0.092429 0.320089
vt 0.097629 0.087389
vt 0.103829 0.089889
vt 0.101229 0.146489
vt 0.104029 0.080689
vt 0.099829 0.049189
vt 0.108529 0.049289
vt 0.119829 0.081889
vt 0.120129 0.090889
vt 0.124829 0.145489
vt 0.090029 0.050189
vt 0.103829 0.023189
vt 0.082629 0.299289
vt 0.078729 0.263589
vt 0.075729 0.288589
vt 0.300129 0.430389
vt 0.299429 0.401089
vt 0.319029 0.361389
vt 0.299429 0.271589
vt 0.289429 0.221989
vt 0.300129 0.208889
vt 0.298529 0.190489
vt 0.297929 0.171789
vt 0.296329 0.133889
vt 0.272029 0.080089
vt 0.435829 0.272289
vt 0.435629 0.265989
vt 0.454929 0.244289
vt 0.468029 0.247889
vt 0.470629 0.239189
vt 0.464729 0.213889
vt 0.448129 0.211089
vt 0.443229 0.239489
vt 0.466329 0.198789
vt 0.465029 0.183989
vt 0.483929 0.184689
vt 0.484629 0.199689
vt 0.484329 0.218389
vt 0.499429 0.206889
vt 0.497929 0.187989
vt 0.481729 0.169289
vt 0.459629 0.172589
vt 0.453929 0.190389
vt 0.482329 0.249789
vt 0.439629 0.296589
vt 0.430229 0.260489
vt 0.497729 0.222589
vt 0.494929 0.253689
vt 0.330029 0.391989
vt 0.326129 0.423889
vt 0.329529 0.447989
vt 0.300729 0.455789
vt 0.474629 0.357989
vt 0.459129 0.310389
vt 0.482829 0.321789
vt 0.377529 0.412289
vt 0.373029 0.441489
vt 0.421829 0.045389
vt 0.415929 0.027689
vt 0.420229 0.025689
vt 0.406429 0.017789
vt 0.423829 0.444089
vt 0.413429 0.393989
vt 0.375629 0.385489
vt 0.395829 0.351689
vt 0.369129 0.355589
vt 0.445929 0.413489
vt 0.447229 0.380989
vt 0.427029 0.352289
vt 0.405429 0.303989
vt 0.360629 0.307389
vt 0.328129 0.310589
vt 0.313729 0.241589
vt 0.421929 0.082189
vt 0.408329 0.089589
vt 0.408029 0.080489
vt 0.424129 0.146389
vt 0.407629 0.145789
vt 0.299729 0.195289
vt 0.301529 0.178589
vt 0.309429 0.217789
vt 0.462229 0.451889
vt 0.474629 0.424589
vt 0.477829 0.394589
vt 0.407329 0.268089
vt 0.430729 0.252289
vt 0.414829 0.227989
vt 0.431929 0.221189
vt 0.419129 0.183389
vt 0.430129 0.183389
vt 0.407629 0.154189
vt 0.392829 0.143789
vt 0.392529 0.082789
vt 0.408029 0.062789
vt 0.407729 0.044489
vt 0.397829 0.027389
vt 0.391129 0.028589
vt 0.393229 0.044789
vt 0.382929 0.082489
vt 0.317329 0.176989
vt 0.316229 0.148989
vt 0.297329 0.137889
vt 0.316229 0.136789
vt 0.312829 0.045389
vt 0.324029 0.045389
vt 0.310629 0.069389
vt 0.326329 0.069989
vt 0.314729 0.089389
vt 0.298629 0.089489
vt 0.299929 0.064289
vt 0.383829 0.142989
vt 0.384829 0.185889
vt 0.406529 0.186089
vt 0.401429 0.228889
vt 0.372329 0.228889
vt 0.342129 0.222489
vt 0.330629 0.207089
vt 0.333329 0.175589
vt 0.328929 0.139589
vt 0.314929 0.101089
vt 0.315229 0.097489
vt 0.328129 0.090289
vt 0.335329 0.067189
vt 0.330329 0.042689
vt 0.316529 0.028889
vt 0.303229 0.041789
vt 0.341629 0.182889
vt 0.342829 0.205489
vt 0.340129 0.175189
vt 0.342329 0.177389
vt 0.347529 0.176789
vt 0.355229 0.205789
vt 0.363329 0.177189
vt 0.369529 0.207689
vt 0.338229 0.138089
vt 0.337229 0.088089
vt 0.382329 0.183389
vt 0.378129 0.179289
vt 0.381829 0.136289
vt 0.378329 0.208689
vt 0.382929 0.208289
vt 0.385329 0.208289
vt 0.386429 0.223589
vt 0.343829 0.045989
vt 0.348329 0.027289
vt 0.358329 0.032889
vt 0.362029 0.018989
vt 0.362929 0.144989
vt 0.350729 0.133789
vt 0.342829 0.132389
vt 0.350629 0.074389
vt 0.339229 0.074889
vt 0.358629 0.047789
vt 0.371429 0.032389
vt 0.376229 0.028889
vt 0.379529 0.044389
vt 0.373929 0.047989
vt 0.374929 0.075189
vt 0.365329 0.070089
vt 0.364129 0.081089
vt 0.380829 0.076489
vt 0.375629 0.135789
vt 0.363529 0.135289
vt 0.363329 0.087389
vt 0.825529 0.220389
vt 0.850229 0.197089
vt 0.849029 0.224589
vt 0.848629 0.265089
vt 0.801429 0.245589
vt 0.987229 0.248789
vt 0.978629 0.290689
vt 0.976229 0.290389
vt 0.986429 0.246589
vt 0.963529 0.256989
vt 0.984829 0.240589
vt 0.811329 0.283589
vt 0.825529 0.220389
vt 0.801429 0.245589
vt 0.848629 0.265089
vt 0.849029 0.224589
vt 0.850229 0.197089
vt 0.677529 0.814889
vt 0.714829 0.829889
vt 0.665529 0.728989
vt 0.677529 0.814889
vt 0.714829 0.829889
vt 0.753929 0.820589
vt 0.721329 0.670489
vt 0.819029 0.820589
vt 0.786529 0.792889
vt 0.786529 0.792889
vt 0.851629 0.670489
vt 0.786529 0.623489
vt 0.753929 0.820589
vt 0.819029 0.820589
vt 0.858129 0.829889
vt 0.858129 0.829889
vt 0.907429 0.728989
vt 0.916729 0.775789
vt 0.895429 0.814889
vt 0.984829 0.240589
vt 0.963529 0.256989
vt 0.986429 0.246589
vt 0.976229 0.290389
vt 0.978629 0.290689
vt 0.987229 0.248789
vt 0.490029 0.501289
vt 0.494229 0.520689
vt 0.476929 0.501889
vt 0.488629 0.537289
vt 0.476629 0.532589
vt 0.464129 0.529789
vt 0.464429 0.501289
vt 0.449429 0.498489
vt 0.449829 0.530089
vt 0.427329 0.536189
vt 0.426629 0.491789
vt 0.410829 0.513889
vt 0.413329 0.530389
vt 0.412829 0.497189
vt 0.402129 0.606989
vt 0.421629 0.582189
vt 0.420129 0.636289
vt 0.385629 0.636989
vt 0.386029 0.684089
vt 0.619329 0.685789
vt 0.574529 0.651589
vt 0.586829 0.637589
vt 0.606529 0.684889
vt 0.619629 0.718689
vt 0.609729 0.719489
vt 0.617029 0.751489
vt 0.604429 0.750289
vt 0.573429 0.799089
vt 0.556529 0.777589
vt 0.529329 0.802289
vt 0.506729 0.774189
vt 0.487129 0.801589
vt 0.467129 0.774289
vt 0.409829 0.804289
vt 0.386629 0.767189
vt 0.446729 0.734789
vt 0.385329 0.725589
vt 0.446729 0.676589
vt 0.464529 0.638189
vt 0.486229 0.616689
vt 0.442429 0.558589
vt 0.505129 0.597589
vt 0.512929 0.587489
vt 0.535429 0.615489
vt 0.544529 0.606589
vt 0.519929 0.629489
vt 0.532029 0.670189
vt 0.497829 0.652889
vt 0.489429 0.699189
vt 0.532229 0.739989
vt 0.584029 0.737889
vt 0.584329 0.685189
vt 0.449529 0.835789
vt 0.500229 0.824389
vt 0.533529 0.816489
vt 0.460229 0.848889
vt 0.889229 0.640089
vt 0.885529 0.640089
vt 0.881629 0.634389
vt 0.893329 0.643789
vt 0.898229 0.643789
vt 0.898229 0.645089
vt 0.891329 0.643789
vt 0.907729 0.614289
vt 0.911529 0.614289
vt 0.914829 0.620589
vt 0.910029 0.620589
vt 0.898329 0.614289
vt 0.898329 0.620589
vt 0.888929 0.614289
vt 0.886629 0.620589
vt 0.885129 0.614289
vt 0.881729 0.620589
vt 0.888929 0.614289
vt 0.886629 0.620589
vt 0.898329 0.614289
vt 0.898329 0.620589
vt 0.907729 0.614289
vt 0.910029 0.620589
vt 0.911029 0.627589
vt 0.916229 0.627589
vt 0.909929 0.634389
vt 0.914729 0.634389
vt 0.907129 0.640089
vt 0.910829 0.640089
vt 0.903029 0.643789
vt 0.905029 0.643789
vt 0.903029 0.643789
vt 0.898229 0.640089
vt 0.886529 0.634389
vt 0.880429 0.627589
vt 0.885629 0.627589
vt 0.898329 0.627589
vt 0.898229 0.634389
vt 0.898229 0.640089
vt 0.898229 0.643789
vt 0.893329 0.643789
vt 0.889229 0.640089
vt 0.886529 0.634389
vt 0.885629 0.627589
vt 0.911029 0.627589
vt 0.909929 0.634389
vt 0.907129 0.640089
vt 0.898229 0.634389
vt 0.898329 0.627589
vt 0.898329 0.627589
vt 0.885629 0.627589
vt 0.886629 0.620589
vt 0.898329 0.620589
vt 0.911029 0.627589
vt 0.910029 0.620589
vt 0.916229 0.627589
vt 0.914829 0.620589
vt 0.911029 0.627589
vt 0.910029 0.620589
vt 0.898329 0.627589
vt 0.898329 0.620589
vt 0.885629 0.627589
vt 0.886629 0.620589
vt 0.880429 0.627589
vt 0.881729 0.620589
vt 0.898229 0.634389
vt 0.886529 0.634389
vt 0.909929 0.634389
vt 0.914729 0.634389
vt 0.909929 0.634389
vt 0.898229 0.634389
vt 0.886529 0.634389
vt 0.881629 0.634389
vt 0.885129 0.614289
vt 0.888929 0.614289
vt 0.898329 0.614289
vt 0.907729 0.614289
vt 0.911529 0.614289
vt 0.907729 0.614289
vt 0.898329 0.614289
vt 0.888929 0.614289
vt 0.907129 0.640089
vt 0.898229 0.640089
vt 0.889229 0.640089
vt 0.885529 0.640089
vt 0.889229 0.640089
vt 0.898229 0.640089
vt 0.907129 0.640089
vt 0.910829 0.640089
vt 0.903029 0.643789
vt 0.898229 0.643789
vt 0.898229 0.645089
vt 0.893329 0.643789
vt 0.891329 0.643789
vt 0.893329 0.643789
vt 0.898229 0.643789
vt 0.903029 0.643789
vt 0.905029 0.643789
vt 0.656229 0.775789
vt 0.656229 0.775789
vt 0.665529 0.728989
vt 0.721329 0.670489
vt 0.786529 0.623489
vt 0.851629 0.670489
vt 0.907429 0.728989
vt 0.895429 0.814889
vt 0.916729 0.775789
vt 0.907429 0.728989
vt 0.916729 0.775789
vt 0.916729 0.775789
vt 0.858129 0.829889
vt 0.819029 0.820589
vt 0.819029 0.820589
vt 0.786529 0.792889
vt 0.786529 0.623489
vt 0.721329 0.670489
vt 0.721329 0.670489
vt 0.665529 0.728989
vt 0.714829 0.829889
vt 0.677529 0.814889
vt 0.677529 0.814889
vt 0.656229 0.775789
vt 0.665529 0.728989
vt 0.753929 0.820589
vt 0.786529 0.792889
vt 0.851629 0.670489
vt 0.907429 0.728989
vt 0.895429 0.814889
vt 0.895429 0.814889
vt 0.858129 0.829889
vt 0.851629 0.670489
vt 0.786529 0.623489
vt 0.753929 0.820589
vt 0.714829 0.829889
vt 0.656229 0.775789
vt 0.356029 0.554789
vt 0.368929 0.591789
vt 0.346829 0.589489
vt 0.120429 0.755189
vt 0.258329 0.756289
vt 0.260429 0.808489
vt 0.289329 0.809389
vt 0.257829 0.850989
vt 0.283829 0.851389
vt 0.314129 0.852689
vt 0.329529 0.824989
vt 0.347829 0.852489
vt 0.356629 0.820589
vt 0.370329 0.851389
vt 0.374529 0.781989
vt 0.363229 0.778689
vt 0.322229 0.775089
vt 0.287029 0.759589
vt 0.283729 0.715989
vt 0.256529 0.715089
vt 0.285329 0.676389
vt 0.255229 0.677589
vt 0.289229 0.632089
vt 0.255729 0.633089
vt 0.260129 0.589089
vt 0.117029 0.603389
vt 0.109829 0.573289
vt 0.058629 0.576389
vt 0.053929 0.549289
vt 0.009729 0.557989
vt 0.009729 0.530689
vt 0.052429 0.517589
vt 0.104729 0.546789
vt 0.105429 0.514289
vt 0.258929 0.520089
vt 0.260629 0.556189
vt 0.292929 0.521289
vt 0.292729 0.557489
vt 0.319929 0.521389
vt 0.320429 0.555189
vt 0.320829 0.589089
vt 0.326029 0.624889
vt 0.361029 0.620689
vt 0.376329 0.614389
vt 0.383029 0.558089
vt 0.380729 0.521389
vt 0.355629 0.521889
vt 0.293729 0.592489
vt 0.069129 0.607489
vt 0.120329 0.640189
vt 0.125529 0.675089
vt 0.127729 0.717589
vt 0.009729 0.875089
vt 0.008829 0.848589
vt 0.050229 0.860489
vt 0.052629 0.835389
vt 0.096829 0.856089
vt 0.102729 0.827389
vt 0.112129 0.791789
vt 0.022329 0.749489
vt 0.047429 0.717689
vt 0.084629 0.695389
vt 0.044429 0.674789
vt 0.019829 0.643789
vt 0.009929 0.615189
vt 0.009729 0.582389
vt 0.009029 0.783189
vt 0.008729 0.815489
vt 0.543329 0.551089
vt 0.571929 0.551889
vt 0.538029 0.531289
vt 0.594229 0.552389
vt 0.616029 0.552689
vt 0.615529 0.515489
vt 0.567929 0.514389
vt 0.536029 0.523789
vt 0.512329 0.534289
vt 0.487929 0.549689
vt 0.486829 0.540189
vt 0.460529 0.540889
vt 0.461629 0.548989
vt 0.423529 0.540089
vt 0.425229 0.548289
vt 0.398429 0.539889
vt 0.399429 0.547889
vt 0.419729 0.539789
vt 0.420729 0.548189
vt 0.444429 0.540689
vt 0.445729 0.548689
vt 0.470129 0.540789
vt 0.490429 0.549789
vt 0.489029 0.539489
vt 0.535829 0.531489
vt 0.534129 0.524589
vt 0.565229 0.513889
vt 0.568629 0.551689
vt 0.541029 0.550889
vt 0.940229 0.351789
vt 0.905429 0.338589
vt 0.977729 0.331689
vt 0.914629 0.365889
vt 0.878029 0.389889
vt 0.866429 0.369789
vt 0.833029 0.408289
vt 0.832029 0.385289
vt 0.800029 0.407589
vt 0.798229 0.392989
vt 0.756929 0.392789
vt 0.980029 0.331089
vt 1.000729 0.396189
vt 0.941329 0.418089
vt 0.886929 0.435589
vt 0.836929 0.449289
vt 0.797229 0.457089
vt 0.756029 0.462789
vt 0.710129 0.467689
vt 0.715429 0.394689
vt 0.648929 0.467689
vt 0.654129 0.394689
vt 0.715429 0.394689
vt 0.710129 0.467689
vt 0.756929 0.392789
vt 0.756029 0.462789
vt 0.800029 0.407589
vt 0.798229 0.392989
vt 0.833029 0.408289
vt 0.832029 0.385289
vt 0.878029 0.389889
vt 0.886929 0.435589
vt 0.941329 0.418089
vt 0.942829 0.420389
vt 1.000729 0.396189
vt 1.003129 0.397889
vt 0.977729 0.331689
vt 0.980029 0.331089
vt 0.836929 0.449289
vt 0.797229 0.457089
vt 0.942829 0.420389
vt 1.003129 0.397889
vt 0.905429 0.338589
vt 0.940229 0.351789
vt 0.914629 0.365889
vt 0.866429 0.369789
vt 0.370029 0.695989
vt 0.327829 0.669889
vt 0.327929 0.674389
vt 0.327929 0.678889
vt 0.328529 0.683789
vt 0.329029 0.689289
vt 0.329529 0.695989
vt 0.329529 0.701589
vt 0.329529 0.707189
vt 0.328229 0.712389
vt 0.327329 0.718289
vt 0.327129 0.723089
vt 0.326829 0.727889
vt 0.326929 0.732289
vt 0.657529 0.541389
vt 0.665529 0.529989
vt 0.667629 0.541389
vt 0.653829 0.552389
vt 0.664829 0.555989
vt 0.653829 0.562989
vt 0.659829 0.572289
vt 0.672529 0.578589
vt 0.678829 0.567389
vt 0.697729 0.541289
vt 0.681229 0.525689
vt 0.675829 0.521389
vt 0.697729 0.509189
vt 0.730729 0.555989
vt 0.741729 0.562989
vt 0.735729 0.572289
vt 0.716629 0.567389
vt 0.697729 0.557589
vt 0.686329 0.574889
vt 0.686329 0.574889
vt 0.672529 0.576889
vt 0.659829 0.572289
vt 0.653829 0.561189
vt 0.653829 0.552389
vt 0.657529 0.542689
vt 0.665529 0.533889
vt 0.675829 0.525889
vt 0.697729 0.514889
vt 0.719929 0.520589
vt 0.719729 0.525889
vt 0.730029 0.529989
vt 0.730029 0.533889
vt 0.738229 0.541089
vt 0.737929 0.543289
vt 0.741629 0.552389
vt 0.741629 0.552389
vt 0.741729 0.561189
vt 0.735729 0.572289
vt 0.722929 0.578589
vt 0.722929 0.576889
vt 0.709229 0.574889
vt 0.709229 0.573489
vt 0.697729 0.565089
vt 0.697729 0.563689
vt 0.727929 0.541389
vt 0.714229 0.525689
vt 0.697729 0.516189
vt 0.776029 0.280189
vt 0.784029 0.300489
vt 0.740229 0.303389
vt 0.749329 0.321789
vt 0.812529 0.352589
vt 0.755529 0.367589
vt 0.707829 0.339789
vt 0.704729 0.380389
vt 0.668329 0.344089
vt 0.665129 0.388189
vt 0.618929 0.346789
vt 0.616129 0.394189
vt 0.576229 0.397489
vt 0.524229 0.324389
vt 0.524729 0.399089
vt 0.576229 0.397489
vt 0.618929 0.346789
vt 0.616129 0.394189
vt 0.668329 0.344089
vt 0.665129 0.388189
vt 0.704729 0.380389
vt 0.707829 0.339789
vt 0.755529 0.367589
vt 0.749329 0.321789
vt 0.812529 0.352589
vt 0.784029 0.300489
vt 0.811329 0.283589
vt 0.873629 0.330189
vt 0.873629 0.330189
vt 0.616329 0.324289
vt 0.667129 0.325989
vt 0.711029 0.315489
vt 0.776029 0.280189
vt 0.740229 0.303389
vt 0.711029 0.315489
vt 0.667129 0.325989
vt 0.616329 0.324289
vt 0.327829 0.669889
vt 0.370029 0.695989
vt 0.327929 0.674389
vt 0.327929 0.678889
vt 0.328529 0.683789
vt 0.329029 0.689289
vt 0.329529 0.695989
vt 0.329529 0.701589
vt 0.329529 0.707189
vt 0.328229 0.712389
vt 0.327329 0.718289
vt 0.327129 0.723089
vt 0.326829 0.727889
vt 0.326929 0.732289
vt 0.616029 0.552689
vt 0.594229 0.552389
vt 0.615529 0.515489
vt 0.567929 0.514389
vt 0.571929 0.551889
vt 0.538029 0.531289
vt 0.536029 0.523789
vt 0.512329 0.534289
vt 0.487929 0.549689
vt 0.486829 0.540189
vt 0.460529 0.540889
vt 0.461629 0.548989
vt 0.423529 0.540089
vt 0.425229 0.548289
vt 0.398429 0.539889
vt 0.399429 0.547889
vt 0.419729 0.539789
vt 0.420729 0.548189
vt 0.444429 0.540689
vt 0.445729 0.548689
vt 0.470129 0.540789
vt 0.490429 0.549789
vt 0.489029 0.539489
vt 0.535829 0.531489
vt 0.534129 0.524589
vt 0.565229 0.513889
vt 0.568629 0.551689
vt 0.541029 0.550889
vt 0.543329 0.551089
vt 0.532029 0.670189
vt 0.519929 0.629489
vt 0.497829 0.652889
vt 0.489429 0.699189
vt 0.532229 0.739989
vt 0.606529 0.684889
vt 0.574529 0.651589
vt 0.584329 0.685189
vt 0.609729 0.719489
vt 0.584029 0.737889
vt 0.604429 0.750289
vt 0.556529 0.777589
vt 0.535429 0.615489
vt 0.505129 0.597589
vt 0.486229 0.616689
vt 0.464529 0.638189
vt 0.446729 0.676589
vt 0.446729 0.734789
vt 0.506729 0.774189
vt 0.421629 0.582189
vt 0.402129 0.606989
vt 0.420129 0.636289
vt 0.385629 0.636989
vt 0.386029 0.684089
vt 0.500229 0.824389
vt 0.533529 0.816489
vt 0.529329 0.802289
vt 0.573429 0.799089
vt 0.467129 0.774289
vt 0.460229 0.848889
vt 0.449529 0.835789
vt 0.487129 0.801589
vt 0.617029 0.751489
vt 0.619629 0.718689
vt 0.619329 0.685789
vt 0.586829 0.637589
vt 0.544529 0.606589
vt 0.512929 0.587489
vt 0.442429 0.558589
vt 0.385329 0.725589
vt 0.386629 0.767189
vt 0.409829 0.804289
vt 0.260629 0.556189
vt 0.293729 0.592489
vt 0.292729 0.557489
vt 0.320429 0.555189
vt 0.320829 0.589089
vt 0.053929 0.549289
vt 0.109829 0.573289
vt 0.104729 0.546789
vt 0.260129 0.589089
vt 0.289229 0.632089
vt 0.326029 0.624889
vt 0.368929 0.591789
vt 0.356029 0.554789
vt 0.346829 0.589489
vt 0.355629 0.521889
vt 0.319929 0.521389
vt 0.380729 0.521389
vt 0.383029 0.558089
vt 0.376329 0.614389
vt 0.361029 0.620689
vt 0.292929 0.521289
vt 0.258929 0.520089
vt 0.105429 0.514289
vt 0.052429 0.517589
vt 0.009729 0.530689
vt 0.009729 0.557989
vt 0.058629 0.576389
vt 0.117029 0.603389
vt 0.255729 0.633089
vt 0.255229 0.677589
vt 0.285329 0.676389
vt 0.256529 0.715089
vt 0.283729 0.715989
vt 0.258329 0.756289
vt 0.287029 0.759589
vt 0.289329 0.809389
vt 0.322229 0.775089
vt 0.329529 0.824989
vt 0.356629 0.820589
vt 0.363229 0.778689
vt 0.374529 0.781989
vt 0.370329 0.851389
vt 0.347829 0.852489
vt 0.314129 0.852689
vt 0.283829 0.851389
vt 0.257829 0.850989
vt 0.260429 0.808489
vt 0.120429 0.755189
vt 0.127729 0.717589
vt 0.120329 0.640189
vt 0.069129 0.607489
vt 0.125529 0.675089
vt 0.044429 0.674789
vt 0.019829 0.643789
vt 0.009929 0.615189
vt 0.009729 0.582389
vt 0.096829 0.856089
vt 0.102729 0.827389
vt 0.112129 0.791789
vt 0.084629 0.695389
vt 0.047429 0.717689
vt 0.022329 0.749489
vt 0.009029 0.783189
vt 0.008729 0.815489
vt 0.052629 0.835389
vt 0.050229 0.860489
vt 0.008829 0.848589
vt 0.009729 0.875089
vt 0.494229 0.520689
vt 0.490029 0.501289
vt 0.476929 0.501889
vt 0.412829 0.497189
vt 0.410829 0.513889
vt 0.426629 0.491789
vt 0.427329 0.536189
vt 0.449429 0.498489
vt 0.449829 0.530089
vt 0.464129 0.529789
vt 0.464429 0.501289
vt 0.476629 0.532589
vt 0.488629 0.537289
vt 0.413329 0.530389
vt 0.168729 0.075789
vt 0.154329 0.075189
vt 0.153829 0.085989
vt 0.155929 0.039589
vt 0.170529 0.039489
vt 0.138629 0.216989
vt 0.138129 0.208789
vt 0.133229 0.215089
vt 0.137629 0.189489
vt 0.136129 0.151689
vt 0.124829 0.157989
vt 0.127829 0.226189
vt 0.139129 0.230589
vt 0.143029 0.217989
vt 0.140529 0.190389
vt 0.149429 0.154289
vt 0.139029 0.148889
vt 0.149329 0.142789
vt 0.144729 0.081289
vt 0.148129 0.038789
vt 0.150529 0.017389
vt 0.163129 0.007589
vt 0.175929 0.015789
vt 0.177929 0.039989
vt 0.177529 0.081489
vt 0.168729 0.086489
vt 0.168029 0.143489
vt 0.226229 0.194089
vt 0.228129 0.154289
vt 0.223829 0.154289
vt 0.228129 0.100489
vt 0.223029 0.098889
vt 0.228529 0.060989
vt 0.219929 0.058289
vt 0.225729 0.031889
vt 0.213829 0.025789
vt 0.202229 0.056389
vt 0.216029 0.093389
vt 0.198829 0.093189
vt 0.199229 0.099589
vt 0.216329 0.098989
vt 0.214829 0.148989
vt 0.199629 0.147189
vt 0.179329 0.203989
vt 0.177429 0.184189
vt 0.172529 0.219889
vt 0.185729 0.221889
vt 0.182029 0.182789
vt 0.198329 0.159289
vt 0.186129 0.152289
vt 0.119429 0.318589
vt 0.110629 0.256189
vt 0.092429 0.320089
vt 0.132729 0.265889
vt 0.167529 0.315189
vt 0.154329 0.251889
vt 0.151329 0.221889
vt 0.168029 0.155589
vt 0.177929 0.149289
vt 0.173429 0.249889
vt 0.196729 0.250889
vt 0.199229 0.223489
vt 0.216429 0.160589
vt 0.216229 0.223489
vt 0.221529 0.193289
vt 0.081329 0.194289
vt 0.081629 0.233089
vt 0.093429 0.232489
vt 0.093929 0.198189
vt 0.086529 0.090789
vt 0.083129 0.157989
vt 0.091029 0.153689
vt 0.101729 0.158989
vt 0.108129 0.228189
vt 0.131729 0.088889
vt 0.129529 0.028289
vt 0.122329 0.050189
vt 0.116829 0.014889
vt 0.103829 0.089889
vt 0.097629 0.087389
vt 0.101229 0.146489
vt 0.104029 0.080689
vt 0.099829 0.049189
vt 0.108529 0.049289
vt 0.119829 0.081889
vt 0.120129 0.090889
vt 0.124829 0.145489
vt 0.090029 0.050189
vt 0.103829 0.023189
vt 0.082629 0.299289
vt 0.078729 0.263589
vt 0.075729 0.288589
vt 0.072829 0.300189
vt 0.075229 0.327289
vt 0.094329 0.368489
vt 0.128229 0.375689
vt 0.186129 0.380289
vt 0.225229 0.311689
vt 0.226029 0.256289
vt 0.227729 0.231789
vt 0.188229 0.098989
vt 0.192029 0.058689
vt 0.199229 0.030589
vt 0.253329 0.182089
vt 0.262029 0.211589
vt 0.263029 0.174889
vt 0.252129 0.173989
vt 0.252929 0.143389
vt 0.309429 0.215789
vt 0.300129 0.206989
vt 0.289429 0.220089
vt 0.286129 0.182289
vt 0.276029 0.224689
vt 0.272429 0.173889
vt 0.263629 0.142289
vt 0.253329 0.137589
vt 0.239429 0.143389
vt 0.240329 0.173589
vt 0.239529 0.182489
vt 0.240529 0.232789
vt 0.256429 0.234089
vt 0.265229 0.238689
vt 0.284429 0.173989
vt 0.281729 0.125589
vt 0.273029 0.134789
vt 0.281629 0.132889
vt 0.293429 0.169489
vt 0.283929 0.168989
vt 0.281629 0.140489
vt 0.290229 0.132889
vt 0.287829 0.099089
vt 0.274929 0.099289
vt 0.268529 0.100989
vt 0.226529 0.210689
vt 0.229929 0.177789
vt 0.276029 0.078489
vt 0.287029 0.078589
vt 0.279929 0.069489
vt 0.291429 0.077489
vt 0.294229 0.097889
vt 0.240329 0.111289
vt 0.238929 0.137689
vt 0.253929 0.110689
vt 0.230129 0.142989
vt 0.233029 0.111389
vt 0.238829 0.094789
vt 0.246529 0.087089
vt 0.255129 0.093089
vt 0.260029 0.112889
vt 0.252429 0.258689
vt 0.265229 0.262489
vt 0.276629 0.273189
vt 0.292329 0.270889
vt 0.310829 0.236589
vt 0.342129 0.220589
vt 0.330629 0.205089
vt 0.317329 0.174989
vt 0.301529 0.176689
vt 0.299729 0.193289
vt 0.298529 0.188489
vt 0.297929 0.169789
vt 0.296329 0.131989
vt 0.272029 0.078089
vt 0.315229 0.095489
vt 0.314729 0.087389
vt 0.298629 0.087489
vt 0.297329 0.135889
vt 0.314929 0.099089
vt 0.328129 0.088389
vt 0.326329 0.067989
vt 0.310629 0.067489
vt 0.299929 0.062389
vt 0.342829 0.130389
vt 0.342329 0.175389
vt 0.350729 0.131889
vt 0.347529 0.174789
vt 0.342829 0.203589
vt 0.341629 0.180989
vt 0.340129 0.173189
vt 0.333329 0.173689
vt 0.328929 0.137689
vt 0.316229 0.147089
vt 0.316229 0.134889
vt 0.338229 0.136189
vt 0.335329 0.065289
vt 0.330329 0.040789
vt 0.324029 0.043489
vt 0.316529 0.026989
vt 0.312829 0.043489
vt 0.303229 0.039789
vt 0.337229 0.086089
vt 0.355229 0.203889
vt 0.363329 0.175289
vt 0.362929 0.143089
vt 0.363529 0.133289
vt 0.444029 0.413489
vt 0.447229 0.380989
vt 0.411329 0.394389
vt 0.365229 0.441789
vt 0.402329 0.441789
vt 0.375929 0.414489
vt 0.472629 0.453689
vt 0.480829 0.422089
vt 0.483129 0.397489
vt 0.483529 0.352189
vt 0.423829 0.349789
vt 0.392029 0.355389
vt 0.371529 0.385789
vt 0.468029 0.245889
vt 0.482329 0.247789
vt 0.470629 0.237289
vt 0.439629 0.294689
vt 0.459129 0.308389
vt 0.412129 0.304089
vt 0.320029 0.450589
vt 0.319029 0.426489
vt 0.317629 0.394289
vt 0.363729 0.356389
vt 0.486329 0.319789
vt 0.494929 0.251689
vt 0.484329 0.216389
vt 0.464729 0.211889
vt 0.454929 0.242389
vt 0.435829 0.270289
vt 0.497729 0.220689
vt 0.499429 0.204889
vt 0.453929 0.188489
vt 0.448129 0.209189
vt 0.466329 0.196789
vt 0.464129 0.181189
vt 0.483929 0.182689
vt 0.484629 0.197789
vt 0.283129 0.363989
vt 0.292629 0.399789
vt 0.304629 0.361389
vt 0.264929 0.415489
vt 0.293629 0.431689
vt 0.267129 0.441689
vt 0.244929 0.431789
vt 0.221329 0.433689
vt 0.245029 0.448689
vt 0.261729 0.467489
vt 0.296129 0.459289
vt 0.314829 0.306489
vt 0.359729 0.305289
vt 0.407329 0.266089
vt 0.430229 0.258489
vt 0.435629 0.263989
vt 0.443229 0.237589
vt 0.497929 0.186089
vt 0.481729 0.167289
vt 0.459629 0.170689
vt 0.192629 0.449289
vt 0.224029 0.455189
vt 0.226029 0.470589
vt 0.147929 0.471589
vt 0.132529 0.448989
vt 0.106429 0.471089
vt 0.080029 0.446089
vt 0.069029 0.408289
vt 0.259229 0.370489
vt 0.252929 0.299189
vt 0.043329 0.152989
vt 0.029429 0.158489
vt 0.031629 0.184589
vt 0.023229 0.172989
vt 0.021029 0.190789
vt 0.028929 0.221389
vt 0.019029 0.230189
vt 0.029929 0.232689
vt 0.015629 0.316189
vt 0.430729 0.250289
vt 0.431929 0.219289
vt 0.414829 0.225989
vt 0.401429 0.226989
vt 0.372329 0.226989
vt 0.227529 0.373989
vt 0.066929 0.230189
vt 0.057829 0.299789
vt 0.064429 0.323889
vt 0.074229 0.364089
vt 0.052629 0.323189
vt 0.374929 0.073289
vt 0.380829 0.074589
vt 0.379529 0.042389
vt 0.381829 0.134289
vt 0.033829 0.433689
vt 0.033829 0.465589
vt 0.059829 0.468189
vt 0.421829 0.045389
vt 0.420229 0.025689
vt 0.415929 0.027689
vt 0.406429 0.017789
vt 0.362029 0.017089
vt 0.348329 0.025389
vt 0.358329 0.030989
vt 0.343829 0.043989
vt 0.386429 0.221689
vt 0.378329 0.206789
vt 0.369529 0.205789
vt 0.378129 0.177389
vt 0.392629 0.080389
vt 0.408029 0.061389
vt 0.393229 0.044789
vt 0.407729 0.044489
vt 0.397829 0.027389
vt 0.408029 0.078189
vt 0.408329 0.086889
vt 0.421829 0.079789
vt 0.424129 0.144489
vt 0.407629 0.143889
vt 0.406529 0.184189
vt 0.419129 0.181389
vt 0.407629 0.152189
vt 0.384829 0.183989
vt 0.392829 0.141789
vt 0.383829 0.140989
vt 0.383129 0.080089
vt 0.391129 0.028589
vt 0.430129 0.181389
vt 0.385329 0.206389
vt 0.382929 0.206389
vt 0.382329 0.181489
vt 0.375629 0.133889
vt 0.363329 0.085489
vt 0.364129 0.079189
vt 0.350629 0.072489
vt 0.365329 0.068089
vt 0.373929 0.045989
vt 0.371429 0.030389
vt 0.376229 0.026889
vt 0.358629 0.045889
vt 0.339229 0.072989
vt 0.050729 0.354789
vt 0.033729 0.318489
vt 0.039829 0.297089
vt 0.052829 0.231089
vt 0.053729 0.222089
vt 0.066329 0.188189
vt 0.052729 0.182189
vt 0.064029 0.169289
vt 0.054629 0.157089
vt 0.018229 0.351689
vt 0.024729 0.401089
vt 0.550629 0.024789
vt 0.578829 0.022089
vt 0.551229 0.020189
vt 0.580629 0.008089
vt 0.612929 0.008089
vt 0.609429 0.020989
vt 0.651729 0.006989
vt 0.650829 0.022089
vt 0.608329 0.026589
vt 0.609429 0.020989
vt 0.650929 0.028189
vt 0.648829 0.087989
vt 0.608329 0.026589
vt 0.609329 0.089189
vt 0.577629 0.089489
vt 0.578529 0.026789
vt 0.546329 0.048289
vt 0.543929 0.089289
vt 0.529729 0.059989
vt 0.523929 0.057089
vt 0.544529 0.090689
vt 0.520129 0.091789
vt 0.545429 0.047489
vt 0.550629 0.024789
vt 0.578529 0.026789
vt 0.578829 0.022089
vt 0.551229 0.020189
vt 0.612929 0.008089
vt 0.580629 0.008089
vt 0.609329 0.089189
vt 0.752629 0.089489
vt 0.775729 0.053889
vt 0.777129 0.090689
vt 0.145829 0.851689
vt 0.093329 0.770389
vt 0.208229 0.928589
vt 0.208229 0.928589
vt 0.093329 0.770389
vt 0.145829 0.851689
vt 0.694129 0.601689
vt 0.698229 0.607389
vt 0.687429 0.599489
vt 0.680829 0.601689
vt 0.676729 0.607389
vt 0.698229 0.614489
vt 0.676729 0.614489
vt 0.694129 0.620189
vt 0.680829 0.620189
vt 0.687429 0.622389
vt 0.680829 0.620189
vt 0.687429 0.622389
vt 0.676729 0.614489
vt 0.698229 0.614489
vt 0.698229 0.607389
vt 0.676729 0.607389
vt 0.694129 0.601689
vt 0.687429 0.599489
vt 0.680829 0.601689
vt 0.694129 0.620189
vt 0.884829 0.491089
vt 0.926529 0.477289
vt 0.926529 0.498389
vt 0.956229 0.508189
vt 0.968229 0.491089
vt 0.974629 0.533789
vt 0.993929 0.527289
vt 0.974629 0.565489
vt 0.993929 0.571989
vt 0.956229 0.591089
vt 0.968229 0.608189
vt 0.926529 0.600889
vt 0.926529 0.622089
vt 0.896829 0.591089
vt 0.884829 0.608189
vt 0.878429 0.565489
vt 0.859129 0.571989
vt 0.878429 0.533789
vt 0.859129 0.527289
vt 0.896829 0.508189
vt 0.926529 0.517589
vt 0.944829 0.523789
vt 0.936129 0.535989
vt 0.956129 0.539789
vt 0.942029 0.554889
vt 0.956129 0.559589
vt 0.944829 0.575589
vt 0.896929 0.539789
vt 0.908229 0.523789
vt 0.916929 0.535989
vt 0.910929 0.554889
vt 0.896929 0.559589
vt 0.908229 0.575589
vt 0.926529 0.566489
vt 0.926529 0.581689
vt 0.926529 0.549689
vt 0.993929 0.571989
vt 0.993929 0.527289
vt 0.974629 0.533789
vt 0.956229 0.508189
vt 0.968229 0.491089
vt 0.926529 0.498389
vt 0.926529 0.477289
vt 0.896829 0.508189
vt 0.884829 0.491089
vt 0.878429 0.533789
vt 0.859129 0.527289
vt 0.878429 0.565489
vt 0.859129 0.571989
vt 0.896829 0.591089
vt 0.884829 0.608189
vt 0.926529 0.600889
vt 0.926529 0.622089
vt 0.956229 0.591089
vt 0.968229 0.608189
vt 0.974629 0.565489
vt 0.956129 0.539789
vt 0.944829 0.523789
vt 0.936129 0.535989
vt 0.926529 0.517589
vt 0.916929 0.535989
vt 0.908229 0.523789
vt 0.896929 0.539789
vt 0.896929 0.559589
vt 0.908229 0.575589
vt 0.926529 0.581689
vt 0.944829 0.575589
vt 0.956129 0.559589
vt 0.942029 0.554889
vt 0.926529 0.549689
vt 0.910929 0.554889
vt 0.926529 0.566489
vt 0.387329 0.987589
vt 0.380329 0.987589
vt 0.380329 0.987589
vt 0.380329 0.891789
vt 0.387329 0.891789
vt 0.380329 0.891789
vt 0.779829 0.556889
vt 0.777329 0.568189
vt 0.783829 0.568189
vt 0.811329 0.556889
vt 0.811329 0.542889
vt 0.800829 0.556889
vt 0.800829 0.542889
vt 0.803329 0.531589
vt 0.796829 0.531589
vt 0.779829 0.542889
vt 0.769229 0.556889
vt 0.783829 0.568189
vt 0.790329 0.572489
vt 0.796829 0.568189
vt 0.803329 0.568189
vt 0.796829 0.568189
vt 0.779829 0.556889
vt 0.769229 0.542889
vt 0.783829 0.531589
vt 0.790329 0.527289
vt 0.796829 0.531589
vt 0.800829 0.542889
vt 0.800829 0.556889
vt 0.779829 0.542889
vt 0.777329 0.531589
vt 0.783829 0.531589
vt 0.803329 0.568189
vt 0.811329 0.556889
vt 0.796829 0.568189
vt 0.783829 0.568189
vt 0.777329 0.568189
vt 0.769229 0.556889
vt 0.779829 0.556889
vt 0.769229 0.542889
vt 0.779829 0.542889
vt 0.777329 0.531589
vt 0.783829 0.531589
vt 0.790329 0.527289
vt 0.796829 0.531589
vt 0.803329 0.531589
vt 0.811329 0.542889
vt 0.800829 0.542889
vt 0.800829 0.556889
vt 0.779829 0.556889
vt 0.783829 0.568189
vt 0.790329 0.572489
vt 0.796829 0.568189
vt 0.800829 0.556889
vt 0.800829 0.542889
vt 0.779829 0.542889
vt 0.796829 0.531589
vt 0.783829 0.531589
vt 0.380329 0.987589
vt 0.387329 0.987589
vt 0.380329 0.987589
vt 0.387329 0.891789
vt 0.380329 0.891789
vt 0.380329 0.891789
vt 0.951410 0.026379
vt 0.910498 0.010920
vt 0.947841 0.030631
vt 0.976798 0.063332
vt 0.971754 0.065437
vt 0.982111 0.107847
vt 0.976758 0.107365
vt 0.966131 0.149725
vt 0.961707 0.146809
vt 0.932520 0.179373
vt 0.930049 0.174734
vt 0.888977 0.189998
vt 0.889037 0.184742
vt 0.845477 0.179167
vt 0.848065 0.174540
vt 0.811985 0.149361
vt 0.816520 0.146466
vt 0.796175 0.107408
vt 0.801629 0.106951
vt 0.801668 0.062918
vt 0.806803 0.065047
vt 0.827206 0.026085
vt 0.830856 0.030354
vt 0.866938 0.005346
vt 0.868279 0.010820
vt 0.911762 0.005452
vt 0.918258 0.152305
vt 0.925357 0.121939
vt 0.909622 0.135819
vt 0.907899 0.109885
vt 0.889171 0.159402
vt 0.889103 0.174342
vt 0.925201 0.165533
vt 0.940710 0.132500
vt 0.932837 0.102335
vt 0.911751 0.099789
vt 0.853040 0.165362
vt 0.953066 0.140954
vt 0.951384 0.104526
vt 0.930350 0.081496
vt 0.910470 0.089058
vt 0.889350 0.097038
vt 0.899796 0.117032
vt 0.870738 0.109797
vt 0.866927 0.099683
vt 0.889238 0.140793
vt 0.889299 0.119594
vt 0.878812 0.116983
vt 0.853195 0.121769
vt 0.845794 0.102129
vt 0.868874 0.135722
vt 0.868251 0.088958
vt 0.848366 0.081302
vt 0.827181 0.104232
vt 0.837742 0.132257
vt 0.860113 0.152167
vt 0.830850 0.074514
vt 0.847909 0.049909
vt 0.860321 0.064059
vt 0.874408 0.080079
vt 0.837893 0.038452
vt 0.816722 0.068988
vt 0.870832 0.021259
vt 0.874449 0.036056
vt 0.878921 0.054350
vt 0.883986 0.075079
vt 0.904392 0.036126
vt 0.907992 0.021347
vt 0.910498 0.010920
vt 0.868279 0.010820
vt 0.830856 0.030354
vt 0.806803 0.065047
vt 0.812168 0.105871
vt 0.918465 0.064196
vt 0.894792 0.075105
vt 0.904350 0.080150
vt 0.899904 0.054400
vt 0.930876 0.050106
vt 0.940861 0.038696
vt 0.947841 0.030631
vt 0.971754 0.065437
vt 0.961909 0.069332
vt 0.976758 0.107365
vt 0.966314 0.106236
vt 0.961707 0.146809
vt 0.947835 0.074790
vt 0.932520 0.179373
vt 0.966131 0.149725
vt 0.982111 0.107847
vt 0.976798 0.063332
vt 0.951410 0.026379
vt 0.911762 0.005452
vt 0.866938 0.005346
vt 0.827206 0.026085
vt 0.801668 0.062918
vt 0.801629 0.106951
vt 0.796175 0.107408
vt 0.816520 0.146466
vt 0.811985 0.149361
vt 0.848065 0.174540
vt 0.825275 0.140652
vt 0.889037 0.184742
vt 0.930049 0.174734
vt 0.845477 0.179167
vt 0.888977 0.189998
vt 0.848065 0.174540
vt 0.889037 0.184742
vt 0.889103 0.174342
vt 0.930049 0.174734
vt 0.925201 0.165533
vt 0.918258 0.152305
vt 0.961707 0.146809
vt 0.953066 0.140954
vt 0.940710 0.132500
vt 0.925357 0.121939
vt 0.976758 0.107365
vt 0.966314 0.106236
vt 0.951384 0.104526
vt 0.932837 0.102335
vt 0.907899 0.109885
vt 0.909622 0.135819
vt 0.911751 0.099789
vt 0.899796 0.117032
vt 0.889350 0.097038
vt 0.910470 0.089058
vt 0.930350 0.081496
vt 0.947835 0.074790
vt 0.961909 0.069332
vt 0.971754 0.065437
vt 0.940861 0.038696
vt 0.947841 0.030631
vt 0.930876 0.050106
vt 0.918465 0.064196
vt 0.904350 0.080150
vt 0.894792 0.075105
vt 0.904392 0.036126
vt 0.907992 0.021347
vt 0.899904 0.054400
vt 0.883986 0.075079
vt 0.878921 0.054350
vt 0.874449 0.036056
vt 0.870832 0.021259
vt 0.847909 0.049909
vt 0.837893 0.038452
vt 0.830850 0.074514
vt 0.848366 0.081302
vt 0.827181 0.104232
vt 0.816722 0.068988
vt 0.830856 0.030354
vt 0.868279 0.010820
vt 0.910498 0.010920
vt 0.853195 0.121769
vt 0.845794 0.102129
vt 0.806803 0.065047
vt 0.801629 0.106951
vt 0.812168 0.105871
vt 0.825275 0.140652
vt 0.837742 0.132257
vt 0.860113 0.152167
vt 0.868874 0.135722
vt 0.889238 0.140793
vt 0.878812 0.116983
vt 0.889299 0.119594
vt 0.870738 0.109797
vt 0.866927 0.099683
vt 0.868251 0.088958
vt 0.860321 0.064059
vt 0.874408 0.080079
vt 0.889171 0.159402
vt 0.853040 0.165362
vt 0.816520 0.146466
vt 0.889037 0.184742
vt 0.848065 0.174540
vt 0.816520 0.146466
vt 0.801629 0.106951
vt 0.947841 0.030631
vt 0.971754 0.065437
vt 0.976758 0.107365
vt 0.961707 0.146809
vt 0.930049 0.174734
vt 0.806803 0.065047
vt 0.830856 0.030354
vt 0.868279 0.010820
vt 0.910498 0.010920
vn 0.0280 0.4252 0.9047
vn -0.0619 0.3770 0.9242
vn -0.8851 0.3156 0.3421
vn -0.9113 0.3068 0.2747
vn -0.2208 0.4328 0.8740
vn -0.9192 0.2413 0.3112
vn -0.5400 0.3734 0.7543
vn -0.8116 0.2957 0.5038
vn 0.1676 0.2606 0.9508
vn -0.3115 0.4096 0.8574
vn 0.0829 0.3186 0.9443
vn 0.0598 0.4168 0.9070
vn -0.5004 0.4297 0.7516
vn -0.0959 0.5805 0.8086
vn 0.6070 0.1473 0.7809
vn 0.8635 -0.0288 0.5034
vn 0.7998 -0.2148 0.5605
vn 0.3414 -0.1742 0.9236
vn -0.5162 -0.2799 0.8094
vn -0.9643 -0.2645 0.0129
vn -0.7123 -0.3335 -0.6176
vn -0.8180 -0.1140 -0.5638
vn -0.8070 -0.2039 -0.5543
vn -0.9880 -0.0828 -0.1306
vn -0.9785 0.0257 0.2048
vn -0.7106 0.4063 0.5744
vn -0.5909 0.4725 0.6539
vn 0.0095 0.5496 0.8354
vn 0.5465 0.5461 0.6349
vn 0.3596 0.4964 0.7901
vn 0.1679 0.2441 0.9551
vn 0.4474 -0.1150 0.8869
vn 0.4803 -0.5583 0.6764
vn 0.6901 -0.7191 0.0812
vn 0.6725 -0.5100 0.5363
vn 0.5078 -0.6571 0.5570
vn 0.6368 -0.7575 -0.1440
vn 0.7960 -0.5933 -0.1199
vn 0.5424 -0.5210 -0.6591
vn 0.5161 -0.3779 -0.7686
vn 0.7453 -0.3362 0.5758
vn 0.6454 -0.2020 0.7366
vn 0.8919 -0.1099 0.4386
vn 0.9088 -0.3620 -0.2074
vn 0.8161 -0.5761 -0.0452
vn 0.6218 -0.4709 0.6258
vn 0.6967 -0.6986 -0.1628
vn 0.4493 -0.5474 0.7061
vn -0.0178 -0.0094 0.9998
vn -0.1233 0.0220 0.9921
vn 0.6832 -0.7286 -0.0490
vn 0.8466 -0.3892 -0.3630
vn 0.3541 -0.3104 -0.8822
vn 0.9241 -0.3369 -0.1804
vn 0.8505 -0.5179 0.0918
vn 0.1429 -0.2960 -0.9444
vn 0.1728 -0.7325 -0.6585
vn -0.1015 -0.9774 0.1852
vn -0.1776 -0.4424 0.8790
vn -0.1663 -0.0320 0.9856
vn 0.1066 -0.1076 0.9885
vn 0.5274 -0.2717 0.8050
vn 0.5810 -0.1238 0.8045
vn 0.8224 -0.1355 0.5526
vn 0.9891 -0.1228 0.0808
vn 0.9905 -0.0222 0.1359
vn 0.9189 -0.2141 -0.3313
vn 0.5230 -0.2835 -0.8038
vn 0.4277 -0.3284 -0.8422
vn 0.8611 0.1565 0.4837
vn -0.1484 0.1383 0.9792
vn -0.0914 0.1448 0.9852
vn 0.2626 -0.1198 0.9574
vn 0.7939 -0.2721 0.5437
vn 0.8667 0.2561 0.4280
vn 0.9226 0.3118 0.2272
vn 0.0837 -0.6736 0.7343
vn -0.0241 -0.1016 0.9945
vn -0.0947 0.2917 -0.9518
vn 0.3952 -0.4864 -0.7793
vn 0.0099 -0.1419 -0.9898
vn 0.4643 -0.8074 -0.3640
vn 0.5291 -0.8483 -0.0189
vn 0.3514 -0.7756 0.5244
vn 0.2946 -0.6062 0.7387
vn 0.6447 -0.5623 -0.5178
vn 0.9537 -0.0052 0.3007
vn 0.9560 -0.1932 -0.2208
vn 0.4471 -0.2766 -0.8506
vn -0.3647 -0.3352 -0.8687
vn -0.1959 -0.9621 -0.1895
vn 0.6565 0.2992 0.6924
vn 0.7059 0.4557 0.5423
vn 0.9071 0.3831 0.1741
vn 0.9772 0.1798 -0.1133
vn 0.9841 -0.0997 -0.1469
vn 0.9303 -0.3645 0.0402
vn -0.2618 -0.2222 -0.9392
vn -0.3604 0.1561 -0.9196
vn -0.2391 -0.0206 0.9708
vn -0.3008 -0.4307 0.8509
vn -0.3265 -0.9413 0.0861
vn -0.0733 -0.5967 -0.7991
vn 0.5945 -0.5031 0.6272
vn 0.6493 -0.6574 -0.3824
vn 0.6468 -0.6318 0.4271
vn 0.6726 -0.7115 -0.2036
vn 0.7651 -0.5114 0.3912
vn 0.1710 -0.1154 0.9785
vn -0.1639 0.0225 0.9862
vn 0.1287 -0.3986 0.9081
vn 0.2365 -0.9672 0.0928
vn 0.2064 -0.5811 -0.7872
vn 0.5514 0.1128 -0.8266
vn 0.8459 0.5334 0.0033
vn 0.8974 0.4108 -0.1607
vn 0.8353 0.4603 0.3006
vn 0.7923 0.4945 0.3574
vn 0.4034 0.5606 0.7232
vn -0.3303 0.4391 0.8355
vn -0.8509 0.3546 0.3877
vn -0.1234 0.0517 0.9910
vn 0.1455 0.0037 0.9894
vn 0.8687 -0.1317 0.4776
vn 0.8004 -0.2563 0.5420
vn -0.7245 0.6763 -0.1332
vn -0.5202 0.2773 -0.8078
vn -0.7668 0.6290 -0.1281
vn 0.9540 -0.1840 -0.2367
vn 0.5335 -0.2152 -0.8180
vn 0.9004 -0.0096 -0.4350
vn 0.4155 -0.1201 -0.9016
vn 0.8181 0.1003 -0.5663
vn 0.5447 0.0412 -0.8376
vn 0.2247 -0.3153 -0.9220
vn -0.0732 -0.1982 -0.9774
vn -0.8179 0.2062 -0.5372
vn -0.8161 0.3652 0.4480
vn -0.6039 0.4550 0.6545
vn -0.9297 0.3553 -0.0968
vn -0.6006 -0.0580 -0.7974
vn 0.3405 -0.2653 -0.9020
vn 0.7316 -0.5323 -0.4259
vn 0.8701 -0.3996 -0.2885
vn 0.8704 -0.2899 -0.3979
vn 0.2148 -0.2677 -0.9392
vn -0.0643 -0.2770 -0.9587
vn -0.1406 -0.2960 -0.9448
vn 0.1532 -0.1516 -0.9765
vn 0.5918 0.0524 -0.8044
vn 0.9002 0.2148 -0.3787
vn -0.9982 0.0290 -0.0527
vn -0.9983 -0.0123 -0.0563
vn -0.6670 0.1203 0.7353
vn -0.9976 0.0588 0.0362
vn -0.6645 -0.2674 -0.6978
vn 0.7675 0.0277 -0.6404
vn 0.9586 0.1944 -0.2080
vn 0.7747 -0.0682 -0.6286
vn 0.4435 -0.1122 -0.8892
vn 0.7429 0.0323 0.6686
vn 0.2283 0.2374 0.9442
vn -0.0437 0.1641 0.9855
vn 0.5909 0.1979 0.7821
vn 0.0228 0.2771 0.9606
vn -0.4286 0.1948 0.8822
vn -0.8395 0.2149 0.4990
vn -0.6566 0.3063 0.6892
vn -0.5632 0.1076 0.8193
vn 0.2896 -0.9337 0.2105
vn 0.4752 -0.6052 -0.6387
vn 0.8890 -0.4559 -0.0436
vn 0.6083 -0.3323 -0.7208
vn 0.7034 0.5091 0.4960
vn -0.8213 -0.2401 0.5175
vn -0.6261 -0.4367 -0.6460
vn 0.0817 0.3543 0.9316
vn 0.1294 0.0095 0.9915
vn 0.7385 -0.2764 0.6150
vn 0.6641 -0.1418 0.7341
vn 0.6180 -0.2540 0.7440
vn 0.0556 -0.0117 0.9984
vn 0.7219 -0.3677 0.5862
vn 0.8963 -0.4421 0.0332
vn 0.9067 -0.3957 -0.1462
vn 0.9543 -0.2877 -0.0806
vn -0.7105 0.1239 0.6927
vn -0.0730 -0.3553 0.9319
vn -0.1397 0.0610 0.9883
vn -0.7567 -0.1301 0.6407
vn -0.3308 -0.6212 0.7104
vn 0.0857 -0.1787 -0.9802
vn -0.1319 -0.1321 -0.9824
vn -0.6489 -0.4755 -0.5940
vn -0.8395 -0.4539 -0.2986
vn -0.9091 -0.4165 -0.0116
vn -0.8245 -0.4255 0.3731
vn 0.6638 -0.7441 -0.0762
vn 0.9453 -0.3114 -0.0971
vn 0.5936 -0.5296 -0.6060
vn 0.5825 -0.3680 -0.7248
vn 0.8220 -0.4012 -0.4042
vn 0.6742 -0.6984 -0.2403
vn 0.3777 -0.8678 0.3228
vn -0.2613 -0.9444 -0.1998
vn -0.0190 -0.7330 -0.6800
vn 0.0454 -0.4568 -0.8884
vn 0.0355 -0.5128 -0.8578
vn 0.0121 -0.9118 -0.4104
vn -0.7126 -0.3734 -0.5939
vn -0.5579 -0.3090 -0.7703
vn -0.3921 -0.4633 -0.7948
vn 0.0804 -0.2420 -0.9669
vn -0.6261 -0.5627 -0.5399
vn -0.7970 -0.3480 -0.4937
vn -0.7656 -0.4476 -0.4620
vn -0.8372 -0.4541 0.3047
vn -0.9716 -0.0979 -0.2156
vn -0.8610 -0.3247 -0.3915
vn -0.6953 -0.5672 -0.4414
vn -0.5777 -0.6816 -0.4491
vn -0.6577 -0.6908 -0.3004
vn -0.9551 0.2150 0.2039
vn -0.9981 -0.0221 0.0583
vn -0.7979 -0.5146 -0.3138
vn -0.4554 -0.8180 -0.3515
vn -0.8050 -0.5470 -0.2299
vn -0.8639 -0.5012 -0.0498
vn -0.8915 -0.4303 -0.1416
vn -0.9017 0.3126 -0.2988
vn -0.8686 0.4201 -0.2628
vn -0.9332 0.1137 -0.3409
vn -0.7587 -0.5168 -0.3966
vn -0.8455 -0.5339 -0.0075
vn -0.9422 -0.1926 0.2743
vn -0.8724 0.0427 0.4869
vn -0.9623 -0.0443 -0.2684
vn -0.4463 -0.1002 -0.8892
vn -0.3344 0.0345 -0.9418
vn -0.9458 0.2222 -0.2368
vn -0.9742 -0.0381 -0.2226
vn -0.5595 -0.6117 -0.5592
vn -0.2903 -0.1583 -0.9438
vn -0.9167 -0.0897 -0.3895
vn -0.9041 0.1610 -0.3959
vn -0.8014 0.4463 -0.3982
vn -0.7591 -0.0361 -0.6500
vn -0.9405 0.1831 0.2861
vn -0.5980 0.5064 -0.6212
vn -0.7069 0.6080 0.3613
vn -0.5259 0.8121 -0.2529
vn -0.9640 -0.1744 -0.2009
vn -0.8361 -0.4686 -0.2852
vn -0.7844 -0.6198 0.0229
vn -0.8383 -0.5227 -0.1547
vn -0.9560 -0.2905 -0.0414
vn -0.9193 0.0318 0.3924
vn -0.7741 0.3649 0.5172
vn -0.6008 0.7335 -0.3179
vn -0.3982 0.8783 -0.2645
vn -0.4795 0.5461 0.6869
vn -0.8526 -0.5219 -0.0267
vn -0.6061 -0.1897 -0.7725
vn -0.8743 -0.3993 -0.2761
vn -0.9463 0.0022 -0.3234
vn -0.9737 -0.2099 0.0891
vn -0.8589 0.1549 0.4881
vn -0.6350 -0.4556 0.6239
vn -0.5741 -0.7874 -0.2244
vn -0.6600 -0.3184 -0.6805
vn -0.9391 0.1463 -0.3110
vn -0.3951 0.0106 -0.9186
vn -0.1918 0.1519 -0.9696
vn -0.6830 0.2218 -0.6959
vn -0.9483 -0.0632 0.3109
vn -0.8190 0.4250 0.3856
vn -0.5721 0.4893 0.6582
vn -0.6955 0.6604 -0.2831
vn -0.6224 0.7235 -0.2987
vn -0.8302 0.3723 0.4148
vn -0.8479 0.4138 -0.3315
vn -0.7820 0.5380 -0.3147
vn -0.9198 -0.3235 0.2220
vn -0.0347 0.2069 0.9777
vn 0.3966 0.1861 0.8989
vn -0.7072 -0.5143 0.4851
vn -0.9536 -0.2996 0.0289
vn -0.5814 0.2770 0.7650
vn 0.1398 0.0008 0.9902
vn -0.9498 0.2850 0.1292
vn -0.9760 -0.1000 -0.1936
vn -0.9116 -0.1488 -0.3831
vn -0.6187 -0.6143 -0.4897
vn 0.8575 -0.4789 -0.1881
vn 0.9378 -0.3252 0.1215
vn 0.9414 -0.3292 0.0731
vn 0.5845 -0.5568 0.5902
vn -0.6065 0.6528 -0.4538
vn -0.1127 0.8129 -0.5714
vn -0.5896 -0.2116 -0.7795
vn -0.5314 0.6961 0.4827
vn 0.0297 0.5342 0.8449
vn 0.2866 0.7672 -0.5738
vn -0.4599 -0.3816 -0.8018
vn -0.3553 0.7281 -0.5862
vn 0.1918 0.7308 -0.6551
vn -0.1640 0.4297 0.8879
vn 0.4818 -0.3685 -0.7950
vn 0.1432 -0.4601 -0.8763
vn 0.3859 0.4276 0.8175
vn -0.2630 0.4931 0.8293
vn 0.1348 0.5208 0.8430
vn -0.0108 0.8190 -0.5737
vn 0.6406 -0.1239 -0.7578
vn 0.7937 0.3058 -0.5258
vn 0.5621 0.8085 -0.1743
vn 0.6175 -0.6123 -0.4937
vn 0.8995 -0.1688 -0.4030
vn 0.9995 -0.0196 -0.0241
vn 0.9247 0.2649 0.2733
vn -0.7443 -0.5212 -0.4176
vn 0.0152 -0.7853 -0.6189
vn -0.2942 -0.7658 0.5718
vn 0.7717 -0.5137 -0.3750
vn 0.3598 -0.8703 0.3364
vn 0.8884 -0.4553 0.0595
vn -0.8297 -0.5299 -0.1755
vn -0.4507 -0.8606 -0.2372
vn 0.8187 -0.5135 -0.2571
vn 0.5699 -0.8190 0.0660
vn -0.5278 -0.8366 0.1467
vn 0.0193 -0.7298 0.6834
vn 0.5792 -0.4450 0.6830
vn -0.5932 -0.4127 0.6912
vn -0.9859 0.0956 -0.1375
vn -0.9864 -0.0600 -0.1531
vn -0.9507 0.2195 0.2192
vn -0.9894 0.0808 0.1204
vn -0.4496 0.3445 0.8241
vn -0.5354 0.0092 0.8445
vn -0.8591 0.2393 0.4523
vn -0.9063 -0.1895 0.3777
vn -0.4480 0.3721 0.8129
vn 0.1070 0.0483 0.9931
vn 0.1087 0.5427 0.8329
vn 0.7545 -0.0165 0.6561
vn 0.7564 0.3734 0.5370
vn 0.9896 -0.1222 0.0765
vn 0.9149 0.3283 0.2349
vn 0.9855 -0.0792 -0.1503
vn 0.9303 0.3169 0.1846
vn 0.9890 -0.0839 -0.1222
vn 0.9504 0.2555 0.1773
vn 0.9981 0.0299 -0.0534
vn 0.9222 0.2287 0.3118
vn 0.3898 0.6331 0.6688
vn 0.4865 0.3122 0.8160
vn -0.5778 0.5544 0.5991
vn -0.9354 0.3288 0.1298
vn -0.9843 -0.0282 -0.1744
vn -0.8497 -0.4291 -0.3064
vn -0.9366 -0.2609 -0.2338
vn -0.8692 -0.4295 -0.2449
vn -0.9491 -0.3140 0.0237
vn -0.8877 -0.4599 0.0201
vn -0.9660 0.2311 0.1160
vn -0.4654 0.7250 0.5077
vn -0.6627 0.5981 0.4507
vn -0.1816 0.6924 0.6983
vn 0.3395 0.7637 0.5491
vn 0.3423 0.8411 0.4188
vn -0.2705 0.8300 0.4878
vn 0.8996 -0.3878 -0.2007
vn 0.9293 -0.2336 -0.2861
vn 0.9292 -0.2738 -0.2482
vn 0.8418 -0.4769 -0.2527
vn -0.1842 0.8205 -0.5412
vn 0.2776 0.6166 -0.7367
vn 0.1354 0.3029 -0.9434
vn 0.1034 0.9237 -0.3689
vn -0.0323 0.9954 -0.0899
vn 0.3881 0.9203 -0.0491
vn 0.3867 0.8002 -0.4584
vn -0.6653 -0.1948 0.7207
vn -0.0445 -0.4273 0.9030
vn -0.1034 -0.2619 0.9595
vn -0.7299 -0.0336 0.6827
vn -0.9810 -0.1295 0.1447
vn -0.9989 0.0364 0.0293
vn -0.8462 -0.2090 -0.4902
vn -0.7658 -0.0793 -0.6382
vn -0.3106 -0.4168 -0.8543
vn -0.1509 -0.3428 -0.9272
vn 0.3055 -0.6692 -0.6774
vn 0.4630 -0.6026 -0.6500
vn 0.6010 -0.7934 -0.0971
vn 0.7283 -0.6853 0.0065
vn 0.4732 -0.6926 0.5444
vn 0.5066 -0.5366 0.6748
vn 0.6722 -0.2363 0.7016
vn 0.0262 0.0555 0.9981
vn 0.7623 0.1364 0.6327
vn 0.1646 0.4073 0.8983
vn 0.7355 0.4866 0.4714
vn 0.2749 0.6947 0.6647
vn 0.6008 0.7492 0.2789
vn 0.3184 0.8736 0.3681
vn 0.0566 0.9749 0.2151
vn -0.3746 0.9258 -0.0512
vn -0.4659 0.5719 -0.6752
vn -0.0243 -0.0496 -0.9985
vn 0.6362 -0.3114 -0.7059
vn 0.9226 -0.3859 -0.0016
vn 0.9999 -0.0050 -0.0127
vn 0.9256 0.3780 -0.0195
vn 0.7373 0.6756 -0.0002
vn 0.6492 0.6968 -0.3051
vn 0.7375 0.4320 -0.5190
vn 0.7448 0.0638 -0.6642
vn -0.6691 0.2435 -0.7021
vn -0.6351 0.3166 0.7046
vn -0.4427 0.6451 0.6228
vn -0.1853 0.8751 0.4472
vn -0.7017 0.7120 -0.0268
vn -0.9195 0.3931 0.0022
vn -0.9226 -0.3858 -0.0021
vn -0.6370 -0.3100 -0.7058
vn -0.4772 -0.5984 -0.6435
vn -0.7285 -0.6846 0.0246
vn -0.6725 -0.2354 0.7017
vn -0.4933 -0.5412 0.6810
vn -0.0264 0.0551 0.9981
vn 0.1100 -0.2571 0.9601
vn 0.6354 0.3152 0.7050
vn 0.7371 -0.0194 0.6755
vn 0.9202 0.3913 0.0017
vn 0.9993 0.0357 0.0101
vn 0.6698 0.2413 -0.7022
vn 0.7585 -0.0928 -0.6450
vn 0.0240 -0.0489 -0.9985
vn 0.1451 -0.3474 -0.9264
vn -0.9995 -0.0076 -0.0308
vn -0.7310 0.0661 -0.6792
vn -0.7731 0.1305 0.6207
vn -0.1828 0.4008 0.8977
vn 0.4298 0.6413 0.6356
vn 0.7000 0.7141 -0.0086
vn 0.4767 0.5792 -0.6613
vn -0.1180 0.3097 -0.9435
vn 0.0836 -0.5098 -0.8562
vn -0.4492 -0.7415 -0.4984
vn -0.6073 -0.7817 0.1416
vn -0.3379 -0.6036 0.7222
vn 0.2722 -0.3354 0.9019
vn 0.8239 -0.1614 0.5432
vn 0.9861 -0.1397 -0.0896
vn 0.6960 -0.2587 -0.6698
vn 0.1613 0.8664 0.4727
vn 0.3734 0.9275 -0.0164
vn 0.2065 0.8314 -0.5158
vn -0.2445 0.6309 -0.7364
vn -0.7134 0.4414 -0.5443
vn -0.9243 0.3776 -0.0553
vn -0.7578 0.4759 0.4464
vn -0.3085 0.6798 0.6653
vn -0.1185 0.9527 0.2799
vn 0.0306 0.9995 0.0017
vn -0.3881 0.9203 -0.0495
vn -0.0441 0.9518 -0.3034
vn -0.3007 0.8364 -0.4582
vn -0.5877 0.7193 -0.3704
vn -0.7352 0.6716 -0.0924
vn -0.6597 0.7204 0.2139
vn -0.4048 0.8371 0.3680
vn -0.9413 0.1125 -0.3183
vn -0.7854 0.1187 0.6075
vn -0.6545 -0.3767 0.6555
vn -0.4955 -0.6348 0.5929
vn -0.1661 -0.7579 0.6308
vn 0.4367 -0.6801 0.5889
vn 0.5803 -0.5153 0.6306
vn 0.6293 0.4039 0.6640
vn 0.9445 -0.0526 0.3244
vn 0.5953 -0.3604 -0.7182
vn 0.8144 0.0767 -0.5753
vn 0.9354 -0.1268 0.3301
vn 0.0933 0.6843 -0.7232
vn -0.2611 0.6463 -0.7171
vn -0.1564 0.6803 0.7160
vn -0.0669 0.6140 0.7865
vn -0.2554 -0.5837 0.7707
vn -0.5641 -0.4235 0.7088
vn -0.5404 -0.4555 -0.7074
vn -0.6410 -0.2700 -0.7185
vn -0.0134 0.6900 -0.7237
vn -0.5176 0.6319 -0.5769
vn -0.4098 0.8507 0.3292
vn -0.9243 0.1875 -0.3323
vn -0.6804 -0.1398 0.7193
vn 0.4692 0.5180 0.7152
vn 0.2727 0.5529 -0.7874
vn 0.3949 -0.5862 -0.7074
vn 0.5174 -0.4625 0.7200
vn 0.7010 0.4235 0.5738
vn 0.6692 0.6660 -0.3297
vn 0.2390 0.6481 0.7231
vn 0.3553 -0.6088 0.7093
vn 0.0453 -0.6366 -0.7698
vn 0.3759 0.5872 -0.7168
vn 0.1351 0.6806 0.7201
vn -0.7418 0.3506 0.5717
vn -0.4544 0.0028 -0.8908
vn -0.8865 -0.2419 -0.3945
vn -0.9201 0.0287 -0.3907
vn 0.8259 -0.0738 0.5590
vn 0.9197 0.0137 0.3925
vn 0.9793 -0.0224 -0.2009
vn 0.9231 0.0727 -0.3776
vn 0.4545 -0.0662 -0.8883
vn 0.3238 0.0412 -0.9452
vn 0.3055 0.1991 -0.9311
vn 0.8556 0.0444 -0.5157
vn 0.4901 -0.0240 -0.8714
vn 0.8886 -0.2823 -0.3614
vn 0.5995 -0.2561 -0.7583
vn 0.3465 0.0449 0.9370
vn -0.5133 -0.0316 0.8576
vn -0.9705 -0.1158 0.2113
vn -0.9309 -0.1406 -0.3372
vn -0.9856 -0.1328 -0.1042
vn -0.7902 -0.1060 -0.6036
vn -0.8303 -0.1109 -0.5462
vn -0.3697 0.0259 -0.9288
vn -0.4353 0.5710 -0.6960
vn -0.0379 0.6823 -0.7301
vn 0.2060 0.0491 -0.9773
vn -0.1868 -0.0547 -0.9809
vn 0.4121 -0.0342 -0.9105
vn -0.4430 -0.1220 -0.8882
vn -0.3482 0.0991 -0.9322
vn -0.5239 0.1938 -0.8294
vn -0.8922 0.1511 -0.4256
vn -0.6141 -0.3109 -0.7254
vn -0.8794 0.0265 -0.4754
vn -0.9776 -0.2067 -0.0400
vn -0.8406 -0.1383 0.5237
vn -0.3265 -0.0771 0.9420
vn 0.1816 -0.0669 0.9811
vn 0.3667 0.6053 -0.7065
vn 0.5724 -0.0170 -0.8198
vn 0.7860 -0.0616 -0.6152
vn 0.9892 -0.1369 0.0533
vn 0.5909 0.4120 0.6937
vn -0.1985 0.3541 0.9139
vn -0.1003 0.2757 0.9560
vn 0.1323 0.3465 0.9287
vn -0.6189 0.4556 0.6398
vn -0.3635 0.8176 0.4466
vn -0.9361 0.2871 -0.2029
vn 0.2798 0.8674 0.4114
vn 0.8440 0.2126 -0.4924
vn -0.7960 0.5238 0.3034
vn -0.9699 0.2381 -0.0512
vn -0.6885 0.2797 0.6691
vn -0.8427 0.4842 0.2353
vn -0.9416 0.3299 0.0669
vn -0.9597 -0.0824 -0.2687
vn -0.9933 0.1137 0.0184
vn -0.9340 -0.3278 -0.1422
vn -0.9595 -0.0725 0.2721
vn -0.8554 -0.4481 0.2599
vn -0.6393 0.0079 0.7689
vn -0.1215 0.2491 0.9608
vn 0.1219 0.9164 0.3812
vn 0.6885 0.7115 0.1405
vn 0.4553 0.8447 0.2812
vn 0.1243 0.8007 -0.5861
vn -0.8406 0.3495 0.4139
vn 0.4922 0.8626 0.1166
vn -0.2798 0.1579 0.9470
vn 0.0001 0.3272 0.9449
vn -0.0000 0.1741 0.9847
vn 0.2797 0.1579 0.9470
vn -0.4869 0.8660 0.1139
vn 0.6393 0.0079 0.7689
vn -0.2475 0.9597 0.1333
vn 0.9363 0.0662 0.3450
vn 0.8957 -0.3985 0.1974
vn 0.9917 0.0994 0.0816
vn 0.9667 -0.1902 -0.1715
vn 0.9545 0.2879 0.0781
vn -0.6399 0.7520 0.1581
vn 0.2917 0.8760 0.3840
vn -0.9689 -0.0722 -0.2366
vn 0.0564 0.8135 0.5788
vn -0.7612 -0.4953 0.4187
vn 0.5880 0.1921 0.7857
vn -0.4131 0.8983 -0.1498
vn -0.2915 0.9533 0.0785
vn 0.9233 -0.2445 -0.2961
vn 0.9639 -0.2652 -0.0254
vn 0.9599 0.2774 -0.0402
vn 0.8012 0.5311 0.2756
vn 0.9108 0.3999 0.1026
vn 0.9820 0.0853 -0.1685
vn 0.0003 0.9142 0.4052
vn -0.7893 -0.1878 0.5845
vn -0.5502 -0.4567 0.6990
vn -0.1405 0.3044 0.9421
vn -0.7828 0.2518 0.5690
vn -0.1262 0.5947 0.7940
vn -0.7834 0.5704 0.2469
vn -0.3988 0.8945 0.2019
vn 0.0030 0.9996 -0.0297
vn -0.0078 0.7068 0.7074
vn -0.0000 0.4269 0.9043
vn -0.0824 -0.1621 0.9833
vn -0.4606 -0.7259 0.5108
vn -0.0805 -0.7462 0.6608
vn 0.1262 0.5946 0.7940
vn 0.8367 0.4492 0.3132
vn 0.5016 0.8306 0.2420
vn 0.0078 0.7068 0.7074
vn -0.0002 0.7339 0.6793
vn 0.3558 0.9272 0.1172
vn 0.3540 0.8303 -0.4305
vn -0.2047 0.8606 -0.4664
vn -0.6944 0.6403 -0.3284
vn -0.9831 0.1585 -0.0915
vn -0.9664 -0.2407 0.0897
vn -0.8173 -0.5562 0.1507
vn -0.6531 -0.7459 0.1309
vn -0.5298 -0.8406 0.1131
vn 0.1858 -0.9761 0.1129
vn 0.4334 -0.7503 0.4992
vn 0.5705 -0.8103 0.1339
vn 0.5341 -0.4885 0.6900
vn 0.7110 -0.6865 0.1523
vn 0.7598 -0.2769 0.5882
vn 0.8714 -0.4658 0.1539
vn 0.7772 0.1709 0.6056
vn 0.9896 -0.1328 0.0561
vn 0.9192 0.3475 -0.1853
vn 0.5519 0.7397 -0.3851
vn 0.1240 0.9920 -0.0250
vn -0.0344 0.8732 -0.4861
vn -0.2761 0.9574 0.0851
vn -0.4879 0.7687 -0.4136
vn -0.1625 0.9867 -0.0071
vn 0.2536 0.8563 -0.4499
vn 0.1405 0.3044 0.9421
vn 0.0824 -0.1621 0.9833
vn -0.0000 -0.3930 0.9196
vn 0.9730 -0.2068 0.1024
vn 0.9454 -0.3174 -0.0741
vn 0.9816 0.0634 0.1802
vn 0.9719 -0.2239 -0.0719
vn 0.9923 -0.1178 -0.0374
vn 0.9600 -0.0023 -0.2799
vn 0.6954 -0.0173 -0.7184
vn 0.0001 0.0624 -0.9981
vn -0.6578 0.0253 -0.7528
vn -0.9647 0.0069 -0.2631
vn -0.9881 -0.1510 -0.0296
vn -0.9517 -0.2974 -0.0764
vn -0.9015 -0.4240 -0.0864
vn -0.7890 -0.5466 -0.2807
vn 0.7389 0.2632 -0.6203
vn 0.9481 0.2970 -0.1134
vn 0.9662 0.1725 0.1915
vn -0.9717 -0.0563 0.2296
vn -0.9455 0.1681 0.2788
vn -0.9632 0.2354 0.1295
vn -0.9221 0.3522 -0.1601
vn -0.7403 0.2601 -0.6199
vn 0.0378 0.6822 -0.7302
vn -0.0003 0.9142 0.4052
vn 0.4353 0.5710 -0.6961
vn 0.9361 0.2871 -0.2030
vn 0.3635 0.8176 0.4466
vn 0.6190 0.4556 0.6398
vn -0.1322 0.3464 0.9287
vn 0.1003 0.2757 0.9560
vn 0.1985 0.3541 0.9139
vn -0.5909 0.4120 0.6937
vn -0.2798 0.8674 0.4114
vn -0.8440 0.2125 -0.4924
vn -0.3666 0.6053 -0.7066
vn 0.7442 -0.5213 -0.4176
vn -0.0153 -0.7853 -0.6189
vn 0.6141 -0.3109 -0.7254
vn -0.5995 -0.2561 -0.7583
vn -0.7717 -0.5136 -0.3750
vn -0.8883 -0.4553 0.0595
vn -0.8418 -0.4770 -0.2527
vn -0.9293 -0.2337 -0.2861
vn -0.8187 -0.5135 -0.2571
vn -0.9292 -0.2738 -0.2482
vn -0.9895 -0.1222 0.0766
vn -0.5699 -0.8191 0.0660
vn -0.7545 -0.0166 0.6561
vn -0.5792 -0.4451 0.6830
vn -0.1070 0.0483 0.9931
vn -0.0193 -0.7298 0.6834
vn 0.5354 0.0092 0.8445
vn 0.5932 -0.4127 0.6912
vn 0.9063 -0.1895 0.3777
vn 0.5278 -0.8366 0.1467
vn 0.8877 -0.4599 0.0201
vn 0.4507 -0.8606 -0.2372
vn 0.8692 -0.4295 -0.2449
vn 0.8297 -0.5299 -0.1755
vn 0.8497 -0.4291 -0.3064
vn 0.2941 -0.7658 0.5719
vn -0.3599 -0.8703 0.3363
vn 0.4654 0.7250 0.5077
vn 0.9660 0.2311 0.1160
vn 0.6627 0.5981 0.4506
vn 0.1816 0.6924 0.6982
vn -0.3395 0.7637 0.5491
vn 0.4481 0.3721 0.8129
vn 0.8591 0.2393 0.4524
vn 0.2705 0.8300 0.4878
vn -0.1088 0.5427 0.8329
vn -0.3423 0.8411 0.4188
vn -0.7564 0.3735 0.5370
vn -0.9149 0.3283 0.2349
vn 0.9491 -0.3140 0.0237
vn 0.9366 -0.2609 -0.2338
vn 0.9843 -0.0282 -0.1744
vn 0.9354 0.3288 0.1298
vn 0.5778 0.5544 0.5991
vn -0.3898 0.6331 0.6688
vn -0.9303 0.3169 0.1846
vn 0.9864 -0.0600 -0.1531
vn 0.9859 0.0956 -0.1375
vn 0.9507 0.2195 0.2192
vn 0.9894 0.0809 0.1204
vn 0.4496 0.3445 0.8241
vn -0.9855 -0.0792 -0.1503
vn -0.9504 0.2555 0.1773
vn -0.8996 -0.3878 -0.2007
vn -0.9890 -0.0839 -0.1222
vn -0.4865 0.3122 0.8160
vn -0.9222 0.2287 0.3118
vn -0.9981 0.0299 -0.0534
vn 0.4430 -0.1220 -0.8882
vn 0.8794 0.0265 -0.4754
vn 0.3482 0.0991 -0.9322
vn 0.5239 0.1939 -0.8294
vn 0.8922 0.1511 -0.4256
vn 0.3697 0.0259 -0.9288
vn 0.7902 -0.1060 -0.6036
vn 0.1868 -0.0547 -0.9809
vn 0.9309 -0.1406 -0.3372
vn 0.8865 -0.2419 -0.3945
vn 0.4544 0.0028 -0.8908
vn 0.9201 0.0287 -0.3907
vn -0.4901 -0.0240 -0.8714
vn -0.3055 0.1991 -0.9311
vn -0.3238 0.0412 -0.9452
vn -0.4545 -0.0662 -0.8883
vn -0.4121 -0.0342 -0.9105
vn -0.2060 0.0491 -0.9773
vn 0.8302 -0.1109 -0.5463
vn 0.9856 -0.1328 -0.1042
vn 0.9705 -0.1158 0.2113
vn 0.5133 -0.0316 0.8576
vn -0.3465 0.0449 0.9370
vn -0.9197 0.0138 0.3925
vn -0.9231 0.0727 -0.3776
vn -0.8556 0.0444 -0.5157
vn -0.8886 -0.2823 -0.3614
vn -0.9794 -0.0224 -0.2009
vn -0.8259 -0.0738 0.5590
vn -0.1816 -0.0660 0.9812
vn 0.8406 -0.1383 0.5237
vn 0.9776 -0.2067 -0.0400
vn 0.3265 -0.0770 0.9421
vn -0.7860 -0.0616 -0.6152
vn -0.9892 -0.1369 0.0533
vn -0.5724 -0.0170 -0.8198
vn -0.6901 -0.7192 0.0812
vn -0.4803 -0.5583 0.6765
vn -0.6725 -0.5100 0.5363
vn -0.5078 -0.6572 0.5570
vn -0.6368 -0.7575 -0.1440
vn -0.0774 -0.6733 0.7353
vn 0.1967 -0.9593 -0.2025
vn -0.6447 -0.5624 -0.5178
vn 0.3630 -0.3352 -0.8694
vn -0.4471 -0.2767 -0.8506
vn -0.9560 -0.1933 -0.2207
vn -0.9537 -0.0051 0.3007
vn -0.7940 -0.2664 0.5465
vn -0.2607 -0.1134 0.9587
vn 0.0937 0.1448 0.9850
vn -0.5812 -0.1243 0.8042
vn 0.1484 0.1383 0.9792
vn -0.5274 -0.2718 0.8050
vn -0.1065 -0.1075 0.9885
vn 0.1663 -0.0320 0.9856
vn 0.1776 -0.4424 0.8790
vn 0.1015 -0.9775 0.1851
vn -0.1728 -0.7325 -0.6585
vn -0.1428 -0.2960 -0.9444
vn -0.5423 -0.5209 -0.6592
vn -0.7960 -0.5933 -0.1199
vn -0.8504 -0.5180 0.0918
vn 0.2619 -0.2222 -0.9392
vn 0.3630 0.1555 -0.9187
vn -0.4277 -0.3285 -0.8421
vn 0.0930 0.2956 -0.9508
vn -0.3951 -0.4864 -0.7793
vn -0.0098 -0.1419 -0.9898
vn -0.4643 -0.8074 -0.3640
vn 0.0732 -0.5968 -0.7990
vn 0.3265 -0.9413 0.0862
vn -0.3514 -0.7755 0.5246
vn -0.5291 -0.8484 -0.0190
vn -0.2945 -0.6062 0.7388
vn -0.4492 -0.5474 0.7061
vn -0.6967 -0.6986 -0.1628
vn -0.8161 -0.5762 -0.0451
vn -0.6218 -0.4709 0.6258
vn -0.6833 -0.7285 -0.0490
vn -0.3541 -0.3104 -0.8822
vn -0.8466 -0.3892 -0.3630
vn -0.7440 -0.3375 0.5767
vn 0.1251 0.0221 0.9919
vn -0.6454 -0.2020 0.7366
vn 0.0178 -0.0094 0.9998
vn -0.7059 0.4557 0.5423
vn -0.6565 0.2992 0.6925
vn -0.0817 0.3543 0.9316
vn -0.8667 0.2561 0.4280
vn -0.9220 0.3127 0.2285
vn -0.8612 0.1565 0.4837
vn -0.8238 -0.1332 0.5510
vn -0.9240 -0.3371 -0.1803
vn -0.5162 -0.3781 -0.7685
vn -0.9889 -0.1228 0.0837
vn -0.9903 -0.0250 0.1369
vn -0.8911 -0.1135 0.4393
vn -0.9088 -0.3622 -0.2073
vn -0.9181 -0.2164 -0.3320
vn -0.5230 -0.2835 -0.8038
vn 0.4286 0.1948 0.8822
vn 0.5632 0.1076 0.8193
vn -0.0228 0.2771 0.9606
vn -0.2283 0.2377 0.9441
vn 0.6566 0.3063 0.6893
vn 0.8395 0.2149 0.4990
vn 0.0436 0.1641 0.9855
vn -0.7429 0.0323 0.6686
vn -0.5909 0.1979 0.7821
vn -0.6083 -0.3322 -0.7208
vn -0.4753 -0.6051 -0.6387
vn -0.8889 -0.4559 -0.0438
vn -0.2896 -0.9337 0.2105
vn -0.7385 -0.2764 0.6150
vn -0.1294 0.0095 0.9915
vn -0.6642 -0.1418 0.7340
vn -0.6179 -0.2539 0.7441
vn -0.0554 -0.0116 0.9984
vn -0.7219 -0.3677 0.5863
vn -0.8964 -0.4420 0.0330
vn -0.9067 -0.3956 -0.1462
vn -0.9543 -0.2878 -0.0807
vn 0.7106 0.1239 0.6926
vn 0.0732 -0.3553 0.9319
vn 0.1397 0.0610 0.9883
vn 0.7579 -0.1308 0.6391
vn 0.3304 -0.6229 0.7091
vn -0.4473 -0.1150 0.8870
vn -0.1679 0.2441 0.9551
vn -0.3596 0.4964 0.7901
vn -0.7034 0.5091 0.4960
vn -0.9072 0.3831 0.1741
vn -0.9769 0.1803 -0.1145
vn -0.9836 -0.1008 -0.1494
vn -0.9303 -0.3645 0.0401
vn 0.0241 -0.1017 0.9945
vn 0.2390 -0.0205 0.9708
vn 0.3007 -0.4306 0.8510
vn -0.8705 -0.2898 -0.3978
vn -0.2149 -0.2677 -0.9392
vn -0.3406 -0.2653 -0.9020
vn -0.8701 -0.3996 -0.2884
vn -0.7318 -0.5322 -0.4258
vn 0.7587 -0.5168 -0.3966
vn 0.8244 -0.4255 0.3734
vn 0.9091 -0.4164 -0.0115
vn 0.9976 0.0589 0.0362
vn 0.6645 -0.2674 -0.6978
vn 0.6028 -0.0586 -0.7958
vn -0.2247 -0.3153 -0.9220
vn -0.6726 -0.7115 -0.2035
vn -0.7651 -0.5114 0.3912
vn -0.8004 -0.2563 0.5420
vn -0.8687 -0.1316 0.4776
vn -0.9540 -0.1840 -0.2366
vn -0.5334 -0.2152 -0.8180
vn 0.0644 -0.2768 -0.9588
vn 0.9983 -0.0124 -0.0569
vn 0.7668 0.6290 -0.1281
vn 0.5193 0.2833 -0.8062
vn 0.7090 0.6922 -0.1347
vn 0.6685 0.1198 0.7340
vn 0.9983 0.0227 -0.0530
vn 0.9259 0.3651 -0.0974
vn 0.6020 0.4608 0.6521
vn 0.8161 0.3652 0.4479
vn 0.8178 0.2062 -0.5373
vn 0.0732 -0.1982 -0.9774
vn 0.1225 0.0518 0.9911
vn -0.1458 0.0037 0.9893
vn 0.6261 -0.4366 -0.6461
vn 0.8214 -0.2400 0.5174
vn -0.2364 -0.9672 0.0928
vn -0.1286 -0.3985 0.9081
vn 0.1639 0.0226 0.9862
vn -0.5946 -0.5032 0.6271
vn -0.6468 -0.6319 0.4271
vn -0.6493 -0.6574 -0.3824
vn -0.1710 -0.1155 0.9785
vn -0.2064 -0.5810 -0.7873
vn -0.9003 -0.0096 -0.4351
vn -0.4153 -0.1201 -0.9017
vn 0.1406 -0.2960 -0.9448
vn 0.8396 -0.4538 -0.2985
vn 0.8915 -0.4303 -0.1415
vn 0.8383 -0.5227 -0.1547
vn 0.9555 -0.2926 -0.0384
vn 0.9189 -0.0898 -0.3840
vn 0.3810 0.8865 -0.2626
vn 0.5259 0.8121 -0.2529
vn 0.5954 0.7379 -0.3177
vn 0.4771 0.5500 0.6855
vn 0.7069 0.6080 0.3615
vn 0.5980 0.5064 -0.6213
vn 0.3950 0.0106 -0.9186
vn 0.6060 -0.1897 -0.7725
vn 0.8516 -0.5234 -0.0276
vn 0.9179 0.0314 0.3957
vn 0.7759 0.3648 0.5147
vn 0.9049 0.1628 -0.3933
vn 0.8048 0.4404 -0.3979
vn 0.9405 0.1831 0.2863
vn 0.7591 -0.0362 -0.6499
vn 0.8743 -0.3993 -0.2761
vn 0.9463 0.0022 -0.3234
vn 0.9391 0.1462 -0.3111
vn 0.8479 0.4137 -0.3315
vn 0.9551 0.2150 0.2039
vn 0.9979 -0.0232 0.0613
vn 0.8609 -0.3247 -0.3916
vn 0.7657 -0.4476 -0.4620
vn 0.9716 -0.0978 -0.2155
vn 0.7970 -0.3479 -0.4937
vn 0.8509 0.3546 0.3877
vn 0.5909 0.4725 0.6539
vn 0.7111 0.4051 0.5747
vn 0.9783 0.0279 0.2054
vn 0.7991 -0.5144 -0.3111
vn 0.5777 -0.6816 -0.4492
vn 0.6953 -0.5672 -0.4414
vn -0.5935 -0.5296 -0.6060
vn -0.0355 -0.5128 -0.8578
vn -0.5825 -0.3680 -0.7248
vn -0.0122 -0.9117 -0.4106
vn 0.6268 -0.5610 -0.5407
vn 0.4558 -0.8177 -0.3517
vn 0.3921 -0.4632 -0.7948
vn 0.5593 -0.3078 -0.7697
vn 0.7140 -0.3735 -0.5922
vn 0.6577 -0.6907 -0.3005
vn 0.9980 -0.0373 -0.0508
vn 0.8096 -0.1995 -0.5520
vn -0.0454 -0.4568 -0.8884
vn -0.8220 -0.4012 -0.4041
vn -0.9453 -0.3114 -0.0971
vn -0.6638 -0.7440 -0.0762
vn 0.8187 -0.1127 -0.5631
vn 0.7123 -0.3342 -0.6172
vn -0.7998 -0.2147 0.5606
vn -0.8635 -0.0288 0.5035
vn -0.6742 -0.6984 -0.2403
vn -0.3777 -0.8679 0.3228
vn 0.2620 -0.9440 -0.2004
vn 0.0190 -0.7331 -0.6799
vn -0.1553 -0.1540 -0.9758
vn 0.1321 -0.1320 -0.9824
vn 0.6492 -0.4768 -0.5926
vn -0.5934 0.0531 -0.8032
vn -0.0862 -0.1765 -0.9805
vn -0.4435 -0.1122 -0.8892
vn -0.7748 -0.0682 -0.6286
vn -0.9586 0.1945 -0.2079
vn -0.7675 0.0278 -0.6404
vn -0.5513 0.1128 -0.8266
vn -0.0804 -0.2419 -0.9670
vn 0.8639 -0.5012 -0.0498
vn 0.8051 -0.5467 -0.2300
vn 0.8454 -0.5340 -0.0093
vn -0.6070 0.1473 0.7810
vn 0.9637 -0.2669 0.0084
vn 0.5226 -0.2824 0.8044
vn -0.3413 -0.1742 0.9237
vn -0.8353 0.4603 0.3006
vn -0.8975 0.4108 -0.1607
vn -0.8459 0.5334 0.0034
vn -0.7923 0.4945 0.3574
vn -0.5465 0.5462 0.6349
vn -0.4035 0.5606 0.7232
vn -0.0095 0.5496 0.8354
vn 0.0959 0.5805 0.8086
vn -0.5447 0.0412 -0.8376
vn -0.8180 0.1003 -0.5664
vn 0.8875 0.3141 0.3371
vn 0.9114 0.3076 0.2735
vn 0.9188 0.2485 0.3066
vn 0.9428 -0.1939 0.2710
vn 0.8358 -0.4682 -0.2866
vn 0.7836 -0.6208 0.0239
vn -0.9002 0.2148 -0.3787
vn -0.0800 0.3183 0.9446
vn -0.1675 0.2607 0.9508
vn -0.0598 0.4168 0.9070
vn 0.3133 0.4062 0.8584
vn 0.5722 0.4893 0.6582
vn 0.3303 0.4391 0.8355
vn 0.8373 -0.4540 0.3047
vn 0.6599 -0.3184 -0.6805
vn 0.5706 -0.7876 -0.2327
vn 0.6356 -0.4598 0.6201
vn 0.9737 -0.2071 0.0948
vn 0.8577 0.1562 0.4898
vn 0.3344 0.0346 -0.9418
vn 0.9459 0.2221 -0.2367
vn 0.2904 -0.1583 -0.9437
vn 0.9742 -0.0380 -0.2226
vn 0.5596 -0.6117 -0.5592
vn 0.8685 0.4204 -0.2627
vn 0.9017 0.3127 -0.2987
vn 0.9332 0.1137 -0.3409
vn 0.9620 -0.1761 -0.2087
vn 0.8747 0.0415 0.4829
vn 0.9613 -0.0449 -0.2719
vn 0.4464 -0.1002 -0.8892
vn 0.8302 0.3723 0.4149
vn 0.7821 0.5379 -0.3147
vn 0.6223 0.7236 -0.2986
vn 0.1918 0.1519 -0.9696
vn 0.6954 0.6606 -0.2831
vn 0.8190 0.4250 0.3856
vn 0.9484 -0.0633 0.3108
vn 0.6830 0.2217 -0.6959
vn 0.5014 0.4295 0.7511
vn 0.8041 0.2762 0.5264
vn 0.6611 0.3360 0.6708
vn 0.2255 0.4301 0.8742
vn 0.0660 0.3793 0.9229
vn -0.0280 0.4252 0.9047
vn -0.8987 -0.3942 -0.1922
vn -0.7589 -0.2223 -0.6121
vn -0.9363 -0.2122 -0.2799
vn -0.8340 -0.0471 -0.5497
vn -0.4969 0.0578 -0.8659
vn -0.3471 -0.2112 -0.9137
vn 0.0883 -0.0085 -0.9961
vn 0.0967 -0.2791 -0.9554
vn 0.6515 -0.4772 -0.5898
vn 0.4655 -0.1797 -0.8666
vn 0.1067 -0.4200 -0.9012
vn 0.1438 -0.5823 -0.8001
vn -0.3789 -0.4410 -0.8136
vn -0.3546 -0.5431 -0.7611
vn -0.6988 -0.4393 -0.5645
vn -0.7471 -0.4149 -0.5194
vn -0.8824 -0.4165 -0.2188
vn -0.9076 -0.3696 -0.1990
vn -0.9265 -0.3740 -0.0428
vn 0.6246 -0.5864 -0.5158
vn 0.2508 -0.7819 -0.5708
vn 0.9379 -0.3468 0.0003
vn 0.4749 -0.4848 -0.7345
vn 0.8746 -0.2525 -0.4138
vn 0.9631 -0.2339 -0.1334
vn 0.8779 -0.1377 -0.4587
vn 0.9386 -0.1446 -0.3132
vn 0.5557 0.0391 -0.8304
vn 0.8347 0.0264 -0.5500
vn 0.4039 -0.7832 -0.4727
vn -0.9354 -0.3422 -0.0895
vn -0.7391 0.6263 0.2481
vn 0.7394 0.6276 0.2438
vn 0.0033 -0.8681 0.4963
vn -0.7416 -0.2748 0.6120
vn -0.3462 -0.9326 -0.1020
vn -0.3449 -0.6968 -0.6289
vn -0.5937 -0.1681 -0.7869
vn -0.5919 0.1650 0.7889
vn -0.5994 0.3223 -0.7327
vn -0.5918 0.5980 0.5405
vn -0.3661 0.8143 -0.4504
vn 0.0073 0.9942 0.1075
vn -0.0063 0.7414 -0.6711
vn 0.5923 0.8011 -0.0864
vn 0.7417 0.1369 -0.6566
vn 0.5927 0.3285 0.7354
vn 0.5921 -0.1653 0.7888
vn 0.7420 -0.2759 -0.6109
vn 0.3434 -0.6962 0.6303
vn 0.3457 -0.9330 0.1001
vn -0.0007 -0.8681 -0.4963
vn 0.0028 0.8697 0.4936
vn -0.5276 -0.8494 -0.0112
vn -0.5284 -0.6932 0.4902
vn -0.5294 -0.2716 0.8037
vn -0.5314 0.2494 0.8096
vn -0.5302 0.6802 0.5062
vn -0.5265 0.8501 0.0074
vn -0.5304 0.6923 -0.4893
vn -0.5307 0.2722 -0.8026
vn -0.5299 -0.2526 -0.8096
vn -0.5281 -0.6810 -0.5073
vn -0.8275 -0.5600 -0.0407
vn -0.7959 -0.5165 0.3158
vn -0.9650 -0.2123 0.1541
vn -0.8271 -0.2108 0.5210
vn -0.9648 0.0806 0.2503
vn -0.7958 0.1409 0.5889
vn -0.8292 0.4262 0.3616
vn -0.8281 -0.1345 -0.5442
vn -0.7959 -0.4600 -0.3936
vn -0.9650 -0.2121 -0.1543
vn -0.9649 0.0812 -0.2496
vn -0.7965 0.2323 -0.5583
vn -0.8272 0.4768 -0.2974
vn -0.9651 0.2620 0.0004
vn -0.7969 0.6024 0.0459
vn -1.0000 -0.0008 0.0004
vn 0.5293 -0.2522 0.8101
vn 0.5294 -0.6800 0.5073
vn 0.5277 -0.8494 0.0092
vn 0.5277 -0.6935 -0.4904
vn 0.5322 -0.2779 -0.7997
vn 0.5362 0.2379 -0.8099
vn 0.5218 0.6921 -0.4988
vn 0.5207 0.8537 0.0021
vn 0.5301 0.6925 0.4894
vn 0.5310 0.2728 0.8023
vn 0.8275 -0.1345 0.5451
vn 0.7956 -0.4602 0.3940
vn 0.9650 -0.2122 0.1541
vn 0.8276 -0.5599 0.0395
vn 0.9650 -0.2119 -0.1542
vn 0.7956 -0.5166 -0.3165
vn 0.8279 -0.2118 -0.5193
vn 0.8029 0.1281 -0.5822
vn 0.8357 0.4218 -0.3517
vn 0.7949 0.6060 -0.0306
vn 0.8268 0.4770 0.2982
vn 0.7957 0.2325 0.5593
vn 0.9648 0.0808 0.2504
vn 1.0000 0.0001 0.0008
vn 0.9655 0.0784 -0.2483
vn 0.9652 0.2614 0.0038
vn 0.8435 0.5366 0.0245
vn -0.4385 0.6701 -0.5989
vn -0.8009 0.4110 0.4355
vn -0.3976 -0.4935 -0.7736
vn 0.7704 -0.6374 0.0131
vn 0.0262 -0.4978 0.8669
vn -0.4607 0.3193 -0.8281
vn -0.6252 0.7748 -0.0937
vn -0.2318 0.7721 -0.5918
vn 0.9485 0.3165 0.0158
vn 0.9476 -0.3191 -0.0144
vn 0.4874 0.3158 -0.8141
vn 0.4634 -0.3140 -0.8286
vn 0.6244 -0.7758 -0.0906
vn 0.2332 -0.7766 -0.5852
vn -0.4886 -0.3149 -0.8137
vn -0.9481 0.3176 -0.0141
vn -0.3931 0.7752 0.4945
vn -0.0014 1.0000 -0.0009
vn 0.3939 0.7742 -0.4955
vn 0.6226 0.7767 0.0953
vn 0.2286 0.7760 0.5878
vn -0.4871 0.3183 0.8133
vn -0.9476 -0.3191 0.0184
vn -0.3958 -0.7771 -0.4894
vn -0.0014 -1.0000 0.0024
vn 0.3925 -0.7771 0.4920
vn 0.4872 -0.3186 0.8131
vn 0.4603 0.3182 0.8288
vn -0.4604 -0.3183 0.8287
vn -0.6239 -0.7755 0.0971
vn -0.2308 -0.7766 0.5862
vn -0.3932 0.7752 0.4945
vn 0.3940 0.7741 -0.4955
vn 0.4874 0.3157 -0.8141
vn 0.4635 -0.3140 -0.8286
vn 0.6245 -0.7758 -0.0906
vn 0.2333 -0.7766 -0.5852
vn -0.0013 -1.0000 0.0023
vn -0.6239 -0.7755 0.0970
vn -0.9475 -0.3191 0.0183
vn -0.4871 0.3183 0.8132
vn 0.2287 0.7760 0.5878
vn -0.0015 1.0000 -0.0009
vn -0.2318 0.7720 -0.5918
vn -0.4887 -0.3150 -0.8136
vn 0.4873 -0.3185 0.8131
vn -0.2309 -0.7766 0.5862
vn 0.3926 -0.7771 0.4919
vn 0.4945 0.4057 -0.7687
vn -0.6212 0.7833 0.0236
vn 0.0766 0.4874 0.8698
vn -0.9336 -0.3581 0.0142
vn 0.2815 -0.7423 -0.6081
vn 0.7043 -0.5667 0.4276
vn -0.5545 0.8322 0.0030
vn -0.2641 0.9572 -0.1188
vn -0.6795 0.7247 -0.1144
vn -0.8755 0.4832 -0.0009
vn -0.9368 0.3303 -0.1151
vn -0.9994 0.0280 -0.0183
vn -0.9827 -0.1437 -0.1172
vn -0.8941 -0.4477 -0.0088
vn -0.8052 -0.5834 -0.1064
vn -0.5839 -0.8118 0.0116
vn -0.4416 -0.8912 -0.1036
vn -0.1375 -0.9904 0.0131
vn 0.0276 -0.9939 -0.1064
vn 0.3535 -0.9353 0.0156
vn 0.4967 -0.8623 -0.0992
vn 0.7466 -0.6651 0.0156
vn 0.8343 -0.5425 -0.0978
vn 0.9662 -0.2577 -0.0006
vn 0.9883 -0.0914 -0.1224
vn 0.9748 0.2228 -0.0072
vn 0.9183 0.3755 -0.1258
vn 0.7586 0.6515 0.0086
vn 0.6399 0.7584 -0.1240
vn 0.3781 0.9257 0.0055
vn 0.2120 0.9696 -0.1224
vn -0.1038 0.9946 0.0007
vn 0.3390 -0.5896 0.7331
vn 0.3721 -0.2779 0.8856
vn 0.2012 -0.3814 0.9022
vn 0.1658 -0.1123 0.9797
vn 0.0308 -0.6770 0.7353
vn 0.0352 -0.8089 0.5869
vn 0.4137 -0.7052 0.5758
vn 0.5725 -0.3701 0.7316
vn 0.3871 -0.0569 0.9203
vn 0.1791 -0.0251 0.9835
vn -0.3520 -0.7359 0.5783
vn 0.6975 -0.4413 0.5645
vn 0.6771 -0.0553 0.7338
vn 0.4312 0.1615 0.8877
vn 0.1773 0.0740 0.9814
vn -0.0044 -0.0087 1.0000
vn 0.0886 -0.1808 0.9795
vn -0.1495 -0.1219 0.9812
vn -0.1970 -0.0420 0.9795
vn 0.0053 -0.4333 0.9012
vn -0.0034 -0.2057 0.9786
vn -0.0931 -0.1826 0.9788
vn -0.3275 -0.2413 0.9135
vn -0.4193 -0.0834 0.9040
vn -0.1924 -0.3914 0.8999
vn -0.1826 0.0635 0.9811
vn -0.4349 0.1289 0.8912
vn -0.6687 -0.1020 0.7365
vn -0.5420 -0.4281 0.7232
vn -0.2887 -0.6172 0.7319
vn -0.6520 0.2496 0.7160
vn -0.4748 0.4908 0.7305
vn -0.2646 0.2993 0.9167
vn -0.1333 0.1275 0.9828
vn -0.5754 0.5847 0.5719
vn -0.7847 0.2548 0.5651
vn -0.2370 0.7793 0.5801
vn -0.1929 0.6521 0.7332
vn -0.1074 0.4576 0.8827
vn -0.0615 0.1894 0.9800
vn 0.1277 0.6724 0.7291
vn 0.1545 0.8023 0.5766
vn 0.1797 0.9343 0.3079
vn -0.2804 0.9093 0.3076
vn -0.6708 0.6776 0.3016
vn -0.9100 0.2921 0.2942
vn -0.8142 -0.1490 0.5611
vn 0.2600 0.3055 0.9160
vn 0.0431 0.1877 0.9813
vn 0.1124 0.1416 0.9835
vn 0.0902 0.4233 0.9015
vn 0.4218 0.5470 0.7231
vn 0.5102 0.6521 0.5608
vn 0.5929 0.7481 0.2979
vn 0.8729 0.4052 0.2717
vn 0.7568 0.3533 0.5499
vn 0.9621 -0.0524 0.2676
vn 0.8247 -0.0574 0.5626
vn 0.8131 -0.5052 0.2891
vn 0.6244 0.2853 0.7271
vn 0.5839 -0.8118 0.0116
vn 0.8941 -0.4477 -0.0088
vn 0.9995 0.0279 -0.0172
vn 0.8755 0.4832 -0.0002
vn 0.5545 0.8322 0.0030
vn 0.1038 0.9946 0.0007
vn -0.3736 0.9276 -0.0006
vn -0.7606 0.6493 -0.0017
vn -0.9748 0.2228 -0.0072
vn -0.9414 -0.1697 0.2916
vn -0.9662 -0.2577 -0.0005
vn -0.7603 -0.5776 0.2971
vn -0.7466 -0.6651 0.0153
vn -0.4158 -0.8524 0.3171
vn -0.6545 -0.5034 0.5641
vn 0.0434 -0.9466 0.3195
vn 0.4861 -0.8188 0.3054
vn -0.3535 -0.9353 0.0156
vn 0.1375 -0.9904 0.0131
vn 0.4158 -0.8524 0.3171
vn -0.0434 -0.9466 0.3195
vn -0.0352 -0.8089 0.5869
vn -0.4861 -0.8188 0.3054
vn -0.4137 -0.7052 0.5758
vn -0.3390 -0.5896 0.7331
vn -0.8131 -0.5052 0.2891
vn -0.6975 -0.4413 0.5646
vn -0.5724 -0.3701 0.7317
vn -0.3721 -0.2778 0.8856
vn -0.9621 -0.0524 0.2676
vn -0.8247 -0.0574 0.5626
vn -0.6770 -0.0553 0.7339
vn -0.3871 -0.0569 0.9203
vn -0.1658 -0.1123 0.9797
vn -0.2012 -0.3814 0.9022
vn -0.1791 -0.0251 0.9835
vn -0.0886 -0.1808 0.9795
vn 0.0039 -0.0085 1.0000
vn -0.1779 0.0765 0.9811
vn -0.4281 0.1685 0.8879
vn -0.6188 0.2957 0.7278
vn -0.7530 0.3551 0.5540
vn -0.8729 0.4052 0.2716
vn -0.5049 0.6424 0.5766
vn -0.5930 0.7481 0.2979
vn -0.4119 0.5450 0.7303
vn -0.2577 0.3167 0.9129
vn -0.1157 0.1463 0.9825
vn -0.0453 0.1963 0.9795
vn -0.1131 0.6629 0.7401
vn -0.1481 0.7863 0.5999
vn -0.0909 0.4303 0.8981
vn 0.0639 0.1986 0.9780
vn 0.1185 0.4744 0.8723
vn 0.1920 0.6391 0.7447
vn 0.2360 0.7620 0.6030
vn 0.4593 0.4929 0.7390
vn 0.5793 0.5830 0.5697
vn 0.6476 0.2593 0.7165
vn 0.4317 0.1350 0.8919
vn 0.6679 -0.0954 0.7381
vn 0.7817 0.2629 0.5655
vn 0.6691 0.6754 0.3100
vn 0.2937 0.9049 0.3080
vn -0.1796 0.9343 0.3079
vn 0.3222 -0.2329 0.9176
vn 0.4192 -0.0834 0.9041
vn 0.9070 0.2973 0.2982
vn 0.9435 -0.1672 0.2861
vn 0.8164 -0.1393 0.5605
vn 0.6524 -0.5192 0.5521
vn 0.5316 -0.4229 0.7339
vn 0.2727 -0.6264 0.7303
vn 0.1828 -0.3882 0.9033
vn -0.0052 -0.4333 0.9012
vn 0.0931 -0.1826 0.9788
vn 0.0034 -0.2057 0.9786
vn 0.1495 -0.1220 0.9812
vn 0.1970 -0.0420 0.9795
vn 0.1833 0.0659 0.9808
vn 0.2641 0.3134 0.9122
vn 0.1364 0.1313 0.9819
vn -0.0308 -0.6771 0.7353
vn 0.3449 -0.7473 0.5680
vn 0.7597 -0.5867 0.2804
vn -0.0276 -0.9939 -0.1064
vn -0.4967 -0.8623 -0.0991
vn -0.8343 -0.5425 -0.0978
vn -0.9882 -0.0913 -0.1233
vn 0.6794 0.7247 -0.1144
vn 0.9369 0.3303 -0.1143
vn 0.9827 -0.1437 -0.1172
vn 0.8052 -0.5834 -0.1064
vn 0.4416 -0.8912 -0.1036
vn -0.9182 0.3755 -0.1258
vn -0.6400 0.7583 -0.1240
vn -0.2120 0.9696 -0.1225
vn 0.2641 0.9572 -0.1188
usemtl hands.007
s 1
f 1561/1684/1584 1562/1685/1585 1563/1686/1586
f 1564/1687/1587 1563/1686/1586 1562/1685/1585
f 1562/1685/1585 1565/1688/1588 1564/1687/1587
f 1564/1687/1587 1565/1688/1588 1566/1689/1589
f 1567/1690/1590 1566/1689/1589 1565/1688/1588
f 1566/1689/1589 1567/1690/1590 1568/1691/1591
f 1569/1692/1592 1570/1693/1593 1571/1694/1594
f 1570/1693/1593 1569/1692/1592 1572/1695/1595
f 1573/1696/1596 1572/1695/1595 1574/1697/1597
f 1573/1696/1596 1570/1693/1593 1572/1695/1595
f 1568/1691/1591 1570/1693/1593 1573/1696/1596
f 1570/1693/1593 1568/1691/1591 1567/1690/1590
f 1571/1694/1594 1570/1693/1593 1567/1690/1590
f 1571/1694/1594 1567/1690/1590 1565/1688/1588
f 1575/1698/1598 1571/1694/1594 1565/1688/1588
f 1565/1688/1588 1562/1685/1585 1575/1698/1598
f 1576/1699/1599 1575/1698/1598 1562/1685/1585
f 1562/1685/1585 1561/1684/1584 1576/1699/1599
f 1576/1699/1599 1561/1684/1584 1577/1700/1600
f 1577/1700/1600 1561/1684/1584 1578/1701/1601
f 1578/1701/1601 1561/1684/1584 1579/1702/1602
f 1561/1684/1584 1563/1686/1586 1579/1702/1602
f 1580/1703/1603 1579/1702/1602 1563/1686/1586
f 1581/1704/1604 1580/1703/1603 1563/1686/1586
f 1582/1705/1605 1581/1704/1604 1563/1686/1586
f 1563/1686/1586 1564/1687/1587 1582/1705/1605
f 1583/1706/1606 1582/1705/1605 1564/1687/1587
f 1566/1689/1589 1583/1706/1606 1564/1687/1587
f 1583/1706/1606 1566/1689/1589 1584/1707/1607
f 1566/1689/1589 1568/1691/1591 1584/1707/1607
f 1585/1708/1608 1584/1707/1607 1568/1691/1591
f 1573/1696/1596 1585/1708/1608 1568/1691/1591
f 1585/1708/1608 1573/1696/1596 1586/1709/1609
f 1574/1697/1597 1586/1709/1609 1573/1696/1596
f 1586/1709/1609 1574/1697/1597 1587/1710/1610
f 1588/1711/1611 1587/1710/1610 1574/1697/1597
f 1589/1712/1612 1588/1711/1611 1574/1697/1597
f 1574/1697/1597 1590/1713/1613 1589/1712/1612
f 1590/1713/1613 1574/1697/1597 1572/1695/1595
f 1572/1695/1595 1591/1714/1614 1590/1713/1613
f 1591/1714/1614 1572/1695/1595 1569/1692/1592
f 1569/1692/1592 1592/1715/1615 1591/1714/1614
f 1569/1692/1592 1571/1694/1594 1592/1715/1615
f 1575/1698/1598 1592/1715/1615 1571/1694/1594
f 1593/1716/1616 1594/1717/1617 1595/1718/1618
f 1594/1717/1617 1593/1716/1616 1596/1719/1619
f 1596/1719/1619 1597/1720/1620 1594/1717/1617
f 1598/1721/1621 1599/1722/1622 1600/1723/1623
f 1601/1724/1624 1602/1725/1625 1603/1726/1626
f 1602/1725/1625 1604/1727/1627 1603/1726/1626
f 1604/1727/1627 1602/1725/1625 1605/1728/1628
f 1606/1729/1629 1605/1728/1628 1602/1725/1625
f 1605/1728/1628 1606/1729/1629 1607/1730/1630
f 1608/1731/1631 1607/1730/1630 1606/1729/1629
f 1606/1729/1629 1609/1732/1632 1608/1731/1631
f 1609/1732/1632 1606/1729/1629 1602/1725/1625
f 1602/1725/1625 1610/1733/1633 1609/1732/1632
f 1602/1725/1625 1601/1724/1624 1610/1733/1633
f 1601/1724/1624 1611/1734/1634 1610/1733/1633
f 1611/1734/1634 1601/1724/1624 1612/1735/1635
f 1613/1736/1636 1611/1734/1634 1612/1735/1635
f 1614/1737/1637 1613/1736/1636 1612/1735/1635
f 1613/1736/1636 1614/1737/1637 1600/1723/1623
f 1615/1738/1638 1600/1723/1623 1614/1737/1637
f 1600/1723/1623 1615/1738/1638 1598/1721/1621
f 1595/1718/1618 1598/1721/1621 1615/1738/1638
f 1598/1721/1621 1595/1718/1618 1594/1717/1617
f 1594/1717/1617 1599/1722/1622 1598/1721/1621
f 1599/1722/1622 1594/1717/1617 1597/1720/1620
f 1616/1739/1639 1599/1722/1622 1597/1720/1620
f 1617/1740/1640 1616/1739/1639 1597/1720/1620
f 1618/1741/1641 1617/1740/1640 1597/1720/1620
f 1597/1720/1620 1596/1719/1619 1618/1741/1641
f 1619/1742/1642 1618/1741/1641 1596/1719/1619
f 1620/1743/1643 1619/1742/1642 1596/1719/1619
f 1596/1719/1619 1593/1716/1616 1620/1743/1643
f 1621/1744/1644 1620/1743/1643 1593/1716/1616
f 1621/1744/1644 1593/1716/1616 1595/1718/1618
f 1621/1744/1644 1595/1718/1618 1622/1745/1645
f 1615/1738/1638 1622/1745/1645 1595/1718/1618
f 1622/1745/1645 1615/1738/1638 1623/1746/1646
f 1614/1737/1637 1623/1746/1646 1615/1738/1638
f 1623/1746/1646 1614/1737/1637 1624/1747/1647
f 1612/1735/1635 1624/1747/1647 1614/1737/1637
f 1612/1735/1635 1625/1748/1648 1624/1747/1647
f 1625/1748/1648 1612/1735/1635 1601/1724/1624
f 1601/1724/1624 1626/1749/1649 1625/1748/1648
f 1626/1749/1649 1601/1724/1624 1603/1726/1626
f 1603/1726/1626 1627/1750/1650 1626/1749/1649
f 1627/1750/1650 1603/1726/1626 1604/1727/1627
f 1604/1727/1627 1628/1751/1651 1627/1750/1650
f 1628/1751/1651 1604/1727/1627 1629/1752/1652
f 1604/1727/1627 1605/1728/1628 1629/1752/1652
f 1607/1730/1630 1629/1752/1652 1605/1728/1628
f 1630/1753/1653 1624/1747/1647 1625/1748/1648
f 1631/1754/1654 1621/1744/1644 1622/1745/1645
f 1622/1745/1645 1623/1746/1646 1631/1754/1654
f 1632/1755/1655 1631/1754/1654 1623/1746/1646
f 1632/1755/1655 1623/1746/1646 1633/1756/1656
f 1624/1747/1647 1633/1756/1656 1623/1746/1646
f 1633/1756/1656 1624/1747/1647 1634/1757/1657
f 1624/1747/1647 1630/1753/1653 1634/1757/1657
f 1635/1758/1658 1634/1757/1657 1630/1753/1653
f 1630/1753/1653 1636/1759/1659 1635/1758/1658
f 1636/1759/1659 1630/1753/1653 1625/1748/1648
f 1636/1759/1659 1625/1748/1648 1626/1749/1649
f 1634/1757/1657 1637/1760/1660 1633/1756/1656
f 1637/1760/1660 1632/1755/1655 1633/1756/1656
f 1638/1761/1661 1608/1731/1631 1609/1732/1632
f 1639/1762/1662 1640/1763/1663 1641/1764/1664
f 1642/1765/1665 1641/1764/1664 1640/1763/1663
f 1643/1766/1666 1642/1765/1665 1640/1763/1663
f 1644/1767/1667 1642/1765/1665 1643/1766/1666
f 1643/1766/1666 1645/1768/1668 1644/1767/1667
f 1646/1769/1669 1647/1770/1670 1648/1771/1671
f 1648/1771/1671 1649/1772/1672 1646/1769/1669
f 1649/1772/1672 1650/1773/1673 1646/1769/1669
f 1650/1773/1673 1651/1774/1674 1646/1769/1669
f 1651/1774/1674 1637/1760/1660 1646/1769/1669
f 1637/1760/1660 1634/1757/1657 1646/1769/1669
f 1647/1770/1670 1646/1769/1669 1634/1757/1657
f 1634/1757/1657 1635/1758/1658 1647/1770/1670
f 1635/1758/1658 1652/1775/1675 1647/1770/1670
f 1652/1775/1675 1635/1758/1658 1653/1776/1676
f 1636/1759/1659 1653/1776/1676 1635/1758/1658
f 1653/1776/1676 1636/1759/1659 1654/1777/1677
f 1655/1778/1678 1654/1777/1677 1636/1759/1659
f 1636/1759/1659 1626/1749/1649 1655/1778/1678
f 1626/1749/1649 1656/1779/1679 1655/1778/1678
f 1656/1779/1679 1626/1749/1649 1627/1750/1650
f 1627/1750/1650 1657/1780/1680 1656/1779/1679
f 1657/1780/1680 1627/1750/1650 1628/1751/1651
f 1658/1781/1681 1657/1780/1680 1628/1751/1651
f 1658/1781/1681 1628/1751/1651 1629/1752/1652
f 1659/1782/1682 1658/1781/1681 1629/1752/1652
f 1639/1762/1662 1659/1782/1682 1629/1752/1652
f 1640/1763/1663 1639/1762/1662 1629/1752/1652
f 1629/1752/1652 1607/1730/1630 1640/1763/1663
f 1640/1763/1663 1607/1730/1630 1643/1766/1666
f 1607/1730/1630 1608/1731/1631 1643/1766/1666
f 1645/1768/1668 1643/1766/1666 1608/1731/1631
f 1608/1731/1631 1638/1761/1661 1645/1768/1668
f 1638/1761/1661 1660/1783/1683 1645/1768/1668
f 1660/1783/1683 1644/1767/1667 1645/1768/1668
f 1644/1767/1667 1660/1783/1683 1661/1784/1684
f 1661/1784/1684 1662/1785/1685 1644/1767/1667
f 1642/1765/1665 1644/1767/1667 1662/1785/1685
f 1662/1785/1685 1663/1786/1686 1642/1765/1665
f 1641/1764/1664 1642/1765/1665 1663/1786/1686
f 1664/1787/1687 1665/1788/1688 1666/1789/1689
f 1667/1790/1690 1666/1789/1689 1665/1788/1688
f 1666/1789/1689 1667/1790/1690 1668/1791/1691
f 1669/1792/1692 1666/1789/1689 1668/1791/1691
f 1666/1789/1689 1669/1792/1692 1664/1787/1687
f 1670/1793/1693 1664/1787/1687 1669/1792/1692
f 1664/1787/1687 1670/1793/1693 1671/1794/1694
f 1671/1794/1694 1672/1795/1695 1664/1787/1687
f 1665/1788/1688 1664/1787/1687 1672/1795/1695
f 1672/1795/1695 1673/1796/1696 1665/1788/1688
f 1674/1797/1697 1675/1798/1698 1676/1799/1699
f 1677/1800/1700 1676/1799/1699 1675/1798/1698
f 1675/1798/1698 1678/1801/1701 1677/1800/1700
f 1589/1712/1612 1677/1800/1700 1678/1801/1701
f 1678/1801/1701 1679/1802/1702 1589/1712/1612
f 1588/1711/1611 1589/1712/1612 1679/1802/1702
f 1679/1802/1702 1680/1803/1703 1588/1711/1611
f 1587/1710/1610 1588/1711/1611 1680/1803/1703
f 1680/1803/1703 1681/1804/1704 1587/1710/1610
f 1682/1805/1705 1683/1806/1706 1657/1780/1680
f 1683/1806/1706 1684/1807/1707 1657/1780/1680
f 1683/1806/1706 1685/1808/1708 1684/1807/1707
f 1685/1808/1708 1683/1806/1706 1669/1792/1692
f 1669/1792/1692 1668/1791/1691 1685/1808/1708
f 1686/1809/1709 1687/1810/1710 1688/1811/1711
f 1689/1812/1712 1690/1813/1713 1691/1814/1714
f 1690/1813/1713 1692/1815/1715 1691/1814/1714
f 1693/1816/1716 1691/1814/1714 1692/1815/1715
f 1692/1815/1715 1694/1817/1717 1693/1816/1716
f 1687/1810/1710 1695/1818/1718 1696/1819/1719
f 1696/1819/1719 1697/1820/1720 1687/1810/1710
f 1688/1811/1711 1687/1810/1710 1697/1820/1720
f 1697/1820/1720 1698/1821/1721 1688/1811/1711
f 1699/1822/1722 1688/1811/1711 1698/1821/1721
f 1688/1811/1711 1699/1822/1722 1686/1809/1709
f 1699/1822/1722 1700/1823/1723 1686/1809/1709
f 1687/1810/1710 1686/1809/1709 1700/1823/1723
f 1687/1810/1710 1700/1823/1723 1701/1824/1724
f 1695/1818/1718 1687/1810/1710 1701/1824/1724
f 1701/1824/1724 1702/1825/1725 1695/1818/1718
f 1703/1826/1726 1695/1818/1718 1702/1825/1725
f 1702/1825/1725 1704/1827/1727 1703/1826/1726
f 1704/1827/1727 1702/1825/1725 1705/1828/1728
f 1706/1829/1729 1705/1828/1728 1702/1825/1725
f 1705/1828/1728 1706/1829/1729 1689/1812/1712
f 1690/1813/1713 1689/1812/1712 1706/1829/1729
f 1706/1829/1729 1707/1830/1730 1690/1813/1713
f 1692/1815/1715 1690/1813/1713 1707/1830/1730
f 1707/1830/1730 1708/1831/1731 1692/1815/1715
f 1694/1817/1717 1692/1815/1715 1708/1831/1731
f 1708/1831/1731 1709/1832/1732 1694/1817/1717
f 1710/1833/1733 1694/1817/1717 1709/1832/1732
f 1694/1817/1717 1710/1833/1733 1711/1834/1734
f 1711/1834/1734 1693/1816/1716 1694/1817/1717
f 1693/1816/1716 1711/1834/1734 1655/1778/1678
f 1691/1814/1714 1693/1816/1716 1655/1778/1678
f 1656/1779/1679 1691/1814/1714 1655/1778/1678
f 1691/1814/1714 1656/1779/1679 1689/1812/1712
f 1657/1780/1680 1689/1812/1712 1656/1779/1679
f 1689/1812/1712 1657/1780/1680 1684/1807/1707
f 1684/1807/1707 1705/1828/1728 1689/1812/1712
f 1705/1828/1728 1684/1807/1707 1685/1808/1708
f 1685/1808/1708 1704/1827/1727 1705/1828/1728
f 1704/1827/1727 1685/1808/1708 1668/1791/1691
f 1668/1791/1691 1703/1826/1726 1704/1827/1727
f 1703/1826/1726 1668/1791/1691 1667/1790/1690
f 1667/1790/1690 1695/1818/1718 1703/1826/1726
f 1695/1818/1718 1667/1790/1690 1665/1788/1688
f 1665/1788/1688 1696/1835/1719 1695/1818/1718
f 1696/1835/1719 1665/1788/1688 1673/1796/1696
f 1701/1824/1724 1712/1836/1735 1713/1837/1736
f 1712/1836/1735 1701/1824/1724 1700/1823/1723
f 1714/1838/1737 1712/1836/1735 1700/1823/1723
f 1714/1838/1737 1713/1837/1736 1712/1836/1735
f 1713/1837/1736 1714/1838/1737 1715/1839/1738
f 1715/1839/1738 1701/1824/1724 1713/1837/1736
f 1701/1824/1724 1715/1839/1738 1716/1840/1739
f 1706/1829/1729 1701/1824/1724 1716/1840/1739
f 1702/1825/1725 1701/1824/1724 1706/1829/1729
f 1708/1831/1731 1707/1830/1730 1716/1840/1739
f 1707/1830/1730 1706/1829/1729 1716/1840/1739
f 1717/1841/1740 1718/1842/1741 1719/1843/1742
f 1719/1843/1742 1720/1844/1743 1717/1841/1740
f 1720/1844/1743 1719/1843/1742 1710/1833/1733
f 1718/1842/1741 1710/1833/1733 1719/1843/1742
f 1710/1833/1733 1718/1842/1741 1711/1834/1734
f 1718/1842/1741 1654/1777/1677 1711/1834/1734
f 1654/1777/1677 1655/1778/1678 1711/1834/1734
f 1721/1845/1744 1722/1846/1745 1723/1847/1746
f 1722/1846/1745 1721/1845/1744 1724/1848/1747
f 1725/1849/1748 1722/1846/1745 1724/1848/1747
f 1722/1846/1745 1725/1849/1748 1726/1850/1749
f 1722/1846/1745 1726/1850/1749 1723/1847/1746
f 1726/1850/1749 1727/1851/1750 1723/1847/1746
f 1727/1851/1750 1728/1852/1751 1723/1847/1746
f 1700/1823/1723 1699/1822/1722 1714/1838/1737
f 1729/1853/1752 1726/1850/1749 1725/1849/1748
f 1730/1854/1753 1731/1855/1754 1732/1856/1755
f 1731/1855/1754 1733/1857/1756 1732/1856/1755
f 1590/1713/1613 1734/1858/1757 1589/1712/1612
f 1677/1800/1700 1589/1712/1612 1734/1858/1757
f 1670/1859/1693 1735/1860/1758 1671/1861/1694
f 1672/1862/1695 1671/1861/1694 1735/1860/1758
f 1735/1860/1758 1736/1863/1759 1672/1862/1695
f 1652/1775/1675 1653/1776/1676 1737/1864/1760
f 1738/1865/1761 1739/1866/1762 1740/1867/1763
f 1739/1866/1762 1738/1865/1761 1741/1868/1764
f 1742/1869/1765 1741/1868/1764 1738/1865/1761
f 1742/1869/1765 1743/1870/1766 1741/1868/1764
f 1744/1871/1767 1741/1868/1764 1743/1870/1766
f 1741/1868/1764 1744/1871/1767 1739/1866/1762
f 1745/1872/1768 1739/1866/1762 1744/1871/1767
f 1739/1866/1762 1745/1872/1768 1740/1867/1763
f 1745/1872/1768 1746/1873/1769 1740/1867/1763
f 1721/1845/1744 1740/1867/1763 1746/1873/1769
f 1723/1847/1746 1740/1867/1763 1721/1845/1744
f 1740/1867/1763 1723/1847/1746 1738/1865/1761
f 1728/1852/1751 1738/1865/1761 1723/1847/1746
f 1738/1865/1761 1728/1852/1751 1742/1869/1765
f 1747/1874/1770 1742/1869/1765 1728/1852/1751
f 1747/1874/1770 1748/1875/1771 1742/1869/1765
f 1743/1870/1766 1742/1869/1765 1748/1875/1771
f 1748/1875/1771 1730/1854/1753 1743/1870/1766
f 1732/1856/1755 1743/1870/1766 1730/1854/1753
f 1743/1870/1766 1732/1856/1755 1744/1871/1767
f 1744/1871/1767 1732/1856/1755 1733/1857/1756
f 1733/1857/1756 1745/1872/1768 1744/1871/1767
f 1733/1857/1756 1649/1772/1672 1745/1872/1768
f 1746/1873/1769 1745/1872/1768 1649/1772/1672
f 1649/1772/1672 1648/1771/1671 1746/1873/1769
f 1648/1771/1671 1721/1845/1744 1746/1873/1769
f 1721/1845/1744 1648/1771/1671 1647/1770/1670
f 1647/1770/1670 1724/1848/1747 1721/1845/1744
f 1724/1848/1747 1647/1770/1670 1652/1775/1675
f 1652/1775/1675 1725/1849/1748 1724/1848/1747
f 1725/1849/1748 1652/1775/1675 1737/1864/1760
f 1737/1864/1760 1729/1853/1752 1725/1849/1748
f 1729/1853/1752 1737/1864/1760 1749/1876/1772
f 1750/1877/1773 1729/1853/1752 1749/1876/1772
f 1749/1876/1772 1751/1878/1774 1750/1877/1773
f 1592/1715/1615 1751/1878/1774 1749/1876/1772
f 1749/1876/1772 1591/1714/1614 1592/1715/1615
f 1591/1714/1614 1749/1876/1772 1737/1864/1760
f 1737/1864/1760 1590/1713/1613 1591/1714/1614
f 1590/1713/1613 1737/1864/1760 1653/1776/1676
f 1734/1858/1757 1590/1713/1613 1653/1776/1676
f 1654/1777/1677 1734/1858/1757 1653/1776/1676
f 1734/1858/1757 1654/1777/1677 1677/1800/1700
f 1654/1777/1677 1718/1842/1741 1677/1800/1700
f 1676/1799/1699 1677/1800/1700 1718/1842/1741
f 1718/1842/1741 1717/1841/1740 1676/1799/1699
f 1676/1799/1699 1717/1841/1740 1674/1797/1697
f 1720/1844/1743 1674/1797/1697 1717/1841/1740
f 1674/1797/1697 1720/1844/1743 1752/1879/1775
f 1710/1833/1733 1752/1879/1775 1720/1844/1743
f 1752/1879/1775 1710/1833/1733 1753/1880/1776
f 1709/1832/1732 1753/1880/1776 1710/1833/1733
f 1753/1880/1776 1709/1832/1732 1754/1881/1777
f 1709/1832/1732 1708/1831/1731 1754/1881/1777
f 1755/1882/1778 1754/1881/1777 1708/1831/1731
f 1716/1840/1739 1755/1882/1778 1708/1831/1731
f 1716/1840/1739 1756/1883/1779 1755/1882/1778
f 1756/1883/1779 1716/1840/1739 1715/1839/1738
f 1715/1839/1738 1757/1884/1780 1756/1883/1779
f 1757/1884/1780 1715/1839/1738 1714/1838/1737
f 1682/1885/1705 1757/1884/1780 1714/1838/1737
f 1683/1886/1706 1682/1885/1705 1714/1838/1737
f 1683/1886/1706 1714/1838/1737 1669/1887/1692
f 1699/1822/1722 1669/1887/1692 1714/1838/1737
f 1669/1887/1692 1699/1822/1722 1670/1859/1693
f 1698/1821/1721 1670/1859/1693 1699/1822/1722
f 1735/1860/1758 1670/1859/1693 1698/1821/1721
f 1698/1821/1721 1697/1820/1720 1735/1860/1758
f 1736/1863/1759 1735/1860/1758 1697/1820/1720
f 1697/1820/1720 1696/1819/1719 1736/1863/1759
f 1696/1819/1719 1673/1888/1696 1736/1863/1759
f 1673/1888/1696 1672/1862/1695 1736/1863/1759
f 1758/1889/1781 1592/1890/1615 1759/1891/1782
f 1759/1891/1782 1760/1892/1783 1758/1889/1781
f 1759/1891/1782 1761/1893/1784 1760/1892/1783
f 1759/1891/1782 1762/1894/1785 1761/1893/1784
f 1762/1894/1785 1759/1891/1782 1576/1895/1599
f 1575/1896/1598 1576/1895/1599 1759/1891/1782
f 1575/1896/1598 1759/1891/1782 1592/1890/1615
f 1763/1897/1786 1764/1898/1787 1765/1899/1788
f 1765/1899/1788 1766/1900/1789 1763/1897/1786
f 1766/1900/1789 1767/1901/1790 1763/1897/1786
f 1767/1901/1790 1766/1900/1789 1581/1902/1604
f 1766/1900/1789 1765/1899/1788 1581/1902/1604
f 1580/1903/1603 1581/1902/1604 1765/1899/1788
f 1579/1904/1602 1580/1903/1603 1765/1899/1788
f 1765/1899/1788 1764/1898/1787 1579/1904/1602
f 1578/1905/1601 1579/1904/1602 1764/1898/1787
f 1577/1906/1600 1578/1905/1601 1764/1898/1787
f 1764/1898/1787 1763/1897/1786 1577/1906/1600
f 1576/1895/1599 1577/1906/1600 1763/1897/1786
f 1763/1897/1786 1762/1894/1785 1576/1895/1599
f 1762/1894/1785 1763/1897/1786 1767/1901/1790
f 1767/1901/1790 1761/1893/1784 1762/1894/1785
f 1761/1893/1784 1767/1901/1790 1768/1907/1791
f 1768/1907/1791 1760/1892/1783 1761/1893/1784
f 1760/1892/1783 1768/1907/1791 1769/1908/1792
f 1769/1908/1792 1758/1889/1781 1760/1892/1783
f 1758/1889/1781 1769/1908/1792 1751/1909/1774
f 1592/1890/1615 1758/1889/1781 1751/1909/1774
f 1581/1902/1604 1582/1910/1605 1767/1901/1790
f 1582/1910/1605 1583/1911/1606 1767/1901/1790
f 1583/1911/1606 1768/1907/1791 1767/1901/1790
f 1754/1881/1777 1770/1912/1793 1753/1880/1776
f 1771/1913/1794 1753/1880/1776 1770/1912/1793
f 1753/1880/1776 1771/1913/1794 1752/1879/1775
f 1771/1913/1794 1772/1914/1795 1752/1879/1775
f 1772/1914/1795 1773/1915/1796 1752/1879/1775
f 1674/1797/1697 1752/1879/1775 1773/1915/1796
f 1585/1916/1608 1774/1917/1797 1584/1918/1607
f 1583/1911/1606 1584/1918/1607 1774/1917/1797
f 1768/1907/1791 1583/1911/1606 1774/1917/1797
f 1774/1917/1797 1769/1908/1792 1768/1907/1791
f 1775/1919/1798 1771/1913/1794 1770/1912/1793
f 1771/1913/1794 1775/1919/1798 1776/1920/1799
f 1772/1914/1795 1771/1913/1794 1776/1920/1799
f 1747/1921/1770 1777/1922/1800 1748/1923/1771
f 1730/1924/1753 1748/1923/1771 1777/1922/1800
f 1778/1925/1801 1776/1920/1799 1775/1919/1798
f 1779/1926/1802 1780/1927/1803 1781/1928/1804
f 1780/1927/1803 1782/1929/1805 1781/1928/1804
f 1783/1930/1806 1779/1926/1802 1784/1931/1807
f 1785/1932/1808 1784/1931/1807 1779/1926/1802
f 1781/1928/1804 1785/1932/1808 1779/1926/1802
f 1785/1932/1808 1781/1928/1804 1786/1933/1809
f 1782/1929/1805 1786/1933/1809 1781/1928/1804
f 1786/1933/1809 1782/1929/1805 1787/1934/1810
f 1782/1929/1805 1788/1935/1811 1787/1934/1810
f 1788/1935/1811 1789/1936/1812 1787/1934/1810
f 1728/1937/1751 1790/1938/1813 1791/1939/1814
f 1728/1937/1751 1727/1940/1750 1790/1938/1813
f 1792/1941/1815 1790/1938/1813 1727/1940/1750
f 1757/1884/1780 1682/1885/1705 1657/1942/1680
f 1657/1942/1680 1658/1943/1681 1757/1884/1780
f 1793/1944/1816 1757/1884/1780 1658/1943/1681
f 1757/1884/1780 1793/1944/1816 1756/1883/1779
f 1789/1936/1812 1756/1883/1779 1793/1944/1816
f 1756/1883/1779 1789/1936/1812 1755/1882/1778
f 1789/1936/1812 1788/1935/1811 1755/1882/1778
f 1754/1881/1777 1755/1882/1778 1788/1935/1811
f 1788/1935/1811 1782/1929/1805 1754/1881/1777
f 1770/1912/1793 1754/1881/1777 1782/1929/1805
f 1782/1929/1805 1780/1927/1803 1770/1912/1793
f 1770/1912/1793 1780/1927/1803 1775/1919/1798
f 1779/1926/1802 1775/1919/1798 1780/1927/1803
f 1775/1919/1798 1779/1926/1802 1778/1925/1801
f 1779/1926/1802 1783/1930/1806 1778/1925/1801
f 1681/1945/1704 1778/1925/1801 1783/1930/1806
f 1587/1946/1610 1681/1945/1704 1783/1930/1806
f 1586/1947/1609 1587/1946/1610 1783/1930/1806
f 1783/1930/1806 1784/1931/1807 1586/1947/1609
f 1585/1916/1608 1586/1947/1609 1784/1931/1807
f 1784/1931/1807 1785/1932/1808 1585/1916/1608
f 1774/1917/1797 1585/1916/1608 1785/1932/1808
f 1786/1933/1809 1774/1917/1797 1785/1932/1808
f 1769/1908/1792 1774/1917/1797 1786/1933/1809
f 1786/1933/1809 1794/1948/1817 1769/1908/1792
f 1794/1948/1817 1751/1909/1774 1769/1908/1792
f 1750/1949/1773 1751/1909/1774 1794/1948/1817
f 1794/1948/1817 1795/1950/1818 1750/1949/1773
f 1729/1951/1752 1750/1949/1773 1795/1950/1818
f 1795/1950/1818 1796/1952/1819 1729/1951/1752
f 1726/1953/1749 1729/1951/1752 1796/1952/1819
f 1726/1953/1749 1796/1952/1819 1727/1940/1750
f 1797/1954/1820 1727/1940/1750 1796/1952/1819
f 1727/1940/1750 1797/1954/1820 1792/1941/1815
f 1797/1954/1820 1798/1955/1821 1792/1941/1815
f 1790/1938/1813 1792/1941/1815 1798/1955/1821
f 1798/1955/1821 1799/1956/1822 1790/1938/1813
f 1790/1938/1813 1799/1956/1822 1791/1939/1814
f 1800/1957/1823 1791/1939/1814 1799/1956/1822
f 1791/1939/1814 1800/1957/1823 1728/1937/1751
f 1747/1921/1770 1728/1937/1751 1800/1957/1823
f 1747/1921/1770 1800/1957/1823 1801/1958/1824
f 1777/1922/1800 1747/1921/1770 1801/1958/1824
f 1801/1958/1824 1802/1959/1825 1777/1922/1800
f 1777/1922/1800 1802/1959/1825 1730/1924/1753
f 1731/1960/1754 1730/1924/1753 1802/1959/1825
f 1803/1961/1826 1731/1960/1754 1802/1959/1825
f 1731/1960/1754 1803/1961/1826 1733/1962/1756
f 1794/1948/1817 1786/1933/1809 1787/1934/1810
f 1658/1943/1681 1804/1963/1827 1793/1944/1816
f 1804/1963/1827 1658/1943/1681 1805/1964/1828
f 1658/1943/1681 1659/1965/1682 1805/1964/1828
f 1806/1966/1829 1805/1964/1828 1659/1965/1682
f 1807/1967/1830 1808/1968/1831 1809/1969/1832
f 1810/1970/1833 1809/1969/1832 1808/1968/1831
f 1809/1969/1832 1810/1970/1833 1811/1971/1834
f 1811/1971/1834 1639/1972/1662 1809/1969/1832
f 1641/1973/1664 1809/1969/1832 1639/1972/1662
f 1802/1959/1825 1801/1958/1824 1803/1961/1826
f 1800/1957/1823 1803/1961/1826 1801/1958/1824
f 1803/1961/1826 1800/1957/1823 1799/1956/1822
f 1799/1956/1822 1733/1962/1756 1803/1961/1826
f 1649/1974/1672 1733/1962/1756 1799/1956/1822
f 1799/1956/1822 1798/1955/1821 1649/1974/1672
f 1650/1975/1673 1649/1974/1672 1798/1955/1821
f 1798/1955/1821 1797/1954/1820 1650/1975/1673
f 1812/1976/1835 1650/1975/1673 1797/1954/1820
f 1796/1952/1819 1812/1976/1835 1797/1954/1820
f 1812/1976/1835 1796/1952/1819 1795/1950/1818
f 1795/1950/1818 1813/1977/1836 1812/1976/1835
f 1813/1977/1836 1795/1950/1818 1794/1948/1817
f 1794/1948/1817 1814/1978/1837 1813/1977/1836
f 1814/1978/1837 1794/1948/1817 1787/1934/1810
f 1787/1934/1810 1815/1979/1838 1814/1978/1837
f 1815/1979/1838 1787/1934/1810 1789/1936/1812
f 1793/1944/1816 1815/1979/1838 1789/1936/1812
f 1793/1944/1816 1816/1980/1839 1815/1979/1838
f 1816/1980/1839 1793/1944/1816 1804/1963/1827
f 1804/1963/1827 1817/1981/1840 1816/1980/1839
f 1817/1981/1840 1804/1963/1827 1805/1964/1828
f 1805/1964/1828 1818/1982/1841 1817/1981/1840
f 1805/1964/1828 1806/1966/1829 1818/1982/1841
f 1818/1982/1841 1806/1966/1829 1819/1983/1842
f 1659/1965/1682 1819/1983/1842 1806/1966/1829
f 1819/1983/1842 1659/1965/1682 1639/1972/1662
f 1820/1984/1843 1819/1983/1842 1639/1972/1662
f 1639/1972/1662 1811/1971/1834 1820/1984/1843
f 1811/1971/1834 1821/1985/1844 1820/1984/1843
f 1821/1985/1844 1811/1971/1834 1810/1970/1833
f 1810/1970/1833 1660/1986/1683 1821/1985/1844
f 1808/1968/1831 1660/1986/1683 1810/1970/1833
f 1660/1986/1683 1808/1968/1831 1661/1987/1684
f 1662/1988/1685 1661/1987/1684 1808/1968/1831
f 1808/1968/1831 1807/1967/1830 1662/1988/1685
f 1663/1989/1686 1662/1988/1685 1807/1967/1830
f 1641/1973/1664 1663/1989/1686 1807/1967/1830
f 1809/1969/1832 1641/1973/1664 1807/1967/1830
f 1819/1983/1842 1821/1985/1844 1818/1982/1841
f 1819/1983/1842 1820/1984/1843 1821/1985/1844
f 1611/1990/1634 1822/1991/1845 1610/1992/1633
f 1611/1990/1634 1613/1993/1636 1822/1991/1845
f 1613/1993/1636 1823/1994/1846 1822/1991/1845
f 1824/1995/1847 1822/1991/1845 1823/1994/1846
f 1823/1994/1846 1825/1996/1848 1824/1995/1847
f 1826/1997/1849 1824/1995/1847 1825/1996/1848
f 1824/1995/1847 1826/1997/1849 1814/1978/1837
f 1814/1978/1837 1815/1979/1838 1824/1995/1847
f 1822/1991/1845 1824/1995/1847 1815/1979/1838
f 1816/1980/1839 1822/1991/1845 1815/1979/1838
f 1822/1991/1845 1816/1980/1839 1817/1981/1840
f 1817/1981/1840 1610/1992/1633 1822/1991/1845
f 1610/1992/1633 1817/1981/1840 1818/1982/1841
f 1609/1998/1632 1610/1992/1633 1818/1982/1841
f 1818/1982/1841 1821/1985/1844 1609/1998/1632
f 1638/1999/1661 1609/1998/1632 1821/1985/1844
f 1638/1999/1661 1821/1985/1844 1660/1986/1683
f 1632/2000/1655 1827/2001/1850 1631/2002/1654
f 1827/2001/1850 1632/2000/1655 1828/2003/1851
f 1632/2000/1655 1637/2004/1660 1828/2003/1851
f 1637/2004/1660 1651/2005/1674 1828/2003/1851
f 1829/2006/1852 1828/2003/1851 1651/2005/1674
f 1651/2005/1674 1650/1975/1673 1829/2006/1852
f 1616/2007/1639 1617/2008/1640 1830/2009/1853
f 1617/2008/1640 1618/2010/1641 1830/2009/1853
f 1650/1975/1673 1812/1976/1835 1813/1977/1836
f 1813/1977/1836 1829/2006/1852 1650/1975/1673
f 1829/2006/1852 1813/1977/1836 1814/1978/1837
f 1828/2003/1851 1829/2006/1852 1814/1978/1837
f 1826/1997/1849 1828/2003/1851 1814/1978/1837
f 1828/2003/1851 1826/1997/1849 1827/2001/1850
f 1825/1996/1848 1827/2001/1850 1826/1997/1849
f 1831/2011/1854 1827/2001/1850 1825/1996/1848
f 1825/1996/1848 1823/1994/1846 1831/2011/1854
f 1832/2012/1855 1831/2011/1854 1823/1994/1846
f 1823/1994/1846 1613/1993/1636 1832/2012/1855
f 1600/2013/1623 1832/2012/1855 1613/1993/1636
f 1832/2012/1855 1600/2013/1623 1833/2014/1856
f 1599/2015/1622 1833/2014/1856 1600/2013/1623
f 1833/2014/1856 1599/2015/1622 1616/2007/1639
f 1616/2007/1639 1834/2016/1857 1833/2014/1856
f 1834/2016/1857 1616/2007/1639 1830/2009/1853
f 1830/2009/1853 1835/2017/1858 1834/2016/1857
f 1835/2017/1858 1830/2009/1853 1618/2010/1641
f 1618/2010/1641 1619/2018/1642 1835/2017/1858
f 1620/2019/1643 1835/2017/1858 1619/2018/1642
f 1835/2017/1858 1620/2019/1643 1836/2020/1859
f 1836/2020/1859 1620/2019/1643 1837/2021/1860
f 1837/2021/1860 1838/2022/1861 1836/2020/1859
f 1838/2022/1861 1837/2021/1860 1839/2023/1862
f 1621/2024/1644 1837/2021/1860 1620/2019/1643
f 1621/2024/1644 1631/2002/1654 1837/2021/1860
f 1631/2002/1654 1840/2025/1863 1837/2021/1860
f 1840/2025/1863 1631/2002/1654 1827/2001/1850
f 1827/2001/1850 1831/2011/1854 1840/2025/1863
f 1841/2026/1864 1840/2025/1863 1831/2011/1854
f 1831/2011/1854 1832/2012/1855 1841/2026/1864
f 1842/2027/1865 1841/2026/1864 1832/2012/1855
f 1833/2014/1856 1842/2027/1865 1832/2012/1855
f 1839/2023/1862 1842/2027/1865 1833/2014/1856
f 1833/2014/1856 1838/2022/1861 1839/2023/1862
f 1838/2022/1861 1833/2014/1856 1834/2016/1857
f 1834/2016/1857 1836/2020/1859 1838/2022/1861
f 1836/2020/1859 1834/2016/1857 1835/2017/1858
f 1840/2025/1863 1841/2026/1864 1842/2027/1865
f 1842/2027/1865 1837/2021/1860 1840/2025/1863
f 1842/2027/1865 1839/2023/1862 1837/2021/1860
f 1843/2028/1866 1844/2029/1867 1845/2030/1868
f 1846/2031/1869 1843/2028/1866 1845/2030/1868
f 1847/2032/1870 1843/2028/1866 1846/2031/1869
f 1848/2033/1871 1849/2034/1872 1850/2035/1873
f 1850/2035/1873 1851/2036/1874 1848/2033/1871
f 1851/2036/1874 1850/2035/1873 1852/2037/1875
f 1852/2037/1875 1853/2038/1876 1851/2036/1874
f 1854/2039/1877 1855/2040/1878 1856/2041/1879
f 1855/2040/1878 1854/2039/1877 1857/2042/1880
f 1857/2042/1880 1849/2043/1872 1855/2040/1878
f 1848/2044/1871 1855/2040/1878 1849/2043/1872
f 1858/2045/1881 1859/2046/1882 1860/2047/1883
f 1859/2046/1882 1858/2045/1881 1861/2048/1884
f 1861/2048/1884 1862/2049/1885 1859/2046/1882
f 1863/2050/1886 1859/2046/1882 1862/2049/1885
f 1859/2046/1882 1863/2050/1886 1864/2051/1887
f 1864/2051/1887 1860/2047/1883 1859/2046/1882
f 1865/2052/1888 1866/2053/1889 1867/2054/1890
f 1866/2053/1889 1865/2052/1888 1868/2055/1891
f 1868/2055/1891 1869/2056/1892 1866/2053/1889
f 1863/2050/1886 1866/2053/1889 1869/2056/1892
f 1866/2053/1889 1863/2050/1886 1870/2057/1893
f 1867/2054/1890 1866/2053/1889 1870/2057/1893
f 1871/2058/1894 1872/2059/1895 1873/2060/1896
f 1873/2060/1896 1865/2052/1888 1871/2058/1894
f 1865/2052/1888 1873/2060/1896 1874/2061/1897
f 1875/2062/1898 1874/2061/1897 1873/2060/1896
f 1873/2060/1896 1876/2063/1899 1875/2062/1898
f 1876/2063/1899 1873/2060/1896 1872/2059/1895
f 1877/2064/1900 1878/2065/1901 1879/2066/1902
f 1880/2067/1903 1879/2066/1902 1878/2065/1901
f 1879/2066/1902 1880/2067/1903 1845/2068/1868
f 1845/2068/1868 1844/2069/1867 1879/2066/1902
f 1881/2070/1904 1882/2071/1905 1883/2072/1906
f 1882/2071/1905 1884/2073/1907 1885/2074/1908
f 1885/2074/1908 1883/2072/1906 1882/2071/1905
f 1885/2074/1908 1886/2075/1909 1883/2072/1906
f 1887/2076/1910 1883/2072/1906 1886/2075/1909
f 1888/2077/1911 1887/2076/1910 1886/2075/1909
f 1886/2075/1909 1889/2078/1912 1888/2077/1911
f 1889/2078/1912 1890/2079/1913 1888/2077/1911
f 1891/2080/1914 1888/2077/1911 1890/2079/1913
f 1891/2080/1914 1890/2079/1913 1892/2081/1915
f 1893/2082/1916 1892/2081/1915 1890/2079/1913
f 1892/2081/1915 1894/2083/1917 1891/2080/1914
f 1895/2084/1918 1896/2085/1919 1897/2086/1920
f 1898/2087/1921 1895/2084/1918 1897/2086/1920
f 1899/2088/1922 1898/2087/1921 1897/2086/1920
f 1900/2089/1923 1901/2090/1924 1902/2091/1925
f 1901/2090/1924 1900/2089/1923 1903/2092/1926
f 1904/2093/1927 1903/2092/1926 1900/2089/1923
f 1903/2092/1926 1904/2093/1927 1905/2094/1928
f 1904/2093/1927 1906/2095/1929 1905/2094/1928
f 1907/2096/1930 1905/2094/1928 1906/2095/1929
f 1906/2095/1929 1908/2097/1931 1907/2096/1930
f 1908/2097/1931 1909/2098/1932 1907/2096/1930
f 1909/2098/1932 1908/2097/1931 1910/2099/1933
f 1910/2099/1933 1911/2100/1934 1909/2098/1932
f 1911/2100/1934 1910/2099/1933 1912/2101/1935
f 1912/2101/1935 1913/2102/1936 1911/2100/1934
f 1913/2102/1936 1912/2101/1935 1914/2103/1937
f 1914/2103/1937 1915/2104/1938 1913/2102/1936
f 1916/2105/1939 1913/2102/1936 1915/2104/1938
f 1915/2104/1938 1917/2106/1940 1916/2105/1939
f 1917/2106/1940 1899/2088/1922 1916/2105/1939
f 1918/2107/1941 1916/2105/1939 1899/2088/1922
f 1897/2086/1920 1918/2107/1941 1899/2088/1922
f 1918/2107/1941 1897/2086/1920 1919/2108/1942
f 1896/2085/1919 1919/2108/1942 1897/2086/1920
f 1919/2108/1942 1896/2085/1919 1920/2109/1943
f 1896/2085/1919 1921/2110/1944 1920/2109/1943
f 1922/2111/1945 1920/2109/1943 1921/2110/1944
f 1921/2110/1944 1923/2112/1946 1922/2111/1945
f 1924/2113/1947 1922/2111/1945 1923/2112/1946
f 1923/2112/1946 1925/2114/1948 1924/2113/1947
f 1925/2114/1948 1902/2091/1925 1924/2113/1947
f 1901/2090/1924 1924/2113/1947 1902/2091/1925
f 1924/2113/1947 1901/2090/1924 1926/2115/1949
f 1927/2116/1950 1926/2115/1949 1901/2090/1924
f 1926/2115/1949 1927/2116/1950 1928/2117/1951
f 1929/2118/1952 1928/2117/1951 1927/2116/1950
f 1928/2117/1951 1929/2118/1952 1918/2107/1941
f 1916/2105/1939 1918/2107/1941 1929/2118/1952
f 1929/2118/1952 1930/2119/1953 1916/2105/1939
f 1930/2119/1953 1911/2100/1934 1916/2105/1939
f 1911/2100/1934 1930/2119/1953 1909/2098/1932
f 1931/2120/1954 1909/2098/1932 1930/2119/1953
f 1909/2098/1932 1931/2120/1954 1907/2096/1930
f 1905/2094/1928 1907/2096/1930 1931/2120/1954
f 1905/2094/1928 1931/2120/1954 1932/2121/1955
f 1932/2121/1955 1903/2092/1926 1905/2094/1928
f 1903/2092/1926 1932/2121/1955 1901/2090/1924
f 1927/2116/1950 1901/2090/1924 1932/2121/1955
f 1932/2121/1955 1930/2119/1953 1927/2116/1950
f 1930/2119/1953 1929/2118/1952 1927/2116/1950
f 1922/2111/1945 1924/2113/1947 1926/2115/1949
f 1926/2115/1949 1920/2109/1943 1922/2111/1945
f 1920/2109/1943 1926/2115/1949 1919/2108/1942
f 1928/2117/1951 1919/2108/1942 1926/2115/1949
f 1919/2108/1942 1928/2117/1951 1918/2107/1941
f 1913/2102/1936 1916/2105/1939 1911/2100/1934
f 1930/2119/1953 1932/2121/1955 1931/2120/1954
f 1933/2122/1956 1914/2103/1937 1912/2101/1935
f 1912/2101/1935 1934/2123/1957 1933/2122/1956
f 1934/2123/1957 1912/2101/1935 1910/2099/1933
f 1935/2124/1958 1934/2123/1957 1910/2099/1933
f 1908/2097/1931 1935/2124/1958 1910/2099/1933
f 1936/2125/1959 1933/2122/1956 1934/2123/1957
f 1937/2126/1960 1938/2127/1961 1939/2128/1962
f 1938/2127/1961 1937/2126/1960 1940/2129/1963
f 1941/2130/1964 1940/2129/1963 1937/2126/1960
f 1940/2129/1963 1941/2130/1964 1942/2131/1965
f 1943/2132/1966 1940/2129/1963 1942/2131/1965
f 1940/2129/1963 1943/2132/1966 1938/2127/1961
f 1944/2133/1967 1945/2134/1968 1946/2135/1969
f 1944/2133/1967 1946/2135/1969 1947/2136/1970
f 1948/2137/1971 1944/2133/1967 1947/2136/1970
f 1947/2136/1970 1949/2138/1972 1948/2137/1971
f 1950/2139/1973 1948/2137/1971 1949/2138/1972
f 1949/2138/1972 1951/2140/1974 1950/2139/1973
f 1952/2141/1975 1950/2139/1973 1951/2140/1974
f 1951/2140/1974 1953/2142/1976 1952/2141/1975
f 1954/2143/1977 1952/2141/1975 1953/2142/1976
f 1953/2142/1976 1955/2144/1978 1954/2143/1977
f 1956/2145/1979 1954/2143/1977 1955/2144/1978
f 1955/2144/1978 1957/2146/1980 1956/2145/1979
f 1958/2147/1981 1956/2145/1979 1957/2146/1980
f 1957/2146/1980 1959/2148/1982 1958/2147/1981
f 1945/2134/1968 1958/2147/1981 1959/2148/1982
f 1959/2148/1982 1946/2135/1969 1945/2134/1968
f 1946/2135/1969 1959/2148/1982 1960/2149/1983
f 1946/2135/1969 1960/2149/1983 1961/2150/1984
f 1961/2150/1984 1960/2149/1983 1962/2151/1985
f 1962/2151/1985 1963/2152/1986 1961/2150/1984
f 1963/2152/1986 1962/2151/1985 1964/2153/1987
f 1964/2153/1987 1965/2154/1988 1963/2152/1986
f 1965/2154/1988 1964/2153/1987 1966/2155/1989
f 1966/2155/1989 1967/2156/1990 1965/2154/1988
f 1967/2156/1990 1966/2155/1989 1942/2131/1965
f 1942/2131/1965 1968/2157/1991 1967/2156/1990
f 1968/2157/1991 1942/2131/1965 1941/2130/1964
f 1968/2157/1991 1941/2130/1964 1969/2158/1992
f 1937/2126/1960 1969/2158/1992 1941/2130/1964
f 1969/2158/1992 1937/2126/1960 1970/2159/1993
f 1939/2128/1962 1970/2159/1993 1937/2126/1960
f 1970/2159/1993 1939/2128/1962 1971/2160/1994
f 1972/2161/1995 1971/2160/1994 1939/2128/1962
f 1971/2160/1994 1972/2161/1995 1955/2144/1978
f 1957/2146/1980 1955/2144/1978 1972/2161/1995
f 1972/2161/1995 1973/2162/1996 1957/2146/1980
f 1959/2148/1982 1957/2146/1980 1973/2162/1996
f 1973/2162/1996 1960/2149/1983 1959/2148/1982
f 1960/2149/1983 1973/2162/1996 1974/2163/1997
f 1974/2163/1997 1962/2151/1985 1960/2149/1983
f 1962/2151/1985 1974/2163/1997 1975/2164/1998
f 1975/2164/1998 1964/2153/1987 1962/2151/1985
f 1964/2153/1987 1975/2164/1998 1976/2165/1999
f 1976/2165/1999 1966/2155/1989 1964/2153/1987
f 1966/2155/1989 1976/2165/1999 1942/2131/1965
f 1976/2165/1999 1977/2166/2000 1942/2131/1965
f 1977/2166/2000 1943/2132/1966 1942/2131/1965
f 1943/2132/1966 1977/2166/2000 1978/2167/2001
f 1978/2167/2001 1938/2127/1961 1943/2132/1966
f 1938/2127/1961 1978/2167/2001 1979/2168/2002
f 1979/2168/2002 1939/2128/1962 1938/2127/1961
f 1939/2128/1962 1979/2168/2002 1972/2161/1995
f 1973/2162/1996 1972/2161/1995 1979/2168/2002
f 1979/2168/2002 1974/2163/1997 1973/2162/1996
f 1974/2163/1997 1979/2168/2002 1978/2167/2001
f 1978/2167/2001 1975/2164/1998 1974/2163/1997
f 1975/2164/1998 1978/2167/2001 1977/2166/2000
f 1977/2166/2000 1976/2165/1999 1975/2164/1998
f 1953/2142/1976 1951/2140/1974 1980/2169/2003
f 1961/2150/1984 1947/2136/1970 1946/2135/1969
f 1947/2136/1970 1961/2150/1984 1981/2170/2004
f 1963/2152/1986 1981/2170/2004 1961/2150/1984
f 1981/2170/2004 1963/2152/1986 1982/2171/2005
f 1965/2154/1988 1982/2171/2005 1963/2152/1986
f 1982/2171/2005 1965/2154/1988 1983/2172/2006
f 1967/2156/1990 1983/2172/2006 1965/2154/1988
f 1983/2172/2006 1967/2156/1990 1968/2157/1991
f 1969/2158/1992 1983/2172/2006 1968/2157/1991
f 1983/2172/2006 1969/2158/1992 1984/2173/2007
f 1970/2159/1993 1984/2173/2007 1969/2158/1992
f 1984/2173/2007 1970/2159/1993 1980/2169/2003
f 1971/2160/1994 1980/2169/2003 1970/2159/1993
f 1980/2169/2003 1971/2160/1994 1953/2142/1976
f 1955/2144/1978 1953/2142/1976 1971/2160/1994
f 1949/2138/1972 1947/2136/1970 1981/2170/2004
f 1981/2170/2004 1985/2174/2008 1949/2138/1972
f 1985/2174/2008 1981/2170/2004 1982/2171/2005
f 1982/2171/2005 1984/2173/2007 1985/2174/2008
f 1984/2173/2007 1982/2171/2005 1983/2172/2006
f 1951/2140/1974 1949/2138/1972 1985/2174/2008
f 1985/2174/2008 1980/2169/2003 1951/2140/1974
f 1980/2169/2003 1985/2174/2008 1984/2173/2007
f 1986/2175/2009 1987/2176/2010 1988/2177/2011
f 1988/2177/2011 1989/2178/2012 1986/2175/2009
f 1990/2179/2013 1986/2175/2009 1989/2178/2012
f 1989/2178/2012 1991/2180/2014 1990/2179/2013
f 1992/2181/2015 1990/2179/2013 1991/2180/2014
f 1991/2180/2014 1993/2182/2016 1992/2181/2015
f 1993/2182/2016 1994/2183/2017 1992/2181/2015
f 1994/2183/2017 1993/2182/2016 1995/2184/2018
f 1995/2184/2018 1996/2185/2019 1994/2183/2017
f 1995/2184/2018 1997/2186/2020 1996/2185/2019
f 1998/2187/2021 1996/2185/2019 1997/2186/2020
f 1997/2186/2020 1999/2188/2022 1998/2187/2021
f 2000/2189/2023 1998/2187/2021 1999/2188/2022
f 1999/2188/2022 2001/2190/2024 2000/2189/2023
f 2002/2191/2025 2003/2192/2026 1987/2176/2010
f 1987/2176/2010 1986/2175/2009 2002/2191/2025
f 2004/2193/2027 2002/2191/2025 1986/2175/2009
f 1986/2175/2009 1990/2179/2013 2004/2193/2027
f 2005/2194/2028 2004/2193/2027 1990/2179/2013
f 1990/2179/2013 1992/2181/2015 2005/2194/2028
f 1992/2181/2015 2006/2195/2029 2005/2194/2028
f 2006/2195/2029 1992/2181/2015 1994/2183/2017
f 2007/2196/2030 2006/2195/2029 1994/2183/2017
f 1994/2183/2017 1996/2185/2019 2007/2196/2030
f 2008/2197/2031 2007/2196/2030 1996/2185/2019
f 1996/2185/2019 1998/2187/2021 2008/2197/2031
f 2009/2198/2032 2008/2197/2031 1998/2187/2021
f 1998/2187/2021 2000/2189/2023 2009/2198/2032
f 2003/2192/2026 2009/2198/2032 2000/2189/2023
f 2000/2189/2023 1987/2176/2010 2003/2192/2026
f 1987/2176/2010 2000/2189/2023 2001/2190/2024
f 2001/2190/2024 1988/2177/2011 1987/2176/2010
f 1988/2177/2011 2001/2190/2024 2010/2199/2033
f 2010/2199/2033 2011/2200/2034 1988/2177/2011
f 1989/2178/2012 1988/2177/2011 2011/2200/2034
f 2011/2200/2034 2012/2201/2035 1989/2178/2012
f 1991/2180/2014 1989/2178/2012 2012/2201/2035
f 2012/2201/2035 2013/2202/2036 1991/2180/2014
f 1993/2182/2016 1991/2180/2014 2013/2202/2036
f 2013/2202/2036 2014/2203/2037 1993/2182/2016
f 2014/2203/2037 1995/2184/2018 1993/2182/2016
f 2014/2203/2037 2015/2204/2038 1995/2184/2018
f 1997/2186/2020 1995/2184/2018 2015/2204/2038
f 2015/2204/2038 2016/2205/2039 1997/2186/2020
f 1999/2188/2022 1997/2186/2020 2016/2205/2039
f 2016/2205/2039 2017/2206/2040 1999/2188/2022
f 2001/2190/2024 1999/2188/2022 2017/2206/2040
f 2017/2206/2040 2010/2199/2033 2001/2190/2024
f 2018/2207/2041 2005/2194/2028 2006/2195/2029
f 2019/2208/2042 2018/2207/2041 2006/2195/2029
f 2006/2195/2029 2007/2196/2030 2019/2208/2042
f 2020/2209/2043 2019/2208/2042 2007/2196/2030
f 2007/2196/2030 2008/2197/2031 2020/2209/2043
f 2021/2210/2044 2020/2209/2043 2008/2197/2031
f 2008/2197/2031 2009/2198/2032 2021/2210/2044
f 2022/2211/2045 2021/2210/2044 2009/2198/2032
f 2009/2198/2032 2003/2192/2026 2022/2211/2045
f 2023/2212/2046 2022/2211/2045 2003/2192/2026
f 2003/2192/2026 2002/2191/2025 2023/2212/2046
f 2024/2213/2047 2023/2212/2046 2002/2191/2025
f 2002/2191/2025 2004/2193/2027 2024/2213/2047
f 2025/2214/2048 2024/2213/2047 2004/2193/2027
f 2004/2193/2027 2005/2194/2028 2025/2214/2048
f 2005/2194/2028 2018/2207/2041 2025/2214/2048
f 2026/2215/2049 2025/2214/2048 2018/2207/2041
f 2027/2216/2050 2026/2215/2049 2018/2207/2041
f 2026/2215/2049 2027/2216/2050 2028/2217/2051
f 2027/2216/2050 2029/2218/2052 2028/2217/2051
f 2029/2218/2052 2030/2219/2053 2028/2217/2051
f 2030/2219/2053 2029/2218/2052 2020/2209/2043
f 2020/2209/2043 2021/2210/2044 2030/2219/2053
f 2031/2220/2054 2030/2219/2053 2021/2210/2044
f 2021/2210/2044 2022/2211/2045 2031/2220/2054
f 2032/2221/2055 2031/2220/2054 2022/2211/2045
f 2022/2211/2045 2023/2212/2046 2032/2221/2055
f 2033/2222/2056 2032/2221/2055 2023/2212/2046
f 2023/2212/2046 2024/2213/2047 2033/2222/2056
f 2034/2223/2057 2033/2222/2056 2024/2213/2047
f 2024/2213/2047 2025/2214/2048 2034/2223/2057
f 2025/2214/2048 2026/2215/2049 2034/2223/2057
f 2028/2217/2051 2034/2223/2057 2026/2215/2049
f 2034/2223/2057 2028/2217/2051 2033/2222/2056
f 2032/2221/2055 2033/2222/2056 2028/2217/2051
f 2031/2220/2054 2032/2221/2055 2028/2217/2051
f 2030/2219/2053 2031/2220/2054 2028/2217/2051
f 2019/2208/2042 2020/2209/2043 2029/2218/2052
f 2029/2218/2052 2027/2216/2050 2019/2208/2042
f 2018/2207/2041 2019/2208/2042 2027/2216/2050
f 1867/2054/1890 1871/2058/1894 1865/2052/1888
f 1874/2061/1897 1868/2055/1891 1865/2052/1888
f 2035/2224/2058 1858/2045/1881 1860/2047/1883
f 1858/2045/1881 2035/2224/2058 2036/2225/2059
f 2036/2225/2059 1861/2048/1884 1858/2045/1881
f 1861/2048/1884 2036/2225/2059 1862/2049/1885
f 2036/2225/2059 2037/2226/2060 1862/2049/1885
f 1870/2057/1893 1862/2049/1885 2037/2226/2060
f 2037/2226/2060 2038/2227/2061 1870/2057/1893
f 1867/2054/1890 1870/2057/1893 2038/2227/2061
f 2038/2227/2061 2039/2228/2062 1867/2054/1890
f 1871/2058/1894 1867/2054/1890 2039/2228/2062
f 2039/2228/2062 2040/2229/2063 1871/2058/1894
f 1872/2059/1895 1871/2058/1894 2040/2229/2063
f 2040/2229/2063 2041/2230/2064 1872/2059/1895
f 2042/2231/2065 1872/2059/1895 2041/2230/2064
f 2041/2230/2064 2043/2232/2066 2042/2231/2065
f 2042/2231/2065 2043/2232/2066 1875/2062/1898
f 1874/2061/1897 1875/2062/1898 2043/2232/2066
f 2043/2232/2066 2041/2230/2064 1874/2061/1897
f 1868/2055/1891 1874/2061/1897 2041/2230/2064
f 2041/2230/2064 2040/2229/2063 1868/2055/1891
f 1869/2056/1892 1868/2055/1891 2040/2229/2063
f 2039/2228/2062 1869/2056/1892 2040/2229/2063
f 1864/2051/1887 1869/2056/1892 2039/2228/2062
f 2039/2228/2062 2038/2227/2061 1864/2051/1887
f 1860/2047/1883 1864/2051/1887 2038/2227/2061
f 2038/2227/2061 2037/2226/2060 1860/2047/1883
f 2035/2224/2058 1860/2047/1883 2037/2226/2060
f 2037/2226/2060 2036/2225/2059 2035/2224/2058
f 1862/2049/1885 1870/2057/1893 1863/2050/1886
f 1869/2056/1892 1864/2051/1887 1863/2050/1886
f 1872/2059/1895 2042/2231/2065 1876/2063/1899
f 1875/2062/1898 1876/2063/1899 2042/2231/2065
f 2044/2233/2067 2045/2234/2068 2046/2235/2069
f 2045/2234/2068 2044/2233/2067 2047/2236/2070
f 2048/2237/2071 2047/2236/2070 2044/2233/2067
f 2047/2236/2070 2048/2237/2071 2049/2238/2072
f 2050/2239/2073 2049/2238/2072 2048/2237/2071
f 2049/2238/2072 2050/2239/2073 2051/2240/2074
f 2052/2241/2075 2051/2240/2074 2050/2239/2073
f 2051/2240/2074 2052/2241/2075 2053/2242/2076
f 2054/2243/2077 2053/2242/2076 2052/2241/2075
f 2053/2242/2076 2054/2243/2077 2055/2244/2078
f 2056/2245/2079 2055/2244/2078 2054/2243/2077
f 2055/2244/2078 2056/2245/2079 2057/2246/2080
f 2058/2247/2081 2056/2245/2079 2054/2243/2077
f 2058/2247/2081 2054/2243/2077 2059/2248/2082
f 2052/2241/2075 2059/2248/2082 2054/2243/2077
f 2059/2248/2082 2052/2241/2075 2060/2249/2083
f 2050/2239/2073 2060/2249/2083 2052/2241/2075
f 2050/2239/2073 2061/2250/2084 2060/2249/2083
f 2048/2237/2071 2061/2250/2084 2050/2239/2073
f 2061/2250/2084 2048/2237/2071 2062/2251/2085
f 2044/2233/2067 2062/2251/2085 2048/2237/2071
f 2062/2251/2085 2044/2233/2067 2063/2252/2086
f 2046/2235/2069 2063/2252/2086 2044/2233/2067
f 2063/2252/2086 2046/2235/2069 2064/2253/2087
f 2064/2253/2087 2046/2235/2069 2045/2234/2068
f 2045/2234/2068 2065/2254/2088 2064/2253/2087
f 2047/2236/2070 2065/2254/2088 2045/2234/2068
f 2065/2254/2088 2047/2236/2070 2066/2255/2089
f 2049/2238/2072 2066/2255/2089 2047/2236/2070
f 2066/2255/2089 2049/2238/2072 2067/2256/2090
f 2051/2240/2074 2067/2256/2090 2049/2238/2072
f 2051/2240/2074 2068/2257/2091 2067/2256/2090
f 2053/2242/2076 2068/2257/2091 2051/2240/2074
f 2068/2257/2091 2053/2242/2076 2069/2258/2092
f 2055/2244/2078 2069/2258/2092 2053/2242/2076
f 2069/2258/2092 2055/2244/2078 2070/2259/2093
f 2057/2246/2080 2070/2259/2093 2055/2244/2078
f 2057/2246/2080 2071/2260/2094 2070/2259/2093
f 2071/2260/2094 2057/2246/2080 2056/2245/2079
f 2056/2245/2079 2058/2247/2081 2071/2260/2094
f 2059/2248/2082 2071/2260/2094 2058/2247/2081
f 2071/2260/2094 2059/2248/2082 2070/2259/2093
f 2060/2249/2083 2070/2259/2093 2059/2248/2082
f 2070/2259/2093 2060/2249/2083 2069/2258/2092
f 2061/2250/2084 2069/2258/2092 2060/2249/2083
f 2069/2258/2092 2061/2250/2084 2068/2257/2091
f 2062/2251/2085 2068/2257/2091 2061/2250/2084
f 2068/2257/2091 2062/2251/2085 2067/2256/2090
f 2063/2252/2086 2067/2256/2090 2062/2251/2085
f 2067/2256/2090 2063/2252/2086 2066/2255/2089
f 2064/2253/2087 2066/2255/2089 2063/2252/2086
f 2066/2255/2089 2064/2253/2087 2065/2254/2088
f 2072/2261/2095 2073/2262/2096 2074/2263/2097
f 2075/2264/2098 2076/2265/2099 2077/2266/2100
f 2078/2267/2101 2077/2266/2100 2076/2265/2099
f 2077/2266/2100 2078/2267/2101 2079/2268/2102
f 2080/2269/2103 2079/2268/2102 2078/2267/2101
f 2081/2270/2104 2080/2269/2103 2078/2267/2101
f 2082/2271/2105 2081/2270/2104 2078/2267/2101
f 2081/2270/2104 2082/2271/2105 2083/2272/2106
f 2084/2273/2107 2083/2272/2106 2082/2271/2105
f 2083/2272/2106 2084/2273/2107 2085/2274/2108
f 1936/2275/1959 2085/2274/2108 2084/2273/2107
f 1933/2276/1956 1936/2275/1959 2084/2273/2107
f 1914/2277/1937 1933/2276/1956 2084/2273/2107
f 2082/2271/2105 1914/2277/1937 2084/2273/2107
f 1914/2277/1937 2082/2271/2105 2078/2267/2101
f 1915/2278/1938 1914/2277/1937 2078/2267/2101
f 2078/2267/2101 2076/2265/2099 1915/2278/1938
f 1917/2279/1940 1915/2278/1938 2076/2265/2099
f 2076/2265/2099 2086/2280/2109 1917/2279/1940
f 1899/2281/1922 1917/2279/1940 2086/2280/2109
f 2086/2280/2109 2087/2282/2110 1899/2281/1922
f 1898/2283/1921 1899/2281/1922 2087/2282/2110
f 2087/2282/2110 2088/2284/2111 1898/2283/1921
f 2088/2284/2111 2089/2285/2112 1898/2283/1921
f 2089/2285/2112 2088/2284/2111 2090/2286/2113
f 2090/2286/2113 2091/2287/2114 2089/2285/2112
f 2091/2287/2114 2090/2286/2113 2092/2288/2115
f 2092/2288/2115 2093/2289/2116 2091/2287/2114
f 2093/2289/2116 2092/2288/2115 2094/2290/2117
f 2094/2290/2117 2095/2291/2118 2093/2289/2116
f 2095/2291/2118 2096/2292/2119 2093/2289/2116
f 2097/2293/2120 2093/2289/2116 2096/2292/2119
f 2096/2292/2119 2098/2294/2121 2097/2293/2120
f 2098/2294/2121 2079/2295/2102 2097/2293/2120
f 2099/2296/2122 2097/2293/2120 2079/2295/2102
f 2079/2295/2102 2080/2297/2103 2099/2296/2122
f 2100/2298/2123 2099/2296/2122 2080/2297/2103
f 2080/2297/2103 2081/2299/2104 2100/2298/2123
f 2101/2300/2124 2100/2298/2123 2081/2299/2104
f 2072/2261/2095 2101/2300/2124 2081/2299/2104
f 2101/2300/2124 2072/2261/2095 2102/2301/2125
f 2074/2263/2097 2102/2301/2125 2072/2261/2095
f 2102/2301/2125 2074/2263/2097 1895/2302/1918
f 1896/2303/1919 1895/2302/1918 2074/2263/2097
f 2074/2263/2097 2073/2262/2096 1896/2303/1919
f 1921/2304/1944 1896/2303/1919 2073/2262/2096
f 2103/2305/2126 1921/2304/1944 2073/2262/2096
f 2073/2262/2096 2072/2261/2095 2103/2305/2126
f 2085/2306/2108 2103/2305/2126 2072/2261/2095
f 2083/2307/2106 2085/2306/2108 2072/2261/2095
f 2081/2299/2104 2083/2307/2106 2072/2261/2095
f 1895/2302/1918 1898/2283/1921 2102/2301/2125
f 1898/2283/1921 2104/2308/2127 2102/2301/2125
f 2104/2308/2127 1898/2283/1921 2089/2285/2112
f 2089/2285/2112 2099/2296/2122 2104/2308/2127
f 2099/2296/2122 2089/2285/2112 2091/2287/2114
f 2097/2293/2120 2099/2296/2122 2091/2287/2114
f 2093/2289/2116 2097/2293/2120 2091/2287/2114
f 2099/2296/2122 2100/2298/2123 2104/2308/2127
f 2101/2300/2124 2104/2308/2127 2100/2298/2123
f 2104/2308/2127 2101/2300/2124 2102/2301/2125
f 2105/2309/2128 2092/2288/2115 2090/2286/2113
f 2106/2310/2129 2105/2309/2128 2090/2286/2113
f 2090/2286/2113 2088/2284/2111 2106/2310/2129
f 2088/2284/2111 2087/2282/2110 2106/2310/2129
f 2107/2311/2130 2106/2310/2129 2087/2282/2110
f 2108/2312/2131 2107/2311/2130 2087/2282/2110
f 2087/2282/2110 2086/2280/2109 2108/2312/2131
f 2075/2264/2098 2108/2312/2131 2086/2280/2109
f 2076/2265/2099 2075/2264/2098 2086/2280/2109
f 2095/2313/2118 2109/2314/2132 2096/2315/2119
f 2110/2316/2133 2096/2315/2119 2109/2314/2132
f 2096/2315/2119 2110/2316/2133 2098/2317/2121
f 2111/2318/2134 2098/2317/2121 2110/2316/2133
f 2098/2317/2121 2111/2318/2134 2079/2268/2102
f 2077/2266/2100 2079/2268/2102 2111/2318/2134
f 2112/2319/2135 2077/2266/2100 2111/2318/2134
f 2077/2266/2100 2112/2319/2135 2075/2264/2098
f 2075/2264/2098 2112/2319/2135 2113/2320/2136
f 2113/2320/2136 2114/2321/2137 2075/2264/2098
f 2108/2312/2131 2075/2264/2098 2114/2321/2137
f 2114/2321/2137 2115/2322/2138 2108/2312/2131
f 2107/2311/2130 2108/2312/2131 2115/2322/2138
f 2115/2322/2138 2116/2323/2139 2107/2311/2130
f 2106/2310/2129 2107/2311/2130 2116/2323/2139
f 2116/2323/2139 2117/2324/2140 2106/2310/2129
f 2105/2309/2128 2106/2310/2129 2117/2324/2140
f 2117/2324/2140 2118/2325/2141 2105/2309/2128
f 2118/2325/2141 2119/2326/2142 2105/2309/2128
f 2092/2288/2115 2105/2309/2128 2119/2326/2142
f 2119/2326/2142 2094/2290/2117 2092/2288/2115
f 2120/2327/2143 2113/2320/2136 2112/2319/2135
f 2121/2328/2144 2120/2327/2143 2112/2319/2135
f 2111/2318/2134 2121/2328/2144 2112/2319/2135
f 2121/2328/2144 2111/2318/2134 2110/2316/2133
f 2109/2314/2132 2121/2328/2144 2110/2316/2133
f 1885/2329/1908 1884/2330/1907 1886/2331/1909
f 1882/2332/1905 1881/2333/1904 2103/2334/2126
f 2103/2334/2126 2085/2335/2108 1882/2332/1905
f 1884/2330/1907 1882/2332/1905 2085/2335/2108
f 2085/2335/2108 1886/2331/1909 1884/2330/1907
f 1886/2331/1909 2085/2335/2108 1936/2336/1959
f 1936/2336/1959 1934/2337/1957 1886/2331/1909
f 1889/2338/1912 1886/2331/1909 1934/2337/1957
f 1935/2339/1958 1889/2338/1912 1934/2337/1957
f 1935/2339/1958 1908/2340/1931 1889/2338/1912
f 1890/2341/1913 1889/2338/1912 1908/2340/1931
f 1908/2340/1931 1906/2342/1929 1890/2341/1913
f 1893/2343/1916 1890/2341/1913 1906/2342/1929
f 1906/2342/1929 1904/2344/1927 1893/2343/1916
f 1892/2345/1915 1893/2343/1916 1904/2344/1927
f 1904/2344/1927 1900/2346/1923 1892/2345/1915
f 1894/2347/1917 1892/2345/1915 1900/2346/1923
f 1900/2346/1923 1902/2348/1925 1894/2347/1917
f 1891/2349/1914 1894/2347/1917 1902/2348/1925
f 1902/2348/1925 1925/2350/1948 1891/2349/1914
f 1888/2351/1911 1891/2349/1914 1925/2350/1948
f 1925/2350/1948 1923/2352/1946 1888/2351/1911
f 1887/2353/1910 1888/2351/1911 1923/2352/1946
f 1923/2352/1946 1921/2354/1944 1887/2353/1910
f 1921/2354/1944 2103/2355/2126 1887/2353/1910
f 2103/2355/2126 1881/2356/1904 1887/2353/1910
f 1883/2357/1906 1887/2353/1910 1881/2356/1904
f 2122/2358/2145 2123/2359/2146 2124/2360/2147
f 2123/2359/2146 2122/2358/2145 2125/2361/2148
f 2125/2361/2148 2126/2362/2149 2123/2359/2146
f 2127/2363/2150 2123/2359/2146 2126/2362/2149
f 2126/2362/2149 2128/2364/2151 2127/2363/2150
f 2129/2365/2152 2127/2363/2150 2128/2364/2151
f 2128/2364/2151 2130/2366/2153 2129/2365/2152
f 2131/2367/2154 2129/2365/2152 2130/2366/2153
f 2132/2368/2155 2131/2367/2154 2130/2366/2153
f 2123/2359/2146 1852/2037/1875 1850/2035/1873
f 2124/2360/2147 2123/2359/2146 1850/2035/1873
f 2124/2360/2147 1850/2035/1873 1849/2034/1872
f 1849/2034/1872 1857/2369/1880 2124/2360/2147
f 2133/2370/2156 2124/2360/2147 1857/2369/1880
f 2124/2360/2147 2133/2370/2156 2122/2358/2145
f 2133/2370/2156 2134/2371/2157 2122/2358/2145
f 2125/2361/2148 2122/2358/2145 2134/2371/2157
f 2134/2371/2157 2135/2372/2158 2125/2361/2148
f 2126/2362/2149 2125/2361/2148 2135/2372/2158
f 2135/2372/2158 2136/2373/2159 2126/2362/2149
f 2128/2364/2151 2126/2362/2149 2136/2373/2159
f 2136/2373/2159 2137/2374/2160 2128/2364/2151
f 2130/2366/2153 2128/2364/2151 2137/2374/2160
f 2137/2374/2160 2138/2375/2161 2130/2366/2153
f 2132/2368/2155 2130/2366/2153 2138/2375/2161
f 2138/2375/2161 2139/2376/2162 2132/2368/2155
f 2140/2377/2163 2132/2368/2155 2139/2376/2162
f 2139/2376/2162 2141/2378/2164 2140/2377/2163
f 2142/2379/2165 2140/2377/2163 2141/2378/2164
f 2143/2380/2166 2142/2379/2165 2141/2378/2164
f 2144/2381/2167 2143/2380/2166 2141/2378/2164
f 2145/2382/2168 2143/2380/2166 2144/2381/2167
f 2144/2381/2167 2146/2383/2169 2145/2382/2168
f 2146/2383/2169 2147/2384/2170 2145/2382/2168
f 2148/2385/2171 2145/2382/2168 2147/2384/2170
f 2147/2384/2170 2149/2386/2172 2148/2385/2171
f 2150/2387/2173 2148/2385/2171 2149/2386/2172
f 2149/2386/2172 2151/2388/2174 2150/2387/2173
f 2151/2388/2174 2149/2386/2172 2152/2389/2175
f 2153/2390/2176 2151/2388/2174 2152/2389/2175
f 2152/2389/2175 2154/2391/2177 2153/2390/2176
f 2155/2392/2178 2153/2390/2176 2154/2391/2177
f 2154/2391/2177 2156/2393/2179 2155/2392/2178
f 2157/2394/2180 2155/2392/2178 2156/2393/2179
f 2156/2393/2179 1846/2395/1869 2157/2394/2180
f 1880/2067/1903 2157/2394/2180 1846/2395/1869
f 1846/2395/1869 1845/2068/1868 1880/2067/1903
f 2158/2396/2181 2152/2389/2175 2149/2386/2172
f 2149/2386/2172 2147/2384/2170 2158/2396/2181
f 2159/2397/2182 2158/2396/2181 2147/2384/2170
f 2147/2384/2170 2146/2383/2169 2159/2397/2182
f 2135/2372/2158 2134/2371/2157 2160/2398/2183
f 2161/2399/2184 2160/2398/2183 2134/2371/2157
f 2134/2371/2157 2133/2370/2156 2161/2399/2184
f 1857/2369/1880 2161/2399/2184 2133/2370/2156
f 1878/2065/1901 2162/2400/2185 1880/2067/1903
f 2157/2394/2180 1880/2067/1903 2162/2400/2185
f 2162/2400/2185 2163/2401/2186 2157/2394/2180
f 2155/2392/2178 2157/2394/2180 2163/2401/2186
f 2153/2390/2176 2155/2392/2178 2163/2401/2186
f 2163/2401/2186 2164/2402/2187 2153/2390/2176
f 2151/2388/2174 2153/2390/2176 2164/2402/2187
f 2164/2402/2187 2165/2403/2188 2151/2388/2174
f 2165/2403/2188 2150/2387/2173 2151/2388/2174
f 2163/2401/2186 2162/2400/2185 2164/2402/2187
f 2165/2403/2188 2164/2402/2187 2162/2400/2185
f 2166/2404/2189 2095/2405/2118 2094/2406/2117
f 2094/2406/2117 2119/2407/2142 2166/2404/2189
f 2119/2407/2142 2118/2408/2141 2166/2404/2189
f 2118/2408/2141 2117/2409/2140 2166/2404/2189
f 2117/2409/2140 2116/2410/2139 2166/2404/2189
f 2115/2411/2138 2166/2404/2189 2116/2410/2139
f 2166/2404/2189 2115/2411/2138 2114/2412/2137
f 2114/2412/2137 2113/2413/2136 2166/2404/2189
f 2113/2413/2136 2120/2414/2143 2166/2404/2189
f 2120/2414/2143 2121/2415/2144 2166/2404/2189
f 2121/2415/2144 2109/2416/2132 2166/2404/2189
f 2095/2417/2118 2166/2404/2189 2109/2416/2132
f 2167/2418/2190 2168/2419/2191 2169/2420/2192
f 2170/2421/2193 2167/2418/2190 2169/2420/2192
f 2169/2420/2192 2171/2422/2194 2170/2421/2193
f 2172/2423/2195 2170/2421/2193 2171/2422/2194
f 2173/2424/2196 2172/2423/2195 2171/2422/2194
f 2174/2425/2197 2173/2424/2196 2175/2426/2198
f 2171/2422/2194 2175/2426/2198 2173/2424/2196
f 2175/2426/2198 2171/2422/2194 2176/2427/2199
f 2171/2422/2194 2169/2420/2192 2176/2427/2199
f 2177/2428/2200 2176/2427/2199 2169/2420/2192
f 2177/2428/2200 2169/2420/2192 2168/2419/2191
f 2168/2419/2191 2178/2429/2201 2177/2428/2200
f 2179/2430/2202 2177/2428/2200 2178/2429/2201
f 2180/2431/2203 2181/2432/2204 2182/2433/2205
f 2183/2434/2206 2180/2431/2203 2182/2433/2205
f 2176/2427/2199 2180/2431/2203 2183/2434/2206
f 2183/2434/2206 2184/2435/2207 2176/2427/2199
f 2184/2435/2207 2175/2426/2198 2176/2427/2199
f 2175/2426/2198 2184/2435/2207 2185/2436/2208
f 2185/2436/2208 2174/2425/2197 2175/2426/2198
f 2174/2425/2197 2185/2436/2208 2186/2437/2209
f 2186/2437/2209 2187/2438/2210 2174/2425/2197
f 2173/2424/2196 2174/2425/2197 2187/2438/2210
f 2187/2438/2210 2188/2439/2211 2173/2424/2196
f 2172/2423/2195 2173/2424/2196 2188/2439/2211
f 2188/2439/2211 2189/2440/2212 2172/2423/2195
f 2170/2421/2193 2172/2423/2195 2189/2440/2212
f 2189/2440/2212 2190/2441/2213 2170/2421/2193
f 2167/2418/2190 2170/2421/2193 2190/2441/2213
f 2190/2441/2213 2191/2442/2214 2167/2418/2190
f 2168/2419/2191 2167/2418/2190 2191/2442/2214
f 2191/2442/2214 2192/2443/2215 2168/2419/2191
f 2178/2429/2201 2168/2419/2191 2192/2443/2215
f 2192/2443/2215 2193/2444/2216 2178/2429/2201
f 2179/2430/2202 2178/2429/2201 2193/2444/2216
f 2193/2444/2216 2194/2445/2217 2179/2430/2202
f 2179/2430/2202 2194/2445/2217 2195/2446/2218
f 2194/2445/2217 2196/2447/2219 2195/2446/2218
f 2197/2448/2220 2195/2446/2218 2196/2447/2219
f 2196/2447/2219 2198/2449/2221 2197/2448/2220
f 2199/2450/2222 2197/2448/2220 2198/2449/2221
f 2198/2449/2221 2200/2451/2223 2199/2450/2222
f 2201/2452/2224 2199/2450/2222 2200/2451/2223
f 2200/2451/2223 2202/2453/2225 2201/2452/2224
f 2181/2432/2204 2201/2452/2224 2202/2453/2225
f 2202/2453/2225 2203/2454/2226 2181/2432/2204
f 2182/2433/2205 2181/2432/2204 2203/2454/2226
f 2203/2454/2226 2204/2455/2227 2182/2433/2205
f 2205/2456/2228 2182/2433/2205 2204/2455/2227
f 2204/2455/2227 2206/2457/2229 2205/2456/2228
f 2207/2458/2230 2205/2456/2228 2206/2457/2229
f 2206/2457/2229 2208/2459/2231 2207/2458/2230
f 2209/2460/2232 2207/2458/2230 2208/2459/2231
f 2208/2459/2231 2210/2461/2233 2209/2460/2232
f 2209/2460/2232 2210/2461/2233 2185/2436/2208
f 2210/2461/2233 2186/2437/2209 2185/2436/2208
f 2209/2460/2232 2185/2436/2208 2184/2435/2207
f 2207/2458/2230 2209/2460/2232 2184/2435/2207
f 2184/2435/2207 2183/2434/2206 2207/2458/2230
f 2205/2456/2228 2207/2458/2230 2183/2434/2206
f 2182/2433/2205 2205/2456/2228 2183/2434/2206
f 2181/2432/2204 2180/2431/2203 2201/2452/2224
f 2211/2462/2234 2201/2452/2224 2180/2431/2203
f 2201/2452/2224 2211/2462/2234 2199/2450/2222
f 2197/2448/2220 2199/2450/2222 2211/2462/2234
f 2211/2462/2234 2212/2463/2235 2197/2448/2220
f 2195/2446/2218 2197/2448/2220 2212/2463/2235
f 2179/2430/2202 2195/2446/2218 2212/2463/2235
f 2212/2463/2235 2213/2464/2236 2179/2430/2202
f 2177/2428/2200 2179/2430/2202 2213/2464/2236
f 2213/2464/2236 2212/2463/2235 2177/2428/2200
f 2176/2427/2199 2177/2428/2200 2212/2463/2235
f 2212/2463/2235 2211/2462/2234 2176/2427/2199
f 2180/2431/2203 2176/2427/2199 2211/2462/2234
f 1856/2041/1879 2214/2465/2237 1854/2039/1877
f 2215/2466/2238 1854/2039/1877 2214/2465/2237
f 2216/2467/2239 2215/2466/2238 2214/2465/2237
f 2215/2466/2238 2216/2467/2239 2217/2468/2240
f 2217/2468/2240 2160/2469/2183 2215/2466/2238
f 2160/2469/2183 2217/2468/2240 2135/2470/2158
f 2217/2468/2240 2218/2471/2241 2135/2470/2158
f 2136/2472/2159 2135/2470/2158 2218/2471/2241
f 2218/2471/2241 2219/2473/2242 2136/2472/2159
f 2137/2474/2160 2136/2472/2159 2219/2473/2242
f 2219/2473/2242 2220/2475/2243 2137/2474/2160
f 2138/2476/2161 2137/2474/2160 2220/2475/2243
f 2220/2475/2243 2139/2477/2162 2138/2476/2161
f 2139/2477/2162 2220/2475/2243 2221/2478/2244
f 2141/2479/2164 2139/2477/2162 2221/2478/2244
f 2221/2478/2244 2144/2480/2167 2141/2479/2164
f 2221/2478/2244 2222/2481/2245 2144/2480/2167
f 2146/2482/2169 2144/2480/2167 2222/2481/2245
f 2222/2481/2245 2223/2483/2246 2146/2482/2169
f 2159/2484/2182 2146/2482/2169 2223/2483/2246
f 2158/2485/2181 2159/2484/2182 2223/2483/2246
f 2223/2483/2246 2224/2486/2247 2158/2485/2181
f 2152/2487/2175 2158/2485/2181 2224/2486/2247
f 2224/2486/2247 2225/2488/2248 2152/2487/2175
f 2154/2489/2177 2152/2487/2175 2225/2488/2248
f 2225/2488/2248 2226/2490/2249 2154/2489/2177
f 2227/2491/2250 2154/2489/2177 2226/2490/2249
f 2226/2490/2249 1847/2032/1870 2227/2491/2250
f 1846/2031/1869 2227/2491/2250 1847/2032/1870
f 1846/2031/1869 2156/2492/2179 2227/2491/2250
f 2154/2489/2177 2227/2491/2250 2156/2492/2179
f 2161/2493/2184 1857/2042/1880 1854/2039/1877
f 2160/2469/2183 2161/2493/2184 1854/2039/1877
f 1854/2039/1877 2215/2466/2238 2160/2469/2183
f 2228/2494/2251 2221/2478/2244 2220/2475/2243
f 2220/2475/2243 2219/2473/2242 2228/2494/2251
f 2229/2495/2252 2228/2494/2251 2219/2473/2242
f 2219/2473/2242 2218/2471/2241 2229/2495/2252
f 2230/2496/2253 2229/2495/2252 2218/2471/2241
f 2218/2471/2241 2217/2468/2240 2230/2496/2253
f 2216/2467/2239 2230/2496/2253 2217/2468/2240
f 2231/2497/2254 1847/2032/1870 2226/2490/2249
f 2226/2490/2249 2225/2488/2248 2231/2497/2254
f 2232/2498/2255 2231/2497/2254 2225/2488/2248
f 2225/2488/2248 2224/2486/2247 2232/2498/2255
f 2233/2499/2256 2232/2498/2255 2224/2486/2247
f 2224/2486/2247 2223/2483/2246 2233/2499/2256
f 2234/2500/2257 2233/2499/2256 2223/2483/2246
f 2235/2501/2258 2234/2500/2257 2223/2483/2246
f 2223/2483/2246 2222/2481/2245 2235/2501/2258
f 2221/2478/2244 2235/2501/2258 2222/2481/2245
f 2236/2502/2259 2237/2503/2260 2238/2504/2261
f 2238/2504/2261 2237/2503/2260 2239/2505/2262
f 2239/2505/2262 2237/2503/2260 2240/2506/2263
f 2240/2506/2263 2237/2503/2260 2241/2507/2264
f 2241/2507/2264 2237/2503/2260 2242/2508/2265
f 2237/2503/2260 2243/2509/2266 2242/2508/2265
f 2243/2509/2266 2237/2503/2260 2244/2510/2267
f 2244/2510/2267 2237/2503/2260 2245/2511/2268
f 2245/2511/2268 2237/2503/2260 2246/2512/2269
f 2246/2512/2269 2237/2503/2260 2247/2513/2270
f 2247/2513/2270 2237/2503/2260 2248/2514/2271
f 2237/2503/2260 2236/2515/2259 2248/2514/2271
f 2249/2516/2272 2250/2517/2273 2251/2518/2274
f 2252/2519/2275 2251/2518/2274 2250/2517/2273
f 2250/2517/2273 2253/2520/2276 2252/2519/2275
f 2254/2521/2277 2252/2519/2275 2253/2520/2276
f 2252/2519/2275 2254/2521/2277 2255/2522/2278
f 2256/2523/2279 2255/2522/2278 2254/2521/2277
f 2254/2521/2277 2257/2524/2280 2256/2523/2279
f 2258/2525/2281 2256/2523/2279 2257/2524/2280
f 2259/2526/2282 2258/2525/2281 2257/2524/2280
f 2257/2524/2280 2260/2527/2283 2259/2526/2282
f 2261/2528/2284 2259/2526/2282 2260/2527/2283
f 2260/2527/2283 2262/2529/2285 2261/2528/2284
f 2263/2530/2286 2261/2528/2284 2262/2529/2285
f 2262/2529/2285 2264/2531/2287 2263/2530/2286
f 2265/2532/2288 2263/2530/2286 2264/2531/2287
f 2264/2531/2287 2266/2533/2289 2265/2532/2288
f 2267/2534/2290 2265/2532/2288 2266/2533/2289
f 2266/2533/2289 2268/2535/2291 2267/2534/2290
f 2269/2536/2292 2267/2534/2290 2268/2535/2291
f 2268/2535/2291 2270/2537/2293 2269/2536/2292
f 2271/2538/2294 2269/2536/2292 2270/2537/2293
f 2270/2537/2293 2272/2539/2295 2271/2538/2294
f 2271/2538/2294 2272/2539/2295 2273/2540/2296
f 2251/2541/2274 2273/2540/2296 2272/2539/2295
f 2249/2542/2272 2251/2541/2274 2272/2539/2295
f 2272/2539/2295 2274/2543/2297 2249/2542/2272
f 2253/2520/2276 2275/2544/2298 2254/2521/2277
f 2276/2545/2299 2277/2546/2300 2278/2547/2301
f 2278/2547/2301 2279/2548/2302 2276/2545/2299
f 2279/2548/2302 2280/2549/2303 2276/2545/2299
f 2281/2550/2304 2282/2551/2305 2283/2552/2306
f 2281/2550/2304 2283/2552/2306 2284/2553/2307
f 2285/2554/2308 2284/2553/2307 2283/2552/2306
f 2286/2555/2309 2284/2553/2307 2285/2554/2308
f 2285/2554/2308 2287/2556/2310 2286/2555/2309
f 2287/2556/2310 2285/2554/2308 2280/2549/2303
f 2283/2552/2306 2280/2549/2303 2285/2554/2308
f 2283/2552/2306 2276/2545/2299 2280/2549/2303
f 2276/2545/2299 2283/2552/2306 2282/2551/2305
f 2277/2546/2300 2276/2545/2299 2282/2551/2305
f 2282/2551/2305 2288/2557/2311 2277/2546/2300
f 2288/2557/2311 2289/2558/2312 2277/2546/2300
f 2289/2558/2312 2290/2559/2313 2277/2546/2300
f 2291/2560/2314 2277/2546/2300 2290/2559/2313
f 2291/2560/2314 2278/2547/2301 2277/2546/2300
f 2278/2547/2301 2291/2560/2314 2292/2561/2315
f 2279/2548/2302 2278/2547/2301 2292/2561/2315
f 2292/2561/2315 2293/2562/2316 2279/2548/2302
f 2279/2548/2302 2293/2562/2316 2280/2549/2303
f 2294/2563/2317 2280/2549/2303 2293/2562/2316
f 2280/2549/2303 2294/2563/2317 2287/2556/2310
f 2295/2564/2318 2296/2565/2319 2297/2566/2320
f 2296/2565/2319 2298/2567/2321 2297/2566/2320
f 2298/2567/2321 2299/2568/2322 2297/2566/2320
f 2256/2569/2279 2258/2570/2281 2300/2571/2323
f 2258/2570/2281 2259/2572/2282 2300/2571/2323
f 2293/2562/2316 2301/2573/2324 2294/2563/2317
f 2255/2574/2278 2256/2569/2279 2302/2575/2325
f 2256/2569/2279 2303/2576/2326 2302/2575/2325
f 2303/2576/2326 2256/2569/2279 2300/2571/2323
f 2300/2571/2323 2294/2563/2317 2303/2576/2326
f 2294/2563/2317 2300/2571/2323 2287/2556/2310
f 2259/2572/2282 2287/2556/2310 2300/2571/2323
f 2287/2556/2310 2259/2572/2282 2286/2555/2309
f 2261/2577/2284 2286/2555/2309 2259/2572/2282
f 2284/2553/2307 2286/2555/2309 2261/2577/2284
f 2261/2577/2284 2263/2578/2286 2284/2553/2307
f 2263/2578/2286 2281/2550/2304 2284/2553/2307
f 2263/2578/2286 2265/2579/2288 2281/2550/2304
f 2282/2551/2305 2281/2550/2304 2265/2579/2288
f 2265/2579/2288 2267/2580/2290 2282/2551/2305
f 2288/2557/2311 2282/2551/2305 2267/2580/2290
f 2267/2580/2290 2269/2581/2292 2288/2557/2311
f 2269/2581/2292 2271/2582/2294 2288/2557/2311
f 2289/2558/2312 2288/2557/2311 2271/2582/2294
f 2271/2582/2294 2273/2583/2296 2289/2558/2312
f 2290/2559/2313 2289/2558/2312 2273/2583/2296
f 2273/2583/2296 2295/2564/2318 2290/2559/2313
f 2295/2564/2318 2291/2560/2314 2290/2559/2313
f 2291/2560/2314 2295/2564/2318 2297/2566/2320
f 2297/2566/2320 2292/2561/2315 2291/2560/2314
f 2292/2561/2315 2297/2566/2320 2299/2568/2322
f 2293/2562/2316 2292/2561/2315 2299/2568/2322
f 2299/2568/2322 2304/2584/2327 2293/2562/2316
f 2304/2584/2327 2305/2585/2328 2293/2562/2316
f 2301/2573/2324 2293/2562/2316 2305/2585/2328
f 2305/2585/2328 2306/2586/2329 2301/2573/2324
f 2303/2576/2326 2301/2573/2324 2306/2586/2329
f 2301/2573/2324 2303/2576/2326 2294/2563/2317
f 2306/2586/2329 2302/2575/2325 2303/2576/2326
f 2307/2587/2330 2308/2588/2331 2309/2589/2332
f 2310/2590/2333 2309/2589/2332 2308/2588/2331
f 2308/2588/2331 2311/2591/2334 2310/2590/2333
f 2312/2592/2335 2313/2593/2336 2314/2594/2337
f 2307/2587/2330 2314/2594/2337 2313/2593/2336
f 2313/2593/2336 2315/2595/2338 2307/2587/2330
f 2308/2588/2331 2307/2587/2330 2315/2595/2338
f 2315/2595/2338 2298/2596/2321 2308/2588/2331
f 2311/2591/2334 2308/2588/2331 2298/2596/2321
f 2298/2596/2321 2296/2597/2319 2311/2591/2334
f 2316/2598/2339 2317/2599/2340 2318/2600/2341
f 2319/2601/2342 2320/2602/2343 2317/2599/2340
f 2252/2603/2275 2319/2601/2342 2317/2599/2340
f 2251/2604/2274 2252/2603/2275 2317/2599/2340
f 2317/2599/2340 2316/2598/2339 2251/2604/2274
f 2273/2605/2296 2251/2604/2274 2316/2598/2339
f 2295/2606/2318 2273/2605/2296 2316/2598/2339
f 2316/2598/2339 2318/2600/2341 2295/2606/2318
f 2295/2606/2318 2318/2600/2341 2296/2597/2319
f 2318/2600/2341 2311/2591/2334 2296/2597/2319
f 2311/2591/2334 2318/2600/2341 2317/2599/2340
f 2317/2599/2340 2310/2590/2333 2311/2591/2334
f 2310/2590/2333 2317/2599/2340 2320/2602/2343
f 2309/2589/2332 2310/2590/2333 2320/2602/2343
f 2320/2602/2343 2321/2607/2344 2309/2589/2332
f 2307/2587/2330 2309/2589/2332 2321/2607/2344
f 2321/2607/2344 2322/2608/2345 2307/2587/2330
f 2314/2594/2337 2307/2587/2330 2322/2608/2345
f 2322/2608/2345 2323/2609/2346 2314/2594/2337
f 2323/2609/2346 2324/2610/2347 2314/2594/2337
f 2312/2592/2335 2314/2594/2337 2324/2610/2347
f 2324/2610/2347 2236/2611/2259 2312/2592/2335
f 2238/2612/2261 2312/2592/2335 2236/2611/2259
f 2312/2592/2335 2238/2612/2261 2325/2613/2348
f 2313/2593/2336 2312/2592/2335 2325/2613/2348
f 2325/2613/2348 2326/2614/2349 2313/2593/2336
f 2315/2595/2338 2313/2593/2336 2326/2614/2349
f 2326/2614/2349 2327/2615/2350 2315/2595/2338
f 2298/2596/2321 2315/2595/2338 2327/2615/2350
f 2327/2615/2350 2328/2616/2351 2298/2596/2321
f 2299/2617/2322 2298/2596/2321 2328/2616/2351
f 2328/2616/2351 2329/2618/2352 2299/2617/2322
f 2304/2619/2327 2299/2617/2322 2329/2618/2352
f 2329/2618/2352 2330/2620/2353 2304/2619/2327
f 2305/2621/2328 2304/2619/2327 2330/2620/2353
f 2330/2620/2353 2331/2622/2354 2305/2621/2328
f 2306/2623/2329 2305/2621/2328 2331/2622/2354
f 2306/2623/2329 2331/2622/2354 2332/2624/2355
f 2332/2624/2355 2333/2625/2356 2306/2623/2329
f 2302/2626/2325 2306/2623/2329 2333/2625/2356
f 2255/2627/2278 2302/2626/2325 2333/2625/2356
f 2252/2628/2275 2255/2627/2278 2333/2625/2356
f 2319/2629/2342 2252/2628/2275 2333/2625/2356
f 2333/2625/2356 2332/2624/2355 2319/2629/2342
f 2320/2630/2343 2319/2629/2342 2332/2624/2355
f 2332/2624/2355 2331/2622/2354 2320/2630/2343
f 2321/2631/2344 2320/2630/2343 2331/2622/2354
f 2322/2632/2345 2321/2631/2344 2331/2622/2354
f 2331/2622/2354 2334/2633/2357 2322/2632/2345
f 2334/2633/2357 2331/2622/2354 2330/2620/2353
f 2330/2620/2353 2335/2634/2358 2334/2633/2357
f 2330/2620/2353 2329/2618/2352 2335/2634/2358
f 2336/2635/2359 2335/2634/2358 2329/2618/2352
f 2328/2616/2351 2327/2615/2350 2337/2636/2360
f 2327/2615/2350 2326/2614/2349 2337/2636/2360
f 2338/2637/2361 2337/2636/2360 2326/2614/2349
f 2326/2614/2349 2325/2613/2348 2338/2637/2361
f 2329/2618/2352 2328/2616/2351 2336/2635/2359
f 2339/2638/2362 2336/2635/2359 2328/2616/2351
f 2337/2636/2360 2339/2638/2362 2328/2616/2351
f 2339/2638/2362 2337/2636/2360 2242/2639/2265
f 2241/2640/2264 2242/2639/2265 2337/2636/2360
f 2338/2637/2361 2241/2640/2264 2337/2636/2360
f 2241/2640/2264 2338/2637/2361 2240/2641/2263
f 2239/2642/2262 2240/2641/2263 2338/2637/2361
f 2338/2637/2361 2325/2613/2348 2239/2642/2262
f 2238/2612/2261 2239/2642/2262 2325/2613/2348
f 2323/2643/2346 2322/2632/2345 2340/2644/2363
f 2334/2633/2357 2340/2644/2363 2322/2632/2345
f 2340/2644/2363 2334/2633/2357 2341/2645/2364
f 2335/2634/2358 2341/2645/2364 2334/2633/2357
f 2242/2639/2265 2243/2646/2266 2339/2638/2362
f 2336/2635/2359 2339/2638/2362 2243/2646/2266
f 2243/2646/2266 2244/2647/2267 2336/2635/2359
f 2335/2634/2358 2336/2635/2359 2244/2647/2267
f 2244/2647/2267 2245/2648/2268 2335/2634/2358
f 2341/2645/2364 2335/2634/2358 2245/2648/2268
f 2245/2648/2268 2246/2649/2269 2341/2645/2364
f 2246/2649/2269 2247/2650/2270 2341/2645/2364
f 2247/2650/2270 2340/2644/2363 2341/2645/2364
f 2340/2644/2363 2247/2650/2270 2342/2651/2365
f 2340/2644/2363 2342/2651/2365 2323/2643/2346
f 2324/2652/2347 2323/2643/2346 2342/2651/2365
f 2342/2651/2365 2248/2653/2271 2324/2652/2347
f 2236/2654/2259 2324/2652/2347 2248/2653/2271
f 2248/2653/2271 2342/2651/2365 2247/2650/2270
f 2250/2655/2273 2249/2656/2272 2274/2657/2297
f 2266/2658/2289 2264/2659/2287 2268/2660/2291
f 2260/2661/2283 2268/2660/2291 2264/2659/2287
f 2270/2662/2293 2268/2660/2291 2260/2661/2283
f 2260/2661/2283 2257/2663/2280 2270/2662/2293
f 2257/2663/2280 2254/2664/2277 2270/2662/2293
f 2272/2665/2295 2270/2662/2293 2254/2664/2277
f 2272/2665/2295 2254/2664/2277 2274/2657/2297
f 2275/2666/2298 2274/2657/2297 2254/2664/2277
f 2274/2657/2297 2275/2666/2298 2250/2655/2273
f 2253/2667/2276 2250/2655/2273 2275/2666/2298
f 2264/2659/2287 2262/2668/2285 2260/2661/2283
f 2343/2669/2366 2344/2670/2367 2345/2671/2368
f 2344/2670/2367 2343/2669/2366 2346/2672/2369
f 2346/2672/2369 2343/2669/2366 2347/2673/2370
f 2348/2674/2371 2349/2675/2372 2350/2676/2373
f 2349/2675/2372 2351/2677/2374 2350/2676/2373
f 2351/2677/2374 2352/2678/2375 2350/2676/2373
f 2352/2678/2375 2353/2679/2376 2350/2676/2373
f 2354/2680/2377 2350/2676/2373 2353/2679/2376
f 2350/2676/2373 2354/2680/2377 2355/2681/2378
f 2355/2681/2378 2348/2674/2371 2350/2676/2373
f 2348/2674/2371 2355/2681/2378 2356/2682/2379
f 2357/2683/2380 2348/2674/2371 2356/2682/2379
f 2358/2684/2381 2357/2683/2380 2356/2682/2379
f 2359/2685/2382 2357/2683/2380 2358/2684/2381
f 2358/2684/2381 2360/2686/2383 2359/2685/2382
f 2361/2687/2384 2359/2685/2382 2360/2686/2383
f 2345/2671/2368 2361/2687/2384 2360/2686/2383
f 2361/2687/2384 2345/2671/2368 2344/2670/2367
f 2362/2688/2385 2361/2687/2384 2344/2670/2367
f 2344/2670/2367 2346/2672/2369 2362/2688/2385
f 2363/2689/2386 2362/2688/2385 2346/2672/2369
f 2364/2690/2387 2363/2689/2386 2346/2672/2369
f 2346/2672/2369 2347/2673/2370 2364/2690/2387
f 2365/2691/2388 2364/2690/2387 2347/2673/2370
f 2365/2691/2388 2347/2673/2370 2366/2692/2389
f 2367/2693/2390 2366/2692/2389 2347/2673/2370
f 2347/2673/2370 2343/2669/2366 2367/2693/2390
f 2367/2693/2390 2343/2669/2366 2368/2694/2391
f 2368/2694/2391 2343/2669/2366 2345/2671/2368
f 2368/2694/2391 2345/2671/2368 2369/2695/2392
f 2360/2686/2383 2369/2695/2392 2345/2671/2368
f 2360/2686/2383 2358/2684/2381 2369/2695/2392
f 2370/2696/2393 2371/2697/2394 2372/2698/2395
f 2371/2697/2394 2373/2699/2396 2372/2698/2395
f 2373/2699/2396 2374/2700/2397 2372/2698/2395
f 2373/2699/2396 2375/2701/2398 2374/2700/2397
f 2376/2702/2399 2374/2700/2397 2375/2701/2398
f 2375/2701/2398 2377/2703/2400 2376/2702/2399
f 2377/2703/2400 2378/2704/2401 2376/2702/2399
f 2379/2705/2402 2376/2702/2399 2378/2704/2401
f 2376/2702/2399 2379/2705/2402 2380/2706/2403
f 2381/2707/2404 2380/2706/2403 2379/2705/2402
f 2380/2706/2403 2381/2707/2404 2382/2708/2405
f 2374/2700/2397 2376/2702/2399 2380/2706/2403
f 2383/2709/2406 2374/2700/2397 2380/2706/2403
f 2374/2700/2397 2383/2709/2406 2372/2698/2395
f 2384/2710/2407 2372/2698/2395 2383/2709/2406
f 2384/2710/2407 2383/2709/2406 2385/2711/2408
f 2383/2709/2406 2382/2708/2405 2385/2711/2408
f 2382/2708/2405 2383/2709/2406 2380/2706/2403
f 2386/2712/2409 2387/2713/2410 2388/2714/2411
f 2389/2715/2412 2386/2712/2409 2388/2714/2411
f 2390/2716/2413 2386/2712/2409 2389/2715/2412
f 2390/2716/2413 2389/2715/2412 2391/2717/2414
f 2390/2716/2413 2391/2717/2414 2392/2718/2415
f 2393/2719/2416 2394/2720/2417 2395/2721/2418
f 2394/2720/2417 2393/2719/2416 2396/2722/2419
f 2393/2719/2416 2397/2723/2420 2396/2722/2419
f 2397/2723/2420 2398/2724/2421 2396/2722/2419
f 2355/2681/2378 2396/2722/2419 2398/2724/2421
f 2398/2724/2421 2399/2725/2422 2355/2681/2378
f 2399/2725/2422 2356/2682/2379 2355/2681/2378
f 2356/2682/2379 2399/2725/2422 2358/2684/2381
f 2400/2726/2423 2358/2684/2381 2399/2725/2422
f 2358/2684/2381 2400/2726/2423 2369/2695/2392
f 2401/2727/2424 2369/2695/2392 2400/2726/2423
f 2369/2695/2392 2401/2727/2424 2368/2694/2391
f 2367/2693/2390 2368/2694/2391 2401/2727/2424
f 2388/2714/2411 2402/2728/2425 2389/2715/2412
f 2400/2726/2423 2387/2713/2410 2401/2727/2424
f 2387/2713/2410 2400/2726/2423 2388/2714/2411
f 2399/2725/2422 2388/2714/2411 2400/2726/2423
f 2402/2728/2425 2388/2714/2411 2399/2725/2422
f 2399/2725/2422 2398/2724/2421 2402/2728/2425
f 2397/2723/2420 2402/2728/2425 2398/2724/2421
f 2402/2728/2425 2397/2723/2420 2403/2729/2426
f 2403/2729/2426 2389/2715/2412 2402/2728/2425
f 2389/2715/2412 2403/2729/2426 2404/2730/2427
f 2391/2717/2414 2389/2715/2412 2404/2730/2427
f 2405/2731/2428 2391/2717/2414 2404/2730/2427
f 2404/2730/2427 2406/2732/2429 2405/2731/2428
f 2407/2733/2430 2405/2731/2428 2406/2732/2429
f 2394/2720/2417 2396/2722/2419 2354/2680/2377
f 2396/2722/2419 2355/2681/2378 2354/2680/2377
f 2408/2734/2431 2409/2735/2432 2410/2736/2433
f 2410/2736/2433 2411/2737/2434 2408/2734/2431
f 2412/2738/2435 2413/2739/2436 2414/2740/2437
f 2413/2739/2436 2408/2734/2431 2414/2740/2437
f 2408/2734/2431 2411/2737/2434 2414/2740/2437
f 2411/2737/2434 2415/2741/2438 2414/2740/2437
f 2415/2741/2438 2411/2737/2434 2416/2742/2439
f 2410/2736/2433 2416/2742/2439 2411/2737/2434
f 2406/2732/2429 2404/2730/2427 2403/2729/2426
f 2417/2743/2440 2418/2744/2441 2419/2745/2442
f 2418/2744/2441 2420/2746/2443 2419/2745/2442
f 2421/2747/2444 2422/2748/2445 2423/2749/2446
f 2422/2748/2445 2421/2747/2444 2424/2750/2447
f 2424/2750/2447 2425/2751/2448 2422/2748/2445
f 2426/2752/2449 2425/2751/2448 2424/2750/2447
f 2424/2750/2447 2427/2753/2450 2426/2752/2449
f 2427/2753/2450 2424/2750/2447 2421/2747/2444
f 2421/2747/2444 2428/2754/2451 2427/2753/2450
f 2423/2749/2446 2428/2754/2451 2421/2747/2444
f 2428/2754/2451 2423/2749/2446 2429/2755/2452
f 2415/2741/2438 2429/2755/2452 2423/2749/2446
f 2423/2749/2446 2414/2740/2437 2415/2741/2438
f 2414/2740/2437 2423/2749/2446 2422/2748/2445
f 2422/2748/2445 2412/2738/2435 2414/2740/2437
f 2412/2738/2435 2422/2748/2445 2425/2751/2448
f 2412/2738/2435 2425/2751/2448 2430/2756/2453
f 2431/2757/2454 2430/2756/2453 2425/2751/2448
f 2425/2751/2448 2426/2752/2449 2431/2757/2454
f 2420/2746/2443 2431/2757/2454 2426/2752/2449
f 2426/2752/2449 2419/2745/2442 2420/2746/2443
f 2419/2745/2442 2426/2752/2449 2427/2753/2450
f 2419/2745/2442 2427/2753/2450 2417/2743/2440
f 2428/2754/2451 2417/2743/2440 2427/2753/2450
f 2417/2743/2440 2428/2754/2451 2352/2678/2375
f 2429/2755/2452 2352/2678/2375 2428/2754/2451
f 2352/2678/2375 2429/2755/2452 2353/2679/2376
f 2415/2741/2438 2353/2679/2376 2429/2755/2452
f 2353/2679/2376 2415/2741/2438 2354/2680/2377
f 2416/2742/2439 2354/2680/2377 2415/2741/2438
f 2354/2680/2377 2416/2742/2439 2394/2720/2417
f 2410/2736/2433 2394/2720/2417 2416/2742/2439
f 2394/2720/2417 2410/2736/2433 2395/2721/2418
f 2409/2735/2432 2395/2721/2418 2410/2736/2433
f 2395/2721/2418 2409/2735/2432 2432/2758/2455
f 2409/2735/2432 2433/2759/2456 2432/2758/2455
f 2434/2760/2457 2432/2758/2455 2433/2759/2456
f 2434/2760/2457 2435/2761/2458 2432/2758/2455
f 2436/2762/2459 2432/2758/2455 2435/2761/2458
f 2432/2758/2455 2436/2762/2459 2395/2721/2418
f 2437/2763/2460 2395/2721/2418 2436/2762/2459
f 2395/2721/2418 2437/2763/2460 2393/2719/2416
f 2437/2763/2460 2438/2764/2461 2393/2719/2416
f 2438/2764/2461 2439/2765/2462 2393/2719/2416
f 2397/2723/2420 2393/2719/2416 2439/2765/2462
f 2439/2765/2462 2440/2766/2463 2397/2723/2420
f 2403/2729/2426 2397/2723/2420 2440/2766/2463
f 2441/2767/2464 2403/2729/2426 2440/2766/2463
f 2403/2729/2426 2441/2767/2464 2406/2732/2429
f 2442/2768/2465 2406/2732/2429 2441/2767/2464
f 2406/2732/2429 2442/2768/2465 2407/2733/2430
f 2370/2696/2393 2407/2733/2430 2442/2768/2465
f 2407/2733/2430 2370/2696/2393 2372/2698/2395
f 2405/2731/2428 2407/2733/2430 2372/2698/2395
f 2372/2698/2395 2384/2710/2407 2405/2731/2428
f 2391/2717/2414 2405/2731/2428 2384/2710/2407
f 2391/2717/2414 2384/2710/2407 2385/2711/2408
f 2385/2711/2408 2392/2718/2415 2391/2717/2414
f 2392/2718/2415 2385/2711/2408 2382/2708/2405
f 2443/2769/2466 2392/2718/2415 2382/2708/2405
f 2443/2769/2466 2382/2708/2405 2381/2707/2404
f 2444/2770/2467 2443/2769/2466 2381/2707/2404
f 2381/2707/2404 2379/2705/2402 2444/2770/2467
f 2445/2771/2468 2444/2770/2467 2379/2705/2402
f 2378/2704/2401 2445/2771/2468 2379/2705/2402
f 2446/2772/2469 2447/2773/2470 2448/2774/2471
f 2448/2774/2471 2449/2775/2472 2446/2772/2469
f 2449/2775/2472 2448/2774/2471 2450/2776/2473
f 2451/2777/2474 2452/2778/2475 2453/2779/2476
f 2452/2778/2475 2454/2780/2477 2453/2779/2476
f 2455/2781/2478 2453/2779/2476 2454/2780/2477
f 2454/2780/2477 2456/2782/2479 2455/2781/2478
f 2456/2782/2479 2447/2773/2470 2455/2781/2478
f 2456/2782/2479 2448/2774/2471 2447/2773/2470
f 2448/2774/2471 2456/2782/2479 2457/2783/2480
f 2457/2783/2480 2450/2776/2473 2448/2774/2471
f 2450/2776/2473 2457/2783/2480 2458/2784/2481
f 2459/2785/2482 2450/2776/2473 2458/2784/2481
f 2450/2776/2473 2459/2785/2482 2449/2775/2472
f 2460/2786/2483 2449/2775/2472 2459/2785/2482
f 2449/2775/2472 2460/2786/2483 2446/2772/2469
f 2461/2787/2484 2446/2772/2469 2460/2786/2483
f 2446/2772/2469 2461/2787/2484 2462/2788/2485
f 2447/2773/2470 2446/2772/2469 2462/2788/2485
f 2462/2788/2485 2463/2789/2486 2447/2773/2470
f 2464/2790/2487 2447/2773/2470 2463/2789/2486
f 2447/2773/2470 2464/2790/2487 2455/2781/2478
f 2456/2782/2479 2454/2780/2477 2465/2791/2488
f 2466/2792/2489 2467/2793/2490 2468/2794/2491
f 2454/2780/2477 2452/2778/2475 2469/2795/2492
f 2469/2795/2492 2465/2791/2488 2454/2780/2477
f 2465/2791/2488 2469/2795/2492 2470/2796/2493
f 2470/2796/2493 2456/2782/2479 2465/2791/2488
f 2456/2782/2479 2470/2796/2493 2471/2797/2494
f 2471/2797/2494 2467/2793/2490 2456/2782/2479
f 2471/2797/2494 2468/2794/2491 2467/2793/2490
f 2468/2794/2491 2471/2797/2494 2472/2798/2495
f 2472/2798/2495 2466/2792/2489 2468/2794/2491
f 2466/2792/2489 2472/2798/2495 2473/2799/2496
f 2473/2799/2496 2474/2800/2497 2466/2792/2489
f 2467/2793/2490 2466/2792/2489 2474/2800/2497
f 2474/2800/2497 2475/2801/2498 2467/2793/2490
f 2457/2783/2480 2467/2793/2490 2475/2801/2498
f 2467/2793/2490 2457/2783/2480 2456/2782/2479
f 2470/2796/2493 2469/2795/2492 2471/2797/2494
f 2472/2798/2495 2471/2797/2494 2469/2795/2492
f 2476/2802/2499 2442/2768/2465 2477/2803/2500
f 2478/2804/2501 2479/2805/2502 2480/2806/2503
f 2481/2807/2504 2480/2806/2503 2479/2805/2502
f 2479/2805/2502 2482/2808/2505 2481/2807/2504
f 2483/2809/2506 2484/2810/2507 2485/2811/2508
f 2484/2810/2507 2483/2809/2506 2486/2812/2509
f 2482/2813/2505 2486/2812/2509 2483/2809/2506
f 2481/2814/2504 2482/2813/2505 2483/2809/2506
f 2480/2815/2503 2481/2814/2504 2483/2809/2506
f 2483/2809/2506 2485/2811/2508 2480/2815/2503
f 2487/2816/2510 2480/2815/2503 2485/2811/2508
f 2487/2816/2510 2485/2811/2508 2475/2817/2498
f 2457/2783/2480 2475/2817/2498 2485/2811/2508
f 2485/2811/2508 2458/2784/2481 2457/2783/2480
f 2458/2784/2481 2485/2811/2508 2484/2810/2507
f 2458/2784/2481 2484/2810/2507 2459/2785/2482
f 2486/2812/2509 2459/2785/2482 2484/2810/2507
f 2459/2785/2482 2486/2812/2509 2460/2786/2483
f 2477/2803/2500 2460/2786/2483 2486/2812/2509
f 2460/2786/2483 2477/2803/2500 2461/2787/2484
f 2461/2787/2484 2477/2803/2500 2442/2768/2465
f 2442/2768/2465 2462/2788/2485 2461/2787/2484
f 2462/2788/2485 2442/2768/2465 2441/2767/2464
f 2441/2767/2464 2488/2818/2511 2462/2788/2485
f 2463/2789/2486 2462/2788/2485 2488/2818/2511
f 2489/2819/2512 2463/2789/2486 2488/2818/2511
f 2463/2789/2486 2489/2819/2512 2464/2790/2487
f 2490/2820/2513 2464/2790/2487 2489/2819/2512
f 2464/2790/2487 2490/2820/2513 2455/2781/2478
f 2491/2821/2514 2455/2781/2478 2490/2820/2513
f 2455/2781/2478 2491/2821/2514 2453/2779/2476
f 2492/2822/2515 2453/2779/2476 2491/2821/2514
f 2453/2779/2476 2492/2822/2515 2451/2777/2474
f 2493/2823/2516 2451/2777/2474 2492/2822/2515
f 2451/2777/2474 2493/2823/2516 2494/2824/2517
f 2451/2777/2474 2494/2824/2517 2495/2825/2518
f 2495/2825/2518 2370/2826/2393 2451/2777/2474
f 2452/2778/2475 2451/2777/2474 2370/2826/2393
f 2370/2826/2393 2442/2827/2465 2452/2778/2475
f 2476/2828/2499 2452/2778/2475 2442/2827/2465
f 2452/2778/2475 2476/2828/2499 2469/2795/2492
f 2477/2829/2500 2469/2795/2492 2476/2828/2499
f 2469/2795/2492 2477/2829/2500 2486/2830/2509
f 2486/2830/2509 2472/2798/2495 2469/2795/2492
f 2472/2798/2495 2486/2830/2509 2482/2808/2505
f 2482/2808/2505 2473/2799/2496 2472/2798/2495
f 2482/2808/2505 2479/2805/2502 2473/2799/2496
f 2474/2800/2497 2473/2799/2496 2479/2805/2502
f 2479/2805/2502 2478/2804/2501 2474/2800/2497
f 2475/2801/2498 2474/2800/2497 2478/2804/2501
f 2487/2831/2510 2475/2801/2498 2478/2804/2501
f 2480/2806/2503 2487/2831/2510 2478/2804/2501
f 2496/2832/2519 2497/2833/2520 2373/2834/2396
f 2373/2834/2396 2371/2835/2394 2498/2836/2521
f 2373/2834/2396 2498/2836/2521 2496/2832/2519
f 2498/2836/2521 2499/2837/2522 2496/2832/2519
f 2497/2833/2520 2496/2832/2519 2499/2837/2522
f 2499/2837/2522 2500/2838/2523 2497/2833/2520
f 2501/2839/2524 2497/2833/2520 2500/2838/2523
f 2501/2839/2524 2373/2834/2396 2497/2833/2520
f 2501/2839/2524 2375/2840/2398 2373/2834/2396
f 2401/2841/2424 2387/2842/2410 2502/2843/2525
f 2503/2844/2526 2502/2843/2525 2387/2842/2410
f 2503/2844/2526 2387/2842/2410 2504/2845/2527
f 2386/2846/2409 2504/2845/2527 2387/2842/2410
f 2504/2845/2527 2386/2846/2409 2390/2847/2413
f 2390/2847/2413 2505/2848/2528 2504/2845/2527
f 2505/2848/2528 2390/2847/2413 2506/2849/2529
f 2506/2849/2529 2507/2850/2530 2505/2848/2528
f 2507/2850/2530 2506/2849/2529 2508/2851/2531
f 2390/2847/2413 2392/2852/2415 2506/2849/2529
f 2444/2853/2467 2445/2854/2468 2509/2855/2532
f 2445/2854/2468 2378/2856/2401 2509/2855/2532
f 2510/2857/2533 2509/2855/2532 2378/2856/2401
f 2378/2856/2401 2377/2858/2400 2510/2857/2533
f 2377/2858/2400 2375/2840/2398 2510/2857/2533
f 2375/2840/2398 2501/2839/2524 2510/2857/2533
f 2509/2855/2532 2510/2857/2533 2501/2839/2524
f 2500/2838/2523 2509/2855/2532 2501/2839/2524
f 2509/2855/2532 2500/2838/2523 2444/2853/2467
f 2500/2838/2523 2499/2837/2522 2444/2853/2467
f 2443/2859/2466 2444/2853/2467 2499/2837/2522
f 2392/2852/2415 2443/2859/2466 2499/2837/2522
f 2499/2837/2522 2506/2849/2529 2392/2852/2415
f 2506/2849/2529 2499/2837/2522 2498/2836/2521
f 2498/2836/2521 2508/2851/2531 2506/2849/2529
f 2508/2851/2531 2498/2836/2521 2371/2835/2394
f 2507/2850/2530 2508/2851/2531 2371/2835/2394
f 2371/2835/2394 2370/2826/2393 2507/2850/2530
f 2370/2826/2393 2495/2825/2518 2507/2850/2530
f 2495/2825/2518 2505/2848/2528 2507/2850/2530
f 2505/2848/2528 2495/2825/2518 2494/2824/2517
f 2494/2824/2517 2504/2845/2527 2505/2848/2528
f 2504/2845/2527 2494/2824/2517 2493/2823/2516
f 2511/2860/2534 2504/2845/2527 2493/2823/2516
f 2504/2845/2527 2511/2860/2534 2503/2844/2526
f 2512/2861/2535 2503/2844/2526 2511/2860/2534
f 2503/2844/2526 2512/2861/2535 2513/2862/2536
f 2502/2843/2525 2503/2844/2526 2513/2862/2536
f 2514/2863/2537 2502/2843/2525 2513/2862/2536
f 2515/2864/2538 2516/2865/2539 2517/2866/2540
f 2518/2867/2541 2519/2868/2542 2520/2869/2543
f 2517/2866/2540 2520/2869/2543 2519/2868/2542
f 2515/2864/2538 2517/2866/2540 2519/2868/2542
f 2519/2868/2542 2521/2870/2544 2515/2864/2538
f 2521/2870/2544 2522/2871/2545 2515/2864/2538
f 2522/2871/2545 2523/2872/2546 2515/2864/2538
f 2516/2865/2539 2515/2864/2538 2523/2872/2546
f 2523/2872/2546 2524/2873/2547 2516/2865/2539
f 2525/2874/2548 2516/2865/2539 2524/2873/2547
f 2525/2874/2548 2517/2866/2540 2516/2865/2539
f 2525/2874/2548 2526/2875/2549 2517/2866/2540
f 2527/2876/2550 2517/2866/2540 2526/2875/2549
f 2517/2866/2540 2527/2876/2550 2520/2869/2543
f 2528/2877/2551 2529/2878/2552 2530/2879/2553
f 2529/2878/2552 2528/2877/2551 2531/2880/2554
f 2531/2880/2554 2532/2881/2555 2529/2878/2552
f 2532/2881/2555 2531/2880/2554 2533/2882/2556
f 2534/2883/2557 2518/2867/2541 2535/2884/2558
f 2520/2869/2543 2535/2884/2558 2518/2867/2541
f 2535/2884/2558 2520/2869/2543 2536/2885/2559
f 2527/2876/2550 2536/2885/2559 2520/2869/2543
f 2527/2876/2550 2537/2886/2560 2536/2885/2559
f 2537/2886/2560 2527/2876/2550 2526/2875/2549
f 2533/2882/2556 2537/2886/2560 2526/2875/2549
f 2526/2875/2549 2525/2874/2548 2533/2882/2556
f 2532/2881/2555 2533/2882/2556 2525/2874/2548
f 2524/2873/2547 2532/2881/2555 2525/2874/2548
f 2524/2873/2547 2538/2887/2561 2532/2881/2555
f 2538/2887/2561 2539/2888/2562 2532/2881/2555
f 2539/2888/2562 2529/2878/2552 2532/2881/2555
f 2529/2878/2552 2539/2888/2562 2540/2889/2563
f 2540/2889/2563 2530/2879/2553 2529/2878/2552
f 2541/2890/2564 2530/2879/2553 2540/2889/2563
f 2530/2879/2553 2541/2890/2564 2542/2891/2565
f 2542/2891/2565 2528/2877/2551 2530/2879/2553
f 2528/2877/2551 2542/2891/2565 2543/2892/2566
f 2543/2892/2566 2531/2880/2554 2528/2877/2551
f 2539/2888/2562 2544/2893/2567 2540/2889/2563
f 2544/2893/2567 2545/2894/2568 2540/2889/2563
f 2546/2895/2569 2547/2896/2570 2548/2897/2571
f 2548/2897/2571 2549/2898/2572 2546/2895/2569
f 2549/2898/2572 2548/2897/2571 2550/2899/2573
f 2551/2900/2574 2550/2899/2573 2548/2897/2571
f 2552/2901/2575 2553/2902/2576 2554/2903/2577
f 2553/2902/2576 2552/2901/2575 2555/2904/2578
f 2555/2904/2578 2556/2905/2579 2553/2902/2576
f 2556/2905/2579 2555/2904/2578 2557/2906/2580
f 2558/2907/2581 2557/2906/2580 2555/2904/2578
f 2555/2904/2578 2559/2908/2582 2558/2907/2581
f 2559/2908/2582 2560/2909/2583 2558/2907/2581
f 2557/2906/2580 2558/2907/2581 2560/2909/2583
f 2561/2910/2584 2557/2906/2580 2560/2909/2583
f 2561/2910/2584 2556/2905/2579 2557/2906/2580
f 2556/2905/2579 2561/2910/2584 2562/2911/2585
f 2562/2911/2585 2534/2883/2557 2556/2905/2579
f 2534/2883/2557 2535/2884/2558 2556/2905/2579
f 2535/2884/2558 2553/2902/2576 2556/2905/2579
f 2553/2902/2576 2535/2884/2558 2536/2885/2559
f 2536/2885/2559 2554/2903/2577 2553/2902/2576
f 2554/2903/2577 2536/2885/2559 2537/2886/2560
f 2537/2886/2560 2563/2912/2586 2554/2903/2577
f 2563/2912/2586 2537/2886/2560 2564/2913/2587
f 2537/2886/2560 2533/2882/2556 2564/2913/2587
f 2533/2882/2556 2565/2914/2588 2564/2913/2587
f 2565/2914/2588 2533/2882/2556 2531/2880/2554
f 2434/2915/2457 2565/2914/2588 2531/2880/2554
f 2531/2880/2554 2543/2892/2566 2434/2915/2457
f 2435/2916/2458 2434/2915/2457 2543/2892/2566
f 2435/2916/2458 2543/2892/2566 2542/2891/2565
f 2542/2891/2565 2566/2917/2589 2435/2916/2458
f 2566/2917/2589 2542/2891/2565 2547/2896/2570
f 2541/2890/2564 2547/2896/2570 2542/2891/2565
f 2547/2896/2570 2541/2890/2564 2548/2897/2571
f 2540/2889/2563 2548/2897/2571 2541/2890/2564
f 2548/2897/2571 2540/2889/2563 2551/2900/2574
f 2551/2900/2574 2540/2889/2563 2545/2894/2568
f 2550/2899/2573 2551/2900/2574 2545/2894/2568
f 2545/2894/2568 2567/2918/2590 2550/2899/2573
f 2567/2918/2590 2568/2919/2591 2550/2899/2573
f 2549/2898/2572 2550/2899/2573 2568/2919/2591
f 2568/2919/2591 2569/2920/2592 2549/2898/2572
f 2569/2920/2592 2546/2895/2569 2549/2898/2572
f 2570/2921/2593 2571/2922/2594 2559/2908/2582
f 2560/2909/2583 2559/2908/2582 2571/2922/2594
f 2560/2909/2583 2571/2922/2594 2561/2910/2584
f 2572/2923/2595 2561/2910/2584 2571/2922/2594
f 2571/2922/2594 2570/2921/2593 2572/2923/2595
f 2573/2924/2596 2572/2923/2595 2570/2921/2593
f 2570/2921/2593 2574/2925/2597 2573/2924/2596
f 2575/2926/2598 2573/2924/2596 2574/2925/2597
f 2574/2925/2597 2576/2927/2599 2575/2926/2598
f 2576/2927/2599 2574/2925/2597 2577/2928/2600
f 2489/2819/2512 2578/2929/2601 2490/2820/2513
f 2578/2929/2601 2489/2819/2512 2579/2930/2602
f 2488/2818/2511 2579/2930/2602 2489/2819/2512
f 2579/2930/2602 2488/2818/2511 2440/2766/2463
f 2488/2818/2511 2441/2767/2464 2440/2766/2463
f 2568/2931/2591 2567/2932/2590 2580/2933/2603
f 2567/2932/2590 2545/2934/2568 2580/2933/2603
f 2545/2934/2568 2544/2935/2567 2580/2933/2603
f 2581/2936/2604 2580/2933/2603 2544/2935/2567
f 2544/2935/2567 2539/2937/2562 2581/2936/2604
f 2539/2937/2562 2582/2938/2605 2581/2936/2604
f 2539/2937/2562 2538/2939/2561 2582/2938/2605
f 2434/2915/2457 2433/2940/2456 2565/2914/2588
f 2433/2940/2456 2409/2941/2432 2583/2942/2606
f 2583/2942/2606 2565/2914/2588 2433/2940/2456
f 2583/2942/2606 2584/2943/2607 2565/2914/2588
f 2585/2944/2608 2565/2914/2588 2584/2943/2607
f 2565/2914/2588 2585/2944/2608 2564/2913/2587
f 2440/2766/2463 2439/2765/2462 2586/2945/2609
f 2586/2945/2609 2579/2930/2602 2440/2766/2463
f 2579/2930/2602 2586/2945/2609 2578/2929/2601
f 2566/2946/2589 2587/2947/2610 2435/2761/2458
f 2588/2948/2611 2435/2761/2458 2587/2947/2610
f 2435/2761/2458 2588/2948/2611 2436/2762/2459
f 2589/2949/2612 2436/2762/2459 2588/2948/2611
f 2436/2762/2459 2589/2949/2612 2437/2763/2460
f 2590/2950/2613 2588/2948/2611 2587/2947/2610
f 2588/2948/2611 2590/2950/2613 2589/2949/2612
f 2591/2951/2614 2361/2952/2384 2362/2953/2385
f 2361/2952/2384 2591/2951/2614 2359/2954/2382
f 2522/2955/2545 2521/2956/2544 2592/2957/2615
f 2430/2958/2453 2431/2959/2454 2593/2960/2616
f 2431/2959/2454 2420/2961/2443 2593/2960/2616
f 2364/2962/2387 2365/2963/2388 2594/2964/2617
f 2365/2963/2388 2366/2965/2389 2594/2964/2617
f 2584/2943/2607 2595/2966/2618 2585/2944/2608
f 2595/2966/2618 2596/2967/2619 2585/2944/2608
f 2596/2967/2619 2597/2968/2620 2585/2944/2608
f 2597/2968/2620 2596/2967/2619 2598/2969/2621
f 2599/2970/2622 2600/2971/2623 2601/2972/2624
f 2600/2971/2623 2602/2973/2625 2601/2972/2624
f 2603/2974/2626 2601/2972/2624 2602/2973/2625
f 2604/2975/2627 2605/2976/2628 2412/2977/2435
f 2413/2978/2436 2412/2977/2435 2605/2976/2628
f 2605/2976/2628 2606/2979/2629 2413/2978/2436
f 2607/2980/2630 2608/2981/2631 2609/2982/2632
f 2351/2983/2374 2607/2980/2630 2609/2982/2632
f 2609/2982/2632 2610/2984/2633 2351/2983/2374
f 2352/2985/2375 2351/2983/2374 2610/2984/2633
f 2610/2984/2633 2599/2970/2622 2352/2985/2375
f 2417/2986/2440 2352/2985/2375 2599/2970/2622
f 2417/2986/2440 2599/2970/2622 2601/2972/2624
f 2418/2987/2441 2417/2986/2440 2601/2972/2624
f 2601/2972/2624 2603/2974/2626 2418/2987/2441
f 2420/2961/2443 2418/2987/2441 2603/2974/2626
f 2603/2974/2626 2593/2960/2616 2420/2961/2443
f 2602/2973/2625 2593/2960/2616 2603/2974/2626
f 2593/2960/2616 2602/2973/2625 2430/2958/2453
f 2602/2973/2625 2600/2971/2623 2430/2958/2453
f 2412/2977/2435 2430/2958/2453 2600/2971/2623
f 2412/2977/2435 2600/2971/2623 2604/2975/2627
f 2600/2971/2623 2599/2970/2622 2604/2975/2627
f 2605/2976/2628 2604/2975/2627 2599/2970/2622
f 2599/2970/2622 2610/2984/2633 2605/2976/2628
f 2606/2979/2629 2605/2976/2628 2610/2984/2633
f 2610/2984/2633 2609/2982/2632 2606/2979/2629
f 2609/2982/2632 2413/2978/2436 2606/2979/2629
f 2413/2978/2436 2609/2982/2632 2608/2981/2631
f 2608/2981/2631 2408/2988/2431 2413/2978/2436
f 2409/2941/2432 2408/2988/2431 2608/2981/2631
f 2608/2981/2631 2583/2942/2606 2409/2941/2432
f 2608/2981/2631 2607/2980/2630 2583/2942/2606
f 2584/2943/2607 2583/2942/2606 2607/2980/2630
f 2607/2980/2630 2351/2983/2374 2584/2943/2607
f 2595/2966/2618 2584/2943/2607 2351/2983/2374
f 2351/2983/2374 2349/2989/2372 2595/2966/2618
f 2596/2967/2619 2595/2966/2618 2349/2989/2372
f 2349/2989/2372 2348/2990/2371 2596/2967/2619
f 2348/2990/2371 2357/2991/2380 2596/2967/2619
f 2357/2991/2380 2598/2969/2621 2596/2967/2619
f 2357/2991/2380 2359/2954/2382 2598/2969/2621
f 2359/2954/2382 2611/2992/2634 2598/2969/2621
f 2611/2992/2634 2359/2954/2382 2591/2951/2614
f 2591/2951/2614 2612/2993/2635 2611/2992/2634
f 2591/2951/2614 2613/2994/2636 2612/2993/2635
f 2614/2995/2637 2612/2993/2635 2613/2994/2636
f 2615/2996/2638 2614/2995/2637 2613/2994/2636
f 2613/2994/2636 2591/2951/2614 2615/2996/2638
f 2615/2996/2638 2591/2951/2614 2616/2997/2639
f 2362/2953/2385 2616/2997/2639 2591/2951/2614
f 2362/2953/2385 2617/2998/2640 2616/2997/2639
f 2617/2998/2640 2362/2953/2385 2363/2999/2386
f 2363/2999/2386 2364/2962/2387 2617/2998/2640
f 2594/2964/2617 2617/2998/2640 2364/2962/2387
f 2617/2998/2640 2594/2964/2617 2618/3000/2641
f 2366/2965/2389 2618/3000/2641 2594/2964/2617
f 2618/3000/2641 2366/2965/2389 2614/2995/2637
f 2367/3001/2390 2614/2995/2637 2366/2965/2389
f 2614/2995/2637 2367/3001/2390 2401/2841/2424
f 2401/2841/2424 2502/2843/2525 2614/2995/2637
f 2612/2993/2635 2614/2995/2637 2502/2843/2525
f 2502/2843/2525 2514/2863/2537 2612/2993/2635
f 2514/2863/2537 2611/2992/2634 2612/2993/2635
f 2611/2992/2634 2514/2863/2537 2513/2862/2536
f 2513/2862/2536 2598/2969/2621 2611/2992/2634
f 2598/2969/2621 2513/2862/2536 2512/2861/2535
f 2598/2969/2621 2512/2861/2535 2597/2968/2620
f 2511/2860/2534 2597/2968/2620 2512/2861/2535
f 2597/2968/2620 2511/2860/2534 2585/2944/2608
f 2493/2823/2516 2585/2944/2608 2511/2860/2534
f 2585/2944/2608 2493/2823/2516 2564/2913/2587
f 2492/2822/2515 2564/2913/2587 2493/2823/2516
f 2564/2913/2587 2492/2822/2515 2563/2912/2586
f 2563/2912/2586 2492/2822/2515 2491/2821/2514
f 2491/2821/2514 2554/2903/2577 2563/2912/2586
f 2554/2903/2577 2491/2821/2514 2490/2820/2513
f 2490/2820/2513 2552/2901/2575 2554/2903/2577
f 2552/2901/2575 2490/2820/2513 2578/2929/2601
f 2578/2929/2601 2555/2904/2578 2552/2901/2575
f 2555/2904/2578 2578/2929/2601 2586/2945/2609
f 2555/2904/2578 2586/2945/2609 2559/2908/2582
f 2439/2765/2462 2559/2908/2582 2586/2945/2609
f 2559/2908/2582 2439/2765/2462 2570/2921/2593
f 2439/2765/2462 2438/2764/2461 2570/2921/2593
f 2574/2925/2597 2570/2921/2593 2438/2764/2461
f 2438/2764/2461 2437/2763/2460 2574/2925/2597
f 2437/2763/2460 2577/2928/2600 2574/2925/2597
f 2577/2928/2600 2437/2763/2460 2589/2949/2612
f 2589/2949/2612 2619/3002/2642 2577/2928/2600
f 2619/3002/2642 2589/2949/2612 2590/2950/2613
f 2590/2950/2613 2620/3003/2643 2619/3002/2642
f 2620/3003/2643 2590/2950/2613 2621/3004/2644
f 2587/2947/2610 2621/3004/2644 2590/2950/2613
f 2621/3004/2644 2587/2947/2610 2622/3005/2645
f 2587/2947/2610 2566/2946/2589 2622/3005/2645
f 2623/3006/2646 2622/3005/2645 2566/2946/2589
f 2566/2946/2589 2547/3007/2570 2623/3006/2646
f 2624/3008/2647 2623/3006/2646 2547/3007/2570
f 2547/3007/2570 2546/3009/2569 2624/3008/2647
f 2569/3010/2592 2624/3008/2647 2546/3009/2569
f 2569/3010/2592 2568/2931/2591 2624/3008/2647
f 2580/2933/2603 2624/3008/2647 2568/2931/2591
f 2623/3006/2646 2624/3008/2647 2580/2933/2603
f 2580/2933/2603 2581/2936/2604 2623/3006/2646
f 2622/3005/2645 2623/3006/2646 2581/2936/2604
f 2622/3005/2645 2581/2936/2604 2582/2938/2605
f 2582/2938/2605 2621/3004/2644 2622/3005/2645
f 2621/3004/2644 2582/2938/2605 2538/2939/2561
f 2620/3003/2643 2621/3004/2644 2538/2939/2561
f 2538/2939/2561 2524/3011/2547 2620/3003/2643
f 2524/3011/2547 2619/3002/2642 2620/3003/2643
f 2619/3002/2642 2524/3011/2547 2523/3012/2546
f 2523/3012/2546 2577/2928/2600 2619/3002/2642
f 2523/3012/2546 2522/2955/2545 2577/2928/2600
f 2576/2927/2599 2577/2928/2600 2522/2955/2545
f 2592/2957/2615 2576/2927/2599 2522/2955/2545
f 2592/2957/2615 2575/2926/2598 2576/2927/2599
f 2614/2995/2637 2615/2996/2638 2618/3000/2641
f 2616/2997/2639 2618/3000/2641 2615/2996/2638
f 2618/3000/2641 2616/2997/2639 2617/2998/2640
f 2625/3013/2648 2626/3014/2649 2627/3015/2650
f 2626/3014/2649 2628/3016/2651 2627/3015/2650
f 2628/3016/2651 2626/3014/2649 2629/3017/2652
f 2630/3018/2653 2629/3017/2652 2626/3014/2649
f 2629/3017/2652 2630/3018/2653 2631/3019/2654
f 2631/3019/2654 2630/3018/2653 2632/3020/2655
f 2633/3021/2656 2634/3022/2657 2635/3023/2658
f 2635/3023/2658 2636/3024/2659 2633/3021/2656
f 2636/3024/2659 2635/3023/2658 2637/3025/2660
f 2637/3025/2660 2638/3026/2661 2636/3024/2659
f 2638/3026/2661 2637/3025/2660 2639/3027/2662
f 2639/3027/2662 2637/3025/2660 2640/3028/2663
f 2640/3028/2663 2641/3029/2664 2639/3027/2662
f 2639/3027/2662 2641/3029/2664 2642/3030/2665
f 2643/3031/2666 2642/3030/2665 2641/3029/2664
f 2641/3029/2664 2625/3013/2648 2643/3031/2666
f 2640/3028/2663 2625/3013/2648 2641/3029/2664
f 2626/3014/2649 2625/3013/2648 2640/3028/2663
f 2640/3028/2663 2637/3025/2660 2626/3014/2649
f 2626/3014/2649 2637/3025/2660 2630/3018/2653
f 2630/3018/2653 2637/3025/2660 2635/3023/2658
f 2635/3023/2658 2632/3020/2655 2630/3018/2653
f 2632/3020/2655 2635/3023/2658 2634/3022/2657
f 2634/3022/2657 2631/3019/2654 2632/3020/2655
f 2644/3032/2667 2645/3033/2668 2646/3034/2669
f 2645/3033/2668 2644/3032/2667 2647/3035/2670
f 2648/3036/2671 2647/3035/2670 2644/3032/2667
f 2647/3035/2670 2648/3036/2671 2649/3037/2672
f 2650/3038/2673 2649/3037/2672 2648/3036/2671
f 2650/3038/2673 2648/3036/2671 2651/3039/2674
f 2631/3019/2654 2634/3022/2657 2652/3040/2675
f 2651/3039/2674 2653/3041/2676 2650/3038/2673
f 2652/3040/2675 2650/3038/2673 2653/3041/2676
f 2650/3038/2673 2652/3040/2675 2634/3022/2657
f 2634/3022/2657 2633/3021/2656 2650/3038/2673
f 2654/3042/2677 2633/3021/2656 2636/3024/2659
f 2649/3037/2672 2650/3038/2673 2633/3021/2656
f 2642/3043/2665 2643/3044/2666 2655/3045/2678
f 2656/3046/2679 2657/3047/2679 2658/3048/2679
f 2659/3049/2680 2660/3050/2680 2661/3051/2680
f 2662/3052/2681 2663/3053/2682 2664/3054/2683
f 2665/3055/2684 2664/3054/2683 2663/3053/2682
f 2666/3056/2685 2665/3055/2684 2663/3053/2682
f 2663/3053/2682 2667/3057/2686 2666/3056/2685
f 2668/3058/2687 2666/3056/2685 2667/3057/2686
f 2667/3057/2686 2669/3059/2688 2668/3058/2687
f 2670/3060/2689 2668/3058/2687 2669/3059/2688
f 2669/3059/2688 2671/3061/2690 2670/3060/2689
f 2672/3062/2691 2673/3063/2692 2674/3064/2693
f 2675/3065/2694 2674/3064/2693 2673/3063/2692
f 2675/3065/2694 2676/3066/2695 2674/3064/2693
f 2677/3067/2696 2674/3064/2693 2676/3066/2695
f 2676/3066/2695 2678/3068/2697 2677/3067/2696
f 2678/3068/2697 2679/3069/2698 2677/3067/2696
f 2680/3070/2699 2677/3067/2696 2679/3069/2698
f 2673/3063/2692 2681/3071/2700 2675/3065/2694
f 2680/3072/2699 2679/3073/2698 2682/3074/2701
f 2683/3075/2702 2682/3074/2701 2679/3073/2698
f 2679/3073/2698 2678/3076/2697 2683/3075/2702
f 2684/3077/2703 2683/3075/2702 2678/3076/2697
f 2678/3076/2697 2676/3078/2695 2684/3077/2703
f 2676/3078/2695 2685/3079/2704 2684/3077/2703
f 2676/3078/2695 2675/3080/2694 2685/3079/2704
f 2686/3081/2705 2685/3079/2704 2675/3080/2694
f 2675/3080/2694 2681/3082/2700 2686/3081/2705
f 2687/3083/2706 2686/3081/2705 2681/3082/2700
f 2681/3082/2700 2673/3084/2692 2687/3083/2706
f 2688/3085/2707 2687/3083/2706 2673/3084/2692
f 2673/3084/2692 2672/3086/2691 2688/3085/2707
f 2689/3087/2708 2688/3085/2707 2672/3086/2691
f 2672/3086/2691 2674/3088/2693 2689/3087/2708
f 2690/3089/2709 2689/3087/2708 2674/3088/2693
f 2674/3088/2693 2677/3090/2696 2690/3089/2709
f 2691/3091/2710 2690/3089/2709 2677/3090/2696
f 2677/3090/2696 2680/3072/2699 2691/3091/2710
f 2682/3074/2701 2691/3091/2710 2680/3072/2699
f 2691/3091/2710 2682/3074/2701 2692/3092/2711
f 2693/3093/2712 2692/3092/2711 2682/3074/2701
f 2692/3092/2711 2693/3093/2712 2694/3094/2713
f 2695/3095/2714 2694/3094/2713 2693/3093/2712
f 2695/3095/2714 2696/3096/2715 2694/3094/2713
f 2696/3096/2715 2695/3095/2714 2697/3097/2716
f 2697/3097/2716 2698/3098/2717 2696/3096/2715
f 2699/3099/2718 2700/3100/2719 2701/3101/2720
f 2701/3101/2720 2702/3102/2721 2699/3099/2718
f 2703/3103/2722 2699/3099/2718 2702/3102/2721
f 2704/3104/2723 2703/3103/2722 2702/3102/2721
f 2702/3102/2721 2705/3105/2724 2704/3104/2723
f 2706/3106/2725 2704/3104/2723 2705/3105/2724
f 2698/3098/2717 2706/3106/2725 2705/3105/2724
f 2705/3105/2724 2696/3096/2715 2698/3098/2717
f 2696/3096/2715 2705/3105/2724 2707/3107/2726
f 2707/3107/2726 2694/3094/2713 2696/3096/2715
f 2694/3094/2713 2707/3107/2726 2701/3101/2720
f 2694/3094/2713 2701/3101/2720 2692/3092/2711
f 2700/3100/2719 2692/3092/2711 2701/3101/2720
f 2692/3092/2711 2700/3100/2719 2691/3091/2710
f 2690/3089/2709 2691/3091/2710 2700/3100/2719
f 2700/3100/2719 2699/3099/2718 2690/3089/2709
f 2689/3087/2708 2690/3089/2709 2699/3099/2718
f 2699/3099/2718 2703/3103/2722 2689/3087/2708
f 2688/3085/2707 2689/3087/2708 2703/3103/2722
f 2703/3103/2722 2704/3104/2723 2688/3085/2707
f 2687/3083/2706 2688/3085/2707 2704/3104/2723
f 2704/3104/2723 2706/3106/2725 2687/3083/2706
f 2686/3081/2705 2687/3083/2706 2706/3106/2725
f 2706/3106/2725 2698/3098/2717 2686/3081/2705
f 2685/3079/2704 2686/3081/2705 2698/3098/2717
f 2698/3098/2717 2697/3097/2716 2685/3079/2704
f 2697/3097/2716 2684/3077/2703 2685/3079/2704
f 2684/3077/2703 2697/3097/2716 2695/3095/2714
f 2683/3075/2702 2684/3077/2703 2695/3095/2714
f 2695/3095/2714 2693/3093/2712 2683/3075/2702
f 2682/3074/2701 2683/3075/2702 2693/3093/2712
f 2705/3105/2724 2702/3102/2721 2707/3107/2726
f 2702/3102/2721 2701/3101/2720 2707/3107/2726
f 2667/3108/2686 2663/3109/2682 2708/3110/2727
f 2709/3111/2728 2708/3110/2727 2663/3109/2682
f 2663/3109/2682 2662/3112/2681 2709/3111/2728
f 2710/3113/2729 2709/3111/2728 2662/3112/2681
f 2662/3112/2681 2664/3114/2683 2710/3113/2729
f 2664/3114/2683 2711/3115/2730 2710/3113/2729
f 2664/3114/2683 2665/3116/2684 2711/3115/2730
f 2712/3117/2731 2711/3115/2730 2665/3116/2684
f 2665/3116/2684 2666/3118/2685 2712/3117/2731
f 2713/3119/2732 2712/3117/2731 2666/3118/2685
f 2666/3118/2685 2668/3120/2687 2713/3119/2732
f 2714/3121/2733 2713/3119/2732 2668/3120/2687
f 2668/3120/2687 2670/3122/2689 2714/3121/2733
f 2715/3123/2734 2714/3121/2733 2670/3122/2689
f 2670/3122/2689 2671/3124/2690 2715/3123/2734
f 2716/3125/2735 2715/3123/2734 2671/3124/2690
f 2671/3124/2690 2669/3126/2688 2716/3125/2735
f 2717/3127/2736 2716/3125/2735 2669/3126/2688
f 2669/3126/2688 2667/3108/2686 2717/3127/2736
f 2708/3110/2727 2717/3127/2736 2667/3108/2686
f 2717/3127/2736 2708/3110/2727 2718/3128/2737
f 2719/3129/2738 2718/3128/2737 2708/3110/2727
f 2718/3128/2737 2719/3129/2738 2720/3130/2739
f 2721/3131/2740 2720/3130/2739 2719/3129/2738
f 2721/3131/2740 2722/3132/2741 2720/3130/2739
f 2722/3132/2741 2721/3131/2740 2723/3133/2742
f 2723/3133/2742 2724/3134/2743 2722/3132/2741
f 2708/3110/2727 2709/3111/2728 2719/3129/2738
f 2721/3131/2740 2719/3129/2738 2709/3111/2728
f 2709/3111/2728 2710/3113/2729 2721/3131/2740
f 2710/3113/2729 2723/3133/2742 2721/3131/2740
f 2723/3133/2742 2710/3113/2729 2711/3115/2730
f 2724/3134/2743 2723/3133/2742 2711/3115/2730
f 2711/3115/2730 2712/3117/2731 2724/3134/2743
f 2725/3135/2744 2724/3134/2743 2712/3117/2731
f 2712/3117/2731 2713/3119/2732 2725/3135/2744
f 2726/3136/2745 2725/3135/2744 2713/3119/2732
f 2713/3119/2732 2714/3121/2733 2726/3136/2745
f 2727/3137/2746 2726/3136/2745 2714/3121/2733
f 2714/3121/2733 2715/3123/2734 2727/3137/2746
f 2728/3138/2747 2727/3137/2746 2715/3123/2734
f 2715/3123/2734 2716/3125/2735 2728/3138/2747
f 2729/3139/2748 2728/3138/2747 2716/3125/2735
f 2716/3125/2735 2717/3127/2736 2729/3139/2748
f 2718/3128/2737 2729/3139/2748 2717/3127/2736
f 2729/3139/2748 2718/3128/2737 2730/3140/2749
f 2720/3130/2739 2730/3140/2749 2718/3128/2737
f 2720/3130/2739 2731/3141/2750 2730/3140/2749
f 2731/3141/2750 2720/3130/2739 2722/3132/2741
f 2722/3132/2741 2732/3142/2751 2731/3141/2750
f 2727/3137/2746 2728/3138/2747 2733/3143/2752
f 2726/3136/2745 2727/3137/2746 2733/3143/2752
f 2732/3142/2751 2722/3132/2741 2724/3134/2743
f 2724/3134/2743 2725/3135/2744 2732/3142/2751
f 2725/3135/2744 2726/3136/2745 2732/3142/2751
f 2733/3143/2752 2732/3142/2751 2726/3136/2745
f 2732/3142/2751 2733/3143/2752 2731/3141/2750
f 2733/3143/2752 2730/3140/2749 2731/3141/2750
f 2730/3140/2749 2733/3143/2752 2728/3138/2747
f 2728/3138/2747 2729/3139/2748 2730/3140/2749
f 2734/3144/2753 2735/3145/2754 2736/3146/2755
f 2735/3145/2754 2737/3147/2756 2736/3146/2755
f 2735/3145/2754 2734/3144/2753 2737/3147/2756
f 2737/3147/2756 2734/3144/2753 2738/3148/2757
f 2738/3148/2757 2734/3144/2753 2739/3149/2758
f 2738/3148/2757 2739/3149/2758 2737/3147/2756
f 2739/3149/2758 2736/3146/2755 2737/3147/2756
f 2739/3149/2758 2734/3144/2753 2736/3146/2755
f 2740/3150/2759 2741/3151/2760 2742/3152/2761
f 2743/3153/2762 2744/3154/2763 2745/3155/2764
f 2746/3156/2765 2745/3155/2764 2744/3154/2763
f 2744/3154/2763 2747/3157/2766 2746/3156/2765
f 2747/3157/2766 2748/3158/2767 2746/3156/2765
f 2748/3158/2767 2749/3159/2768 2746/3156/2765
f 2740/3150/2759 2746/3156/2765 2749/3159/2768
f 2749/3159/2768 2750/3160/2769 2740/3150/2759
f 2741/3151/2760 2740/3150/2759 2750/3160/2769
f 2750/3160/2769 2751/3161/2770 2741/3151/2760
f 2751/3161/2770 2752/3162/2771 2741/3151/2760
f 2742/3152/2761 2741/3151/2760 2752/3162/2771
f 2752/3162/2771 2753/3163/2772 2742/3152/2761
f 2753/3163/2772 2745/3155/2764 2742/3152/2761
f 2740/3150/2759 2742/3152/2761 2745/3155/2764
f 2745/3155/2764 2746/3156/2765 2740/3150/2759
f 2745/3155/2764 2753/3163/2772 2743/3153/2762
f 2754/3164/2773 2743/3153/2762 2753/3163/2772
f 2753/3163/2772 2752/3162/2771 2754/3164/2773
f 2755/3165/2774 2754/3164/2773 2752/3162/2771
f 2752/3162/2771 2751/3161/2770 2755/3165/2774
f 2756/3166/2775 2755/3165/2774 2751/3161/2770
f 2751/3161/2770 2750/3160/2769 2756/3166/2775
f 2757/3167/2776 2756/3166/2775 2750/3160/2769
f 2750/3160/2769 2749/3159/2768 2757/3167/2776
f 2758/3168/2777 2757/3167/2776 2749/3159/2768
f 2749/3159/2768 2748/3158/2767 2758/3168/2777
f 2759/3169/2778 2758/3168/2777 2748/3158/2767
f 2748/3158/2767 2747/3157/2766 2759/3169/2778
f 2760/3170/2779 2759/3169/2778 2747/3157/2766
f 2747/3157/2766 2744/3154/2763 2760/3170/2779
f 2761/3171/2780 2760/3170/2779 2744/3154/2763
f 2744/3154/2763 2743/3153/2762 2761/3171/2780
f 2762/3172/2781 2761/3171/2780 2743/3153/2762
f 2743/3153/2762 2754/3164/2773 2762/3172/2781
f 2755/3165/2774 2762/3172/2781 2754/3164/2773
f 2755/3165/2774 2756/3166/2775 2762/3172/2781
f 2763/3173/2782 2762/3172/2781 2756/3166/2775
f 2756/3166/2775 2757/3167/2776 2763/3173/2782
f 2764/3174/2783 2763/3173/2782 2757/3167/2776
f 2757/3167/2776 2758/3168/2777 2764/3174/2783
f 2758/3168/2777 2759/3169/2778 2764/3174/2783
f 2765/3175/2784 2764/3174/2783 2759/3169/2778
f 2759/3169/2778 2760/3170/2779 2765/3175/2784
f 2760/3170/2779 2761/3171/2780 2765/3175/2784
f 2763/3173/2782 2765/3175/2784 2761/3171/2780
f 2761/3171/2780 2762/3172/2781 2763/3173/2782
f 2764/3174/2783 2765/3175/2784 2763/3173/2782
f 2766/3176/2760 2767/3177/2769 2768/3178/2785
f 2769/3179/2786 2770/3180/2773 2771/3181/2762
f 2769/3179/2786 2771/3181/2762 2772/3182/2787
f 2773/3183/2763 2772/3182/2787 2771/3181/2762
f 2772/3182/2787 2773/3183/2763 2774/3184/2788
f 2775/3185/2789 2774/3184/2788 2773/3183/2763
f 2774/3184/2788 2775/3185/2789 2776/3186/2790
f 2775/3185/2789 2777/3187/2791 2776/3186/2790
f 2778/3188/2777 2776/3186/2790 2777/3187/2791
f 2777/3187/2791 2779/3189/2792 2778/3188/2777
f 2779/3189/2792 2780/3190/2793 2778/3188/2777
f 2780/3190/2793 2779/3189/2792 2781/3191/2782
f 2781/3191/2782 2782/3192/2794 2780/3190/2793
f 2782/3192/2794 2781/3191/2782 2783/3193/2781
f 2783/3193/2781 2784/3194/2795 2782/3192/2794
f 2784/3194/2795 2783/3193/2781 2770/3180/2773
f 2785/3195/2796 2784/3194/2795 2770/3180/2773
f 2770/3180/2773 2769/3179/2786 2785/3195/2796
f 2786/3196/2797 2785/3195/2796 2769/3179/2786
f 2772/3182/2787 2786/3196/2797 2769/3179/2786
f 2786/3196/2797 2772/3182/2787 2787/3197/2759
f 2774/3184/2788 2787/3197/2759 2772/3182/2787
f 2787/3197/2759 2774/3184/2788 2788/3198/2798
f 2776/3186/2790 2788/3198/2798 2774/3184/2788
f 2788/3198/2798 2776/3186/2790 2778/3188/2777
f 2788/3198/2798 2778/3188/2777 2780/3190/2793
f 2780/3190/2793 2767/3177/2769 2788/3198/2798
f 2767/3177/2769 2780/3190/2793 2782/3192/2794
f 2782/3192/2794 2768/3178/2785 2767/3177/2769
f 2768/3178/2785 2782/3192/2794 2784/3194/2795
f 2784/3194/2795 2785/3195/2796 2768/3178/2785
f 2766/3176/2760 2768/3178/2785 2785/3195/2796
f 2785/3195/2796 2786/3196/2797 2766/3176/2760
f 2787/3197/2759 2766/3176/2760 2786/3196/2797
f 2766/3176/2760 2787/3197/2759 2767/3177/2769
f 2788/3198/2798 2767/3177/2769 2787/3197/2759
f 2789/3199/2799 2783/3193/2781 2781/3191/2782
f 2781/3191/2782 2790/3200/2800 2789/3199/2799
f 2790/3200/2800 2781/3191/2782 2779/3189/2792
f 2779/3189/2792 2777/3187/2791 2790/3200/2800
f 2791/3201/2801 2790/3200/2800 2777/3187/2791
f 2777/3187/2791 2775/3185/2789 2791/3201/2801
f 2773/3183/2763 2791/3201/2801 2775/3185/2789
f 2791/3201/2801 2773/3183/2763 2789/3199/2799
f 2771/3181/2762 2789/3199/2799 2773/3183/2763
f 2783/3193/2781 2789/3199/2799 2771/3181/2762
f 2771/3181/2762 2770/3180/2773 2783/3193/2781
f 2790/3200/2800 2791/3201/2801 2789/3199/2799
f 2792/3202/2802 2793/3203/2803 2794/3204/2804
f 2793/3203/2803 2792/3202/2802 2795/3205/2805
f 2796/3206/2806 2795/3205/2805 2792/3202/2802
f 2796/3206/2806 2797/3207/2807 2795/3205/2805
f 2792/3202/2802 2797/3207/2807 2796/3206/2806
f 2794/3204/2804 2797/3207/2807 2792/3202/2802
f 2797/3207/2807 2794/3204/2804 2795/3205/2805
f 2793/3203/2803 2795/3205/2805 2794/3204/2804
f 2798/3208/2808 2799/3209/2809 2800/3210/2810
f 2801/3211/2811 2798/3208/2808 2800/3210/2810
f 2801/3211/2811 2800/3210/2810 2802/3212/2812
f 2802/3212/2812 2803/3213/2813 2801/3211/2811
f 2803/3213/2813 2802/3212/2812 2804/3214/2814
f 2804/3214/2814 2805/3215/2815 2803/3213/2813
f 2805/3215/2815 2804/3214/2814 2806/3216/2816
f 2806/3216/2816 2807/3217/2817 2805/3215/2815
f 2807/3217/2817 2806/3216/2816 2808/3218/2818
f 2808/3218/2818 2809/3219/2819 2807/3217/2817
f 2809/3219/2819 2808/3218/2818 2810/3220/2820
f 2810/3220/2820 2811/3221/2821 2809/3219/2819
f 2811/3221/2821 2810/3220/2820 2812/3222/2822
f 2812/3222/2822 2813/3223/2823 2811/3221/2821
f 2813/3223/2823 2812/3222/2822 2814/3224/2824
f 2814/3224/2824 2815/3225/2825 2813/3223/2823
f 2815/3225/2825 2814/3224/2824 2816/3226/2826
f 2816/3226/2826 2817/3227/2827 2815/3225/2825
f 2817/3227/2827 2816/3226/2826 2818/3228/2828
f 2818/3228/2828 2819/3229/2829 2817/3227/2827
f 2819/3229/2829 2818/3228/2828 2820/3230/2830
f 2820/3230/2830 2821/3231/2831 2819/3229/2829
f 2821/3231/2831 2820/3230/2830 2822/3232/2832
f 2822/3232/2832 2823/3233/2833 2821/3231/2831
f 2822/3232/2832 2799/3209/2809 2823/3233/2833
f 2799/3209/2809 2798/3208/2808 2823/3233/2833
f 2824/3234/2834 2825/3235/2835 2826/3236/2836
f 2827/3237/2837 2826/3236/2836 2825/3235/2835
f 2826/3236/2836 2828/3238/2838 2824/3234/2834
f 2829/3239/2839 2824/3234/2834 2828/3238/2838
f 2824/3234/2834 2829/3239/2839 2830/3240/2840
f 2830/3240/2840 2831/3241/2841 2824/3234/2834
f 2825/3235/2835 2824/3234/2834 2831/3241/2841
f 2831/3241/2841 2832/3242/2842 2825/3235/2835
f 2832/3242/2842 2827/3237/2837 2825/3235/2835
f 2827/3237/2837 2832/3242/2842 2833/3243/2843
f 2828/3238/2838 2834/3244/2844 2829/3239/2839
f 2831/3241/2841 2830/3240/2840 2835/3245/2845
f 2835/3245/2845 2836/3246/2846 2831/3241/2841
f 2832/3242/2842 2831/3241/2841 2836/3246/2846
f 2836/3246/2846 2837/3247/2847 2832/3242/2842
f 2838/3248/2848 2832/3242/2842 2837/3247/2847
f 2832/3242/2842 2838/3248/2848 2833/3243/2843
f 2838/3248/2848 2839/3249/2849 2833/3243/2843
f 2833/3243/2843 2839/3249/2849 2827/3237/2837
f 2827/3237/2837 2839/3249/2849 2840/3250/2850
f 2826/3236/2836 2827/3237/2837 2840/3250/2850
f 2841/3251/2851 2839/3249/2849 2842/3252/2852
f 2843/3253/2853 2840/3250/2850 2844/3254/2854
f 2840/3250/2850 2839/3249/2849 2844/3254/2854
f 2844/3254/2854 2839/3249/2849 2845/3255/2855
f 2845/3255/2855 2839/3249/2849 2841/3251/2851
f 2846/3256/2856 2845/3255/2855 2841/3251/2851
f 2842/3252/2852 2846/3256/2856 2841/3251/2851
f 2846/3256/2856 2842/3252/2852 2847/3257/2857
f 2848/3258/2858 2844/3254/2854 2845/3255/2855
f 2845/3255/2855 2846/3256/2856 2848/3258/2858
f 2842/3252/2852 2839/3249/2849 2849/3259/2859
f 2850/3260/2860 2842/3252/2852 2849/3259/2859
f 2842/3252/2852 2850/3260/2860 2847/3257/2857
f 2850/3260/2860 2851/3261/2861 2847/3257/2857
f 2851/3261/2861 2846/3256/2856 2847/3257/2857
f 2846/3256/2856 2851/3261/2861 2852/3262/2862
f 2852/3262/2862 2848/3258/2858 2846/3256/2856
f 2848/3258/2858 2852/3262/2862 2853/3263/2863
f 2853/3263/2863 2843/3253/2853 2848/3258/2858
f 2844/3254/2854 2848/3258/2858 2843/3253/2853
f 2851/3261/2861 2850/3260/2860 2854/3264/2864
f 2850/3260/2860 2855/3265/2865 2854/3264/2864
f 2855/3265/2865 2850/3260/2860 2856/3266/2866
f 2849/3259/2859 2856/3266/2866 2850/3260/2860
f 2856/3266/2866 2849/3259/2859 2857/3267/2867
f 2854/3264/2864 2858/3268/2868 2859/3269/2869
f 2858/3268/2868 2854/3264/2864 2855/3265/2865
f 2855/3265/2865 2860/3270/2870 2858/3268/2868
f 2860/3270/2870 2855/3265/2865 2861/3271/2871
f 2856/3266/2866 2861/3271/2871 2855/3265/2865
f 2861/3271/2871 2856/3266/2866 2862/3272/2872
f 2856/3266/2866 2863/3273/2873 2862/3272/2872
f 2863/3273/2873 2856/3266/2866 2857/3267/2867
f 2857/3267/2867 2839/3249/2849 2863/3273/2873
f 2849/3259/2859 2839/3249/2849 2857/3267/2867
f 2862/3272/2872 2864/3274/2874 2861/3271/2871
f 2865/3275/2875 2861/3271/2871 2864/3274/2874
f 2861/3271/2871 2865/3275/2875 2860/3270/2870
f 2866/3276/2876 2860/3270/2870 2865/3275/2875
f 2860/3270/2870 2866/3276/2876 2867/3277/2877
f 2867/3277/2877 2858/3268/2868 2860/3270/2870
f 2858/3268/2868 2867/3277/2877 2868/3278/2878
f 2868/3278/2878 2859/3269/2869 2858/3268/2868
f 2859/3269/2869 2868/3278/2878 2869/3279/2879
f 2869/3279/2879 2870/3280/2880 2859/3269/2869
f 2871/3281/2881 2872/3282/2882 2873/3283/2883
f 2872/3282/2882 2871/3281/2881 2874/3284/2884
f 2875/3285/2885 2874/3284/2884 2871/3281/2881
f 2874/3284/2884 2875/3285/2885 2864/3274/2874
f 2876/3286/2886 2864/3274/2874 2875/3285/2885
f 2864/3274/2874 2876/3286/2886 2865/3275/2875
f 2877/3287/2887 2865/3275/2875 2876/3286/2886
f 2865/3275/2875 2877/3287/2887 2866/3276/2876
f 2876/3286/2886 2878/3288/2888 2877/3287/2887
f 2875/3285/2885 2879/3289/2889 2876/3286/2886
f 2878/3288/2888 2876/3286/2886 2879/3289/2889
f 2879/3289/2889 2880/3290/2890 2878/3288/2888
f 2881/3291/2891 2882/3292/2892 2880/3290/2890
f 2880/3290/2890 2879/3289/2889 2881/3291/2891
f 2883/3293/2893 2881/3291/2891 2879/3289/2889
f 2879/3289/2889 2875/3285/2885 2883/3293/2893
f 2871/3281/2881 2883/3293/2893 2875/3285/2885
f 2882/3292/2892 2884/3294/2894 2885/3295/2895
f 2885/3295/2895 2880/3290/2890 2882/3292/2892
f 2880/3290/2890 2885/3295/2895 2886/3296/2896
f 2886/3296/2896 2878/3288/2888 2880/3290/2890
f 2878/3288/2888 2886/3296/2896 2887/3297/2897
f 2887/3297/2897 2877/3287/2887 2878/3288/2888
f 2877/3287/2887 2887/3297/2897 2888/3298/2898
f 2888/3298/2898 2866/3276/2876 2877/3287/2887
f 2866/3276/2876 2888/3298/2898 2889/3299/2899
f 2889/3299/2899 2867/3277/2877 2866/3276/2876
f 2867/3277/2877 2889/3299/2899 2890/3300/2900
f 2890/3300/2900 2868/3278/2878 2867/3277/2877
f 2868/3278/2878 2890/3300/2900 2891/3301/2901
f 2891/3301/2901 2869/3279/2879 2868/3278/2878
f 2869/3279/2879 2891/3301/2901 2892/3302/2902
f 2892/3302/2902 2893/3303/2903 2869/3279/2879
f 2893/3303/2903 2892/3302/2902 2894/3304/2904
f 2894/3304/2904 2895/3305/2905 2893/3303/2903
f 2895/3305/2905 2894/3304/2904 2896/3306/2906
f 2896/3306/2906 2897/3307/2907 2895/3305/2905
f 2870/3280/2880 2869/3279/2879 2893/3303/2903
f 2893/3303/2903 2898/3308/2908 2870/3280/2880
f 2898/3308/2908 2893/3303/2903 2895/3305/2905
f 2895/3305/2905 2834/3244/2844 2898/3308/2908
f 2834/3244/2844 2895/3305/2905 2897/3307/2907
f 2897/3307/2907 2829/3239/2839 2834/3244/2844
f 2829/3239/2839 2897/3307/2907 2899/3309/2909
f 2899/3309/2909 2830/3240/2840 2829/3239/2839
f 2830/3240/2840 2899/3309/2909 2900/3310/2910
f 2900/3310/2910 2835/3245/2845 2830/3240/2840
f 2897/3307/2907 2896/3306/2906 2901/3311/2911
f 2901/3311/2911 2899/3309/2909 2897/3307/2907
f 2899/3309/2909 2901/3311/2911 2902/3312/2912
f 2902/3312/2912 2900/3310/2910 2899/3309/2909
f 2900/3310/2910 2902/3312/2912 2884/3294/2894
f 2884/3294/2894 2882/3292/2892 2900/3310/2910
f 2835/3245/2845 2900/3310/2910 2882/3292/2892
f 2882/3292/2892 2881/3291/2891 2835/3245/2845
f 2836/3246/2846 2835/3245/2845 2881/3291/2891
f 2881/3291/2891 2883/3293/2893 2836/3246/2846
f 2837/3247/2847 2836/3246/2846 2883/3293/2893
f 2883/3293/2893 2871/3281/2881 2837/3247/2847
f 2871/3281/2881 2838/3248/2848 2837/3247/2847
f 2838/3248/2848 2871/3281/2881 2873/3283/2883
f 2873/3283/2883 2839/3249/2849 2838/3248/2848
f 2872/3282/2882 2839/3249/2849 2873/3283/2883
f 2863/3273/2873 2839/3249/2849 2872/3282/2882
f 2874/3284/2884 2863/3273/2873 2872/3282/2882
f 2863/3273/2873 2874/3284/2884 2862/3272/2872
f 2864/3274/2874 2862/3272/2872 2874/3284/2884
f 2813/3223/2823 2903/3313/2913 2811/3221/2821
f 2811/3221/2821 2904/3314/2914 2809/3219/2819
f 2904/3314/2914 2811/3221/2821 2903/3313/2913
f 2903/3313/2913 2905/3315/2915 2904/3314/2914
f 2809/3219/2819 2906/3316/2916 2807/3217/2817
f 2906/3316/2916 2809/3219/2819 2904/3314/2914
f 2904/3314/2914 2907/3317/2917 2906/3316/2916
f 2907/3317/2917 2904/3314/2914 2905/3315/2915
f 2905/3315/2915 2908/3318/2918 2907/3317/2917
f 2807/3217/2817 2909/3319/2919 2805/3215/2815
f 2909/3319/2919 2807/3217/2817 2906/3316/2916
f 2906/3316/2916 2910/3320/2920 2909/3319/2919
f 2910/3320/2920 2906/3316/2916 2907/3317/2917
f 2907/3317/2917 2911/3321/2921 2910/3320/2920
f 2911/3321/2921 2907/3317/2917 2908/3318/2918
f 2908/3318/2918 2912/3322/2922 2911/3321/2921
f 2805/3215/2815 2913/3323/2923 2803/3213/2813
f 2913/3323/2923 2805/3215/2815 2909/3319/2919
f 2909/3319/2919 2914/3324/2924 2913/3323/2923
f 2914/3324/2924 2909/3319/2919 2910/3320/2920
f 2910/3320/2920 2915/3325/2925 2914/3324/2924
f 2915/3325/2925 2910/3320/2920 2911/3321/2921
f 2911/3321/2921 2916/3326/2926 2915/3325/2925
f 2916/3326/2926 2911/3321/2921 2912/3322/2922
f 2917/3327/2927 2916/3326/2926 2912/3322/2922
f 2918/3328/2928 2917/3327/2927 2912/3322/2922
f 2916/3326/2926 2917/3327/2927 2919/3329/2929
f 2920/3330/2930 2921/3331/2931 2917/3327/2927
f 2917/3327/2927 2921/3331/2931 2919/3329/2929
f 2919/3329/2929 2921/3331/2931 2922/3332/2932
f 2922/3332/2932 2916/3326/2926 2919/3329/2929
f 2916/3326/2926 2922/3332/2932 2923/3333/2933
f 2923/3333/2933 2915/3325/2925 2916/3326/2926
f 2915/3325/2925 2923/3333/2933 2924/3334/2934
f 2924/3334/2934 2914/3324/2924 2915/3325/2925
f 2914/3324/2924 2924/3334/2934 2925/3335/2935
f 2925/3335/2935 2913/3323/2923 2914/3324/2924
f 2926/3336/2936 2927/3337/2937 2928/3338/2938
f 2927/3337/2937 2926/3336/2936 2925/3335/2935
f 2925/3335/2935 2929/3339/2939 2927/3337/2937
f 2929/3339/2939 2925/3335/2935 2924/3334/2934
f 2924/3334/2934 2930/3340/2940 2929/3339/2939
f 2930/3340/2940 2924/3334/2934 2923/3333/2933
f 2922/3332/2932 2930/3340/2940 2923/3333/2933
f 2930/3340/2940 2922/3332/2932 2931/3341/2941
f 2922/3332/2932 2921/3331/2931 2931/3341/2941
f 2931/3341/2941 2921/3331/2931 2932/3342/2942
f 2927/3337/2937 2933/3343/2943 2934/3344/2944
f 2933/3343/2943 2927/3337/2937 2929/3339/2939
f 2929/3339/2939 2935/3345/2945 2933/3343/2943
f 2935/3345/2945 2929/3339/2939 2930/3340/2940
f 2930/3340/2940 2932/3342/2942 2935/3345/2945
f 2932/3342/2942 2930/3340/2940 2931/3341/2941
f 2932/3342/2942 2921/3331/2931 2936/3346/2946
f 2936/3346/2946 2935/3345/2945 2932/3342/2942
f 2935/3345/2945 2936/3346/2946 2937/3347/2947
f 2937/3347/2947 2933/3343/2943 2935/3345/2945
f 2933/3343/2943 2937/3347/2947 2938/3348/2948
f 2938/3348/2948 2934/3344/2944 2933/3343/2943
f 2934/3344/2944 2938/3348/2948 2939/3349/2949
f 2940/3350/2950 2939/3349/2949 2938/3348/2948
f 2939/3349/2949 2940/3350/2950 2941/3351/2951
f 2942/3352/2952 2941/3351/2951 2940/3350/2950
f 2943/3353/2953 2944/3354/2954 2942/3352/2952
f 2944/3354/2954 2945/3355/2955 2942/3352/2952
f 2941/3351/2951 2942/3352/2952 2945/3355/2955
f 2945/3355/2955 2946/3356/2956 2941/3351/2951
f 2947/3357/2957 2941/3351/2951 2946/3356/2956
f 2941/3351/2951 2947/3357/2957 2939/3349/2949
f 2948/3358/2958 2939/3349/2949 2947/3357/2957
f 2939/3349/2949 2948/3358/2958 2934/3344/2944
f 2928/3338/2938 2934/3344/2944 2948/3358/2958
f 2934/3344/2944 2928/3338/2938 2927/3337/2937
f 2949/3359/2959 2944/3354/2954 2950/3360/2960
f 2913/3323/2923 2925/3335/2935 2926/3336/2936
f 2926/3336/2936 2803/3213/2813 2913/3323/2923
f 2803/3213/2813 2926/3336/2936 2801/3211/2811
f 2928/3338/2938 2801/3211/2811 2926/3336/2936
f 2928/3338/2938 2798/3208/2808 2801/3211/2811
f 2948/3358/2958 2798/3208/2808 2928/3338/2938
f 2798/3208/2808 2948/3358/2958 2823/3233/2833
f 2947/3357/2957 2823/3233/2833 2948/3358/2958
f 2823/3233/2833 2947/3357/2957 2821/3231/2831
f 2946/3356/2956 2821/3231/2831 2947/3357/2957
f 2821/3231/2831 2946/3356/2956 2819/3229/2829
f 2951/3361/2961 2819/3229/2829 2946/3356/2956
f 2819/3229/2829 2951/3361/2961 2817/3227/2827
f 2952/3362/2962 2817/3227/2827 2951/3361/2961
f 2951/3361/2961 2953/3363/2963 2952/3362/2962
f 2954/3364/2964 2952/3362/2962 2953/3363/2963
f 2953/3363/2963 2955/3365/2965 2954/3364/2964
f 2956/3366/2966 2954/3364/2964 2955/3365/2965
f 2955/3365/2965 2957/3367/2967 2956/3366/2966
f 2958/3368/2968 2956/3366/2966 2957/3367/2967
f 2946/3356/2956 2945/3355/2955 2951/3361/2961
f 2953/3363/2963 2951/3361/2961 2945/3355/2955
f 2945/3355/2955 2944/3354/2954 2953/3363/2963
f 2955/3365/2965 2953/3363/2963 2944/3354/2954
f 2944/3354/2954 2949/3359/2959 2955/3365/2965
f 2957/3367/2967 2955/3365/2965 2949/3359/2959
f 2949/3359/2959 2959/3369/2969 2957/3367/2967
f 2960/3370/2970 2957/3367/2967 2959/3369/2969
f 2957/3367/2967 2960/3370/2970 2958/3368/2968
f 2920/3330/2930 2958/3368/2968 2960/3370/2970
f 2960/3370/2970 2921/3331/2931 2920/3330/2930
f 2959/3369/2969 2921/3331/2931 2960/3370/2970
f 2961/3371/2971 2921/3331/2931 2959/3369/2969
f 2959/3369/2969 2949/3359/2959 2961/3371/2971
f 2949/3359/2959 2962/3372/2972 2961/3371/2971
f 2962/3372/2972 2949/3359/2959 2950/3360/2960
f 2943/3353/2953 2962/3372/2972 2950/3360/2960
f 2944/3354/2954 2943/3353/2953 2950/3360/2960
f 2962/3372/2972 2921/3331/2931 2961/3371/2971
f 2963/3373/2973 2921/3331/2931 2962/3372/2972
f 2962/3372/2972 2943/3353/2953 2963/3373/2973
f 2940/3350/2950 2943/3353/2953 2942/3352/2952
f 2943/3353/2953 2940/3350/2950 2964/3374/2974
f 2964/3374/2974 2963/3373/2973 2943/3353/2953
f 2963/3373/2973 2964/3374/2974 2965/3375/2975
f 2965/3375/2975 2921/3331/2931 2963/3373/2973
f 2936/3346/2946 2921/3331/2931 2965/3375/2975
f 2964/3374/2974 2936/3346/2946 2965/3375/2975
f 2936/3346/2946 2964/3374/2974 2937/3347/2947
f 2964/3374/2974 2938/3348/2948 2937/3347/2947
f 2938/3348/2948 2964/3374/2974 2940/3350/2950
f 2840/3250/2850 2843/3253/2853 2826/3236/2836
f 2828/3238/2838 2826/3236/2836 2843/3253/2853
f 2843/3253/2853 2853/3263/2863 2828/3238/2838
f 2834/3244/2844 2828/3238/2838 2853/3263/2863
f 2853/3263/2863 2898/3308/2908 2834/3244/2844
f 2898/3308/2908 2853/3263/2863 2852/3262/2862
f 2852/3262/2862 2870/3280/2880 2898/3308/2908
f 2870/3280/2880 2852/3262/2862 2851/3261/2861
f 2851/3261/2861 2859/3269/2869 2870/3280/2880
f 2859/3269/2869 2851/3261/2861 2854/3264/2864
f 2912/3322/2922 2908/3318/2918 2918/3328/2928
f 2966/3376/2976 2918/3328/2928 2908/3318/2918
f 2908/3318/2918 2905/3315/2915 2966/3376/2976
f 2967/3377/2977 2966/3376/2976 2905/3315/2915
f 2905/3315/2915 2903/3313/2913 2967/3377/2977
f 2968/3378/2978 2967/3377/2977 2903/3313/2913
f 2903/3313/2913 2813/3223/2823 2968/3378/2978
f 2815/3225/2825 2968/3378/2978 2813/3223/2823
f 2817/3227/2827 2952/3362/2962 2815/3225/2825
f 2968/3378/2978 2815/3225/2825 2952/3362/2962
f 2952/3362/2962 2954/3364/2964 2968/3378/2978
f 2967/3377/2977 2968/3378/2978 2954/3364/2964
f 2954/3364/2964 2956/3366/2966 2967/3377/2977
f 2966/3376/2976 2967/3377/2977 2956/3366/2966
f 2956/3366/2966 2958/3368/2968 2966/3376/2976
f 2918/3328/2928 2966/3376/2976 2958/3368/2968
f 2958/3368/2968 2920/3330/2930 2918/3328/2928
f 2917/3327/2927 2918/3328/2928 2920/3330/2930
f 2901/3311/2911 2969/3379/2979 2902/3312/2912
f 2969/3379/2979 2901/3311/2911 2970/3380/2980
f 2896/3306/2906 2970/3380/2980 2901/3311/2911
f 2970/3380/2980 2896/3306/2906 2971/3381/2981
f 2894/3304/2904 2971/3381/2981 2896/3306/2906
f 2971/3381/2981 2894/3304/2904 2972/3382/2982
f 2887/3297/2897 2973/3383/2983 2888/3298/2898
f 2973/3383/2983 2887/3297/2897 2974/3384/2984
f 2886/3296/2896 2974/3384/2984 2887/3297/2897
f 2974/3384/2984 2886/3296/2896 2975/3385/2985
f 2885/3295/2895 2975/3385/2985 2886/3296/2896
f 2975/3385/2985 2885/3295/2895 2976/3386/2986
f 2884/3294/2894 2976/3386/2986 2885/3295/2895
f 2976/3386/2986 2884/3294/2894 2977/3387/2987
f 2902/3312/2912 2977/3387/2987 2884/3294/2894
f 2977/3387/2987 2902/3312/2912 2969/3379/2979
f 2892/3302/2902 2972/3382/2982 2894/3304/2904
f 2972/3382/2982 2892/3302/2902 2978/3388/2988
f 2891/3301/2901 2978/3388/2988 2892/3302/2902
f 2978/3388/2988 2891/3301/2901 2979/3389/2989
f 2890/3300/2900 2979/3389/2989 2891/3301/2901
f 2979/3389/2989 2890/3300/2900 2980/3390/2990
f 2889/3299/2899 2980/3390/2990 2890/3300/2900
f 2980/3390/2990 2889/3299/2899 2981/3391/2991
f 2888/3298/2898 2981/3391/2991 2889/3299/2899
f 2981/3391/2991 2888/3298/2898 2973/3383/2983
o body.011
v -0.209137 1.468969 -0.036231
v -0.190740 1.461642 -0.027251
v -0.210742 1.464659 -0.004906
v -0.181820 1.462679 -0.005594
v -0.189740 1.463694 0.016464
v -0.207737 1.471811 0.025619
v -0.225927 1.478889 0.016516
v -0.233977 1.481151 -0.005166
v -0.226872 1.476979 -0.027071
v -0.253690 1.495464 -0.005424
v -0.240652 1.487759 -0.045886
v -0.238840 1.491454 0.034801
v -0.205140 1.478086 0.051569
v -0.171997 1.463141 0.034739
v -0.158962 1.455437 -0.005724
v -0.173160 1.460240 -0.046324
v -0.207642 1.472866 -0.062719
v 0.194548 1.500351 -0.067159
v 0.206115 1.472864 -0.062719
v 0.156973 1.485349 -0.049601
v 0.172233 1.459564 -0.046101
v 0.140573 1.480789 -0.006949
v 0.157435 1.455434 -0.005724
v 0.155063 1.489139 0.035739
v 0.170470 1.463139 0.034739
v 0.191923 1.505816 0.053459
v 0.203613 1.478084 0.051569
v 0.229548 1.520694 0.035911
v 0.237310 1.491452 0.034804
v 0.245948 1.525251 -0.006739
v 0.252163 1.495461 -0.005424
v 0.231458 1.516902 -0.049424
v 0.239125 1.487757 -0.045886
v -0.196075 1.500354 -0.067159
v -0.158500 1.485349 -0.049601
v -0.142102 1.480791 -0.006949
v -0.156592 1.489142 0.035739
v -0.193450 1.505819 0.053459
v -0.231075 1.520694 0.035911
v -0.247475 1.525254 -0.006739
v -0.232985 1.516902 -0.049424
v 0.232448 1.481151 -0.005166
v 0.224400 1.478889 0.016516
v 0.206208 1.471809 0.025619
v 0.188213 1.463692 0.016464
v 0.180293 1.462679 -0.005594
v 0.189210 1.461642 -0.027251
v 0.207610 1.468967 -0.036231
v 0.225345 1.476979 -0.027071
v 0.209213 1.464659 -0.004906
v -0.031562 1.664834 0.051161
v -0.000762 1.706809 -0.053464
v -0.044920 1.674961 0.033301
v 0.043250 1.674961 0.033301
v 0.051125 1.685536 0.006984
v 0.030035 1.664834 0.051161
v 0.014143 1.659989 0.059789
v -0.000762 1.658424 0.063594
v -0.015670 1.659989 0.059789
v 0.096973 1.442229 0.155324
v 0.078688 1.456412 0.157886
v 0.072785 1.438612 0.163631
v 0.044375 1.508529 0.113971
v 0.012035 1.495526 0.123904
v 0.036643 1.515419 0.115096
v -0.000762 1.498454 0.126491
v 0.037348 1.515949 0.116699
v 0.041143 1.489771 0.133366
v 0.070535 1.494134 0.130439
v 0.079955 1.473684 0.148319
v 0.093313 1.481134 0.137704
v 0.100488 1.462081 0.146381
v 0.112580 1.468421 0.134209
v 0.114973 1.447864 0.140571
v 0.129175 1.452824 0.107674
v 0.115675 1.425274 0.139459
v 0.130300 1.428817 0.104956
v 0.127348 1.406189 0.100151
v 0.136205 1.422087 0.068079
v 0.128473 1.392154 0.071171
v 0.129035 1.379139 0.019781
v 0.122000 1.334726 0.020989
v 0.116235 1.336522 0.066941
v 0.119330 1.381832 0.094586
v 0.116798 1.401919 0.123934
v 0.101473 1.397964 0.142869
v 0.098800 1.421376 0.154079
v 0.079813 1.398072 0.154389
v 0.075598 1.416469 0.161186
v 0.053235 1.398824 0.157101
v 0.029050 1.408999 0.160546
v 0.012313 1.370437 0.142501
v 0.001063 1.394472 0.155134
v -0.030575 1.408999 0.160546
v -0.011312 1.370437 0.142501
v -0.054765 1.398824 0.157101
v -0.077262 1.416471 0.161186
v -0.081340 1.398072 0.154389
v -0.100325 1.421379 0.154079
v -0.103000 1.397964 0.142869
v -0.117200 1.425277 0.139459
v -0.118327 1.401919 0.123934
v -0.128875 1.406189 0.100151
v -0.120857 1.381832 0.094586
v -0.132527 1.392154 0.071171
v -0.117765 1.336522 0.066941
v -0.123670 1.334726 0.020989
v -0.130562 1.379141 0.019781
v -0.137732 1.422089 0.068079
v -0.138715 1.420242 0.013731
v -0.136790 1.475877 0.029455
v -0.142232 1.456059 0.070904
v -0.138123 1.500449 0.047307
v -0.140410 1.496043 0.069940
v -0.127852 1.533864 0.071560
v -0.127325 1.483869 0.104801
v -0.105670 1.504316 0.108404
v -0.114107 1.468421 0.134209
v -0.094840 1.481134 0.137704
v -0.102012 1.462084 0.146381
v -0.081482 1.473684 0.148319
v -0.080215 1.456412 0.157886
v 0.050143 1.434832 0.163846
v -0.042670 1.489771 0.133366
v -0.072062 1.494134 0.130439
v -0.038875 1.515951 0.116699
v -0.082325 1.515834 0.109184
v -0.050402 1.546627 0.092201
v -0.108218 1.554165 0.075135
v -0.058137 1.567861 0.074764
v -0.069472 1.597436 0.057133
v -0.102467 1.588425 0.049058
v -0.122170 1.562356 0.054956
v -0.129588 1.533969 0.056515
v -0.038170 1.515419 0.115096
v -0.131825 1.428817 0.104956
v -0.130700 1.452824 0.107674
v -0.051670 1.434832 0.163846
v -0.116500 1.447864 0.140571
v -0.098500 1.442229 0.155324
v -0.074312 1.438612 0.163631
v 0.140705 1.456057 0.070904
v 0.140167 1.477233 0.028101
v 0.137188 1.420242 0.013731
v 0.138795 1.496248 0.048329
v 0.088393 1.372862 0.131476
v 0.105688 1.376322 0.114631
v -0.110027 1.376322 0.114631
v -0.092452 1.372819 0.130011
v -0.013562 1.495526 0.123904
v -0.045902 1.508529 0.113971
v -0.000762 1.475637 0.130044
v 0.102399 1.586493 0.044177
v 0.056613 1.567861 0.074764
v 0.110000 1.550279 0.075426
v 0.120900 1.551635 0.055809
v 0.129601 1.525764 0.072259
v 0.129622 1.522997 0.057814
v 0.139527 1.494304 0.070141
v 0.125800 1.483869 0.104801
v 0.104385 1.504332 0.108388
v 0.081039 1.515848 0.109168
v 0.048875 1.546627 0.092201
v -0.048997 1.643106 0.026571
v -0.033387 1.633501 0.042644
v -0.017215 1.628579 0.051246
v -0.000762 1.627016 0.055099
v 0.015690 1.628579 0.051246
v 0.031863 1.633501 0.042644
v -0.127520 1.576966 -0.076693
v -0.120852 1.604464 -0.057324
v -0.097290 1.606854 -0.065299
v -0.097351 1.620900 -0.050089
v -0.132442 1.550155 -0.082229
v -0.096761 1.580997 -0.085384
v -0.052512 1.616301 -0.074419
v -0.066152 1.634049 -0.056706
v -0.083732 1.636151 -0.022586
v -0.118045 1.620949 -0.018431
v -0.173875 1.531627 -0.009176
v -0.145449 1.522563 -0.066857
v -0.132366 1.523000 -0.082772
v -0.143501 1.496616 -0.064089
v -0.126211 1.487464 -0.083281
v -0.098357 1.533477 -0.094499
v 0.000134 1.634028 -0.079715
v -0.117102 1.591175 0.039755
v -0.077195 1.617087 0.030828
v -0.108801 1.607038 0.032228
v -0.116494 1.617803 0.010094
v -0.080794 1.627390 0.007730
v -0.120575 1.421579 -0.052036
v -0.121448 1.455119 -0.069789
v -0.078527 1.443439 -0.085789
v -0.069527 1.481602 -0.097444
v -0.000762 1.442829 -0.092104
v -0.000765 1.488192 -0.102444
v 0.068000 1.481602 -0.097444
v 0.054360 1.534974 -0.100316
v 0.098325 1.533224 -0.094341
v 0.096125 1.581334 -0.085371
v 0.131545 1.553115 -0.080849
v 0.127802 1.578925 -0.076726
v 0.172348 1.531627 -0.009176
v 0.121852 1.605401 -0.057019
v 0.116518 1.620949 -0.018431
v 0.095848 1.620899 -0.050086
v 0.081884 1.636338 -0.022308
v 0.064536 1.634167 -0.056680
v 0.050101 1.619011 -0.073478
v -0.000762 1.593709 -0.089859
v -0.052375 1.586506 -0.090606
v -0.055890 1.534974 -0.100316
v -0.143082 1.478052 -0.039321
v -0.141375 1.466647 0.000832
v -0.000765 1.542134 -0.100834
v 0.050848 1.586506 -0.090606
v 0.096268 1.606896 -0.065246
v 0.089660 1.329339 -0.039016
v 0.071095 1.266069 -0.046714
v 0.046625 1.327674 -0.057239
v 0.101750 1.373311 -0.043021
v 0.055485 1.375854 -0.067561
v 0.077000 1.443439 -0.085789
v 0.053935 0.877607 0.115034
v 0.022155 0.876479 0.112081
v 0.031580 1.058029 0.113651
v -0.023550 0.876482 0.112081
v -0.033107 1.058029 0.113651
v -0.055470 0.877604 0.115034
v -0.066155 1.063639 0.116891
v -0.107502 0.878452 0.117144
v -0.103420 1.059889 0.113041
v -0.155842 0.880562 0.102101
v -0.138155 1.052439 0.096051
v -0.182590 0.881289 0.061984
v -0.158827 1.037716 0.064051
v -0.187855 0.883457 -0.000086
v -0.171482 1.017189 0.015986
v -0.176962 0.886344 -0.048381
v -0.154890 1.005191 -0.050514
v -0.132952 1.004399 -0.087864
v -0.153747 0.886184 -0.083104
v -0.101030 1.008079 -0.104999
v -0.109287 0.885044 -0.105044
v -0.066717 1.005341 -0.109361
v -0.067100 0.886449 -0.111654
v -0.021437 0.999147 -0.109391
v -0.032225 0.887152 -0.111654
v -0.001187 1.002864 -0.113286
v 0.019908 0.999147 -0.109391
v 0.030775 0.887152 -0.111654
v 0.065650 0.886449 -0.111654
v 0.030775 0.885324 -0.117559
v 0.068745 0.884902 -0.117701
v -0.000765 0.999079 -0.124741
v 0.048735 1.003524 -0.123534
v 0.043250 1.030721 -0.123994
v 0.094438 1.038299 -0.115164
v 0.083330 1.091777 -0.108949
v 0.117220 1.101522 -0.090014
v 0.105268 1.135779 -0.082511
v 0.138033 1.134487 -0.045686
v 0.101610 1.172691 -0.060519
v 0.134658 1.171657 -0.017624
v 0.111455 1.219634 -0.021386
v 0.142393 1.169197 0.014354
v 0.125235 1.217289 0.017009
v 0.104563 1.270824 -0.013144
v 0.116235 1.270867 0.022046
v 0.113563 1.331389 -0.009266
v 0.120875 1.376191 -0.016864
v 0.119050 1.421579 -0.052034
v 0.141533 1.468287 -0.000194
v 0.141386 1.477841 -0.039359
v 0.140821 1.527225 -0.065119
v 0.133250 1.526937 -0.080593
v 0.125243 1.487329 -0.082913
v 0.119907 1.455104 -0.069795
v 0.080095 1.217542 -0.052121
v 0.039455 1.171784 -0.081684
v 0.055768 1.137739 -0.096211
v 0.042268 1.086846 -0.117364
v -0.000765 1.026254 -0.124784
v -0.044780 1.030721 -0.123994
v -0.050265 1.003524 -0.123534
v -0.095967 1.038302 -0.115164
v -0.103702 1.004377 -0.115324
v -0.130420 1.052797 -0.095424
v -0.139420 1.007324 -0.095604
v -0.155732 1.070784 -0.050024
v -0.166422 1.010159 -0.051249
v -0.171482 1.076927 0.004074
v -0.181890 1.007672 0.003681
v -0.169937 1.078994 0.049656
v -0.190300 0.880282 0.064814
v -0.159670 1.081634 0.086681
v -0.159462 0.879347 0.109999
v -0.134640 1.085856 0.114631
v -0.109470 0.876764 0.126004
v -0.101452 1.084872 0.128661
v -0.057862 0.875917 0.124736
v -0.046467 1.081332 0.129046
v -0.023690 0.874232 0.119394
v -0.000765 1.080312 0.132514
v 0.022295 0.874232 0.119394
v 0.044938 1.081329 0.129046
v 0.056325 0.875919 0.124596
v 0.099923 1.084872 0.128661
v 0.107935 0.876764 0.126004
v 0.132970 1.085856 0.114631
v 0.157928 0.879347 0.109999
v 0.158143 1.081634 0.086681
v 0.188765 0.880282 0.064814
v 0.168408 1.078994 0.049656
v 0.180360 1.007672 0.003681
v 0.169955 1.076927 0.004074
v 0.155893 1.126694 0.047554
v 0.155330 1.131321 0.008786
v 0.144080 1.166706 0.044221
v 0.131000 1.158111 0.080676
v 0.111313 1.210624 0.075166
v 0.085860 1.203067 0.107321
v 0.105408 1.264939 0.071584
v 0.081080 1.260086 0.101224
v 0.097955 1.337722 0.102784
v 0.075455 1.330609 0.122954
v 0.065750 1.373902 0.144021
v 0.035938 1.323064 0.130474
v -0.000765 1.322504 0.130499
v 0.040720 1.257884 0.121031
v -0.000765 1.255792 0.118311
v -0.000765 1.196131 0.121991
v -0.042250 1.257884 0.121031
v -0.049280 1.199139 0.116931
v -0.082607 1.260086 0.101224
v -0.087390 1.203069 0.107321
v -0.106937 1.264942 0.071584
v -0.112842 1.210624 0.075166
v -0.117765 1.270867 0.022046
v -0.126765 1.217289 0.017009
v -0.106092 1.270824 -0.013144
v -0.113125 1.219634 -0.021386
v -0.081625 1.217542 -0.052121
v -0.103140 1.172691 -0.060519
v -0.040982 1.171784 -0.081684
v -0.057155 1.137739 -0.096211
v -0.000765 1.136472 -0.101769
v -0.043795 1.086846 -0.117364
v -0.000765 1.084074 -0.115389
v -0.000765 1.171246 -0.084949
v -0.000765 1.215572 -0.067659
v -0.000765 1.265101 -0.058776
v -0.000765 1.328721 -0.065169
v -0.000765 1.378449 -0.076271
v -0.057015 1.375854 -0.067561
v -0.103277 1.373311 -0.043019
v -0.122402 1.376194 -0.016864
v -0.115090 1.331389 -0.009266
v -0.100750 1.337674 0.104896
v -0.076982 1.330609 0.122954
v -0.037465 1.323064 0.130474
v -0.067277 1.373904 0.144021
v 0.047750 1.199139 0.116931
v -0.072625 1.266069 -0.046714
v -0.091187 1.329339 -0.039016
v -0.048152 1.327674 -0.057239
v 0.128893 1.052797 -0.095424
v 0.140524 1.497403 -0.063458
v -0.114067 0.883919 -0.110529
v -0.070192 0.884902 -0.117701
v -0.032225 0.885324 -0.117559
v -0.159627 0.885242 -0.086886
v -0.183407 0.885379 -0.052584
v -0.195287 0.882552 0.000209
v 0.105968 0.878452 0.117144
v 0.101893 1.059889 0.113041
v 0.136625 1.052436 0.096051
v 0.154308 0.880562 0.102101
v 0.157298 1.037716 0.064051
v 0.181055 0.881289 0.061984
v 0.169955 1.017189 0.015986
v 0.186320 0.883457 -0.000086
v 0.153640 1.005191 -0.050514
v 0.193753 0.882552 0.000209
v 0.064625 1.063639 0.116891
v 0.154205 1.070784 -0.050024
v 0.164890 1.010157 -0.051249
v 0.137750 1.007324 -0.095604
v 0.102173 1.004374 -0.115324
v 0.146750 1.121776 0.083634
v 0.105830 1.139724 0.121429
v 0.054923 1.139141 0.124639
v -0.000765 1.139279 0.130276
v -0.056452 1.139141 0.124639
v -0.107357 1.139727 0.121429
v -0.148280 1.121776 0.083636
v -0.157982 1.126552 0.047546
v -0.157280 1.131321 0.008786
v -0.139702 1.134489 -0.045686
v -0.136187 1.171657 -0.017624
v -0.144342 1.169027 0.012236
v -0.146452 1.166294 0.044059
v -0.132530 1.158111 0.080676
v -0.106795 1.135782 -0.082511
v -0.118750 1.101524 -0.090014
v -0.084857 1.091777 -0.108949
v 0.065188 1.005341 -0.109361
v 0.099500 1.008031 -0.109646
v 0.181873 0.885379 -0.052584
v 0.158093 0.885242 -0.086886
v 0.112620 0.883919 -0.110529
v 0.107978 0.885044 -0.105044
v 0.131423 1.004399 -0.087864
v 0.152213 0.886184 -0.083104
v 0.175428 0.886344 -0.048381
v -0.057295 1.653047 0.003594
v -0.052652 1.685536 0.006984
v -0.000762 1.674966 -0.057484
v -0.023125 1.704142 -0.048196
v -0.024527 1.672044 -0.052181
v -0.039715 1.701739 -0.037199
v -0.042107 1.668741 -0.041381
v -0.051670 1.693329 -0.013079
v -0.056170 1.660794 -0.017624
v -0.054902 1.660094 -0.017599
v -0.056027 1.652461 0.002911
v -0.047872 1.642794 0.025599
v -0.032685 1.633174 0.041249
v -0.016935 1.627111 0.049466
v -0.000762 1.626812 0.053136
v 0.015410 1.627111 0.049466
v 0.031160 1.633174 0.041249
v 0.047473 1.643106 0.026571
v 0.046348 1.642792 0.025599
v 0.055768 1.653047 0.003594
v 0.054503 1.652461 0.002911
v 0.054643 1.660794 -0.017624
v 0.053378 1.660094 -0.017599
v 0.040580 1.668741 -0.041381
v 0.039455 1.667776 -0.040786
v 0.023003 1.672044 -0.052181
v 0.022440 1.671087 -0.051306
v -0.000762 1.674159 -0.056331
v -0.023965 1.671087 -0.051306
v -0.040982 1.667776 -0.040786
v 0.021598 1.704142 -0.048196
v 0.038188 1.701736 -0.037199
v 0.050143 1.693329 -0.013079
v -0.141390 1.127417 -0.056181
v -0.112842 1.165564 -0.064396
v -0.112280 1.128597 -0.085269
v -0.150812 1.163551 -0.018879
v -0.159530 1.121114 -0.003839
v -0.160232 1.155357 0.031961
v -0.164452 1.113282 0.042656
v -0.145045 1.142819 0.090749
v -0.153342 1.101239 0.091611
v -0.135342 1.096806 0.118139
v -0.108482 1.135419 0.125859
v -0.099905 1.091664 0.136326
v -0.061655 1.129419 0.130344
v -0.050545 1.084419 0.137651
v -0.000765 1.117819 0.134264
v -0.000062 1.075127 0.134789
v 0.060125 1.129419 0.130344
v 0.049720 1.079494 0.137541
v 0.106955 1.135417 0.125859
v 0.098375 1.091664 0.136326
v 0.133813 1.097086 0.118154
v 0.143518 1.142819 0.090749
v 0.151813 1.101239 0.091611
v 0.157720 1.155677 0.036766
v 0.162923 1.113282 0.042656
v 0.157580 1.121114 -0.003839
v 0.149283 1.163549 -0.018879
v 0.139860 1.127414 -0.056181
v 0.111313 1.165564 -0.064396
v 0.110750 1.128597 -0.085269
v 0.043250 1.164596 -0.087114
v 0.058720 1.130592 -0.102486
v -0.000765 1.164197 -0.090374
v -0.000765 1.129344 -0.108464
v -0.044780 1.164596 -0.087114
v -0.060107 1.130592 -0.102486
v 0.112564 1.587179 0.036349
v 0.104663 1.603957 0.023935
v 0.069484 1.597375 0.056259
v 0.077261 1.618148 0.029289
v 0.080188 1.627748 0.009336
v 0.115310 1.617619 0.009586
v 0.015753 1.929664 -0.015124
v 0.005488 1.922427 -0.003964
v 0.005628 1.922359 0.006756
v 0.010128 1.919001 -0.027556
v 0.021800 1.917939 -0.032556
v 0.015328 1.881237 -0.077189
v -0.001967 1.901954 -0.069551
v 0.015471 1.898837 -0.064541
v 0.007738 1.913469 -0.041004
v 0.025595 1.916699 -0.047169
v 0.036845 1.909649 -0.041164
v 0.043738 1.914069 -0.039746
v 0.045003 1.912246 -0.035021
v 0.033051 1.926997 -0.022336
v 0.022925 1.929117 0.004524
v 0.020253 1.920819 0.022469
v 0.073329 1.898023 0.005591
v 0.096075 1.867670 0.027412
v 0.083927 1.877410 -0.006307
v 0.075922 1.907708 0.002691
v 0.088633 1.883647 -0.012467
v 0.082130 1.882241 -0.015934
v 0.085644 1.861745 -0.029399
v 0.075610 1.895530 -0.030755
v 0.082344 1.873701 -0.045217
v 0.068673 1.872031 -0.054320
v 0.085191 1.853369 -0.056836
v 0.069865 1.841282 -0.066723
v 0.087175 1.820002 -0.065575
v 0.085424 1.838027 -0.046697
v 0.087801 1.816041 -0.041837
v 0.088272 1.831446 -0.036539
v 0.097336 1.813490 -0.021200
v 0.091961 1.833040 -0.012816
v 0.095113 1.812852 -0.001436
v 0.106987 1.812009 0.019984
v 0.090655 1.859712 -0.026834
v 0.088978 1.832849 -0.044035
v 0.086111 1.854698 -0.020834
v 0.102384 1.846243 0.021093
v 0.022503 1.888649 0.106106
v 0.029953 1.871327 0.123839
v 0.032066 1.887039 0.108969
v 0.020475 1.874206 0.116594
v 0.013640 1.901336 0.103144
v 0.002150 1.885416 0.119251
v 0.011877 1.852597 0.129788
v -0.007394 1.862678 0.129103
v -0.036988 1.856794 0.115559
v -0.028252 1.871039 0.114328
v -0.006184 1.893114 0.105301
v 0.005346 1.904149 0.093099
v 0.024613 1.906086 0.080059
v 0.023346 1.899102 0.094294
v 0.029391 1.891464 0.100689
v 0.047826 1.870003 0.099834
v 0.043966 1.861650 0.108820
v 0.023117 1.847557 0.133222
v -0.009700 1.903014 0.092099
v -0.024887 1.893917 0.105139
v 0.003378 1.913887 0.090881
v 0.018141 1.916519 0.069136
v 0.026720 1.907509 0.070566
v 0.017863 1.919579 0.052914
v 0.026578 1.915879 0.051154
v 0.023908 1.917404 0.036326
v 0.008721 1.925899 0.029191
v -0.007592 1.926099 0.015986
v -0.021372 1.921519 -0.000556
v -0.020110 1.927649 -0.007334
v -0.045700 1.919392 -0.015184
v -0.043030 1.912877 -0.021221
v -0.065672 1.903309 -0.023269
v -0.001122 1.925934 -0.027339
v -0.014762 1.925344 -0.021876
v -0.021797 1.918937 -0.014746
v -0.012372 1.919144 -0.049436
v -0.031779 1.918991 -0.041434
v -0.041199 1.917807 -0.027981
v -0.057934 1.898416 -0.027986
v -0.058217 1.901774 -0.038731
v -0.047387 1.901019 -0.057649
v -0.025029 1.903239 -0.069394
v -0.012935 1.898071 -0.064064
v -0.065809 1.880206 -0.050701
v -0.078454 1.843089 -0.063464
v -0.072842 1.878389 -0.046419
v -0.082493 1.846636 -0.047227
v -0.086353 1.811042 -0.059749
v -0.064684 1.882439 -0.058264
v -0.074810 1.876454 -0.038006
v -0.088357 1.852031 -0.043587
v -0.094563 1.814898 -0.051017
v -0.086802 1.786511 -0.069649
v -0.091827 1.782872 -0.049099
v -0.094980 1.812310 -0.043836
v -0.088460 1.854043 -0.034107
v -0.092172 1.850064 -0.018578
v -0.082405 1.876557 -0.019769
v -0.089326 1.846433 -0.001054
v -0.078451 1.880015 0.004407
v -0.090598 1.850030 0.009522
v -0.083347 1.882872 0.011672
v -0.078324 1.875254 -0.026196
v -0.081137 1.878204 -0.034104
v -0.061872 1.897707 -0.016301
v -0.067779 1.901457 -0.007516
v -0.065950 1.900234 0.010254
v -0.071997 1.902354 0.015631
v -0.070309 1.895436 0.021684
v -0.047809 1.914317 0.039561
v -0.047529 1.911419 -0.009954
v -0.009700 1.927214 0.030106
v -0.003934 1.923287 0.052139
v -0.000280 1.922352 0.071204
v -0.027700 1.921774 0.047574
v -0.022637 1.919817 0.071199
v -0.029387 1.925379 0.037811
v -0.030235 1.923967 0.027911
v -0.031637 1.924032 0.010031
v -0.050904 1.917699 0.030019
v -0.047949 1.915094 0.021784
v -0.050059 1.915906 0.002231
v -0.045560 1.912454 0.065456
v -0.032060 1.907569 0.083869
v -0.067922 1.898769 0.052704
v -0.061172 1.888844 0.069771
v -0.029247 1.900832 0.087299
v -0.026997 1.898917 0.092289
v -0.041342 1.882379 0.106124
v -0.049359 1.884464 0.089704
v -0.058922 1.890147 0.080829
v -0.078897 1.873225 0.055644
v -0.080196 1.877560 0.041198
v -0.077903 1.879598 0.018496
v -0.078609 1.868096 0.073164
v -0.065950 1.864564 0.086086
v -0.055825 1.862299 0.107214
v -0.085931 1.848960 0.016429
v -0.093756 1.851741 0.028089
v -0.092995 1.845715 0.043558
v -0.094217 1.838626 0.060334
v -0.077417 1.836930 0.079709
v -0.069144 1.841437 0.105873
v -0.050059 1.833836 0.111749
v -0.070205 1.786047 0.099004
v -0.082967 1.808079 0.074129
v -0.086512 1.783154 0.071150
v -0.072592 1.818679 0.102053
v -0.062199 1.805044 0.108442
v -0.102372 1.811471 0.054444
v -0.089905 1.785370 0.068693
v -0.091965 1.775674 0.011474
v -0.097172 1.789411 0.016491
v -0.104342 1.778392 -0.007556
v -0.089295 1.781037 0.040974
v -0.103920 1.789824 0.025439
v -0.105887 1.787394 0.048299
v -0.101109 1.817787 0.033256
v -0.100361 1.823931 -0.013758
v -0.104533 1.806382 -0.017250
v -0.102795 1.820357 -0.001786
v -0.106872 1.819499 0.010741
v -0.106029 1.796217 0.002341
v -0.090279 1.818569 0.050841
v -0.075088 1.780617 0.058584
v -0.078887 1.813249 0.068799
v -0.108698 1.821617 -0.011637
v -0.103497 1.776254 -0.028899
v -0.098859 1.819484 -0.002691
v -0.075092 1.762496 -0.006919
v -0.084698 1.819670 -0.039916
v -0.067217 1.735837 0.006011
v -0.067357 1.738781 -0.022934
v -0.049637 1.738294 -0.058614
v -0.061874 1.818604 -0.074316
v -0.031499 1.820638 -0.091290
v -0.032060 1.737352 -0.077001
v 0.000028 1.817310 -0.094655
v -0.006747 1.739954 -0.083089
v 0.031660 1.817004 -0.091041
v 0.020816 1.739481 -0.079229
v 0.066242 1.816619 -0.071916
v 0.048101 1.738734 -0.061462
v 0.081084 1.822397 -0.053327
v 0.063658 1.736103 -0.033835
v 0.072270 1.758656 -0.007892
v 0.088606 1.820704 -0.017934
v 0.068768 1.737424 -0.002676
v 0.004221 1.816841 -0.108511
v 0.030594 1.785960 -0.097719
v 0.007156 1.790838 -0.114687
v -0.008378 1.816046 -0.100520
v -0.008857 1.788789 -0.105914
v -0.032079 1.789402 -0.106400
v -0.039958 1.815303 -0.103380
v -0.002285 1.857805 -0.097040
v -0.014483 1.855638 -0.087608
v -0.041408 1.854923 -0.090213
v -0.061465 1.851080 -0.075200
v -0.059342 1.809579 -0.081691
v -0.056228 1.790087 -0.086387
v -0.067876 1.850981 -0.067857
v 0.058447 1.785880 -0.093492
v 0.037818 1.813956 -0.097310
v 0.026944 1.812739 -0.097884
v 0.016033 1.854420 -0.089079
v -0.005904 1.882766 -0.085301
v -0.017154 1.881259 -0.075989
v -0.034592 1.884524 -0.079309
v -0.055547 1.883829 -0.068514
v -0.079521 1.774009 -0.055552
v 0.070363 1.815702 -0.071010
v 0.085208 1.782222 -0.069714
v 0.072074 1.784052 -0.077960
v 0.058760 1.811412 -0.086052
v 0.041346 1.853699 -0.088736
v 0.059337 1.835155 -0.078693
v 0.060051 1.914894 -0.024386
v 0.061738 1.892718 -0.044329
v 0.071043 1.877504 -0.060522
v 0.068018 1.846068 -0.075068
v 0.068614 1.813173 -0.079442
v 0.062946 1.812096 -0.090403
v 0.061986 1.852489 -0.071300
v 0.043176 1.879144 -0.077184
v 0.039096 1.899544 -0.064436
v 0.052878 1.894327 -0.051816
v 0.060191 1.876654 -0.060464
v 0.061453 1.899427 -0.051051
v 0.041066 1.927789 -0.000574
v 0.036283 1.922599 0.015344
v 0.040641 1.926021 0.022524
v 0.038533 1.916631 0.027551
v 0.045425 1.917369 0.057054
v 0.063082 1.904640 0.057431
v 0.039889 1.902356 0.070631
v 0.054990 1.894502 0.071833
v 0.063496 1.885686 0.082060
v 0.067783 1.906307 0.032696
v 0.084222 1.888545 0.032716
v 0.059908 1.904604 0.040449
v 0.076221 1.886742 0.046651
v 0.086509 1.863258 0.047160
v 0.069062 1.906948 -0.002337
v 0.050628 1.917042 0.005764
v 0.058641 1.920334 0.012899
v 0.056390 1.912677 0.015556
v 0.095203 1.808252 0.041219
v 0.092253 1.840339 0.044979
v 0.080295 1.866188 0.060330
v 0.078298 1.886577 0.057540
v 0.070010 1.882789 0.067039
v 0.079143 1.866901 0.073890
v 0.088493 1.841052 0.068968
v 0.095908 1.810437 0.059894
v 0.094643 1.778154 0.038161
v 0.105331 1.785294 0.022641
v 0.096465 1.785459 0.005421
v 0.097370 1.783974 -0.021674
v 0.080422 1.782010 -0.043662
v 0.039712 1.902600 0.085409
v 0.053368 1.888093 0.093047
v 0.067913 1.869767 0.087337
v 0.063616 1.838476 0.083509
v 0.068129 1.811724 0.074601
v 0.094925 1.779377 0.058289
v 0.061429 1.851881 0.090196
v 0.058630 1.853603 0.093858
v 0.053207 1.861776 0.096195
v 0.071578 1.740222 0.037851
v 0.073408 1.758502 0.040151
v 0.081703 1.737806 0.007609
v 0.084188 1.758474 0.007703
v 0.086203 1.818194 0.051901
v 0.088381 1.818674 0.014251
v 0.024731 1.724709 0.099840
v 0.015834 1.723350 0.112348
v 0.018391 1.724761 0.099117
v 0.018902 1.723365 0.114072
v 0.017359 1.737214 0.075782
v 0.021612 1.727895 0.075120
v 0.011716 1.731979 0.106922
v 0.017321 1.724412 0.115307
v 0.017983 1.734332 0.117340
v 0.022276 1.733739 0.108534
v 0.030106 1.731890 0.093216
v 0.033178 1.733687 0.075938
v 0.029520 1.727895 0.075297
v 0.014868 1.722400 0.117537
v 0.012326 1.735729 0.123852
v 0.011708 1.723915 0.119954
v 0.000408 1.739799 0.075718
v -0.000408 1.731830 0.112145
v 0.010984 1.722741 0.120720
v -0.000723 1.722370 0.126169
v -0.000764 1.736093 0.128034
v -0.013654 1.735729 0.123269
v -0.012173 1.722741 0.120201
v -0.012863 1.723922 0.119403
v -0.012428 1.731979 0.106381
v -0.016529 1.737214 0.075023
v -0.018745 1.724761 0.098285
v -0.020748 1.727895 0.074170
v -0.028655 1.727895 0.073993
v -0.024971 1.724709 0.098725
v -0.032339 1.733687 0.074469
v -0.030043 1.731890 0.091868
v -0.022908 1.733739 0.107521
v -0.019785 1.723365 0.113204
v -0.019154 1.734332 0.116507
v -0.018261 1.724412 0.114509
v -0.015911 1.722400 0.116848
v -0.016644 1.723350 0.111621
v -0.026521 1.725162 0.092049
v -0.021026 1.727709 0.073808
v -0.028934 1.727709 0.073630
v -0.019422 1.725363 0.090473
v -0.018741 1.723239 0.110522
v -0.014274 1.723261 0.106555
v -0.013599 1.716213 0.101645
v -0.015259 1.717633 0.093839
v -0.013876 1.722571 0.114002
v -0.015031 1.722430 0.115133
v -0.015733 1.716897 0.114990
v -0.019862 1.717796 0.110105
v -0.027918 1.720135 0.091330
v -0.032497 1.722585 0.068744
v -0.011854 1.723202 0.118365
v -0.010738 1.716028 0.119003
v -0.010917 1.713816 0.108050
v -0.000420 1.713741 0.112484
v -0.000061 1.717677 0.096462
v 0.015240 1.717633 0.094522
v 0.010265 1.713816 0.108524
v 0.013231 1.716213 0.102246
v 0.012954 1.722571 0.114603
v 0.013686 1.723261 0.107181
v 0.019407 1.725363 0.091344
v -0.010311 1.721798 0.118927
v -0.009482 1.722890 0.119657
v -0.000635 1.722801 0.122088
v 0.008311 1.722890 0.120056
v 0.009172 1.721798 0.119363
v 0.010739 1.723202 0.118872
v 0.014058 1.722430 0.115785
v 0.017971 1.723239 0.111344
v 0.026570 1.725162 0.093240
v 0.021899 1.727709 0.074769
v 0.029806 1.727709 0.074947
v 0.027998 1.720135 0.092583
v 0.033585 1.722585 0.070226
v -0.000634 1.715872 0.122039
v 0.009595 1.716028 0.119458
v 0.014626 1.716897 0.115671
v 0.019109 1.717796 0.110979
v 0.019619 1.708254 0.107083
v 0.028614 1.709226 0.090291
v -0.020197 1.708254 0.106191
v -0.028431 1.709226 0.089012
v -0.015822 1.707956 0.112671
v -0.010669 1.707518 0.115945
v -0.000577 1.707481 0.119476
v 0.009664 1.707518 0.116401
v 0.014958 1.707956 0.113360
v -0.000585 1.723647 0.119843
v -0.007620 1.722258 0.118558
v -0.000600 1.721434 0.120514
v -0.011246 1.722362 0.110209
v -0.000303 1.723558 0.107282
v -0.017203 1.725310 0.098656
v 0.000118 1.724159 0.088492
v 0.012456 1.722303 0.105283
v 0.006500 1.722258 0.118875
v 0.000562 1.727575 0.068652
v -0.006752 1.718991 0.117643
v -0.000563 1.719035 0.118858
v 0.005674 1.718991 0.117921
v 0.000394 1.742872 0.076356
v 0.033309 1.751821 0.076370
v 0.000464 1.699647 0.073053
v -0.031294 1.702647 0.072030
v -0.032631 1.751821 0.074893
v -0.027750 1.708365 0.102914
v -0.027901 1.740890 0.109643
v -0.029791 1.724701 0.105811
v -0.000709 1.740563 0.125574
v 0.027169 1.740890 0.110878
v 0.032244 1.702647 0.073454
v 0.029229 1.724701 0.107133
v 0.027320 1.708365 0.104148
v -0.000610 1.712649 0.120976
v 0.023747 1.721791 0.112275
v 0.024600 1.721620 0.111932
v -0.025382 1.721620 0.110811
v -0.024545 1.721791 0.111192
v -0.025662 1.721397 0.110578
v 0.024890 1.721397 0.111711
v 0.024458 1.721434 0.112016
v 0.023600 1.721114 0.112481
v -0.024408 1.721114 0.111405
v -0.025244 1.721434 0.110901
v 0.086003 1.847179 0.074404
v 0.091205 1.851509 0.054606
v 0.070535 1.878024 0.089661
v 0.074893 1.886379 0.063976
v 0.042973 1.903357 0.100276
v 0.045643 1.914571 0.071579
v -0.000762 1.914179 0.104261
v -0.000762 1.925766 0.074499
v -0.044497 1.903357 0.100276
v -0.047170 1.914571 0.071579
v -0.072060 1.878024 0.089661
v -0.076420 1.886382 0.063976
v -0.087527 1.847179 0.074404
v -0.092732 1.852351 0.054754
vt 0.517144 0.871565
vt 0.538144 0.871565
vt 0.517144 0.869765
vt 0.546344 0.872565
vt 0.538144 0.871565
vt 0.517144 0.871565
vt 0.496144 0.871565
vt 0.487444 0.871565
vt 0.496144 0.871565
vt 0.462144 0.873165
vt 0.478244 0.873165
vt 0.478244 0.873165
vt 0.516944 0.873165
vt 0.555744 0.873165
vt 0.571744 0.873165
vt 0.555744 0.873165
vt 0.516944 0.873165
vt 0.994444 0.984865
vt 0.995344 0.876965
vt 0.879844 0.981765
vt 0.880644 0.876465
vt 0.753544 0.983065
vt 0.753244 0.874865
vt 0.634744 0.983665
vt 0.638644 0.876965
vt 0.508644 0.982765
vt 0.508644 0.876165
vt 0.382544 0.982365
vt 0.384444 0.876165
vt 0.259044 0.984765
vt 0.259044 0.880465
vt 0.131744 0.983165
vt 0.132544 0.878465
vt 0.000444 0.984765
vt 0.000044 0.876565
vt 0.995344 0.876965
vt 0.994444 0.984865
vt 0.880644 0.876465
vt 0.879844 0.981765
vt 0.753244 0.874865
vt 0.753544 0.983065
vt 0.638644 0.876965
vt 0.634744 0.983665
vt 0.508644 0.876165
vt 0.508644 0.982765
vt 0.384444 0.876165
vt 0.382544 0.982365
vt 0.259044 0.880465
vt 0.259044 0.984765
vt 0.132544 0.878465
vt 0.131744 0.983165
vt 0.000044 0.876565
vt 0.000444 0.984765
vt 0.478244 0.873165
vt 0.462144 0.873165
vt 0.487444 0.871565
vt 0.496144 0.871565
vt 0.478244 0.873165
vt 0.517144 0.871565
vt 0.516944 0.873165
vt 0.538144 0.871565
vt 0.555744 0.873165
vt 0.546344 0.872565
vt 0.571744 0.873165
vt 0.538144 0.871565
vt 0.555744 0.873165
vt 0.517144 0.871565
vt 0.516944 0.873165
vt 0.496144 0.871565
vt 0.517144 0.869765
vt 0.465544 0.987165
vt 0.501144 0.990365
vt 0.450244 0.987965
vt 0.552144 0.987965
vt 0.561144 0.988765
vt 0.536844 0.987165
vt 0.518444 0.986865
vt 0.501144 0.986665
vt 0.483944 0.986865
vt 0.779044 0.467065
vt 0.760944 0.475665
vt 0.754844 0.465565
vt 0.710044 0.509365
vt 0.685644 0.503065
vt 0.711444 0.507465
vt 0.679344 0.498865
vt 0.717944 0.506465
vt 0.719744 0.496565
vt 0.755944 0.497965
vt 0.762244 0.485265
vt 0.780344 0.489865
vt 0.783044 0.478365
vt 0.803944 0.482365
vt 0.801544 0.471165
vt 0.827144 0.473765
vt 0.802744 0.458865
vt 0.829344 0.460765
vt 0.831144 0.448565
vt 0.858044 0.458065
vt 0.847544 0.440765
vt 0.900744 0.433965
vt 0.896844 0.410665
vt 0.843744 0.411465
vt 0.829244 0.434165
vt 0.810744 0.446165
vt 0.788744 0.443965
vt 0.782544 0.456965
vt 0.767644 0.443665
vt 0.757544 0.454465
vt 0.737344 0.444465
vt 0.710844 0.450065
vt 0.694244 0.428965
vt 0.677544 0.442065
vt 0.644244 0.450065
vt 0.662444 0.429065
vt 0.617844 0.444465
vt 0.597444 0.454165
vt 0.588944 0.443965
vt 0.571544 0.456965
vt 0.566744 0.443965
vt 0.552044 0.458765
vt 0.544844 0.446165
vt 0.525844 0.448565
vt 0.525844 0.436165
vt 0.503044 0.440365
vt 0.505144 0.410765
vt 0.444344 0.409565
vt 0.440744 0.434165
vt 0.498344 0.456465
vt 0.435344 0.456765
vt 0.454144 0.485265
vt 0.498344 0.475765
vt 0.481544 0.501265
vt 0.503044 0.494365
vt 0.513744 0.523065
vt 0.530544 0.490465
vt 0.557944 0.503865
vt 0.551944 0.482365
vt 0.577044 0.489365
vt 0.572644 0.478365
vt 0.597444 0.484865
vt 0.597444 0.476365
vt 0.730044 0.464065
vt 0.634444 0.496565
vt 0.601544 0.497065
vt 0.639044 0.506165
vt 0.586044 0.510065
vt 0.626444 0.527365
vt 0.549944 0.532365
vt 0.615244 0.542665
vt 0.597144 0.562265
vt 0.549944 0.558865
vt 0.510744 0.539265
vt 0.498644 0.523065
vt 0.645044 0.507165
vt 0.527644 0.460765
vt 0.529844 0.473765
vt 0.624944 0.463965
vt 0.551944 0.470565
vt 0.575444 0.466765
vt 0.600844 0.466565
vt 0.857344 0.476365
vt 0.890844 0.485665
vt 0.908344 0.457165
vt 0.870744 0.499265
vt 0.779044 0.430765
vt 0.811144 0.432265
vt 0.543644 0.432165
vt 0.573044 0.430365
vt 0.668744 0.503365
vt 0.648344 0.508665
vt 0.677644 0.502165
vt 0.803144 0.558865
vt 0.740844 0.542665
vt 0.806144 0.531365
vt 0.847344 0.540165
vt 0.841344 0.520065
vt 0.858044 0.520565
vt 0.854044 0.496065
vt 0.826444 0.490465
vt 0.798144 0.502865
vt 0.768944 0.508765
vt 0.729744 0.527965
vt 0.343044 0.977665
vt 0.297944 0.977465
vt 0.297944 0.947065
vt 0.343244 0.947065
vt 0.379944 0.977865
vt 0.379944 0.946865
vt 0.410744 0.977865
vt 0.441744 0.977865
vt 0.410944 0.947065
vt 0.441744 0.947165
vt 0.475344 0.977765
vt 0.475344 0.946965
vt 0.516044 0.978065
vt 0.356344 0.541865
vt 0.352344 0.560165
vt 0.320144 0.560165
vt 0.324144 0.570665
vt 0.358544 0.528065
vt 0.319744 0.543165
vt 0.275944 0.562465
vt 0.293844 0.573965
vt 0.311444 0.586365
vt 0.368344 0.578865
vt 0.438044 0.558865
vt 0.377744 0.512765
vt 0.364344 0.513665
vt 0.374444 0.496065
vt 0.352344 0.491765
vt 0.320844 0.516665
vt 0.219244 0.566765
vt 0.509744 0.565765
vt 0.591144 0.577065
vt 0.544544 0.573565
vt 0.537844 0.591265
vt 0.537544 0.606765
vt 0.584044 0.610565
vt 0.587044 0.592765
vt 0.369044 0.459065
vt 0.359644 0.473765
vt 0.313544 0.468665
vt 0.298044 0.489165
vt 0.218944 0.468365
vt 0.218844 0.492765
vt 0.139344 0.489165
vt 0.158044 0.517965
vt 0.117144 0.517265
vt 0.120544 0.542865
vt 0.078244 0.528065
vt 0.084344 0.541865
vt 0.015744 0.515965
vt 0.090444 0.560165
vt 0.081644 0.579965
vt 0.121844 0.570965
vt 0.135444 0.587165
vt 0.152044 0.571865
vt 0.162044 0.562465
vt 0.218944 0.549565
vt 0.275344 0.545665
vt 0.278644 0.517965
vt 0.388444 0.486265
vt 0.423344 0.482265
vt 0.218844 0.521565
vt 0.162244 0.545665
vt 0.122544 0.560165
vt 0.088744 0.405765
vt 0.109444 0.373165
vt 0.150444 0.406465
vt 0.081644 0.431565
vt 0.146044 0.432565
vt 0.123644 0.468665
vt 0.723344 0.191165
vt 0.695644 0.190565
vt 0.680244 0.184565
vt 0.660144 0.190565
vt 0.630444 0.184265
vt 0.632044 0.191165
vt 0.588744 0.184265
vt 0.583644 0.191465
vt 0.548944 0.184465
vt 0.540844 0.191965
vt 0.503444 0.183865
vt 0.496444 0.193465
vt 0.470144 0.185465
vt 0.440044 0.194665
vt 0.434444 0.186565
vt 0.397144 0.193965
vt 0.376644 0.186565
vt 0.336144 0.186565
vt 0.354944 0.193465
vt 0.302444 0.186065
vt 0.315444 0.194365
vt 0.270644 0.187065
vt 0.278644 0.193665
vt 0.234944 0.186065
vt 0.243144 0.193665
vt 0.189144 0.187565
vt 0.165544 0.186665
vt 0.194244 0.193665
vt 0.161544 0.193465
vt 0.191844 0.199665
vt 0.161044 0.198865
vt 0.217044 0.246665
vt 0.170944 0.247665
vt 0.175644 0.258465
vt 0.127244 0.261465
vt 0.131944 0.283365
vt 0.094844 0.287565
vt 0.099044 0.303065
vt 0.060944 0.301665
vt 0.086744 0.321265
vt 0.034444 0.321265
vt 0.053544 0.346365
vt 0.003244 0.321465
vt 0.001744 0.347865
vt 0.051544 0.374365
vt 0.002744 0.375265
vt 0.003244 0.408665
vt 0.040544 0.408165
vt 0.002244 0.433065
vt 0.046544 0.432765
vt 0.002344 0.454565
vt 0.072944 0.457065
vt 0.012844 0.481565
vt 0.041544 0.485765
vt 0.061444 0.512965
vt 0.072944 0.513065
vt 0.085744 0.491765
vt 0.079044 0.474765
vt 0.107144 0.347165
vt 0.170344 0.322265
vt 0.155144 0.304265
vt 0.174244 0.281465
vt 0.217644 0.257165
vt 0.257844 0.258865
vt 0.262344 0.247665
vt 0.305444 0.261765
vt 0.312644 0.247565
vt 0.341744 0.266865
vt 0.349644 0.248965
vt 0.385144 0.274265
vt 0.389144 0.250665
vt 0.441544 0.276165
vt 0.440244 0.250265
vt 0.479544 0.277165
vt 0.496944 0.199765
vt 0.515044 0.277465
vt 0.541844 0.198365
vt 0.545944 0.278465
vt 0.585044 0.197565
vt 0.575044 0.278165
vt 0.633544 0.196965
vt 0.632344 0.277165
vt 0.661044 0.196165
vt 0.677344 0.277165
vt 0.694844 0.196165
vt 0.720744 0.276665
vt 0.721844 0.196965
vt 0.777544 0.278065
vt 0.767944 0.197365
vt 0.804244 0.278065
vt 0.814144 0.197665
vt 0.830544 0.277465
vt 0.855244 0.196965
vt 0.866344 0.277265
vt 0.902144 0.248665
vt 0.900744 0.277265
vt 0.864444 0.301065
vt 0.899744 0.303165
vt 0.868244 0.321165
vt 0.896844 0.321165
vt 0.896844 0.348165
vt 0.832944 0.317965
vt 0.835444 0.344465
vt 0.782544 0.339065
vt 0.833844 0.371465
vt 0.778644 0.370065
vt 0.798944 0.411765
vt 0.766944 0.406665
vt 0.752844 0.430265
vt 0.723244 0.403965
vt 0.677044 0.403765
vt 0.730244 0.368865
vt 0.676744 0.367465
vt 0.676944 0.335565
vt 0.623944 0.368865
vt 0.620244 0.337065
vt 0.574044 0.370865
vt 0.570744 0.339265
vt 0.514044 0.374665
vt 0.514944 0.343465
vt 0.445544 0.376165
vt 0.444644 0.347865
vt 0.397144 0.376265
vt 0.396144 0.347865
vt 0.323544 0.347465
vt 0.341244 0.323265
vt 0.268044 0.322465
vt 0.280644 0.303665
vt 0.218844 0.303365
vt 0.261244 0.281765
vt 0.217644 0.281065
vt 0.218744 0.322265
vt 0.218044 0.346065
vt 0.218144 0.372565
vt 0.219444 0.406965
vt 0.219044 0.433565
vt 0.290644 0.432265
vt 0.359044 0.432565
vt 0.397844 0.432565
vt 0.400244 0.408165
vt 0.552644 0.410965
vt 0.583044 0.407665
vt 0.631344 0.403965
vt 0.599844 0.430365
vt 0.731744 0.337065
vt 0.325744 0.373165
vt 0.351944 0.408165
vt 0.287944 0.406465
vt 0.092244 0.266965
vt 0.063644 0.495565
vt 0.316144 0.200265
vt 0.277944 0.200265
vt 0.242444 0.199965
vt 0.355644 0.201565
vt 0.397144 0.200565
vt 0.438644 0.200965
vt 0.771444 0.191465
vt 0.770544 0.184265
vt 0.807644 0.184265
vt 0.826244 0.191665
vt 0.841744 0.183965
vt 0.866644 0.191965
vt 0.892944 0.184565
vt 0.910844 0.191765
vt 0.920944 0.184565
vt 0.906744 0.197265
vt 0.730344 0.184465
vt 0.054244 0.274865
vt 0.049544 0.249965
vt 0.085744 0.248665
vt 0.120744 0.248365
vt 0.831044 0.298965
vt 0.790844 0.306365
vt 0.735844 0.305165
vt 0.677044 0.304965
vt 0.618244 0.305165
vt 0.561944 0.306565
vt 0.517044 0.297465
vt 0.477844 0.299565
vt 0.442944 0.301565
vt 0.378844 0.302465
vt 0.407144 0.323065
vt 0.444844 0.321465
vt 0.474844 0.319565
vt 0.516444 0.315465
vt 0.332844 0.303665
vt 0.336944 0.287265
vt 0.302044 0.283665
vt 0.894044 0.374665
vt 0.133844 0.186565
vt 0.093344 0.186565
vt 0.003244 0.299065
vt 0.003244 0.277065
vt 0.003944 0.250965
vt 0.005244 0.199965
vt 0.045544 0.198865
vt 0.083044 0.198665
vt 0.118544 0.199265
vt 0.116844 0.193465
vt 0.058544 0.186265
vt 0.083744 0.193465
vt 0.029744 0.185565
vt 0.046044 0.193265
vt 0.009044 0.191165
vt 0.244144 0.947465
vt 0.244544 0.977565
vt 0.060944 0.978165
vt 0.060444 0.947265
vt 0.109344 0.978265
vt 0.109544 0.947265
vt 0.149344 0.978165
vt 0.149544 0.947265
vt 0.202144 0.978265
vt 0.202244 0.947365
vt 0.202244 0.947365
vt 0.243944 0.946165
vt 0.296144 0.946065
vt 0.338444 0.946065
vt 0.376244 0.945865
vt 0.406344 0.946065
vt 0.441744 0.947165
vt 0.475344 0.946965
vt 0.516244 0.946965
vt 0.511744 0.945965
vt 0.563944 0.946865
vt 0.554144 0.946065
vt 0.607444 0.947065
vt 0.593844 0.946465
vt 0.665644 0.947065
vt 0.625644 0.946365
vt 0.713544 0.947065
vt 0.678544 0.946165
vt 0.759044 0.947065
vt 0.733744 0.946065
vt 0.060244 0.946165
vt 0.109444 0.946065
vt 0.149544 0.946165
vt 0.759044 0.978065
vt 0.713744 0.978065
vt 0.665844 0.978165
vt 0.607344 0.978265
vt 0.563944 0.978165
vt 0.703844 0.938965
vt 0.741244 0.985865
vt 0.783544 0.938965
vt 0.623644 0.985865
vt 0.590544 0.938965
vt 0.522044 0.985865
vt 0.486844 0.938865
vt 0.384544 0.985565
vt 0.386544 0.938965
vt 0.312744 0.938965
vt 0.257944 0.985865
vt 0.222944 0.938965
vt 0.147944 0.985865
vt 0.114144 0.938965
vt 0.001144 0.985865
vt 0.001444 0.938965
vt 0.147944 0.985865
vt 0.114144 0.938965
vt 0.257944 0.985865
vt 0.222944 0.938965
vt 0.312744 0.938965
vt 0.384544 0.985565
vt 0.386544 0.938965
vt 0.522044 0.985865
vt 0.486844 0.938865
vt 0.590544 0.938965
vt 0.623644 0.985865
vt 0.703844 0.938965
vt 0.741244 0.985865
vt 0.783544 0.938965
vt 0.892144 0.985865
vt 0.886644 0.938965
vt 0.995944 0.985865
vt 0.994144 0.938965
vt 0.892144 0.985865
vt 0.886644 0.938965
vt 0.559944 0.989365
vt 0.546144 0.989965
vt 0.527144 0.990165
vt 0.441144 0.988765
vt 0.442344 0.989365
vt 0.456244 0.989965
vt 0.475244 0.990165
vt 0.924544 0.481065
vt 0.925044 0.566065
vt 0.849344 0.561765
vt 0.807144 0.575065
vt 0.759944 0.562265
vt 0.764944 0.577965
vt 0.767944 0.593665
vt 0.817144 0.592565
vt 0.772944 0.610365
vt 0.820344 0.607465
vt 0.293344 0.780365
vt 0.290444 0.791965
vt 0.245744 0.792665
vt 0.345844 0.765765
vt 0.327444 0.758265
vt 0.373044 0.712365
vt 0.406144 0.728365
vt 0.369644 0.728865
vt 0.388244 0.747065
vt 0.341244 0.746065
vt 0.316644 0.741665
vt 0.305444 0.743365
vt 0.293744 0.744365
vt 0.291444 0.765365
vt 0.240944 0.780265
vt 0.196944 0.786365
vt 0.190344 0.730265
vt 0.150844 0.701465
vt 0.191144 0.710065
vt 0.204344 0.735365
vt 0.200844 0.711665
vt 0.211844 0.712665
vt 0.213644 0.691165
vt 0.250844 0.720265
vt 0.254344 0.698565
vt 0.282044 0.702565
vt 0.261544 0.678965
vt 0.292944 0.676465
vt 0.267644 0.656565
vt 0.225644 0.670765
vt 0.223444 0.652065
vt 0.211844 0.667065
vt 0.203144 0.650765
vt 0.190644 0.667765
vt 0.185644 0.651765
vt 0.157044 0.653765
vt 0.203244 0.689465
vt 0.219544 0.668965
vt 0.194744 0.684865
vt 0.155744 0.681065
vt 0.922044 0.748765
vt 0.952144 0.726365
vt 0.950244 0.749665
vt 0.922044 0.728765
vt 0.877144 0.755565
vt 0.879144 0.731265
vt 0.918144 0.705465
vt 0.873444 0.701565
vt 0.834244 0.696765
vt 0.836944 0.709065
vt 0.841644 0.737565
vt 0.832344 0.762865
vt 0.830144 0.791165
vt 0.884844 0.771265
vt 0.925844 0.763065
vt 0.980944 0.751365
vt 0.983544 0.728065
vt 0.948544 0.702165
vt 0.805044 0.748065
vt 0.814544 0.732165
vt 0.803444 0.769665
vt 0.768044 0.787565
vt 0.783644 0.799565
vt 0.724744 0.792465
vt 0.728244 0.801565
vt 0.686844 0.801965
vt 0.660444 0.788765
vt 0.625844 0.800965
vt 0.624844 0.772465
vt 0.578344 0.781165
vt 0.583444 0.765565
vt 0.568844 0.769765
vt 0.575844 0.742865
vt 0.557544 0.741465
vt 0.573844 0.724865
vt 0.418444 0.772365
vt 0.448644 0.763965
vt 0.485144 0.783465
vt 0.497844 0.762565
vt 0.545844 0.761865
vt 0.449144 0.744365
vt 0.500644 0.742765
vt 0.542744 0.741665
vt 0.555444 0.726565
vt 0.540244 0.727265
vt 0.501644 0.727865
vt 0.455344 0.729365
vt 0.429044 0.727865
vt 0.531544 0.711765
vt 0.529544 0.682765
vt 0.540744 0.710765
vt 0.550144 0.682665
vt 0.537344 0.655465
vt 0.525144 0.712465
vt 0.557344 0.707965
vt 0.559344 0.682465
vt 0.554744 0.657365
vt 0.531244 0.631465
vt 0.550044 0.631265
vt 0.564344 0.653165
vt 0.571544 0.682465
vt 0.598944 0.686565
vt 0.592244 0.705365
vt 0.615744 0.686065
vt 0.622544 0.708965
vt 0.622344 0.687365
vt 0.629944 0.706465
vt 0.580444 0.707065
vt 0.568144 0.706465
vt 0.591244 0.725165
vt 0.607244 0.726365
vt 0.633744 0.728765
vt 0.641344 0.726065
vt 0.653544 0.724365
vt 0.680344 0.738465
vt 0.591044 0.738565
vt 0.662344 0.774065
vt 0.722844 0.776565
vt 0.762344 0.774665
vt 0.710144 0.756665
vt 0.752144 0.755465
vt 0.676444 0.755465
vt 0.650244 0.752965
vt 0.617844 0.754865
vt 0.661544 0.740765
vt 0.644544 0.741665
vt 0.614344 0.739065
vt 0.730344 0.739365
vt 0.772544 0.741665
vt 0.696744 0.725165
vt 0.730944 0.719065
vt 0.782044 0.738265
vt 0.792944 0.736465
vt 0.802544 0.712965
vt 0.771344 0.715065
vt 0.750744 0.718565
vt 0.698044 0.704665
vt 0.667544 0.707365
vt 0.639444 0.708865
vt 0.730044 0.699265
vt 0.759344 0.697265
vt 0.790844 0.694265
vt 0.630044 0.683865
vt 0.649144 0.685065
vt 0.684344 0.681365
vt 0.713244 0.675165
vt 0.747444 0.673065
vt 0.783644 0.676065
vt 0.823644 0.670965
vt 0.767144 0.630465
vt 0.739444 0.651765
vt 0.735144 0.631565
vt 0.770944 0.656265
vt 0.806144 0.648965
vt 0.703244 0.653565
vt 0.733644 0.634465
vt 0.652544 0.627465
vt 0.658144 0.636265
vt 0.617244 0.626365
vt 0.697444 0.630465
vt 0.664044 0.637365
vt 0.695144 0.634365
vt 0.675144 0.657965
vt 0.609044 0.663565
vt 0.603344 0.649865
vt 0.624444 0.660765
vt 0.638244 0.660965
vt 0.629744 0.641465
vt 0.703244 0.653565
vt 0.733544 0.631065
vt 0.739444 0.651765
vt 0.616844 0.662065
vt 0.591044 0.624065
vt 0.114544 0.706165
vt 0.124744 0.662065
vt 0.184044 0.699065
vt 0.127044 0.631365
vt 0.181944 0.631265
vt 0.240444 0.628365
vt 0.244844 0.696265
vt 0.298344 0.701365
vt 0.302744 0.630365
vt 0.360644 0.694165
vt 0.357644 0.631165
vt 0.423444 0.696765
vt 0.414044 0.631365
vt 0.491144 0.696265
vt 0.486544 0.636265
vt 0.562344 0.695265
vt 0.552044 0.623965
vt 0.628644 0.659165
vt 0.632644 0.696065
vt 0.618844 0.629365
vt 0.390844 0.658165
vt 0.360044 0.632465
vt 0.387144 0.633465
vt 0.409844 0.657965
vt 0.410444 0.634465
vt 0.446044 0.635765
vt 0.455744 0.658065
vt 0.399244 0.689065
vt 0.420944 0.689365
vt 0.463144 0.689365
vt 0.501144 0.686065
vt 0.493444 0.655465
vt 0.484544 0.636465
vt 0.513944 0.686965
vt 0.322944 0.630665
vt 0.352144 0.656365
vt 0.365144 0.656365
vt 0.374344 0.688765
vt 0.407644 0.712365
vt 0.429944 0.711565
vt 0.461744 0.713965
vt 0.500644 0.713865
vt 0.531044 0.629465
vt 0.296444 0.656265
vt 0.271644 0.627065
vt 0.299444 0.630665
vt 0.322544 0.654765
vt 0.342444 0.688665
vt 0.318144 0.674265
vt 0.255944 0.742365
vt 0.281944 0.722565
vt 0.292744 0.706065
vt 0.302744 0.678765
vt 0.300144 0.655965
vt 0.323844 0.656065
vt 0.313744 0.686965
vt 0.336544 0.711365
vt 0.337544 0.727365
vt 0.307444 0.724365
vt 0.304444 0.707265
vt 0.293244 0.724365
vt 0.238044 0.765565
vt 0.197944 0.774665
vt 0.182644 0.771465
vt 0.152144 0.778865
vt 0.165844 0.765865
vt 0.103444 0.759065
vt 0.100644 0.745765
vt 0.066644 0.755965
vt 0.069244 0.741165
vt 0.051644 0.727765
vt 0.153144 0.742265
vt 0.149944 0.720565
vt 0.136944 0.744365
vt 0.119044 0.717665
vt 0.116544 0.697765
vt 0.215644 0.736265
vt 0.206544 0.758165
vt 0.195044 0.756365
vt 0.182344 0.751465
vt 0.121344 0.651165
vt 0.117244 0.677365
vt 0.093344 0.703165
vt 0.098644 0.722065
vt 0.081144 0.720865
vt 0.071144 0.704165
vt 0.080144 0.680065
vt 0.098344 0.653865
vt 0.129044 0.626165
vt 0.151544 0.629165
vt 0.180044 0.629965
vt 0.207144 0.628365
vt 0.237244 0.624765
vt 0.041244 0.756265
vt 0.050044 0.772765
vt 0.068744 0.775265
vt 0.109644 0.777865
vt 0.018844 0.772865
vt 0.010544 0.756265
vt 0.033444 0.732965
vt 0.038044 0.707465
vt 0.039544 0.676165
vt 0.055144 0.652165
vt 0.095244 0.626465
vt 0.028044 0.692065
vt 0.011244 0.699965
vt 0.005944 0.713965
vt 0.010144 0.699465
vt 0.001544 0.734665
vt 0.799044 0.636065
vt 0.812544 0.656265
vt 0.736244 0.634265
vt 0.735844 0.656865
vt 0.827444 0.700665
vt 0.736944 0.700965
vt 0.232752 0.108570
vt 0.152980 0.130697
vt 0.232752 0.130888
vt 0.147150 0.108620
vt 0.399195 0.149880
vt 0.399195 0.130140
vt 0.098937 0.149410
vt 0.137237 0.108620
vt 0.146550 0.062459
vt 0.181532 0.065279
vt 0.286476 0.084080
vt 0.405025 0.084080
vt 0.399195 0.108520
vt 0.110659 0.115519
vt 0.097965 0.062459
vt 0.095643 0.113680
vt 0.399195 0.174321
vt -0.001149 0.174321
vt 0.091560 0.115519
vt -0.001149 0.115570
vt 0.000794 0.062459
vt 0.097965 0.062459
vt 0.091560 0.115519
vt 0.095643 0.113680
vt 0.098937 0.149410
vt 0.399195 0.149880
vt 0.232752 0.130888
vt 0.399195 0.130140
vt 0.399195 0.108520
vt 0.232752 0.108570
vt 0.405025 0.084080
vt 0.286476 0.084080
vt 0.181532 0.065279
vt 0.147150 0.108620
vt 0.146550 0.062459
vt 0.137237 0.108620
vt 0.110659 0.115519
vt 0.152980 0.130697
vt 0.286476 0.108520
vt 0.399195 0.130140
vt 0.399195 0.108520
vt 0.286476 0.131080
vt 0.179027 0.108620
vt 0.179027 0.130697
vt 0.180560 0.143144
vt 0.399195 0.149880
vt 0.145108 0.121038
vt 0.142193 0.107241
vt 0.144607 0.081259
vt 0.179588 0.084080
vt 0.286476 0.084080
vt 0.405025 0.084080
vt 0.110659 0.115519
vt 0.096021 0.081259
vt 0.098937 0.149410
vt -0.001149 0.174321
vt 0.399195 0.174321
vt 0.399195 0.149880
vt 0.098937 0.149410
vt 0.180560 0.143144
vt 0.145108 0.121038
vt 0.179027 0.130697
vt 0.286476 0.131080
vt 0.095643 0.113680
vt 0.091560 0.115519
vt -0.001149 0.115570
vt 0.091560 0.115519
vt 0.095643 0.113680
vt 0.110659 0.115519
vt 0.142193 0.107241
vt 0.179027 0.108620
vt 0.286476 0.108520
vt 0.399195 0.130140
vt 0.399195 0.108520
vt 0.286476 0.084080
vt 0.405025 0.084080
vt -0.001149 0.081259
vt 0.096021 0.081259
vt 0.144607 0.081259
vt 0.179588 0.084080
vt 0.179588 0.055879
vt 0.286476 0.055879
vt 0.179588 0.055879
vt 0.286476 0.055879
vt 0.152380 0.055879
vt 0.096021 0.055879
vt -0.000531 0.055751
vt 0.096021 0.055879
vt 0.152380 0.055879
vt 0.494422 0.159280
vt 0.461384 0.163040
vt 0.494422 0.167741
vt 0.443405 0.145180
vt 0.494422 0.140480
vt 0.428969 0.121141
vt 0.494422 0.100999
vt 0.436187 0.133161
vt 0.461384 0.163040
vt 0.412799 0.069039
vt 0.412799 0.100999
vt 0.494422 0.054939
vt 0.412799 0.069039
vt 0.412799 0.100999
vt 0.412799 0.128260
vt 0.461384 0.174321
vt 0.494422 0.174321
vt 0.461384 0.174321
vt 0.412799 0.128260
vt 0.355683 0.068770
vt 0.365707 0.067319
vt 0.355683 0.075871
vt 0.345733 0.075389
vt 0.345659 0.067319
vt 0.347502 0.074532
vt 0.347146 0.069195
vt 0.347408 0.071864
vt 0.355683 0.069251
vt 0.364220 0.069195
vt 0.365633 0.075390
vt 0.363960 0.071864
vt 0.363864 0.074532
vt 0.355683 0.073843
vt 0.362517 0.072573
vt 0.362762 0.072543
vt 0.348606 0.072543
vt 0.348850 0.072573
vt 0.348537 0.072569
vt 0.362831 0.072569
vt 0.362743 0.072592
vt 0.362457 0.072628
vt 0.348911 0.072628
vt 0.348625 0.072592
vt 0.999830 0.136832
vt 0.999930 0.001132
vt 0.932130 0.136632
vt 0.932230 0.001132
vt 0.858530 0.136632
vt 0.858630 0.001132
vt 0.754430 0.136632
vt 0.754430 0.001132
vt 0.650230 0.136632
vt 0.650230 0.001132
vt 0.576630 0.136632
vt 0.576630 0.001132
vt 0.508930 0.136832
vt 0.508830 0.001132
vn -0.4043 -0.9021 -0.1509
vn -0.1934 -0.9786 -0.0698
vn -0.3623 -0.9307 0.0510
vn -0.1528 -0.9881 0.0162
vn -0.2262 -0.9668 0.1188
vn -0.3579 -0.8996 0.2504
vn -0.5097 -0.8358 0.2041
vn -0.5840 -0.8091 0.0663
vn -0.5400 -0.8378 -0.0802
vn -0.9235 -0.3717 0.0944
vn -0.7978 -0.4510 -0.4002
vn -0.7028 -0.4285 0.5679
vn -0.1974 -0.6351 0.7468
vn 0.2481 -0.8467 0.4707
vn 0.3359 -0.9400 -0.0594
vn 0.1796 -0.8548 -0.4869
vn -0.3398 -0.6449 -0.6846
vn 0.2011 -0.0845 -0.9759
vn 0.2252 -0.6958 -0.6820
vn -0.5038 -0.3919 -0.7698
vn -0.2344 -0.8827 -0.4073
vn -0.8287 -0.5474 -0.1167
vn -0.3384 -0.9327 0.1245
vn -0.6850 -0.4382 0.5821
vn -0.1829 -0.8186 0.5444
vn -0.1116 -0.1250 0.9859
vn 0.3175 -0.5855 0.7459
vn 0.6084 0.1436 0.7805
vn 0.7773 -0.4139 0.4737
vn 0.9673 0.2151 0.1346
vn 0.9267 -0.3754 -0.0187
vn 0.8124 0.1378 -0.5665
vn 0.7258 -0.4740 -0.4985
vn 0.0752 -0.1973 -0.9775
vn 0.6685 -0.4768 -0.5707
vn 0.8329 -0.5385 0.1280
vn 0.5314 -0.3334 0.7787
vn -0.1658 -0.0097 0.9861
vn -0.7900 0.1785 0.5865
vn -0.9723 0.2061 -0.1103
vn -0.6373 0.0854 -0.7659
vn 0.5836 -0.8114 0.0320
vn 0.5339 -0.8259 0.1812
vn 0.3934 -0.8842 0.2517
vn 0.2014 -0.9661 0.1614
vn 0.1591 -0.9844 0.0752
vn 0.2286 -0.9733 -0.0213
vn 0.3683 -0.9171 -0.1528
vn 0.5166 -0.8499 -0.1042
vn 0.3624 -0.9306 0.0510
vn -0.4266 0.5029 0.7517
vn 0.0257 0.9969 0.0746
vn -0.6629 0.5196 0.5391
vn 0.7382 0.2776 0.6148
vn 0.5668 0.7189 0.4024
vn 0.3246 0.5342 0.7805
vn 0.2520 0.3032 0.9190
vn -0.0577 0.4207 0.9054
vn -0.3891 0.0518 0.9197
vn 0.4618 0.1005 0.8813
vn 0.1382 0.3685 0.9193
vn 0.1560 0.0922 0.9834
vn -0.2470 -0.1202 -0.9615
vn -0.2345 -0.1382 -0.9622
vn -0.3945 0.2722 -0.8777
vn 0.0000 0.8768 -0.4809
vn -0.0430 0.7164 0.6964
vn -0.0091 0.6069 0.7947
vn 0.1351 0.6492 0.7486
vn 0.1211 0.6006 0.7903
vn 0.3444 0.6088 0.7147
vn 0.4517 0.3910 0.8019
vn 0.6797 0.3978 0.6163
vn 0.7458 0.1610 0.6465
vn 0.9356 0.0560 0.3487
vn 0.8226 -0.1268 0.5543
vn 0.9573 -0.0845 0.2765
vn 0.9298 -0.2526 0.2678
vn 0.9844 -0.1431 0.1027
vn 0.9600 -0.2389 0.1460
vn 0.9773 -0.1945 -0.0836
vn 0.9860 -0.1427 -0.0864
vn 0.9308 -0.2059 0.3019
vn 0.8732 -0.3549 0.3341
vn 0.8203 -0.3774 0.4297
vn 0.6183 -0.4336 0.6555
vn 0.4910 -0.1815 0.8520
vn 0.2921 -0.4168 0.8608
vn 0.1617 -0.1710 0.9719
vn 0.0316 -0.3797 0.9246
vn 0.0074 -0.2663 0.9639
vn 0.0019 -0.3619 0.9322
vn 0.0016 -0.4263 0.9046
vn -0.0077 -0.2890 0.9573
vn -0.0012 -0.3618 0.9323
vn -0.0318 -0.3795 0.9247
vn -0.1622 -0.1710 0.9718
vn -0.2927 -0.4177 0.8602
vn -0.4917 -0.1817 0.8516
vn -0.6170 -0.4187 0.6664
vn -0.8226 -0.1268 0.5543
vn -0.8362 -0.3474 0.4244
vn -0.9268 -0.2401 0.2888
vn -0.8792 -0.3373 0.3365
vn -0.9600 -0.2293 0.1607
vn -0.9340 -0.2121 0.2876
vn -0.9868 -0.1536 -0.0511
vn -0.9780 -0.1811 -0.1035
vn -0.9900 -0.1115 0.0862
vn -0.9892 -0.1167 -0.0889
vn -0.9866 -0.1354 0.0906
vn -0.9952 -0.0013 0.0976
vn -0.9881 0.0607 0.1415
vn -0.9693 0.1764 0.1711
vn -0.8372 0.3720 0.4009
vn -0.8272 0.2770 0.4889
vn -0.4427 0.5613 0.6993
vn -0.6793 0.3989 0.6160
vn -0.3448 0.6093 0.7141
vn -0.4517 0.3910 0.8019
vn -0.1211 0.5721 0.8112
vn -0.1381 0.3364 0.9315
vn -0.0016 0.0829 0.9966
vn 0.0076 0.6196 0.7849
vn -0.1355 0.6496 0.7481
vn 0.0427 0.7166 0.6962
vn -0.2053 0.5925 0.7790
vn -0.1504 0.5911 0.7924
vn -0.3596 0.5466 0.7563
vn -0.1399 0.5342 0.8337
vn -0.2736 0.6020 0.7502
vn -0.3684 0.5943 0.7149
vn -0.7245 0.4209 0.5459
vn -0.9192 0.1989 0.3399
vn 0.3944 0.2719 -0.8778
vn -0.9573 -0.0844 0.2765
vn -0.9356 0.0560 0.3487
vn 0.0016 0.0160 0.9999
vn -0.7458 0.1610 0.6464
vn -0.4620 0.1009 0.8811
vn -0.1559 0.0927 0.9834
vn 0.9887 -0.0036 0.1497
vn 0.9837 -0.1540 0.0926
vn 0.9838 -0.1463 -0.1032
vn 0.9858 0.0928 0.1400
vn 0.5504 -0.4485 0.7042
vn 0.7560 -0.4246 0.4981
vn -0.7785 -0.3914 0.4907
vn -0.5306 -0.4435 0.7223
vn 0.2345 -0.1382 -0.9622
vn 0.2470 -0.1202 -0.9615
vn -0.0000 -0.1539 -0.9881
vn 0.4678 0.5738 0.6723
vn 0.2757 0.5387 0.7961
vn 0.4372 0.5755 0.6912
vn 0.7783 0.4460 0.4420
vn 0.8613 0.3955 0.3190
vn 0.9297 0.2652 0.2555
vn 0.9676 0.1585 0.1964
vn 0.8303 0.2722 0.4864
vn 0.4529 0.5610 0.6929
vn 0.2101 0.5973 0.7740
vn 0.1659 0.5929 0.7880
vn -0.7927 -0.5708 0.2140
vn -0.6063 -0.6612 0.4419
vn -0.3857 -0.5785 0.7187
vn 0.0250 -0.6955 0.7181
vn 0.3787 -0.5833 0.7186
vn 0.6643 -0.5557 0.5000
vn -0.5686 0.4548 -0.6855
vn -0.5963 0.6550 -0.4641
vn -0.2914 0.6363 -0.7143
vn -0.3904 0.7681 -0.5076
vn -0.6081 0.1561 -0.7784
vn -0.2262 0.3588 -0.9056
vn -0.2322 0.5154 -0.8249
vn -0.3721 0.6729 -0.6394
vn -0.3778 0.9253 -0.0342
vn -0.6274 0.7710 -0.1093
vn -0.9925 0.1125 0.0471
vn -0.8388 -0.0174 -0.5442
vn -0.6131 -0.0542 -0.7881
vn -0.8438 -0.2523 -0.4736
vn -0.5015 -0.2100 -0.8393
vn -0.2386 0.0430 -0.9702
vn 0.0036 0.4285 -0.9035
vn -0.6255 0.5046 0.5951
vn -0.2603 0.7452 0.6139
vn -0.3391 0.7202 0.6053
vn -0.5547 0.7603 0.3380
vn -0.2289 0.8866 0.4019
vn -0.8197 -0.3104 -0.4813
vn -0.6345 -0.3605 -0.6837
vn -0.3174 -0.3159 -0.8941
vn -0.1788 -0.1776 -0.9677
vn -0.0000 -0.2549 -0.9670
vn 0.0000 -0.0766 -0.9971
vn 0.1794 -0.1782 -0.9675
vn 0.0878 0.0909 -0.9920
vn 0.2576 0.0441 -0.9652
vn 0.2212 0.3525 -0.9093
vn 0.6425 0.1190 -0.7570
vn 0.5609 0.4426 -0.6996
vn 0.9884 0.1338 0.0723
vn 0.5828 0.6778 -0.4482
vn 0.6191 0.7801 -0.0899
vn 0.3798 0.7782 -0.5002
vn 0.3860 0.9217 -0.0388
vn 0.3733 0.6810 -0.6300
vn 0.2379 0.5172 -0.8221
vn 0.0017 0.3108 -0.9505
vn -0.0812 0.3109 -0.9470
vn -0.0887 0.0916 -0.9918
vn -0.8983 -0.3738 -0.2308
vn -0.9600 -0.2799 0.0022
vn -0.0000 0.1422 -0.9898
vn 0.0787 0.3071 -0.9484
vn 0.2744 0.6462 -0.7121
vn 0.6250 -0.1352 -0.7688
vn 0.4452 0.0746 -0.8923
vn 0.2875 -0.1504 -0.9459
vn 0.5971 -0.2938 -0.7464
vn 0.2323 -0.2691 -0.9347
vn 0.3174 -0.3160 -0.8941
vn 0.0427 -0.4108 -0.9107
vn 0.0591 -0.7190 -0.6925
vn 0.0474 0.0064 -0.9989
vn -0.0424 -0.6849 -0.7274
vn -0.0630 0.0056 -0.9980
vn -0.0782 -0.5015 -0.8616
vn -0.0107 -0.0043 -0.9999
vn 0.0717 -0.6483 -0.7580
vn 0.2874 -0.0441 -0.9568
vn 0.3724 -0.6921 -0.6183
vn 0.7363 -0.1055 -0.6684
vn 0.6384 -0.7126 -0.2911
vn 0.9543 -0.1238 -0.2720
vn 0.6972 -0.7154 -0.0460
vn 0.9862 -0.1393 0.0891
vn 0.7150 -0.6407 0.2800
vn 0.9072 -0.1615 0.3884
vn 0.7396 -0.1101 0.6640
vn 0.4375 -0.6911 0.5753
vn 0.3529 -0.0295 0.9352
vn 0.1930 -0.6569 0.7288
vn 0.0932 -0.0159 0.9955
vn 0.0614 -0.6380 0.7676
vn 0.0650 -0.0262 0.9975
vn 0.0096 -0.5178 0.8555
vn 0.0125 0.0108 0.9999
vn -0.0425 0.0000 0.9991
vn -0.0048 -0.7095 0.7047
vn -0.0455 -0.6239 0.7802
vn -0.0104 -0.9328 -0.3603
vn 0.0359 -0.6349 -0.7717
vn -0.0007 -0.0316 -0.9995
vn 0.1145 -0.0079 -0.9934
vn 0.0921 0.0643 -0.9937
vn 0.3281 0.1158 -0.9375
vn 0.2644 0.2576 -0.9294
vn 0.6090 0.2726 -0.7448
vn 0.4378 0.4312 -0.7889
vn 0.8035 0.3482 -0.4828
vn 0.5741 0.4224 -0.7014
vn 0.8547 0.3747 -0.3593
vn 0.8037 0.3069 -0.5097
vn 0.9237 0.3539 -0.1471
vn 0.9519 0.3064 -0.0092
vn 0.8789 0.0223 -0.4764
vn 0.9993 0.0229 0.0298
vn 0.8891 -0.1772 -0.4219
vn 0.9039 -0.2394 -0.3545
vn 0.8170 -0.3136 -0.4839
vn 0.9543 -0.2952 -0.0458
vn 0.9251 -0.2845 -0.2517
vn 0.9225 -0.0430 -0.3837
vn 0.7099 -0.0242 -0.7038
vn 0.5376 -0.2077 -0.8172
vn 0.6446 -0.3506 -0.6793
vn 0.4044 0.3147 -0.8587
vn 0.1885 0.4228 -0.8864
vn 0.1488 0.4087 -0.9005
vn 0.0517 0.2284 -0.9722
vn -0.0000 0.0923 -0.9957
vn -0.0921 0.0643 -0.9937
vn -0.0871 -0.0139 -0.9961
vn -0.3015 0.1186 -0.9461
vn -0.3185 0.0345 -0.9473
vn -0.6175 0.1705 -0.7679
vn -0.6798 0.0941 -0.7273
vn -0.8731 0.2171 -0.4365
vn -0.9018 0.1395 -0.4090
vn -0.9664 0.1988 -0.1630
vn -0.9878 0.1263 -0.0914
vn -0.9762 0.1875 0.1092
vn -0.7853 -0.5904 0.1864
vn -0.8755 0.1781 0.4492
vn -0.4433 -0.7505 0.4902
vn -0.5669 0.1229 0.8145
vn -0.1771 -0.7702 0.6127
vn -0.1397 0.0421 0.9893
vn -0.0043 -0.8797 0.4755
vn -0.0184 0.0113 0.9998
vn -0.0053 -0.6514 0.7587
vn 0.0168 -0.0058 0.9998
vn 0.0052 -0.8202 0.5720
vn 0.0118 0.0257 0.9996
vn 0.0046 -0.8802 0.4746
vn 0.1550 0.0365 0.9872
vn 0.2097 -0.6038 0.7691
vn 0.5666 0.1225 0.8149
vn 0.3692 -0.8517 0.3718
vn 0.8612 0.1634 0.4812
vn 0.7853 -0.5904 0.1864
vn 0.9688 0.1961 0.1517
vn 0.9855 0.1332 -0.1049
vn 0.9701 0.2184 -0.1063
vn 0.9409 0.2948 0.1668
vn 0.9445 0.2926 -0.1495
vn 0.9216 0.3567 0.1532
vn 0.8053 0.3776 0.4570
vn 0.8842 0.2217 0.4111
vn 0.5901 0.2349 0.7724
vn 0.8802 -0.0073 0.4745
vn 0.5779 -0.0576 0.8141
vn 0.7707 -0.2409 0.5899
vn 0.4652 -0.2656 0.8444
vn 0.1968 -0.4058 0.8925
vn 0.0904 -0.2313 0.9687
vn -0.0093 -0.2057 0.9786
vn 0.1576 -0.1005 0.9824
vn -0.0003 -0.0773 0.9970
vn 0.0144 0.0626 0.9979
vn -0.1784 -0.0513 0.9826
vn -0.2023 0.0825 0.9758
vn -0.5227 -0.0767 0.8491
vn -0.4836 0.1992 0.8523
vn -0.8846 -0.0132 0.4662
vn -0.8604 0.2474 0.4456
vn -0.9999 0.0011 -0.0128
vn -0.9454 0.3241 -0.0342
vn -0.8370 0.0675 -0.5431
vn -0.7921 0.3129 -0.5241
vn -0.4545 0.2984 -0.8393
vn -0.5306 0.4353 -0.7273
vn -0.1602 0.4111 -0.8974
vn -0.1831 0.4245 -0.8867
vn -0.0098 0.3623 -0.9320
vn -0.0517 0.2285 -0.9722
vn 0.0000 0.2060 -0.9786
vn 0.0159 0.4037 -0.9147
vn 0.0000 0.2832 -0.9591
vn 0.0000 -0.0089 -1.0000
vn 0.0281 -0.1749 -0.9842
vn -0.0314 -0.2294 -0.9728
vn -0.2728 -0.2661 -0.9245
vn -0.6299 -0.2991 -0.7168
vn -0.9039 -0.2394 -0.3545
vn -0.8980 -0.1638 -0.4084
vn -0.7584 -0.2526 0.6008
vn -0.4466 -0.3038 0.8416
vn -0.1245 -0.2286 0.9655
vn -0.1978 -0.4060 0.8922
vn 0.1932 0.1020 0.9758
vn -0.3998 0.0511 -0.9152
vn -0.5968 -0.1596 -0.7864
vn -0.2356 -0.1533 -0.9597
vn 0.6953 0.1798 -0.6958
vn 0.9057 -0.1808 -0.3836
vn -0.2458 -0.7746 -0.5827
vn -0.0593 -0.8023 -0.5940
vn -0.0042 -0.8212 -0.5706
vn -0.5176 -0.7406 -0.4284
vn -0.6516 -0.7165 -0.2491
vn -0.4923 -0.8675 -0.0711
vn -0.1225 -0.7461 -0.6545
vn -0.1721 -0.0123 -0.9850
vn -0.5596 -0.0702 -0.8258
vn -0.5486 -0.5919 -0.5904
vn -0.8974 -0.1248 -0.4232
vn -0.6638 -0.7128 -0.2264
vn -0.9905 -0.1371 -0.0071
vn -0.6900 -0.7217 0.0548
vn -0.9098 -0.1498 0.3870
vn 0.6866 -0.7147 -0.1332
vn -0.0022 0.0101 -0.9999
vn 0.8916 0.2157 -0.3981
vn 0.9095 0.1451 -0.3896
vn 0.6751 0.1043 -0.7303
vn 0.3498 0.0301 -0.9363
vn 0.8352 0.3126 0.4524
vn 0.3833 0.2254 0.8957
vn 0.0821 0.0971 0.9919
vn -0.0282 0.0938 0.9952
vn -0.0919 0.1308 0.9871
vn -0.5108 0.2700 0.8162
vn -0.8182 0.3153 0.4808
vn -0.9476 0.2708 0.1694
vn -0.9493 0.2843 -0.1343
vn -0.8021 0.3490 -0.4846
vn -0.8591 0.3669 -0.3569
vn -0.9314 0.3412 -0.1270
vn -0.9135 0.3660 0.1776
vn -0.7954 0.3963 0.4587
vn -0.4689 0.4200 -0.7770
vn -0.6087 0.2723 -0.7452
vn -0.2642 0.2577 -0.9294
vn 0.0062 -0.0193 0.9998
vn -0.2440 -0.0003 0.9698
vn 0.6191 -0.7173 -0.3197
vn 0.4103 -0.7543 -0.5126
vn 0.1580 -0.7787 -0.6072
vn -0.2908 -0.6543 0.6981
vn -0.6390 -0.0616 0.7668
vn -0.5126 -0.7064 0.4882
vn -0.5398 -0.8190 0.1945
vn -0.8939 -0.4471 -0.0335
vn -0.7541 0.5950 0.2780
vn -0.0350 -0.3812 -0.9238
vn -0.3530 0.4252 -0.8334
vn -0.3232 -0.3558 -0.8769
vn -0.5907 0.6563 -0.4694
vn -0.6383 -0.3488 -0.6862
vn -0.7600 0.6484 -0.0441
vn -0.8454 -0.3908 -0.3641
vn -0.4681 -0.7958 -0.3843
vn -0.4880 -0.8383 -0.2432
vn -0.4419 -0.8856 -0.1431
vn -0.4650 -0.8680 0.1745
vn -0.2743 -0.8648 0.4205
vn 0.0797 -0.9554 0.2843
vn 0.3544 -0.8436 0.4033
vn 0.4224 -0.9044 -0.0610
vn 0.8235 -0.5326 0.1952
vn 0.4423 -0.8761 -0.1917
vn 0.8959 -0.4386 -0.0705
vn 0.4944 -0.8235 -0.2784
vn 0.8307 -0.3861 -0.4010
vn 0.4226 -0.7901 -0.4440
vn 0.5873 -0.3567 -0.7265
vn 0.3070 -0.7414 -0.5968
vn 0.3006 -0.3303 -0.8947
vn 0.1145 -0.7544 -0.6464
vn -0.0251 -0.7808 -0.6242
vn -0.1948 -0.7148 -0.6716
vn -0.3605 -0.7521 -0.5516
vn 0.3893 0.6961 -0.6033
vn 0.7626 0.4688 -0.4457
vn 0.6412 0.7543 0.1410
vn -0.7966 0.2908 -0.5300
vn -0.4992 0.4448 -0.7436
vn -0.4916 0.4225 -0.7615
vn -0.9064 0.2184 -0.3615
vn -0.9765 0.1013 -0.1901
vn -0.9913 0.1315 0.0101
vn -0.9772 0.1478 0.1524
vn -0.8555 0.2128 0.4720
vn -0.8866 0.1857 0.4237
vn -0.6375 0.2023 0.7434
vn -0.3920 0.2220 0.8928
vn -0.1723 0.1724 0.9698
vn -0.0343 0.1772 0.9836
vn 0.0071 0.1085 0.9941
vn 0.0288 0.0597 0.9978
vn 0.0176 0.0612 0.9980
vn 0.0241 0.0990 0.9948
vn -0.0084 0.1744 0.9846
vn 0.2905 0.2067 0.9343
vn 0.2071 0.1890 0.9599
vn 0.6374 0.2032 0.7433
vn 0.8101 0.2263 0.5409
vn 0.9095 0.1747 0.3773
vn 0.9848 0.1530 0.0824
vn 0.9879 0.1324 0.0806
vn 0.9776 0.1103 -0.1793
vn 0.9111 0.2172 -0.3502
vn 0.7983 0.2888 -0.5285
vn 0.5654 0.4234 -0.7079
vn 0.4192 0.4529 -0.7868
vn 0.2097 0.4713 -0.8567
vn 0.1446 0.4677 -0.8720
vn 0.0268 0.4522 -0.8915
vn -0.0211 0.4544 -0.8906
vn -0.1377 0.4674 -0.8732
vn -0.2154 0.4698 -0.8561
vn 0.5488 0.5450 0.6338
vn 0.3669 0.6757 0.6394
vn 0.4456 0.5540 0.7032
vn 0.4689 0.7044 0.5329
vn 0.3195 0.8049 0.5000
vn 0.4825 0.7448 0.4610
vn -0.3280 0.9154 -0.2334
vn -0.1060 0.9920 -0.0682
vn -0.1474 0.9819 0.1193
vn -0.0222 0.9491 -0.3141
vn 0.0724 0.9145 -0.3981
vn 0.1870 0.4908 -0.8510
vn -0.1075 0.7590 -0.6421
vn 0.0485 0.6895 -0.7226
vn 0.0930 0.8626 -0.4972
vn 0.1783 0.9220 -0.3436
vn 0.1471 0.7427 -0.6532
vn 0.4059 0.8791 -0.2498
vn 0.4057 0.8314 -0.3798
vn 0.1519 0.9114 -0.3824
vn -0.0321 0.9770 0.2109
vn 0.0341 0.9964 0.0781
vn 0.8325 0.4599 0.3089
vn 0.9068 0.3908 0.1583
vn 0.9612 0.1201 0.2485
vn 0.8198 0.5708 0.0467
vn 0.8301 0.4389 -0.3438
vn 0.6719 0.5939 -0.4425
vn 0.7948 0.4024 -0.4543
vn 0.7671 0.5261 -0.3672
vn 0.8707 0.3548 -0.3407
vn 0.7592 0.4245 -0.4935
vn 0.7541 0.3040 -0.5821
vn 0.7749 0.1580 -0.6120
vn 0.8774 0.0690 -0.4748
vn 0.9598 0.1756 -0.2191
vn 0.9547 -0.0121 -0.2974
vn 0.9730 0.1464 -0.1786
vn 0.9838 0.1279 -0.1254
vn 0.9602 0.1493 -0.2359
vn 0.9675 -0.0035 -0.2529
vn 0.9989 -0.0121 0.0443
vn 0.9855 0.1126 -0.1266
vn 1.0000 0.0006 -0.0098
vn 0.9994 0.0194 0.0298
vn 0.9808 0.1795 0.0767
vn 0.1473 0.7050 0.6938
vn 0.1483 0.5260 0.8375
vn 0.4978 0.6698 0.5510
vn 0.0629 0.5212 0.8511
vn 0.2411 0.7668 0.5949
vn -0.0225 0.5687 0.8222
vn 0.1622 0.4230 0.8915
vn -0.2299 0.4096 0.8828
vn -0.3725 0.2445 0.8952
vn -0.3015 0.4358 0.8480
vn -0.1778 0.7313 0.6585
vn 0.0227 0.7051 0.7088
vn 0.4031 0.8244 0.3975
vn 0.4840 0.7071 0.5155
vn 0.3290 0.7336 0.5946
vn 0.6678 0.3574 0.6529
vn 0.7589 0.2517 0.6006
vn 0.1050 0.4026 0.9093
vn -0.1637 0.6609 0.7324
vn -0.1961 0.6987 0.6880
vn 0.1060 0.6889 0.7171
vn 0.5171 0.8135 0.2660
vn 0.3987 0.8354 0.3783
vn 0.3869 0.9118 0.1375
vn 0.1351 0.9624 0.2358
vn 0.2385 0.9463 0.2181
vn 0.2507 0.9677 0.0263
vn 0.0460 0.9861 -0.1594
vn -0.2428 0.9524 0.1842
vn -0.0272 0.9720 -0.2336
vn -0.4801 0.8722 0.0936
vn -0.2932 0.8209 -0.4901
vn -0.7354 0.6767 -0.0349
vn 0.2130 0.9540 -0.2111
vn -0.2081 0.9659 0.1538
vn -0.1915 0.9806 -0.0428
vn 0.1289 0.7972 -0.5898
vn -0.3131 0.8983 -0.3082
vn -0.5306 0.8294 0.1748
vn -0.6484 0.6779 -0.3465
vn -0.7781 0.6134 -0.1352
vn -0.4808 0.7184 -0.5027
vn -0.0314 0.6233 -0.7813
vn 0.1464 0.6176 -0.7727
vn -0.8294 0.4402 -0.3440
vn -0.7245 0.2814 -0.6293
vn -0.7833 0.5118 -0.3528
vn -0.7471 0.3327 -0.5755
vn -0.6677 0.1570 -0.7277
vn -0.8254 0.3957 -0.4027
vn -0.6079 0.5095 -0.6090
vn -0.6631 0.3461 -0.6637
vn -0.9357 0.1252 -0.3298
vn -0.8474 0.1094 -0.5196
vn -0.9806 -0.0941 -0.1719
vn -0.9920 0.0867 -0.0919
vn -0.9536 0.2893 -0.0839
vn -0.9511 0.3073 0.0306
vn -0.8414 0.4976 -0.2109
vn -0.8729 0.4698 -0.1315
vn -0.8859 0.4186 -0.2001
vn -0.9436 0.3147 0.1029
vn -0.9199 0.3794 0.0990
vn -0.8724 0.4785 0.0996
vn -0.7773 0.5148 -0.3617
vn -0.7416 0.6628 -0.1039
vn -0.6877 0.7037 -0.1784
vn -0.6442 0.6644 -0.3790
vn -0.7098 0.7038 -0.0291
vn -0.8278 0.4633 0.3163
vn -0.6117 0.7386 0.2835
vn -0.5404 0.8409 0.0281
vn -0.0328 0.9994 0.0081
vn 0.0300 0.9859 0.1647
vn 0.0875 0.9785 0.1870
vn -0.2814 0.9312 0.2319
vn -0.2422 0.9037 0.3530
vn -0.2347 0.9702 0.0599
vn -0.2546 0.9655 -0.0549
vn -0.2475 0.9563 -0.1554
vn -0.4752 0.8734 0.1063
vn -0.4536 0.8796 -0.1434
vn -0.4629 0.8733 -0.1519
vn -0.5097 0.7869 0.3478
vn -0.3998 0.5321 0.7463
vn -0.7635 0.5992 0.2409
vn -0.6515 0.6038 0.4593
vn -0.4059 0.6708 0.6207
vn -0.4011 0.8153 0.4176
vn -0.5188 0.5470 0.6570
vn -0.5749 0.5494 0.6063
vn -0.6093 0.6918 0.3874
vn -0.8478 0.4885 0.2065
vn -0.8972 0.4334 0.0850
vn -0.9240 0.3515 0.1507
vn -0.7575 0.3337 0.5611
vn -0.7649 0.4085 0.4980
vn -0.5345 0.3174 0.7833
vn -0.9280 0.3289 0.1749
vn -0.8730 0.4513 -0.1850
vn -0.9382 0.3158 0.1417
vn -0.8995 0.2749 0.3396
vn -0.8425 0.1271 0.5235
vn -0.7359 0.2016 0.6464
vn -0.3559 0.0366 0.9338
vn -0.8241 -0.0538 0.5639
vn -0.8477 0.0269 0.5298
vn -0.8641 0.0632 0.4993
vn -0.7632 -0.0046 0.6462
vn -0.5403 -0.0176 0.8413
vn -0.8998 0.1206 0.4193
vn -0.7500 0.0029 0.6614
vn -0.8503 -0.4321 0.3006
vn -0.8788 -0.3545 0.3194
vn -0.9588 -0.2154 0.1851
vn -0.8858 -0.2561 0.3869
vn -0.9902 0.1198 -0.0725
vn -0.9792 0.0801 0.1863
vn -0.9792 -0.0208 0.2016
vn -0.8592 0.4492 -0.2450
vn -0.9855 0.1186 -0.1211
vn -0.9226 0.3856 -0.0102
vn -0.9768 0.2138 0.0129
vn -0.9705 -0.1682 0.1726
vn -0.8209 -0.1960 0.5364
vn -0.8120 -0.2142 0.5429
vn -0.8499 -0.2450 0.4666
vn -0.7827 0.5834 -0.2168
vn -0.9991 -0.0198 -0.0376
vn 0.8780 0.3413 0.3357
vn 0.9424 0.2924 0.1626
vn 0.8926 0.2729 0.3589
vn 0.9553 0.2945 0.0253
vn 0.9428 0.2714 0.1938
vn 0.7351 0.2191 0.6416
vn 0.6571 0.2398 0.7147
vn 0.4528 0.1794 0.8734
vn 0.3711 0.1413 0.9178
vn 0.0778 0.1511 0.9855
vn -0.0084 0.1518 0.9884
vn -0.2429 0.1764 0.9539
vn -0.3845 0.2026 0.9006
vn -0.6091 0.2339 0.7578
vn -0.7289 0.2613 0.6328
vn -0.8974 0.2654 0.3524
vn -0.9360 0.2367 0.2604
vn -0.9584 0.2341 0.1633
vn -0.9360 0.2808 0.2124
vn -0.9688 0.1968 0.1505
vn 0.0362 0.2262 -0.9734
vn 0.3199 0.0721 -0.9447
vn -0.1672 0.2212 -0.9608
vn -0.1936 0.2212 -0.9558
vn -0.2409 0.1925 -0.9513
vn -0.3408 0.0765 -0.9370
vn -0.4264 0.1360 -0.8942
vn -0.1149 0.3312 -0.9365
vn -0.3999 0.2781 -0.8733
vn -0.1325 0.3523 -0.9265
vn -0.6711 0.2226 -0.7071
vn -0.6642 0.0588 -0.7452
vn -0.6698 -0.0126 -0.7425
vn -0.7529 0.2290 -0.6170
vn 0.5611 0.1499 -0.8141
vn 0.2081 0.1343 -0.9688
vn 0.2470 0.1451 -0.9581
vn 0.2526 0.3299 -0.9096
vn -0.1369 0.4836 -0.8645
vn -0.2129 0.4895 -0.8456
vn -0.0897 0.4173 -0.9043
vn -0.5414 0.4788 -0.6911
vn -0.7252 -0.2082 -0.6563
vn 0.5814 0.1620 -0.7974
vn 0.7476 0.0939 -0.6575
vn 0.6513 0.1962 -0.7330
vn 0.6419 0.1846 -0.7442
vn 0.3701 0.2841 -0.8845
vn 0.3642 0.3220 -0.8739
vn 0.5866 0.7467 -0.3136
vn 0.8138 0.5655 -0.1337
vn 0.8196 0.3508 -0.4530
vn 0.5375 0.3054 -0.7860
vn 0.9415 0.0611 -0.3316
vn 0.4453 0.3123 -0.8391
vn 0.3034 0.3773 -0.8750
vn 0.4114 0.4835 -0.7726
vn 0.3340 0.6735 -0.6594
vn 0.4100 0.6388 -0.6510
vn 0.2388 0.4471 -0.8620
vn 0.2891 0.6301 -0.7207
vn 0.4113 0.8961 0.1667
vn 0.1237 0.9923 -0.0039
vn 0.2754 0.8376 0.4717
vn 0.4567 0.8350 0.3069
vn 0.1736 0.9204 0.3503
vn 0.6221 0.7431 0.2465
vn 0.3803 0.8231 0.4218
vn 0.5199 0.6738 0.5251
vn 0.6647 0.6690 0.3327
vn 0.5257 0.8186 0.2314
vn 0.7552 0.5842 0.2972
vn 0.5762 0.7689 0.2771
vn 0.8222 0.5431 0.1704
vn 0.9102 0.2402 0.3375
vn 0.5408 0.7939 -0.2779
vn 0.3918 0.9173 -0.0714
vn 0.5011 0.8580 0.1129
vn 0.6094 0.5370 0.5833
vn 0.9634 0.0321 0.2662
vn 0.9531 0.1783 0.2445
vn 0.9093 0.2923 0.2961
vn 0.8178 0.4210 0.3924
vn 0.7626 0.5238 0.3797
vn 0.8584 0.4068 0.3125
vn 0.8202 0.0834 0.5659
vn 0.9377 0.0064 0.3473
vn 0.9652 -0.0274 0.2600
vn 0.9876 -0.0641 -0.1432
vn 0.9942 0.0025 -0.1071
vn 0.9387 -0.0456 -0.3417
vn 0.9743 -0.1484 -0.1693
vn 0.3625 0.8638 0.3499
vn 0.5415 0.3930 0.7432
vn 0.6811 0.0776 0.7280
vn 0.6044 -0.1847 0.7750
vn 0.4783 -0.1345 0.8678
vn 0.8582 -0.0535 0.5106
vn 0.7566 -0.1735 0.6304
vn 0.6286 -0.0478 0.7763
vn 0.5369 0.0876 0.8391
vn -0.9364 0.1345 -0.3242
vn -0.9340 0.1690 -0.3148
vn -0.9396 0.1247 -0.3188
vn -0.9621 0.1506 -0.2274
vn -0.9686 0.1682 -0.1831
vn -0.9955 0.0755 -0.0566
vn 0.5295 -0.8307 0.1720
vn -0.3762 -0.8065 0.4561
vn -0.4781 -0.8628 -0.1643
vn 0.6023 -0.7882 0.1262
vn -0.6637 -0.7207 -0.2003
vn -0.5456 -0.8195 -0.1754
vn -0.4298 -0.8546 -0.2914
vn -0.0442 -0.8800 0.4729
vn 0.7412 -0.0887 0.6654
vn 0.8997 -0.0983 0.4253
vn 0.7839 -0.5578 0.2727
vn 0.8369 -0.5393 0.0932
vn 0.2144 -0.9764 0.0245
vn -0.4798 -0.2854 0.8297
vn 0.5923 -0.1913 0.7827
vn 0.6815 -0.6533 -0.3297
vn 0.0040 -0.9821 -0.1882
vn -0.0798 -0.9139 -0.3980
vn 0.5071 -0.8204 0.2641
vn -0.0186 -0.3849 0.9228
vn -0.0222 -0.1347 0.9906
vn -0.6241 -0.1938 0.7569
vn -0.5891 -0.7827 0.2010
vn -0.8175 -0.5514 -0.1661
vn 0.5102 -0.7967 -0.3239
vn 0.6715 -0.7218 -0.1676
vn 0.4543 -0.8781 -0.1500
vn 0.5524 -0.8202 -0.1484
vn -0.2157 -0.9763 0.0149
vn -0.6570 -0.7457 0.1108
vn -0.8402 -0.5394 0.0550
vn -0.7955 -0.5576 0.2373
vn -0.9192 -0.1011 0.3806
vn -0.4580 -0.4913 0.7408
vn -0.7700 -0.0948 0.6310
vn -0.6348 -0.5041 0.5856
vn 0.4375 -0.2842 0.8531
vn 0.6968 -0.5232 0.4907
vn -0.5867 0.7577 0.2859
vn -0.0919 0.9853 0.1442
vn -0.7323 0.6491 0.2061
vn 0.0995 0.9907 0.0926
vn -0.5034 0.7405 0.4452
vn 0.5216 0.8532 -0.0008
vn 0.9021 0.4115 -0.1301
vn -0.6732 0.4901 0.5537
vn 0.6075 0.7781 -0.1596
vn -0.4231 0.8206 0.3841
vn -0.6975 -0.0576 0.7142
vn -0.8598 -0.0034 0.5106
vn -0.9349 0.1364 0.3277
vn -0.8872 0.4036 0.2236
vn -0.1582 0.8147 0.5579
vn -0.4666 -0.1244 0.8757
vn 0.4616 0.8213 -0.3352
vn 0.0049 0.9754 -0.2204
vn -0.0053 0.9711 0.2384
vn 0.4171 0.7442 0.5217
vn -0.4462 0.8212 -0.3556
vn -0.8972 0.4075 -0.1700
vn -0.5998 0.7781 -0.1867
vn -0.5223 0.8525 -0.0224
vn -0.2787 0.9570 0.0802
vn -0.4745 0.7830 0.4021
vn -0.4854 0.8149 0.3168
vn -0.0086 0.9235 0.3835
vn 0.4707 0.8150 0.3380
vn 0.4558 0.7833 0.4227
vn 0.1374 0.8126 0.5664
vn 0.4089 0.8172 0.4062
vn 0.4827 0.7381 0.4713
vn 0.5733 0.7577 0.3119
vn -0.0696 0.9875 0.1413
vn 0.7223 0.6491 0.2388
vn 0.9192 0.1364 0.3693
vn 0.8762 0.4037 0.2632
vn -0.0222 -0.1139 0.9932
vn 0.4304 -0.1245 0.8940
vn 0.6640 -0.0609 0.7453
vn 0.8330 -0.0026 0.5532
vn 0.8621 -0.1226 0.4916
vn 0.8816 -0.0488 0.4694
vn -0.8833 -0.1225 0.4525
vn -0.9018 -0.0488 0.4295
vn -0.7180 -0.1874 0.6703
vn -0.5002 -0.2690 0.8231
vn -0.0213 -0.3152 0.9488
vn 0.4670 -0.2656 0.8434
vn 0.6836 -0.1823 0.7067
vn -0.0127 0.9097 0.4150
vn -0.6777 0.0279 0.7348
vn -0.0218 -0.2229 0.9746
vn -0.6632 0.6665 0.3405
vn 0.0283 0.9975 0.0641
vn -0.5700 0.7682 0.2913
vn 0.0386 0.9935 0.1072
vn 0.3891 0.8907 0.2352
vn 0.6577 0.0695 0.7500
vn -0.0038 0.9855 0.1696
vn -0.4870 -0.4474 0.7502
vn -0.0184 -0.5682 0.8227
vn 0.4529 -0.4475 0.7712
vn 0.0137 0.8632 -0.5047
vn 0.6827 0.4488 -0.5765
vn 0.0013 -0.8701 -0.4928
vn -0.7219 -0.3722 -0.5834
vn -0.8228 0.5098 -0.2510
vn -0.6052 -0.5957 0.5281
vn -0.5689 0.5720 0.5909
vn -0.9171 -0.0386 0.3967
vn -0.0011 0.9989 0.0468
vn 0.5753 0.4518 0.6818
vn 0.8632 -0.4572 -0.2140
vn 0.9287 -0.0738 0.3633
vn 0.5811 -0.5956 0.5547
vn -0.0059 -0.9651 0.2617
vn 0.3732 0.0010 0.9277
vn 0.4849 -0.0168 0.8744
vn -0.6406 0.0277 0.7674
vn -0.4144 0.0010 0.9101
vn -0.7065 -0.1421 0.6933
vn 0.6700 -0.1648 0.7238
vn 0.5311 -0.3486 0.7723
vn 0.5432 -0.3425 0.7666
vn -0.5777 -0.3421 0.7411
vn -0.5648 -0.3488 0.7479
vn 0.9034 0.3029 0.3036
vn 0.9014 0.3260 0.2849
vn 0.8485 0.4341 0.3027
vn 0.7785 0.5478 0.3063
vn 0.5704 0.7439 0.3481
vn 0.4110 0.8385 0.3578
vn 0.0824 0.9258 0.3690
vn -0.0871 0.9258 0.3677
vn -0.4131 0.8377 0.3572
vn -0.5660 0.7471 0.3486
vn -0.7832 0.5417 0.3050
vn -0.8435 0.4402 0.3078
vn -0.8971 0.3318 0.2919
vn -0.8846 0.3365 0.3229
usemtl body.011
s 1
f 2982/3392/2992 2983/3393/2993 2984/3394/2994
f 2983/3393/2993 2985/3395/2995 2984/3394/2994
f 2985/3395/2995 2986/3396/2996 2984/3394/2994
f 2986/3396/2996 2987/3397/2997 2984/3394/2994
f 2987/3397/2997 2988/3398/2998 2984/3394/2994
f 2989/3399/2999 2984/3394/2994 2988/3398/2998
f 2984/3394/2994 2989/3399/2999 2990/3400/3000
f 2991/3401/3001 2992/3402/3002 2990/3400/3000
f 2991/3401/3001 2990/3400/3000 2989/3399/2999
f 2993/3403/3003 2991/3401/3001 2989/3399/2999
f 2989/3399/2999 2988/3398/2998 2993/3403/3003
f 2994/3404/3004 2993/3403/3003 2988/3398/2998
f 2988/3398/2998 2987/3397/2997 2994/3404/3004
f 2995/3405/3005 2994/3404/3004 2987/3397/2997
f 2987/3397/2997 2986/3396/2996 2995/3405/3005
f 2996/3406/3006 2995/3405/3005 2986/3396/2996
f 2986/3396/2996 2985/3395/2995 2996/3406/3006
f 2997/3407/3007 2996/3406/3006 2985/3395/2995
f 2985/3395/2995 2983/3393/2993 2997/3407/3007
f 2998/3408/3008 2997/3407/3007 2983/3393/2993
f 2983/3393/2993 2982/3392/2992 2998/3408/3008
f 2998/3408/3008 2982/3392/2992 2992/3402/3002
f 2982/3392/2992 2990/3400/3000 2992/3402/3002
f 2990/3400/3000 2982/3392/2992 2984/3394/2994
f 2999/3409/3009 3000/3410/3010 3001/3411/3011
f 3000/3410/3010 3002/3412/3012 3001/3411/3011
f 3003/3413/3013 3001/3411/3011 3002/3412/3012
f 3002/3412/3012 3004/3414/3014 3003/3413/3013
f 3005/3415/3015 3003/3413/3013 3004/3414/3014
f 3004/3414/3014 3006/3416/3016 3005/3415/3015
f 3007/3417/3017 3005/3415/3015 3006/3416/3016
f 3006/3416/3016 3008/3418/3018 3007/3417/3017
f 3009/3419/3019 3007/3417/3017 3008/3418/3018
f 3008/3418/3018 3010/3420/3020 3009/3419/3019
f 3011/3421/3021 3009/3419/3019 3010/3420/3020
f 3010/3420/3020 3012/3422/3022 3011/3421/3021
f 3013/3423/3023 3011/3421/3021 3012/3422/3022
f 3012/3422/3022 3014/3424/3024 3013/3423/3023
f 2999/3425/3009 3013/3423/3023 3014/3424/3024
f 3014/3424/3024 3000/3426/3010 2999/3425/3009
f 2998/3427/3008 3015/3428/3025 2997/3429/3007
f 3015/3428/3025 3016/3430/3026 2997/3429/3007
f 2996/3431/3006 2997/3429/3007 3016/3430/3026
f 3016/3430/3026 3017/3432/3027 2996/3431/3006
f 2995/3433/3005 2996/3431/3006 3017/3432/3027
f 3017/3432/3027 3018/3434/3028 2995/3433/3005
f 2994/3435/3004 2995/3433/3005 3018/3434/3028
f 3018/3434/3028 3019/3436/3029 2994/3435/3004
f 2993/3437/3003 2994/3435/3004 3019/3436/3029
f 3019/3436/3029 3020/3438/3030 2993/3437/3003
f 2991/3439/3001 2993/3437/3003 3020/3438/3030
f 3020/3438/3030 3021/3440/3031 2991/3439/3001
f 2992/3441/3002 2991/3439/3001 3021/3440/3031
f 3021/3440/3031 3022/3442/3032 2992/3441/3002
f 2998/3443/3008 2992/3441/3002 3022/3442/3032
f 3022/3442/3032 3015/3444/3025 2998/3443/3008
f 3014/3445/3024 3012/3446/3022 3023/3447/3033
f 3024/3448/3034 3023/3447/3033 3012/3446/3022
f 3012/3446/3022 3010/3449/3020 3024/3448/3034
f 3025/3450/3035 3024/3448/3034 3010/3449/3020
f 3010/3449/3020 3008/3451/3018 3025/3450/3035
f 3026/3452/3036 3025/3450/3035 3008/3451/3018
f 3008/3451/3018 3006/3453/3016 3026/3452/3036
f 3027/3454/3037 3026/3452/3036 3006/3453/3016
f 3006/3453/3016 3004/3455/3014 3027/3454/3037
f 3028/3456/3038 3027/3454/3037 3004/3455/3014
f 3004/3455/3014 3002/3457/3012 3028/3456/3038
f 3029/3458/3039 3028/3456/3038 3002/3457/3012
f 3002/3457/3012 3000/3459/3010 3029/3458/3039
f 3030/3460/3040 3029/3458/3039 3000/3459/3010
f 3000/3459/3010 3014/3445/3024 3030/3460/3040
f 3014/3445/3024 3023/3447/3033 3030/3460/3040
f 3031/3461/3041 3030/3460/3040 3023/3447/3033
f 3023/3447/3033 3024/3448/3034 3031/3461/3041
f 3024/3448/3034 3025/3450/3035 3031/3461/3041
f 3025/3450/3035 3026/3452/3036 3031/3461/3041
f 3026/3452/3036 3027/3454/3037 3031/3461/3041
f 3027/3454/3037 3028/3456/3038 3031/3461/3041
f 3028/3456/3038 3029/3458/3039 3031/3461/3041
f 3030/3460/3040 3031/3461/3041 3029/3458/3039
f 3032/3462/3042 3033/3463/3043 3034/3464/3044
f 3035/3465/3045 3036/3466/3046 3037/3467/3047
f 3033/3463/3043 3037/3467/3047 3036/3466/3046
f 3037/3467/3047 3033/3463/3043 3038/3468/3048
f 3039/3469/3049 3038/3468/3048 3033/3463/3043
f 3033/3463/3043 3032/3462/3042 3039/3469/3049
f 3039/3469/3049 3032/3462/3042 3040/3470/3050
f 3041/3471/3051 3042/3472/3052 3043/3473/3053
f 3044/3474/3054 3045/3475/3055 3046/3476/3056
f 3047/3477/3057 3046/3476/3056 3045/3475/3055
f 3047/3477/3057 3048/3478/3058 3046/3476/3056
f 3048/3478/3058 3047/3477/3057 3049/3479/3059
f 3049/3479/3059 3050/3480/3060 3048/3478/3058
f 3050/3480/3060 3049/3479/3059 3051/3481/3061
f 3052/3482/3062 3050/3480/3060 3051/3481/3061
f 3051/3481/3061 3053/3483/3063 3052/3482/3062
f 3054/3484/3064 3052/3482/3062 3053/3483/3063
f 3053/3483/3063 3055/3485/3065 3054/3484/3064
f 3056/3486/3066 3054/3484/3064 3055/3485/3065
f 3055/3485/3065 3057/3487/3067 3056/3486/3066
f 3058/3488/3068 3056/3486/3066 3057/3487/3067
f 3058/3488/3068 3057/3487/3067 3059/3489/3069
f 3058/3488/3068 3059/3489/3069 3060/3490/3070
f 3059/3489/3069 3061/3491/3071 3060/3490/3070
f 3061/3491/3071 3062/3492/3072 3060/3490/3070
f 3062/3492/3072 3061/3491/3071 3063/3493/3073
f 3064/3494/3074 3063/3493/3073 3061/3491/3071
f 3065/3495/3075 3064/3494/3074 3061/3491/3071
f 3061/3491/3071 3059/3489/3069 3065/3495/3075
f 3066/3496/3076 3065/3495/3075 3059/3489/3069
f 3057/3487/3067 3066/3496/3076 3059/3489/3069
f 3066/3496/3076 3057/3487/3067 3067/3497/3077
f 3068/3498/3078 3067/3497/3077 3057/3487/3067
f 3067/3497/3077 3068/3498/3078 3069/3499/3079
f 3070/3500/3080 3069/3499/3079 3068/3498/3078
f 3069/3499/3079 3070/3500/3080 3071/3501/3081
f 3072/3502/3082 3071/3501/3081 3070/3500/3080
f 3071/3501/3081 3072/3502/3082 3073/3503/3083
f 3074/3504/3084 3073/3503/3083 3072/3502/3082
f 3072/3502/3082 3075/3505/3085 3074/3504/3084
f 3075/3505/3085 3076/3506/3086 3074/3504/3084
f 3076/3506/3086 3075/3505/3085 3077/3507/3087
f 3078/3508/3088 3077/3507/3087 3075/3505/3085
f 3077/3507/3087 3078/3508/3088 3079/3509/3089
f 3080/3510/3090 3079/3509/3089 3078/3508/3088
f 3079/3509/3089 3080/3510/3090 3081/3511/3091
f 3081/3511/3091 3080/3510/3090 3082/3512/3092
f 3082/3512/3092 3083/3513/3093 3081/3511/3091
f 3083/3513/3093 3082/3512/3092 3084/3514/3094
f 3085/3515/3095 3083/3513/3093 3084/3514/3094
f 3084/3514/3094 3086/3516/3096 3085/3515/3095
f 3087/3517/3097 3085/3515/3095 3086/3516/3096
f 3088/3518/3098 3087/3517/3097 3086/3516/3096
f 3086/3516/3096 3089/3519/3099 3088/3518/3098
f 3089/3519/3099 3086/3516/3096 3090/3520/3100
f 3090/3520/3100 3091/3521/3101 3089/3519/3099
f 3091/3521/3101 3090/3520/3100 3092/3522/3102
f 3093/3523/3103 3092/3522/3102 3090/3520/3100
f 3092/3522/3102 3093/3523/3103 3094/3524/3104
f 3095/3525/3105 3094/3524/3104 3093/3523/3103
f 3094/3524/3104 3095/3525/3105 3096/3526/3106
f 3097/3527/3107 3096/3526/3106 3095/3525/3105
f 3096/3526/3106 3097/3527/3107 3098/3528/3108
f 3099/3529/3109 3098/3528/3108 3097/3527/3107
f 3098/3528/3108 3099/3529/3109 3100/3530/3110
f 3100/3530/3110 3099/3529/3109 3101/3531/3111
f 3101/3531/3111 3102/3532/3112 3100/3530/3110
f 3102/3532/3112 3101/3531/3111 3103/3533/3113
f 3103/3533/3113 3042/3472/3052 3102/3532/3112
f 3042/3472/3052 3103/3533/3113 3104/3534/3114
f 3042/3472/3052 3104/3534/3114 3043/3473/3053
f 3070/3500/3080 3043/3473/3053 3104/3534/3114
f 3043/3473/3053 3070/3500/3080 3041/3471/3051
f 3068/3498/3078 3041/3471/3051 3070/3500/3080
f 3041/3471/3051 3068/3498/3078 3057/3487/3067
f 3057/3487/3067 3055/3485/3065 3041/3471/3051
f 3055/3485/3065 3053/3483/3063 3041/3471/3051
f 3042/3472/3052 3041/3471/3051 3053/3483/3063
f 3053/3483/3063 3051/3481/3061 3042/3472/3052
f 3051/3481/3061 3102/3532/3112 3042/3472/3052
f 3102/3532/3112 3051/3481/3061 3105/3535/3115
f 3105/3535/3115 3106/3536/3116 3102/3532/3112
f 3106/3536/3116 3105/3535/3115 3107/3537/3117
f 3107/3537/3117 3108/3538/3118 3106/3536/3116
f 3107/3537/3117 3109/3539/3119 3108/3538/3118
f 3110/3540/3120 3108/3538/3118 3109/3539/3119
f 3109/3539/3119 3111/3541/3121 3110/3540/3120
f 3111/3541/3121 3112/3542/3122 3110/3540/3120
f 3113/3543/3123 3110/3540/3120 3112/3542/3122
f 3110/3540/3120 3113/3543/3123 3114/3544/3124
f 3114/3544/3124 3096/3526/3106 3110/3540/3120
f 3096/3526/3106 3114/3544/3124 3115/3545/3125
f 3096/3526/3106 3115/3545/3125 3094/3524/3104
f 3098/3528/3108 3110/3540/3120 3096/3526/3106
f 3110/3540/3120 3098/3528/3108 3108/3538/3118
f 3106/3536/3116 3108/3538/3118 3098/3528/3108
f 3100/3530/3110 3106/3536/3116 3098/3528/3108
f 3106/3536/3116 3100/3530/3110 3102/3532/3112
f 3049/3479/3059 3105/3535/3115 3051/3481/3061
f 3105/3535/3115 3049/3479/3059 3047/3477/3057
f 3047/3477/3057 3107/3537/3117 3105/3535/3115
f 3116/3546/3126 3107/3537/3117 3047/3477/3057
f 3117/3547/3127 3082/3512/3092 3118/3548/3128
f 3117/3547/3127 3084/3514/3094 3082/3512/3092
f 3084/3514/3094 3117/3547/3127 3090/3520/3100
f 3086/3516/3096 3084/3514/3094 3090/3520/3100
f 3118/3548/3128 3090/3520/3100 3117/3547/3127
f 3090/3520/3100 3118/3548/3128 3093/3523/3103
f 3075/3505/3085 3072/3502/3082 3119/3549/3129
f 3119/3549/3129 3078/3508/3088 3075/3505/3085
f 3093/3523/3103 3097/3527/3107 3095/3525/3105
f 3097/3527/3107 3093/3523/3103 3118/3548/3128
f 3118/3548/3128 3099/3529/3109 3097/3527/3107
f 3099/3529/3109 3118/3548/3128 3120/3550/3130
f 3082/3512/3092 3120/3550/3130 3118/3548/3128
f 3120/3550/3130 3082/3512/3092 3121/3551/3131
f 3080/3510/3090 3121/3551/3131 3082/3512/3092
f 3121/3551/3131 3080/3510/3090 3078/3508/3088
f 3121/3551/3131 3078/3508/3088 3122/3552/3132
f 3078/3508/3088 3119/3549/3129 3122/3552/3132
f 3103/3533/3113 3122/3552/3132 3119/3549/3129
f 3119/3549/3129 3104/3534/3114 3103/3533/3113
f 3104/3534/3114 3119/3549/3129 3072/3502/3082
f 3070/3500/3080 3104/3534/3114 3072/3502/3082
f 3120/3550/3130 3101/3531/3111 3099/3529/3109
f 3101/3531/3111 3120/3550/3130 3121/3551/3131
f 3121/3551/3131 3103/3533/3113 3101/3531/3111
f 3122/3552/3132 3103/3533/3113 3121/3551/3131
f 3060/3490/3070 3056/3486/3066 3058/3488/3068
f 3060/3490/3070 3123/3553/3133 3056/3486/3066
f 3124/3554/3134 3123/3553/3133 3060/3490/3070
f 3124/3554/3134 3060/3490/3070 3125/3555/3135
f 3062/3492/3072 3125/3555/3135 3060/3490/3070
f 3123/3553/3133 3124/3554/3134 3126/3556/3136
f 3067/3497/3077 3069/3499/3079 3127/3557/3137
f 3128/3558/3138 3067/3497/3077 3127/3557/3137
f 3067/3497/3077 3128/3558/3138 3066/3496/3076
f 3065/3495/3075 3066/3496/3076 3128/3558/3138
f 3083/3513/3093 3085/3515/3095 3129/3559/3139
f 3129/3559/3139 3081/3511/3091 3083/3513/3093
f 3081/3511/3091 3129/3559/3139 3130/3560/3140
f 3081/3511/3091 3130/3560/3140 3079/3509/3089
f 3131/3561/3141 3132/3562/3142 3116/3546/3126
f 3116/3546/3126 3047/3477/3057 3131/3561/3141
f 3133/3563/3143 3131/3561/3141 3047/3477/3057
f 3045/3475/3055 3133/3563/3143 3047/3477/3057
f 3134/3564/3144 3135/3565/3145 3136/3566/3146
f 3136/3566/3146 3137/3567/3147 3134/3564/3144
f 3137/3567/3147 3136/3566/3146 3138/3568/3148
f 3138/3568/3148 3139/3569/3149 3137/3567/3147
f 3139/3569/3149 3138/3568/3148 3126/3556/3136
f 3140/3570/3150 3126/3556/3136 3138/3568/3148
f 3126/3556/3136 3140/3570/3150 3123/3553/3133
f 3141/3571/3151 3123/3553/3133 3140/3570/3150
f 3123/3553/3133 3141/3571/3151 3056/3486/3066
f 3054/3484/3064 3056/3486/3066 3141/3571/3151
f 3141/3571/3151 3142/3572/3152 3054/3484/3064
f 3052/3482/3062 3054/3484/3064 3142/3572/3152
f 3050/3480/3060 3052/3482/3062 3142/3572/3152
f 3142/3572/3152 3143/3573/3153 3050/3480/3060
f 3143/3573/3153 3048/3478/3058 3050/3480/3060
f 3048/3478/3058 3143/3573/3153 3144/3574/3154
f 3136/3566/3146 3144/3574/3154 3143/3573/3153
f 3144/3574/3154 3136/3566/3146 3135/3565/3145
f 3140/3570/3150 3138/3568/3148 3141/3571/3151
f 3142/3572/3152 3141/3571/3151 3138/3568/3148
f 3138/3568/3148 3136/3566/3146 3142/3572/3152
f 3143/3573/3153 3142/3572/3152 3136/3566/3146
f 3032/3575/3042 3034/3576/3044 3145/3577/3155
f 3146/3578/3156 3032/3575/3042 3145/3577/3155
f 3040/3579/3050 3032/3575/3042 3146/3578/3156
f 3146/3578/3156 3147/3580/3157 3040/3579/3050
f 3039/3581/3049 3040/3579/3050 3147/3580/3157
f 3038/3582/3048 3039/3581/3049 3148/3583/3158
f 3148/3583/3158 3149/3584/3159 3038/3582/3048
f 3037/3585/3047 3038/3582/3048 3149/3584/3159
f 3149/3584/3159 3150/3586/3160 3037/3585/3047
f 3035/3587/3045 3037/3585/3047 3150/3586/3160
f 3151/3588/3161 3152/3589/3162 3153/3590/3163
f 3154/3591/3164 3153/3590/3163 3152/3589/3162
f 3155/3592/3165 3151/3588/3161 3156/3593/3166
f 3156/3593/3166 3151/3588/3161 3153/3590/3163
f 3156/3593/3166 3153/3590/3163 3157/3594/3167
f 3154/3591/3164 3157/3594/3167 3153/3590/3163
f 3157/3594/3167 3154/3591/3164 3158/3595/3168
f 3159/3596/3169 3158/3595/3168 3154/3591/3164
f 3160/3597/3170 3159/3596/3169 3154/3591/3164
f 3152/3589/3162 3160/3597/3170 3154/3591/3164
f 3160/3597/3170 3152/3589/3162 3161/3598/3171
f 3152/3589/3162 3151/3588/3161 3161/3598/3171
f 3151/3588/3161 3155/3592/3165 3161/3598/3171
f 3162/3599/3172 3161/3598/3171 3155/3592/3165
f 3155/3592/3165 3163/3600/3173 3162/3599/3172
f 3163/3600/3173 3164/3601/3174 3162/3599/3172
f 3164/3601/3174 3163/3600/3173 3165/3602/3175
f 3166/3603/3176 3165/3602/3175 3163/3600/3173
f 3163/3600/3173 3155/3592/3165 3166/3603/3176
f 3156/3593/3166 3166/3603/3176 3155/3592/3165
f 3161/3598/3171 3162/3599/3172 3164/3601/3174
f 3158/3595/3168 3167/3604/3177 3157/3594/3167
f 3094/3524/3104 3161/3598/3171 3092/3522/3102
f 3161/3598/3171 3094/3524/3104 3115/3545/3125
f 3161/3598/3171 3115/3545/3125 3114/3544/3124
f 3161/3598/3171 3114/3544/3124 3168/3605/3178
f 3113/3543/3123 3168/3605/3178 3114/3544/3124
f 3112/3542/3122 3169/3606/3179 3113/3543/3123
f 3170/3607/3180 3113/3543/3123 3169/3606/3179
f 3113/3543/3123 3170/3607/3180 3168/3605/3178
f 3171/3608/3181 3168/3605/3178 3170/3607/3180
f 3168/3605/3178 3171/3608/3181 3161/3598/3171
f 3160/3609/3170 3161/3598/3171 3171/3608/3181
f 3159/3610/3169 3160/3609/3170 3171/3608/3181
f 3172/3611/3182 3159/3610/3169 3171/3608/3181
f 3171/3608/3181 3170/3607/3180 3172/3611/3182
f 3169/3606/3179 3172/3611/3182 3170/3607/3180
f 3173/3612/3183 3174/3613/3184 3175/3614/3185
f 3176/3615/3186 3175/3614/3185 3174/3613/3184
f 3175/3614/3185 3176/3615/3186 3177/3616/3187
f 3178/3617/3188 3177/3616/3187 3176/3615/3186
f 3177/3616/3187 3178/3617/3188 3179/3618/3189
f 3180/3619/3190 3179/3618/3189 3178/3617/3188
f 3179/3618/3189 3180/3619/3190 3181/3620/3191
f 3182/3621/3192 3181/3620/3191 3180/3619/3190
f 3182/3621/3192 3183/3622/3193 3181/3620/3191
f 3183/3622/3193 3182/3621/3192 3184/3623/3194
f 3184/3623/3194 3185/3624/3195 3183/3622/3193
f 3185/3624/3195 3184/3623/3194 3186/3625/3196
f 3187/3626/3197 3185/3624/3195 3186/3625/3196
f 3186/3625/3196 3188/3627/3198 3187/3626/3197
f 3189/3628/3199 3187/3626/3197 3188/3627/3198
f 3190/3629/3200 3189/3628/3199 3188/3627/3198
f 3191/3630/3201 3190/3629/3200 3188/3627/3198
f 3190/3629/3200 3191/3630/3201 3167/3604/3177
f 3167/3604/3177 3191/3630/3201 3192/3631/3202
f 3192/3631/3202 3157/3594/3167 3167/3604/3177
f 3157/3594/3167 3192/3631/3202 3193/3632/3203
f 3157/3594/3167 3193/3632/3203 3156/3593/3166
f 3194/3633/3204 3156/3593/3166 3193/3632/3203
f 3166/3603/3176 3156/3593/3166 3194/3633/3204
f 3194/3633/3204 3176/3615/3186 3166/3603/3176
f 3165/3602/3175 3166/3603/3176 3176/3615/3186
f 3174/3613/3184 3165/3602/3175 3176/3615/3186
f 3165/3602/3175 3174/3613/3184 3164/3601/3174
f 3195/3634/3205 3164/3601/3174 3174/3613/3184
f 3164/3601/3174 3195/3634/3205 3161/3598/3171
f 3195/3634/3205 3196/3635/3206 3161/3598/3171
f 3196/3635/3206 3092/3522/3102 3161/3598/3171
f 3092/3522/3102 3196/3635/3206 3091/3521/3101
f 3173/3612/3183 3091/3521/3101 3196/3635/3206
f 3196/3635/3206 3195/3634/3205 3173/3612/3183
f 3174/3613/3184 3173/3612/3183 3195/3634/3205
f 3197/3636/3207 3180/3619/3190 3178/3617/3188
f 3176/3615/3186 3194/3633/3204 3178/3617/3188
f 3178/3617/3188 3194/3633/3204 3197/3636/3207
f 3193/3632/3203 3197/3636/3207 3194/3633/3204
f 3197/3636/3207 3193/3632/3203 3192/3631/3202
f 3192/3631/3202 3198/3637/3208 3197/3636/3207
f 3180/3619/3190 3197/3636/3207 3198/3637/3208
f 3180/3619/3190 3198/3637/3208 3182/3621/3192
f 3191/3630/3201 3182/3621/3192 3198/3637/3208
f 3182/3621/3192 3191/3630/3201 3199/3638/3209
f 3188/3627/3198 3199/3638/3209 3191/3630/3201
f 3188/3627/3198 3186/3625/3196 3199/3638/3209
f 3184/3623/3194 3199/3638/3209 3186/3625/3196
f 3199/3638/3209 3184/3623/3194 3182/3621/3192
f 3198/3637/3208 3192/3631/3202 3191/3630/3201
f 3200/3639/3210 3201/3640/3211 3202/3641/3212
f 3200/3639/3210 3202/3641/3212 3203/3642/3213
f 3204/3643/3214 3203/3642/3213 3202/3641/3212
f 3203/3642/3213 3204/3643/3214 3205/3644/3215
f 3177/3616/3187 3205/3644/3215 3204/3643/3214
f 3205/3644/3215 3177/3616/3187 3179/3618/3189
f 3206/3645/3216 3207/3646/3217 3208/3647/3218
f 3207/3646/3217 3209/3648/3219 3208/3647/3218
f 3210/3649/3220 3208/3647/3218 3209/3648/3219
f 3209/3648/3219 3211/3650/3221 3210/3649/3220
f 3212/3651/3222 3210/3649/3220 3211/3650/3221
f 3211/3650/3221 3213/3652/3223 3212/3651/3222
f 3214/3653/3224 3212/3651/3222 3213/3652/3223
f 3213/3652/3223 3215/3654/3225 3214/3653/3224
f 3216/3655/3226 3214/3653/3224 3215/3654/3225
f 3215/3654/3225 3217/3656/3227 3216/3655/3226
f 3218/3657/3228 3216/3655/3226 3217/3656/3227
f 3217/3656/3227 3219/3658/3229 3218/3657/3228
f 3220/3659/3230 3218/3657/3228 3219/3658/3229
f 3219/3658/3229 3221/3660/3231 3220/3659/3230
f 3222/3661/3232 3220/3659/3230 3221/3660/3231
f 3223/3662/3233 3222/3661/3232 3221/3660/3231
f 3224/3663/3234 3223/3662/3233 3221/3660/3231
f 3225/3664/3235 3223/3662/3233 3224/3663/3234
f 3224/3663/3234 3226/3665/3236 3225/3664/3235
f 3227/3666/3237 3225/3664/3235 3226/3665/3236
f 3226/3665/3236 3228/3667/3238 3227/3666/3237
f 3229/3668/3239 3227/3666/3237 3228/3667/3238
f 3228/3667/3238 3230/3669/3240 3229/3668/3239
f 3231/3670/3241 3229/3668/3239 3230/3669/3240
f 3232/3671/3242 3231/3670/3241 3230/3669/3240
f 3230/3669/3240 3233/3672/3243 3232/3671/3242
f 3233/3672/3243 3234/3673/3244 3232/3671/3242
f 3234/3673/3244 3233/3672/3243 3235/3674/3245
f 3235/3674/3245 3236/3675/3246 3234/3673/3244
f 3236/3675/3246 3235/3674/3245 3237/3676/3247
f 3237/3676/3247 3238/3677/3248 3236/3675/3246
f 3238/3677/3248 3237/3676/3247 3239/3678/3249
f 3239/3678/3249 3240/3679/3250 3238/3677/3248
f 3240/3679/3250 3239/3678/3249 3241/3680/3251
f 3241/3680/3251 3242/3681/3252 3240/3679/3250
f 3242/3681/3252 3241/3680/3251 3243/3682/3253
f 3242/3681/3252 3243/3682/3253 3244/3683/3254
f 3243/3682/3253 3245/3684/3255 3244/3683/3254
f 3246/3685/3256 3244/3683/3254 3245/3684/3255
f 3247/3686/3257 3246/3685/3256 3245/3684/3255
f 3246/3685/3256 3247/3686/3257 3248/3687/3258
f 3249/3688/3259 3248/3687/3258 3247/3686/3257
f 3247/3686/3257 3250/3689/3260 3249/3688/3259
f 3251/3690/3261 3249/3688/3259 3250/3689/3260
f 3063/3691/3073 3251/3690/3261 3250/3689/3260
f 3250/3689/3260 3252/3692/3262 3063/3691/3073
f 3062/3693/3072 3063/3691/3073 3252/3692/3262
f 3253/3694/3263 3062/3693/3072 3252/3692/3262
f 3125/3695/3135 3062/3693/3072 3253/3694/3263
f 3253/3694/3263 3254/3696/3264 3125/3695/3135
f 3255/3697/3265 3125/3695/3135 3254/3696/3264
f 3254/3696/3264 3256/3698/3266 3255/3697/3265
f 3185/3624/3195 3255/3697/3265 3256/3698/3266
f 3185/3624/3195 3256/3698/3266 3257/3699/3267
f 3257/3699/3267 3183/3622/3193 3185/3624/3195
f 3183/3622/3193 3257/3699/3267 3258/3700/3268
f 3258/3700/3268 3181/3620/3191 3183/3622/3193
f 3181/3620/3191 3258/3700/3268 3259/3701/3269
f 3181/3620/3191 3259/3701/3269 3179/3618/3189
f 3260/3702/3270 3179/3618/3189 3259/3701/3269
f 3179/3618/3189 3260/3702/3270 3205/3644/3215
f 3254/3696/3264 3205/3644/3215 3260/3702/3270
f 3203/3642/3213 3205/3644/3215 3254/3696/3264
f 3254/3696/3264 3253/3694/3263 3203/3642/3213
f 3252/3692/3262 3203/3642/3213 3253/3694/3263
f 3203/3642/3213 3252/3692/3262 3200/3639/3210
f 3250/3689/3260 3200/3639/3210 3252/3692/3262
f 3201/3640/3211 3200/3639/3210 3250/3689/3260
f 3250/3689/3260 3247/3686/3257 3201/3640/3211
f 3261/3703/3271 3201/3640/3211 3247/3686/3257
f 3245/3684/3255 3261/3703/3271 3247/3686/3257
f 3261/3703/3271 3245/3684/3255 3262/3704/3272
f 3245/3684/3255 3243/3682/3253 3262/3704/3272
f 3263/3705/3273 3262/3704/3272 3243/3682/3253
f 3263/3705/3273 3243/3682/3253 3241/3680/3251
f 3241/3680/3251 3264/3706/3274 3263/3705/3273
f 3264/3706/3274 3241/3680/3251 3239/3678/3249
f 3239/3678/3249 3265/3707/3275 3264/3706/3274
f 3265/3707/3275 3239/3678/3249 3237/3676/3247
f 3266/3708/3276 3265/3707/3275 3237/3676/3247
f 3237/3676/3247 3267/3709/3277 3266/3708/3276
f 3268/3710/3278 3266/3708/3276 3267/3709/3277
f 3267/3709/3277 3269/3711/3279 3268/3710/3278
f 3270/3712/3280 3268/3710/3278 3269/3711/3279
f 3269/3711/3279 3271/3713/3281 3270/3712/3280
f 3272/3714/3282 3270/3712/3280 3271/3713/3281
f 3271/3713/3281 3273/3715/3283 3272/3714/3282
f 3274/3716/3284 3272/3714/3282 3273/3715/3283
f 3273/3715/3283 3275/3717/3285 3274/3716/3284
f 3275/3717/3285 3276/3718/3286 3274/3716/3284
f 3276/3718/3286 3275/3717/3285 3277/3719/3287
f 3278/3720/3288 3276/3718/3286 3277/3719/3287
f 3277/3719/3287 3279/3721/3289 3278/3720/3288
f 3280/3722/3290 3278/3720/3288 3279/3721/3289
f 3279/3721/3289 3281/3723/3291 3280/3722/3290
f 3282/3724/3292 3280/3722/3290 3281/3723/3291
f 3281/3723/3291 3283/3725/3293 3282/3724/3292
f 3284/3726/3294 3282/3724/3292 3283/3725/3293
f 3283/3725/3293 3285/3727/3295 3284/3726/3294
f 3286/3728/3296 3284/3726/3294 3285/3727/3295
f 3285/3727/3295 3287/3729/3297 3286/3728/3296
f 3288/3730/3298 3286/3728/3296 3287/3729/3297
f 3287/3729/3297 3289/3731/3299 3288/3730/3298
f 3290/3732/3300 3288/3730/3298 3289/3731/3299
f 3291/3733/3301 3290/3732/3300 3289/3731/3299
f 3292/3734/3302 3290/3732/3300 3291/3733/3301
f 3291/3733/3301 3293/3735/3303 3292/3734/3302
f 3294/3736/3304 3292/3734/3302 3293/3735/3303
f 3293/3735/3303 3295/3737/3305 3294/3736/3304
f 3295/3737/3305 3296/3738/3306 3294/3736/3304
f 3296/3738/3306 3295/3737/3305 3297/3739/3307
f 3297/3739/3307 3298/3740/3308 3296/3738/3306
f 3299/3741/3309 3296/3738/3306 3298/3740/3308
f 3298/3740/3308 3300/3742/3310 3299/3741/3309
f 3301/3743/3311 3299/3741/3309 3300/3742/3310
f 3300/3742/3310 3248/3744/3258 3301/3743/3311
f 3248/3744/3258 3249/3745/3259 3301/3743/3311
f 3249/3745/3259 3302/3746/3312 3301/3743/3311
f 3302/3746/3312 3249/3745/3259 3303/3747/3313
f 3303/3747/3313 3304/3748/3314 3302/3746/3312
f 3304/3748/3314 3303/3747/3313 3305/3749/3315
f 3305/3749/3315 3306/3750/3316 3304/3748/3314
f 3306/3750/3316 3305/3749/3315 3307/3751/3317
f 3307/3751/3317 3308/3752/3318 3306/3750/3316
f 3308/3752/3318 3307/3751/3317 3127/3557/3137
f 3309/3753/3319 3308/3752/3318 3127/3557/3137
f 3309/3753/3319 3127/3557/3137 3069/3499/3079
f 3071/3501/3081 3309/3753/3319 3069/3499/3079
f 3309/3753/3319 3071/3501/3081 3073/3503/3083
f 3073/3503/3083 3310/3754/3320 3309/3753/3319
f 3310/3754/3320 3073/3503/3083 3311/3755/3321
f 3311/3755/3321 3312/3756/3322 3310/3754/3320
f 3312/3756/3322 3311/3755/3321 3313/3757/3323
f 3313/3757/3323 3314/3758/3324 3312/3756/3322
f 3314/3758/3324 3313/3757/3323 3315/3759/3325
f 3315/3759/3325 3316/3760/3326 3314/3758/3324
f 3316/3760/3326 3315/3759/3325 3317/3761/3327
f 3316/3760/3326 3317/3761/3327 3318/3762/3328
f 3319/3763/3329 3318/3762/3328 3317/3761/3327
f 3318/3762/3328 3319/3763/3329 3320/3764/3330
f 3321/3765/3331 3320/3764/3330 3319/3763/3329
f 3320/3764/3330 3321/3765/3331 3322/3766/3332
f 3321/3765/3331 3323/3767/3333 3322/3766/3332
f 3323/3767/3333 3324/3768/3334 3322/3766/3332
f 3325/3769/3335 3324/3768/3334 3323/3767/3333
f 3324/3768/3334 3325/3769/3335 3326/3770/3336
f 3327/3771/3337 3326/3770/3336 3325/3769/3335
f 3326/3770/3336 3327/3771/3337 3328/3772/3338
f 3329/3773/3339 3328/3772/3338 3327/3771/3337
f 3328/3772/3338 3329/3773/3339 3330/3774/3340
f 3331/3775/3341 3330/3774/3340 3329/3773/3339
f 3330/3774/3340 3331/3775/3341 3265/3707/3275
f 3331/3775/3341 3264/3706/3274 3265/3707/3275
f 3264/3706/3274 3331/3775/3341 3329/3773/3339
f 3329/3773/3339 3263/3705/3273 3264/3706/3274
f 3263/3705/3273 3329/3773/3339 3332/3776/3342
f 3332/3776/3342 3262/3704/3272 3263/3705/3273
f 3262/3704/3272 3332/3776/3342 3333/3777/3343
f 3333/3777/3343 3261/3703/3271 3262/3704/3272
f 3261/3703/3271 3333/3777/3343 3201/3640/3211
f 3334/3778/3344 3201/3640/3211 3333/3777/3343
f 3201/3640/3211 3334/3778/3344 3202/3641/3212
f 3335/3779/3345 3202/3641/3212 3334/3778/3344
f 3202/3641/3212 3335/3779/3345 3204/3643/3214
f 3336/3780/3346 3204/3643/3214 3335/3779/3345
f 3204/3643/3214 3336/3780/3346 3177/3616/3187
f 3336/3780/3346 3337/3781/3347 3177/3616/3187
f 3175/3614/3185 3177/3616/3187 3337/3781/3347
f 3338/3782/3348 3175/3614/3185 3337/3781/3347
f 3175/3614/3185 3338/3782/3348 3173/3612/3183
f 3338/3782/3348 3339/3783/3349 3173/3612/3183
f 3091/3521/3101 3173/3612/3183 3339/3783/3349
f 3339/3783/3349 3089/3519/3099 3091/3521/3101
f 3089/3519/3099 3339/3783/3349 3340/3784/3350
f 3340/3784/3350 3088/3518/3098 3089/3519/3099
f 3088/3518/3098 3340/3784/3350 3321/3765/3331
f 3087/3517/3097 3088/3518/3098 3321/3765/3331
f 3319/3763/3329 3087/3517/3097 3321/3765/3331
f 3087/3517/3097 3319/3763/3329 3341/3785/3351
f 3317/3761/3327 3341/3785/3351 3319/3763/3329
f 3341/3785/3351 3317/3761/3327 3342/3786/3352
f 3317/3761/3327 3343/3787/3353 3342/3786/3352
f 3343/3787/3353 3344/3788/3354 3342/3786/3352
f 3344/3788/3354 3343/3787/3353 3076/3506/3086
f 3077/3507/3087 3344/3788/3354 3076/3506/3086
f 3344/3788/3354 3077/3507/3087 3079/3509/3089
f 3130/3560/3140 3344/3788/3354 3079/3509/3089
f 3130/3560/3140 3342/3786/3352 3344/3788/3354
f 3342/3786/3352 3130/3560/3140 3341/3785/3351
f 3129/3559/3139 3341/3785/3351 3130/3560/3140
f 3341/3785/3351 3129/3559/3139 3087/3517/3097
f 3085/3515/3095 3087/3517/3097 3129/3559/3139
f 3323/3767/3333 3321/3765/3331 3340/3784/3350
f 3073/3503/3083 3074/3504/3084 3076/3506/3086
f 3076/3506/3086 3311/3755/3321 3073/3503/3083
f 3311/3755/3321 3076/3506/3086 3343/3787/3353
f 3343/3787/3353 3313/3757/3323 3311/3755/3321
f 3313/3757/3323 3343/3787/3353 3315/3759/3325
f 3343/3787/3353 3317/3761/3327 3315/3759/3325
f 3308/3752/3318 3309/3753/3319 3310/3754/3320
f 3308/3752/3318 3310/3754/3320 3312/3756/3322
f 3312/3756/3322 3306/3750/3316 3308/3752/3318
f 3306/3750/3316 3312/3756/3322 3345/3789/3355
f 3345/3789/3355 3304/3748/3314 3306/3750/3316
f 3314/3758/3324 3345/3789/3355 3312/3756/3322
f 3327/3771/3337 3332/3776/3342 3329/3773/3339
f 3332/3776/3342 3327/3771/3337 3333/3777/3343
f 3325/3769/3335 3333/3777/3343 3327/3771/3337
f 3333/3777/3343 3325/3769/3335 3346/3790/3356
f 3323/3767/3333 3346/3790/3356 3325/3769/3335
f 3346/3790/3356 3323/3767/3333 3347/3791/3357
f 3340/3784/3350 3347/3791/3357 3323/3767/3333
f 3347/3791/3357 3340/3784/3350 3338/3782/3348
f 3339/3783/3349 3338/3782/3348 3340/3784/3350
f 3346/3790/3356 3334/3778/3344 3333/3777/3343
f 3334/3778/3344 3346/3790/3356 3348/3792/3358
f 3348/3792/3358 3346/3790/3356 3347/3791/3357
f 3347/3791/3357 3337/3781/3347 3348/3792/3358
f 3337/3781/3347 3347/3791/3357 3338/3782/3348
f 3348/3792/3358 3335/3779/3345 3334/3778/3344
f 3335/3779/3345 3348/3792/3358 3336/3780/3346
f 3337/3781/3347 3336/3780/3346 3348/3792/3358
f 3349/3793/3359 3240/3679/3250 3242/3681/3252
f 3128/3558/3138 3127/3557/3137 3307/3751/3317
f 3260/3702/3270 3256/3698/3266 3254/3696/3264
f 3260/3702/3270 3350/3794/3360 3256/3698/3266
f 3350/3794/3360 3257/3699/3267 3256/3698/3266
f 3257/3699/3267 3350/3794/3360 3258/3700/3268
f 3350/3794/3360 3259/3701/3269 3258/3700/3268
f 3259/3701/3269 3350/3794/3360 3260/3702/3270
f 3228/3667/3238 3226/3665/3236 3351/3795/3361
f 3351/3795/3361 3352/3796/3362 3228/3667/3238
f 3230/3669/3240 3228/3667/3238 3352/3796/3362
f 3352/3796/3362 3353/3797/3363 3230/3669/3240
f 3233/3672/3243 3230/3669/3240 3353/3797/3363
f 3353/3797/3363 3235/3674/3245 3233/3672/3243
f 3235/3674/3245 3353/3797/3363 3237/3676/3247
f 3267/3709/3277 3237/3676/3247 3353/3797/3363
f 3353/3797/3363 3352/3796/3362 3267/3709/3277
f 3269/3711/3279 3267/3709/3277 3352/3796/3362
f 3352/3796/3362 3351/3795/3361 3269/3711/3279
f 3271/3713/3281 3269/3711/3279 3351/3795/3361
f 3351/3795/3361 3354/3798/3364 3271/3713/3281
f 3273/3715/3283 3271/3713/3281 3354/3798/3364
f 3355/3799/3365 3273/3715/3283 3354/3798/3364
f 3275/3717/3285 3273/3715/3283 3355/3799/3365
f 3355/3799/3365 3356/3800/3366 3275/3717/3285
f 3356/3800/3366 3277/3719/3287 3275/3717/3285
f 3277/3719/3287 3356/3800/3366 3219/3658/3229
f 3219/3658/3229 3217/3656/3227 3277/3719/3287
f 3277/3719/3287 3217/3656/3227 3279/3721/3289
f 3217/3656/3227 3215/3654/3225 3279/3721/3289
f 3281/3723/3291 3279/3721/3289 3215/3654/3225
f 3215/3654/3225 3213/3652/3223 3281/3723/3291
f 3283/3725/3293 3281/3723/3291 3213/3652/3223
f 3213/3652/3223 3211/3650/3221 3283/3725/3293
f 3211/3650/3221 3209/3648/3219 3283/3725/3293
f 3285/3727/3295 3283/3725/3293 3209/3648/3219
f 3287/3729/3297 3285/3727/3295 3209/3648/3219
f 3209/3648/3219 3207/3646/3217 3287/3729/3297
f 3289/3731/3299 3287/3729/3297 3207/3646/3217
f 3207/3646/3217 3206/3645/3216 3289/3731/3299
f 3206/3645/3216 3357/3801/3367 3289/3731/3299
f 3357/3801/3367 3206/3645/3216 3358/3802/3368
f 3358/3802/3368 3359/3803/3369 3357/3801/3367
f 3360/3804/3370 3357/3801/3367 3359/3803/3369
f 3359/3803/3369 3361/3805/3371 3360/3804/3370
f 3362/3806/3372 3360/3804/3370 3361/3805/3371
f 3361/3805/3371 3363/3807/3373 3362/3806/3372
f 3364/3808/3374 3362/3806/3372 3363/3807/3373
f 3363/3807/3373 3365/3809/3375 3364/3808/3374
f 3221/3660/3231 3219/3658/3229 3356/3800/3366
f 3356/3800/3366 3355/3799/3365 3221/3660/3231
f 3224/3663/3234 3221/3660/3231 3355/3799/3365
f 3355/3799/3365 3354/3798/3364 3224/3663/3234
f 3226/3665/3236 3224/3663/3234 3354/3798/3364
f 3354/3798/3364 3351/3795/3361 3226/3665/3236
f 3291/3733/3301 3289/3731/3299 3357/3801/3367
f 3293/3735/3303 3291/3733/3301 3357/3801/3367
f 3357/3801/3367 3360/3804/3370 3293/3735/3303
f 3360/3804/3370 3362/3806/3372 3293/3735/3303
f 3295/3737/3305 3293/3735/3303 3362/3806/3372
f 3362/3806/3372 3364/3808/3374 3295/3737/3305
f 3366/3810/3376 3295/3737/3305 3364/3808/3374
f 3366/3810/3376 3297/3739/3307 3295/3737/3305
f 3367/3811/3377 3358/3802/3368 3206/3645/3216
f 3208/3647/3218 3367/3811/3377 3206/3645/3216
f 3244/3683/3254 3368/3812/3378 3242/3681/3252
f 3349/3793/3359 3242/3681/3252 3368/3812/3378
f 3368/3812/3378 3369/3813/3379 3349/3793/3359
f 3369/3813/3379 3370/3814/3380 3349/3793/3359
f 3240/3679/3250 3349/3793/3359 3370/3814/3380
f 3370/3814/3380 3371/3815/3381 3240/3679/3250
f 3371/3815/3381 3238/3677/3248 3240/3679/3250
f 3299/3741/3309 3301/3743/3311 3302/3746/3312
f 3302/3746/3312 3372/3816/3382 3299/3741/3309
f 3296/3738/3306 3299/3741/3309 3372/3816/3382
f 3372/3816/3382 3294/3736/3304 3296/3738/3306
f 3292/3734/3302 3294/3736/3304 3372/3816/3382
f 3372/3816/3382 3373/3817/3383 3292/3734/3302
f 3290/3732/3300 3292/3734/3302 3373/3817/3383
f 3288/3730/3298 3290/3732/3300 3373/3817/3383
f 3373/3817/3383 3374/3818/3384 3288/3730/3298
f 3286/3728/3296 3288/3730/3298 3374/3818/3384
f 3374/3818/3384 3375/3819/3385 3286/3728/3296
f 3284/3726/3294 3286/3728/3296 3375/3819/3385
f 3284/3726/3294 3375/3819/3385 3376/3820/3386
f 3282/3724/3292 3284/3726/3294 3376/3820/3386
f 3376/3820/3386 3377/3821/3387 3282/3724/3292
f 3282/3724/3292 3377/3821/3387 3280/3722/3290
f 3377/3821/3387 3378/3822/3388 3280/3722/3290
f 3278/3720/3288 3280/3722/3290 3378/3822/3388
f 3378/3822/3388 3379/3823/3389 3278/3720/3288
f 3276/3718/3286 3278/3720/3288 3379/3823/3389
f 3379/3823/3389 3380/3824/3390 3276/3718/3286
f 3380/3824/3390 3274/3716/3284 3276/3718/3286
f 3272/3714/3282 3274/3716/3284 3380/3824/3390
f 3380/3824/3390 3381/3825/3391 3272/3714/3282
f 3381/3825/3391 3380/3824/3390 3382/3826/3392
f 3326/3770/3336 3381/3825/3391 3382/3826/3392
f 3382/3826/3392 3324/3768/3334 3326/3770/3336
f 3324/3768/3334 3382/3826/3392 3322/3766/3332
f 3382/3826/3392 3383/3827/3393 3322/3766/3332
f 3383/3827/3393 3384/3828/3394 3322/3766/3332
f 3384/3828/3394 3383/3827/3393 3380/3824/3390
f 3380/3824/3390 3379/3823/3389 3384/3828/3394
f 3379/3823/3389 3378/3822/3388 3384/3828/3394
f 3385/3829/3395 3384/3828/3394 3378/3822/3388
f 3378/3822/3388 3377/3821/3387 3385/3829/3395
f 3377/3821/3387 3320/3764/3330 3385/3829/3395
f 3320/3764/3330 3377/3821/3387 3318/3762/3328
f 3376/3820/3386 3318/3762/3328 3377/3821/3387
f 3318/3762/3328 3376/3820/3386 3316/3760/3326
f 3375/3819/3385 3316/3760/3326 3376/3820/3386
f 3316/3760/3326 3375/3819/3385 3314/3758/3324
f 3375/3819/3385 3374/3818/3384 3314/3758/3324
f 3345/3789/3355 3314/3758/3324 3374/3818/3384
f 3374/3818/3384 3373/3817/3383 3345/3789/3355
f 3304/3748/3314 3345/3789/3355 3373/3817/3383
f 3304/3748/3314 3373/3817/3383 3302/3746/3312
f 3372/3816/3382 3302/3746/3312 3373/3817/3383
f 3383/3827/3393 3382/3826/3392 3380/3824/3390
f 3322/3766/3332 3385/3829/3395 3320/3764/3330
f 3385/3829/3395 3322/3766/3332 3384/3828/3394
f 3328/3772/3338 3386/3830/3396 3326/3770/3336
f 3381/3825/3391 3326/3770/3336 3386/3830/3396
f 3387/3831/3397 3381/3825/3391 3386/3830/3396
f 3381/3825/3391 3387/3831/3397 3272/3714/3282
f 3270/3712/3280 3272/3714/3282 3387/3831/3397
f 3268/3710/3278 3270/3712/3280 3387/3831/3397
f 3387/3831/3397 3388/3832/3398 3268/3710/3278
f 3266/3708/3276 3268/3710/3278 3388/3832/3398
f 3388/3832/3398 3330/3774/3340 3266/3708/3276
f 3265/3707/3275 3266/3708/3276 3330/3774/3340
f 3388/3832/3398 3387/3831/3397 3386/3830/3396
f 3386/3830/3396 3328/3772/3338 3388/3832/3398
f 3330/3774/3340 3388/3832/3398 3328/3772/3338
f 3064/3494/3074 3065/3495/3075 3128/3558/3138
f 3307/3751/3317 3064/3494/3074 3128/3558/3138
f 3064/3494/3074 3307/3751/3317 3305/3749/3315
f 3305/3749/3315 3251/3833/3261 3064/3494/3074
f 3251/3833/3261 3305/3749/3315 3303/3747/3313
f 3249/3745/3259 3251/3833/3261 3303/3747/3313
f 3063/3493/3073 3064/3494/3074 3251/3833/3261
f 3389/3834/3399 3232/3671/3242 3234/3673/3244
f 3390/3835/3400 3389/3834/3399 3234/3673/3244
f 3248/3687/3258 3300/3836/3310 3246/3685/3256
f 3244/3683/3254 3246/3685/3256 3300/3836/3310
f 3368/3812/3378 3244/3683/3254 3300/3836/3310
f 3300/3836/3310 3298/3837/3308 3368/3812/3378
f 3298/3837/3308 3297/3838/3307 3368/3812/3378
f 3369/3813/3379 3368/3812/3378 3297/3838/3307
f 3366/3839/3376 3369/3813/3379 3297/3838/3307
f 3366/3839/3376 3391/3840/3401 3369/3813/3379
f 3370/3814/3380 3369/3813/3379 3391/3840/3401
f 3391/3840/3401 3392/3841/3402 3370/3814/3380
f 3371/3815/3381 3370/3814/3380 3392/3841/3402
f 3392/3841/3402 3393/3842/3403 3371/3815/3381
f 3238/3677/3248 3371/3815/3381 3393/3842/3403
f 3393/3842/3403 3236/3675/3246 3238/3677/3248
f 3236/3675/3246 3393/3842/3403 3234/3673/3244
f 3394/3843/3404 3234/3673/3244 3393/3842/3403
f 3234/3673/3244 3394/3843/3404 3390/3835/3400
f 3395/3844/3405 3390/3835/3400 3394/3843/3404
f 3394/3843/3404 3396/3845/3406 3395/3844/3405
f 3365/3846/3375 3395/3844/3405 3396/3845/3406
f 3396/3845/3406 3397/3847/3407 3365/3846/3375
f 3364/3848/3374 3365/3846/3375 3397/3847/3407
f 3364/3848/3374 3397/3847/3407 3366/3839/3376
f 3391/3840/3401 3366/3839/3376 3397/3847/3407
f 3397/3847/3407 3396/3845/3406 3391/3840/3401
f 3392/3841/3402 3391/3840/3401 3396/3845/3406
f 3396/3845/3406 3394/3843/3404 3392/3841/3402
f 3393/3842/3403 3392/3841/3402 3394/3843/3404
f 3398/3849/3408 3145/3577/3155 3034/3576/3044
f 3399/3850/3409 3398/3849/3408 3034/3576/3044
f 3033/3851/3043 3400/3852/3410 3401/3853/3411
f 3402/3854/3412 3401/3853/3411 3400/3852/3410
f 3403/3855/3413 3401/3853/3411 3402/3854/3412
f 3402/3854/3412 3404/3856/3414 3403/3855/3413
f 3405/3857/3415 3403/3855/3413 3404/3856/3414
f 3404/3856/3414 3406/3858/3416 3405/3857/3415
f 3399/3850/3409 3405/3857/3415 3406/3858/3416
f 3398/3849/3408 3399/3850/3409 3406/3858/3416
f 3398/3849/3408 3406/3858/3416 3407/3859/3417
f 3407/3859/3417 3408/3860/3418 3398/3849/3408
f 3145/3577/3155 3398/3849/3408 3408/3860/3418
f 3408/3860/3418 3409/3861/3419 3145/3577/3155
f 3146/3578/3156 3145/3577/3155 3409/3861/3419
f 3409/3861/3419 3410/3862/3420 3146/3578/3156
f 3147/3580/3157 3146/3578/3156 3410/3862/3420
f 3410/3862/3420 3411/3863/3421 3147/3580/3157
f 3148/3583/3158 3147/3580/3157 3411/3863/3421
f 3411/3863/3421 3412/3864/3422 3148/3583/3158
f 3148/3583/3158 3412/3864/3422 3149/3584/3159
f 3412/3864/3422 3413/3865/3423 3149/3584/3159
f 3150/3586/3160 3149/3584/3159 3413/3865/3423
f 3413/3865/3423 3414/3866/3424 3150/3586/3160
f 3415/3867/3425 3150/3586/3160 3414/3866/3424
f 3414/3866/3424 3416/3868/3426 3415/3867/3425
f 3417/3869/3427 3415/3867/3425 3416/3868/3426
f 3416/3868/3426 3418/3870/3428 3417/3869/3427
f 3419/3871/3429 3417/3869/3427 3418/3870/3428
f 3418/3870/3428 3420/3872/3430 3419/3871/3429
f 3421/3873/3431 3419/3871/3429 3420/3872/3430
f 3420/3872/3430 3422/3874/3432 3421/3873/3431
f 3423/3875/3433 3421/3873/3431 3422/3874/3432
f 3422/3874/3432 3424/3876/3434 3423/3875/3433
f 3400/3877/3410 3423/3875/3433 3424/3876/3434
f 3424/3876/3434 3425/3878/3435 3400/3877/3410
f 3147/3580/3157 3148/3583/3158 3039/3581/3049
f 3400/3852/3410 3425/3879/3435 3402/3854/3412
f 3425/3879/3435 3426/3880/3436 3402/3854/3412
f 3404/3856/3414 3402/3854/3412 3426/3880/3436
f 3426/3880/3436 3427/3881/3437 3404/3856/3414
f 3406/3858/3416 3404/3856/3414 3427/3881/3437
f 3427/3881/3437 3407/3859/3417 3406/3858/3416
f 3423/3875/3433 3400/3877/3410 3033/3882/3043
f 3033/3882/3043 3428/3883/3438 3423/3875/3433
f 3421/3873/3431 3423/3875/3433 3428/3883/3438
f 3428/3883/3438 3429/3884/3439 3421/3873/3431
f 3419/3871/3429 3421/3873/3431 3429/3884/3439
f 3430/3885/3440 3419/3871/3429 3429/3884/3439
f 3417/3869/3427 3419/3871/3429 3430/3885/3440
f 3430/3885/3440 3036/3886/3046 3417/3869/3427
f 3415/3867/3425 3417/3869/3427 3036/3886/3046
f 3036/3886/3046 3035/3587/3045 3415/3867/3425
f 3150/3586/3160 3415/3867/3425 3035/3587/3045
f 3431/3887/3441 3432/3888/3442 3433/3889/3443
f 3434/3890/3444 3432/3888/3442 3431/3887/3441
f 3431/3887/3441 3435/3891/3445 3434/3890/3444
f 3436/3892/3446 3434/3890/3444 3435/3891/3445
f 3435/3891/3445 3437/3893/3447 3436/3892/3446
f 3438/3894/3448 3436/3892/3446 3437/3893/3447
f 3437/3893/3447 3439/3895/3449 3438/3894/3448
f 3439/3895/3449 3440/3896/3450 3438/3894/3448
f 3441/3897/3451 3438/3894/3448 3440/3896/3450
f 3440/3896/3450 3442/3898/3452 3441/3897/3451
f 3443/3899/3453 3441/3897/3451 3442/3898/3452
f 3442/3898/3452 3444/3900/3454 3443/3899/3453
f 3445/3901/3455 3443/3899/3453 3444/3900/3454
f 3444/3900/3454 3446/3902/3456 3445/3901/3455
f 3447/3903/3457 3445/3901/3455 3446/3902/3456
f 3446/3902/3456 3448/3904/3458 3447/3903/3457
f 3449/3905/3459 3447/3903/3457 3448/3904/3458
f 3448/3904/3458 3450/3906/3460 3449/3905/3459
f 3451/3907/3461 3449/3905/3459 3450/3906/3460
f 3452/3908/3462 3449/3905/3459 3451/3907/3461
f 3451/3907/3461 3453/3909/3463 3452/3908/3462
f 3454/3910/3464 3452/3908/3462 3453/3909/3463
f 3453/3909/3463 3455/3911/3465 3454/3910/3464
f 3455/3911/3465 3456/3912/3466 3454/3910/3464
f 3457/3913/3467 3454/3910/3464 3456/3912/3466
f 3456/3912/3466 3458/3914/3468 3457/3913/3467
f 3459/3915/3469 3457/3913/3467 3458/3914/3468
f 3458/3914/3468 3460/3916/3470 3459/3915/3469
f 3461/3917/3471 3459/3915/3469 3460/3916/3470
f 3460/3916/3470 3462/3918/3472 3461/3917/3471
f 3463/3919/3473 3461/3917/3471 3462/3918/3472
f 3462/3918/3472 3464/3920/3474 3463/3919/3473
f 3465/3921/3475 3463/3919/3473 3464/3920/3474
f 3464/3920/3474 3466/3922/3476 3465/3921/3475
f 3432/3888/3442 3465/3921/3475 3466/3922/3476
f 3466/3922/3476 3433/3889/3443 3432/3888/3442
f 3430/3923/3440 3429/3924/3439 3428/3925/3438
f 3428/3925/3438 3033/3463/3043 3430/3923/3440
f 3036/3466/3046 3430/3923/3440 3033/3463/3043
f 3399/3926/3409 3034/3464/3044 3033/3463/3043
f 3405/3927/3415 3399/3926/3409 3033/3463/3043
f 3403/3928/3413 3405/3927/3415 3033/3463/3043
f 3033/3463/3043 3401/3929/3411 3403/3928/3413
f 3125/3555/3135 3255/3930/3265 3124/3554/3134
f 3255/3930/3265 3185/3931/3195 3124/3554/3134
f 3185/3931/3195 3126/3556/3136 3124/3554/3134
f 3126/3556/3136 3185/3931/3195 3139/3569/3149
f 3185/3931/3195 3137/3567/3147 3139/3569/3149
f 3137/3567/3147 3185/3931/3195 3467/3932/3477
f 3467/3932/3477 3134/3564/3144 3137/3567/3147
f 3134/3564/3144 3467/3932/3477 3468/3933/3478
f 3134/3564/3144 3468/3933/3478 3469/3934/3479
f 3470/3935/3480 3469/3934/3479 3468/3933/3478
f 3471/3936/3481 3470/3935/3480 3468/3933/3478
f 3468/3933/3478 3472/3937/3482 3471/3936/3481
f 3189/3938/3199 3471/3936/3481 3472/3937/3482
f 3187/3939/3197 3189/3938/3199 3472/3937/3482
f 3185/3931/3195 3187/3939/3197 3472/3937/3482
f 3472/3937/3482 3467/3932/3477 3185/3931/3195
f 3472/3937/3482 3468/3933/3478 3467/3932/3477
f 3469/3934/3479 3135/3565/3145 3134/3564/3144
f 3473/3940/3483 3474/3941/3484 3475/3942/3485
f 3474/3941/3484 3473/3940/3483 3476/3943/3486
f 3476/3943/3486 3473/3940/3483 3477/3944/3487
f 3478/3945/3488 3479/3946/3489 3480/3947/3490
f 3481/3948/3491 3480/3947/3490 3479/3946/3489
f 3481/3948/3491 3482/3949/3492 3480/3947/3490
f 3482/3949/3492 3481/3948/3491 3476/3943/3486
f 3476/3943/3486 3477/3944/3487 3482/3949/3492
f 3483/3950/3493 3482/3949/3492 3477/3944/3487
f 3477/3944/3487 3484/3951/3494 3483/3950/3493
f 3485/3952/3495 3484/3951/3494 3477/3944/3487
f 3477/3944/3487 3486/3953/3496 3485/3952/3495
f 3473/3940/3483 3486/3953/3496 3477/3944/3487
f 3486/3953/3496 3473/3940/3483 3487/3954/3497
f 3473/3940/3483 3475/3942/3485 3487/3954/3497
f 3488/3955/3498 3487/3954/3497 3475/3942/3485
f 3489/3956/3499 3490/3957/3500 3491/3958/3501
f 3491/3958/3501 3492/3959/3502 3489/3956/3499
f 3492/3959/3502 3491/3958/3501 3493/3960/3503
f 3493/3960/3503 3494/3961/3504 3492/3959/3502
f 3494/3961/3504 3493/3960/3503 3495/3962/3505
f 3495/3962/3505 3496/3963/3506 3494/3961/3504
f 3496/3963/3506 3495/3962/3505 3497/3964/3507
f 3498/3965/3508 3496/3963/3506 3497/3964/3507
f 3497/3964/3507 3499/3966/3509 3498/3965/3508
f 3500/3967/3510 3498/3965/3508 3499/3966/3509
f 3499/3966/3509 3501/3968/3511 3500/3967/3510
f 3501/3968/3511 3499/3966/3509 3502/3969/3512
f 3502/3969/3512 3503/3970/3513 3501/3968/3511
f 3503/3970/3513 3502/3969/3512 3504/3971/3514
f 3504/3971/3514 3505/3972/3515 3503/3970/3513
f 3505/3972/3515 3504/3971/3514 3506/3973/3516
f 3506/3973/3516 3507/3974/3517 3505/3972/3515
f 3506/3973/3516 3508/3975/3518 3507/3974/3517
f 3502/3969/3512 3509/3976/3519 3510/3977/3520
f 3511/3978/3521 3510/3977/3520 3509/3976/3519
f 3510/3977/3520 3511/3978/3521 3504/3971/3514
f 3511/3978/3521 3506/3973/3516 3504/3971/3514
f 3512/3979/3522 3506/3973/3516 3511/3978/3521
f 3491/3958/3501 3512/3979/3522 3511/3978/3521
f 3491/3958/3501 3511/3978/3521 3509/3976/3519
f 3509/3976/3519 3493/3960/3503 3491/3958/3501
f 3495/3962/3505 3493/3960/3503 3509/3976/3519
f 3509/3976/3519 3502/3969/3512 3495/3962/3505
f 3502/3969/3512 3497/3964/3507 3495/3962/3505
f 3499/3966/3509 3497/3964/3507 3502/3969/3512
f 3513/3980/3523 3514/3981/3524 3515/3982/3525
f 3514/3981/3524 3513/3980/3523 3516/3983/3526
f 3513/3980/3523 3517/3984/3527 3516/3983/3526
f 3518/3985/3528 3516/3983/3526 3517/3984/3527
f 3516/3983/3526 3518/3985/3528 3519/3986/3529
f 3519/3986/3529 3518/3985/3528 3520/3987/3530
f 3521/3988/3531 3520/3987/3530 3522/3989/3532
f 3518/3985/3528 3522/3989/3532 3520/3987/3530
f 3522/3989/3532 3518/3985/3528 3523/3990/3533
f 3517/3984/3527 3523/3990/3533 3518/3985/3528
f 3523/3990/3533 3517/3984/3527 3524/3991/3534
f 3524/3991/3534 3517/3984/3527 3525/3992/3535
f 3525/3992/3535 3517/3984/3527 3526/3993/3536
f 3513/3980/3523 3526/3993/3536 3517/3984/3527
f 3526/3993/3536 3513/3980/3523 3527/3994/3537
f 3515/3982/3525 3527/3994/3537 3513/3980/3523
f 3527/3994/3537 3515/3982/3525 3528/3995/3538
f 3528/3995/3538 3515/3982/3525 3529/3996/3539
f 3514/3981/3524 3529/3996/3539 3515/3982/3525
f 3529/3996/3539 3514/3981/3524 3530/3997/3540
f 3516/3983/3526 3530/3997/3540 3514/3981/3524
f 3530/3997/3540 3516/3983/3526 3519/3986/3529
f 3523/3990/3533 3531/3998/3541 3532/3999/3542
f 3531/3998/3541 3523/3990/3533 3524/3991/3534
f 3524/3991/3534 3533/4000/3543 3531/3998/3541
f 3533/4000/3543 3524/3991/3534 3525/3992/3535
f 3525/3992/3535 3534/4001/3544 3533/4000/3543
f 3534/4001/3544 3525/3992/3535 3535/4002/3545
f 3535/4002/3545 3536/4003/3546 3534/4001/3544
f 3537/4004/3547 3536/4003/3546 3535/4002/3545
f 3538/4005/3548 3536/4003/3546 3537/4004/3547
f 3536/4003/3546 3538/4005/3548 3539/4006/3549
f 3488/4007/3498 3539/4006/3549 3538/4005/3548
f 3488/4007/3498 3540/4008/3550 3539/4006/3549
f 3475/4009/3485 3540/4008/3550 3488/4007/3498
f 3541/4010/3551 3540/4008/3550 3475/4009/3485
f 3475/4009/3485 3542/4011/3552 3541/4010/3551
f 3543/4012/3553 3541/4010/3551 3542/4011/3552
f 3542/4011/3552 3544/4013/3554 3543/4012/3553
f 3543/4012/3553 3544/4013/3554 3545/4014/3555
f 3476/4015/3486 3546/4016/3556 3474/4017/3484
f 3547/4018/3557 3474/4017/3484 3546/4016/3556
f 3474/4017/3484 3547/4018/3557 3548/4019/3558
f 3481/3948/3491 3546/4016/3556 3476/4015/3486
f 3546/4016/3556 3481/3948/3491 3549/4020/3559
f 3549/4020/3559 3550/4021/3560 3546/4016/3556
f 3547/4018/3557 3546/4016/3556 3550/4021/3560
f 3550/4021/3560 3551/4022/3561 3547/4018/3557
f 3548/4019/3558 3547/4018/3557 3551/4022/3561
f 3551/4022/3561 3544/4013/3554 3548/4019/3558
f 3544/4013/3554 3542/4011/3552 3548/4019/3558
f 3548/4019/3558 3542/4011/3552 3474/4017/3484
f 3474/4017/3484 3542/4011/3552 3475/4009/3485
f 3552/4023/3562 3545/4014/3555 3544/4013/3554
f 3544/4013/3554 3551/4022/3561 3552/4023/3562
f 3553/4024/3563 3552/4023/3562 3551/4022/3561
f 3551/4022/3561 3550/4021/3560 3553/4024/3563
f 3554/4025/3564 3553/4024/3563 3550/4021/3560
f 3550/4021/3560 3549/4020/3559 3554/4025/3564
f 3555/4026/3565 3554/4025/3564 3549/4020/3559
f 3549/4020/3559 3556/4027/3566 3555/4026/3565
f 3556/4027/3566 3549/4020/3559 3481/3948/3491
f 3479/3946/3489 3556/4027/3566 3481/3948/3491
f 3557/4028/3567 3558/4029/3568 3559/4030/3569
f 3560/4031/3570 3559/4030/3569 3558/4029/3568
f 3560/4031/3570 3558/4029/3568 3561/4032/3571
f 3562/4033/3572 3557/4028/3567 3553/4024/3563
f 3552/4023/3562 3553/4024/3563 3557/4028/3567
f 3559/4030/3569 3552/4023/3562 3557/4028/3567
f 3552/4023/3562 3559/4030/3569 3563/4034/3573
f 3563/4034/3573 3559/4030/3569 3560/4031/3570
f 3564/4035/3574 3563/4034/3573 3560/4031/3570
f 3561/4032/3571 3564/4035/3574 3560/4031/3570
f 3564/4035/3574 3561/4032/3571 3565/4036/3575
f 3566/4037/3576 3565/4036/3575 3561/4032/3571
f 3567/4038/3577 3565/4036/3575 3566/4037/3576
f 3568/4039/3578 3565/4036/3575 3567/4038/3577
f 3569/4040/3579 3565/4036/3575 3568/4039/3578
f 3569/4040/3579 3568/4039/3578 3570/4041/3580
f 3570/4041/3580 3571/4042/3581 3569/4040/3579
f 3572/4043/3582 3571/4042/3581 3570/4041/3580
f 3573/4044/3583 3571/4042/3581 3572/4043/3582
f 3574/4045/3584 3573/4044/3583 3572/4043/3582
f 3573/4044/3583 3574/4045/3584 3575/4046/3585
f 3569/4040/3579 3571/4042/3581 3576/4047/3586
f 3576/4047/3586 3577/4048/3587 3569/4040/3579
f 3565/4036/3575 3569/4040/3579 3564/4035/3574
f 3569/4040/3579 3577/4048/3587 3564/4035/3574
f 3563/4034/3573 3564/4035/3574 3577/4048/3587
f 3552/4023/3562 3563/4034/3573 3577/4048/3587
f 3545/4014/3555 3552/4023/3562 3577/4048/3587
f 3577/4048/3587 3576/4047/3586 3545/4014/3555
f 3578/4049/3588 3545/4014/3555 3576/4047/3586
f 3576/4047/3586 3571/4042/3581 3578/4049/3588
f 3579/4050/3589 3578/4049/3588 3571/4042/3581
f 3571/4042/3581 3573/4044/3583 3579/4050/3589
f 3580/4051/3590 3579/4050/3589 3573/4044/3583
f 3575/4046/3585 3580/4051/3590 3573/4044/3583
f 3581/4052/3591 3580/4051/3590 3575/4046/3585
f 3575/4046/3585 3582/4053/3592 3581/4052/3591
f 3583/4054/3593 3581/4052/3591 3582/4053/3592
f 3578/4049/3588 3579/4050/3589 3584/4055/3594
f 3584/4055/3594 3545/4014/3555 3578/4049/3588
f 3545/4014/3555 3584/4055/3594 3543/4012/3553
f 3541/4010/3551 3543/4012/3553 3584/4055/3594
f 3540/4008/3550 3585/4056/3595 3539/4006/3549
f 3539/4006/3549 3585/4056/3595 3586/4057/3596
f 3587/4058/3597 3588/4059/3598 3589/4060/3599
f 3588/4059/3598 3587/4058/3597 3586/4057/3596
f 3586/4057/3596 3590/4061/3600 3588/4059/3598
f 3590/4061/3600 3586/4057/3596 3585/4056/3595
f 3585/4056/3595 3591/4062/3601 3590/4061/3600
f 3585/4056/3595 3540/4008/3550 3591/4062/3601
f 3592/4063/3602 3591/4062/3601 3540/4008/3550
f 3540/4008/3550 3541/4010/3551 3592/4063/3602
f 3593/4064/3603 3588/4059/3598 3590/4061/3600
f 3590/4061/3600 3594/4065/3604 3593/4064/3603
f 3594/4065/3604 3590/4061/3600 3591/4062/3601
f 3591/4062/3601 3592/4063/3602 3594/4065/3604
f 3595/4066/3605 3594/4065/3604 3592/4063/3602
f 3584/4055/3594 3592/4063/3602 3541/4010/3551
f 3592/4063/3602 3584/4055/3594 3595/4066/3605
f 3579/4050/3589 3595/4066/3605 3584/4055/3594
f 3595/4066/3605 3579/4050/3589 3594/4065/3604
f 3594/4065/3604 3579/4050/3589 3580/4051/3590
f 3580/4051/3590 3581/4052/3591 3594/4065/3604
f 3593/4064/3603 3594/4065/3604 3581/4052/3591
f 3581/4052/3591 3583/4054/3593 3593/4064/3603
f 3588/4059/3598 3593/4064/3603 3583/4054/3593
f 3583/4054/3593 3596/4067/3606 3588/4059/3598
f 3589/4060/3599 3588/4059/3598 3596/4067/3606
f 3596/4067/3606 3597/4068/3607 3589/4060/3599
f 3533/4000/3543 3589/4060/3599 3597/4068/3607
f 3589/4060/3599 3533/4000/3543 3587/4058/3597
f 3534/4001/3544 3587/4058/3597 3533/4000/3543
f 3587/4058/3597 3534/4001/3544 3536/4003/3546
f 3536/4003/3546 3586/4057/3596 3587/4058/3597
f 3586/4057/3596 3536/4003/3546 3539/4006/3549
f 3597/4068/3607 3531/3998/3541 3533/4000/3543
f 3582/4053/3592 3598/4069/3608 3583/4054/3593
f 3596/4067/3606 3583/4054/3593 3598/4069/3608
f 3598/4069/3608 3599/4070/3609 3596/4067/3606
f 3597/4068/3607 3596/4067/3606 3599/4070/3609
f 3597/4068/3607 3599/4070/3609 3600/4071/3610
f 3531/3998/3541 3597/4068/3607 3600/4071/3610
f 3600/4071/3610 3601/4072/3611 3531/3998/3541
f 3601/4072/3611 3532/3999/3542 3531/3998/3541
f 3532/3999/3542 3601/4072/3611 3602/4073/3612
f 3603/4074/3613 3602/4073/3612 3601/4072/3611
f 3601/4072/3611 3600/4071/3610 3603/4074/3613
f 3604/4075/3614 3603/4074/3613 3600/4071/3610
f 3599/4070/3609 3604/4075/3614 3600/4071/3610
f 3604/4075/3614 3599/4070/3609 3605/4076/3615
f 3599/4070/3609 3598/4069/3608 3605/4076/3615
f 3606/4077/3616 3605/4076/3615 3598/4069/3608
f 3598/4069/3608 3582/4053/3592 3606/4077/3616
f 3607/4078/3617 3606/4077/3616 3582/4053/3592
f 3582/4053/3592 3575/4046/3585 3607/4078/3617
f 3605/4076/3615 3608/4079/3618 3604/4075/3614
f 3603/4074/3613 3604/4075/3614 3608/4079/3618
f 3608/4079/3618 3609/4080/3619 3603/4074/3613
f 3609/4080/3619 3602/4073/3612 3603/4074/3613
f 3602/4073/3612 3609/4080/3619 3610/4081/3620
f 3611/4082/3621 3575/4046/3585 3574/4045/3584
f 3607/4078/3617 3575/4046/3585 3611/4082/3621
f 3612/4083/3622 3607/4078/3617 3611/4082/3621
f 3607/4078/3617 3612/4083/3622 3606/4077/3616
f 3613/4084/3623 3606/4077/3616 3612/4083/3622
f 3605/4076/3615 3606/4077/3616 3613/4084/3623
f 3613/4084/3623 3614/4085/3624 3605/4076/3615
f 3608/4079/3618 3605/4076/3615 3614/4085/3624
f 3614/4085/3624 3615/4086/3625 3608/4079/3618
f 3609/4080/3619 3608/4079/3618 3615/4086/3625
f 3615/4086/3625 3616/4087/3626 3609/4080/3619
f 3616/4087/3626 3610/4081/3620 3609/4080/3619
f 3610/4081/3620 3616/4087/3626 3617/4088/3627
f 3521/3988/3531 3610/4081/3620 3617/4088/3627
f 3610/4081/3620 3521/3988/3531 3602/4073/3612
f 3522/3989/3532 3602/4073/3612 3521/3988/3531
f 3602/4073/3612 3522/3989/3532 3532/3999/3542
f 3523/3990/3533 3532/3999/3542 3522/3989/3532
f 3618/4089/3628 3619/4090/3629 3620/4091/3630
f 3619/4090/3629 3618/4089/3628 3621/4092/3631
f 3622/4093/3632 3621/4092/3631 3618/4089/3628
f 3617/4088/3627 3621/4092/3631 3622/4093/3632
f 3621/4092/3631 3617/4088/3627 3616/4087/3626
f 3616/4087/3626 3615/4086/3625 3621/4092/3631
f 3619/4090/3629 3621/4092/3631 3615/4086/3625
f 3615/4086/3625 3623/4094/3633 3619/4090/3629
f 3619/4090/3629 3623/4094/3633 3624/4095/3634
f 3625/4096/3635 3626/4097/3636 3627/4098/3637
f 3626/4097/3636 3625/4096/3635 3628/4099/3638
f 3614/4085/3624 3613/4084/3623 3623/4094/3633
f 3623/4094/3633 3615/4086/3625 3614/4085/3624
f 3629/4100/3639 3630/4101/3640 3631/4102/3641
f 3632/4103/3642 3633/4104/3643 3634/4105/3644
f 3635/4106/3645 3634/4105/3644 3633/4104/3643
f 3633/4104/3643 3636/4107/3646 3635/4106/3645
f 3631/4102/3641 3635/4106/3645 3636/4107/3646
f 3636/4107/3646 3626/4097/3636 3631/4102/3641
f 3628/4099/3638 3631/4102/3641 3626/4097/3636
f 3631/4102/3641 3628/4099/3638 3637/4108/3647
f 3638/4109/3648 3637/4108/3647 3628/4099/3638
f 3637/4108/3647 3638/4109/3648 3639/4110/3649
f 3630/4101/3640 3624/4095/3634 3623/4094/3633
f 3623/4094/3633 3631/4102/3641 3630/4101/3640
f 3631/4102/3641 3623/4094/3633 3613/4084/3623
f 3613/4084/3623 3635/4106/3645 3631/4102/3641
f 3612/4083/3622 3635/4106/3645 3613/4084/3623
f 3634/4105/3644 3635/4106/3645 3612/4083/3622
f 3634/4105/3644 3612/4083/3622 3611/4082/3621
f 3574/4045/3584 3634/4105/3644 3611/4082/3621
f 3634/4105/3644 3574/4045/3584 3640/4111/3650
f 3572/4043/3582 3640/4111/3650 3574/4045/3584
f 3640/4111/3650 3572/4043/3582 3632/4103/3642
f 3570/4041/3580 3632/4103/3642 3572/4043/3582
f 3627/4098/3637 3633/4104/3643 3641/4112/3651
f 3633/4104/3643 3627/4098/3637 3636/4107/3646
f 3626/4097/3636 3636/4107/3646 3627/4098/3637
f 3642/4113/3652 3643/4114/3653 3644/4115/3654
f 3643/4114/3653 3645/4116/3655 3646/4117/3656
f 3646/4117/3656 3644/4115/3654 3643/4114/3653
f 3646/4117/3656 3647/4118/3657 3644/4115/3654
f 3648/4119/3658 3644/4115/3654 3647/4118/3657
f 3649/4120/3659 3648/4119/3658 3647/4118/3657
f 3647/4118/3657 3650/4121/3660 3649/4120/3659
f 3651/4122/3661 3649/4120/3659 3650/4121/3660
f 3650/4121/3660 3652/4123/3662 3651/4122/3661
f 3653/4124/3663 3651/4122/3661 3652/4123/3662
f 3652/4123/3662 3654/4125/3664 3653/4124/3663
f 3655/4126/3665 3653/4124/3663 3654/4125/3664
f 3654/4125/3664 3656/4127/3666 3655/4126/3665
f 3657/4128/3667 3655/4126/3665 3656/4127/3666
f 3656/4127/3666 3658/4129/3668 3657/4128/3667
f 3657/4128/3667 3658/4129/3668 3659/4130/3669
f 3659/4130/3669 3660/4131/3670 3657/4128/3667
f 3661/4132/3671 3659/4130/3669 3658/4129/3668
f 3662/4133/3672 3663/4134/3673 3664/4135/3674
f 3664/4135/3674 3665/4136/3675 3662/4133/3672
f 3665/4136/3675 3664/4135/3674 3666/4137/3676
f 3667/4138/3677 3665/4136/3675 3666/4137/3676
f 3665/4136/3675 3667/4138/3677 3668/4139/3678
f 3669/4140/3679 3662/4133/3672 3670/4141/3680
f 3670/4141/3680 3662/4133/3672 3665/4136/3675
f 3670/4141/3680 3665/4136/3675 3671/4142/3681
f 3668/4139/3678 3671/4142/3681 3665/4136/3675
f 3671/4142/3681 3668/4139/3678 3672/4143/3682
f 3673/4144/3683 3672/4143/3682 3668/4139/3678
f 3668/4139/3678 3667/4138/3677 3673/4144/3683
f 3674/4145/3684 3673/4144/3683 3667/4138/3677
f 3672/4143/3682 3673/4144/3683 3675/4146/3685
f 3676/4147/3686 3663/4134/3673 3677/4148/3687
f 3678/4149/3688 3677/4148/3687 3663/4134/3673
f 3663/4134/3673 3662/4133/3672 3678/4149/3688
f 3678/4149/3688 3662/4133/3672 3679/4150/3689
f 3679/4150/3689 3662/4133/3672 3669/4140/3679
f 3669/4140/3679 3680/4151/3690 3679/4150/3689
f 3670/4141/3680 3680/4151/3690 3669/4140/3679
f 3681/4152/3691 3680/4151/3690 3670/4141/3680
f 3671/4142/3681 3681/4152/3691 3670/4141/3680
f 3681/4152/3691 3671/4142/3681 3682/4153/3692
f 3672/4143/3682 3682/4153/3692 3671/4142/3681
f 3682/4153/3692 3672/4143/3682 3683/4154/3693
f 3562/4033/3572 3683/4154/3693 3672/4143/3682
f 3672/4143/3682 3675/4146/3685 3562/4033/3572
f 3557/4028/3567 3562/4033/3572 3675/4146/3685
f 3558/4029/3568 3557/4028/3567 3675/4146/3685
f 3673/4144/3683 3558/4029/3568 3675/4146/3685
f 3558/4029/3568 3673/4144/3683 3561/4032/3571
f 3674/4145/3684 3561/4032/3571 3673/4144/3683
f 3561/4032/3571 3674/4145/3684 3684/4155/3694
f 3679/4150/3689 3677/4148/3687 3678/4149/3688
f 3685/4156/3695 3501/3968/3511 3686/4157/3696
f 3687/4158/3697 3685/4156/3695 3686/4157/3696
f 3676/4147/3686 3685/4156/3695 3687/4158/3697
f 3685/4156/3695 3676/4147/3686 3688/4159/3698
f 3677/4148/3687 3688/4159/3698 3676/4147/3686
f 3688/4159/3698 3677/4148/3687 3689/4160/3699
f 3689/4160/3699 3677/4148/3687 3679/4150/3689
f 3478/3945/3488 3689/4160/3699 3679/4150/3689
f 3679/4150/3689 3680/4151/3690 3478/3945/3488
f 3479/3946/3489 3478/3945/3488 3680/4151/3690
f 3680/4151/3690 3681/4152/3691 3479/3946/3489
f 3556/4027/3566 3479/3946/3489 3681/4152/3691
f 3556/4027/3566 3681/4152/3691 3682/4153/3692
f 3682/4153/3692 3555/4026/3565 3556/4027/3566
f 3683/4154/3693 3555/4026/3565 3682/4153/3692
f 3554/4025/3564 3555/4026/3565 3683/4154/3693
f 3683/4154/3693 3562/4033/3572 3554/4025/3564
f 3553/4024/3563 3554/4025/3564 3562/4033/3572
f 3689/4160/3699 3690/4161/3700 3688/4159/3698
f 3500/3967/3510 3688/4159/3698 3690/4161/3700
f 3688/4159/3698 3500/3967/3510 3685/4156/3695
f 3501/3968/3511 3685/4156/3695 3500/3967/3510
f 3691/4162/3701 3494/3961/3504 3496/3963/3506
f 3496/3963/3506 3692/4163/3702 3691/4162/3701
f 3692/4163/3702 3496/3963/3506 3498/3965/3508
f 3498/3965/3508 3693/4164/3703 3692/4163/3702
f 3500/3967/3510 3693/4164/3703 3498/3965/3508
f 3693/4164/3703 3500/3967/3510 3694/4165/3704
f 3500/3967/3510 3695/4166/3705 3694/4165/3704
f 3696/4167/3706 3694/4165/3704 3695/4166/3705
f 3690/4161/3700 3694/4165/3704 3696/4167/3706
f 3694/4165/3704 3690/4161/3700 3697/4168/3707
f 3690/4161/3700 3689/4160/3699 3697/4168/3707
f 3698/4169/3708 3697/4168/3707 3689/4160/3699
f 3689/4160/3699 3478/3945/3488 3698/4169/3708
f 3480/3947/3490 3698/4169/3708 3478/3945/3488
f 3698/4169/3708 3480/3947/3490 3699/4170/3709
f 3482/3949/3492 3699/4170/3709 3480/3947/3490
f 3699/4170/3709 3482/3949/3492 3700/4171/3710
f 3700/4171/3710 3482/3949/3492 3483/3950/3493
f 3697/4168/3707 3698/4169/3708 3701/4172/3711
f 3701/4172/3711 3693/4164/3703 3697/4168/3707
f 3694/4165/3704 3697/4168/3707 3693/4164/3703
f 3702/4173/3712 3692/4163/3702 3693/4164/3703
f 3693/4164/3703 3701/4172/3711 3702/4173/3712
f 3700/4171/3710 3702/4173/3712 3701/4172/3711
f 3701/4172/3711 3698/4169/3708 3700/4171/3710
f 3699/4170/3709 3700/4171/3710 3698/4169/3708
f 3483/3950/3493 3702/4173/3712 3700/4171/3710
f 3702/4173/3712 3483/3950/3493 3484/3951/3494
f 3484/3951/3494 3692/4163/3702 3702/4173/3712
f 3692/4163/3702 3484/3951/3494 3485/3952/3495
f 3485/3952/3495 3691/4162/3701 3692/4163/3702
f 3691/4162/3701 3485/3952/3495 3486/3953/3496
f 3486/3953/3496 3703/4174/3713 3691/4162/3701
f 3703/4174/3713 3486/3953/3496 3487/3954/3497
f 3487/3954/3497 3704/4175/3714 3703/4174/3713
f 3704/4175/3714 3487/3954/3497 3488/3955/3498
f 3488/3955/3498 3705/4176/3715 3704/4175/3714
f 3538/4177/3548 3705/4176/3715 3488/3955/3498
f 3706/4178/3716 3705/4176/3715 3538/4177/3548
f 3706/4178/3716 3538/4177/3548 3707/4179/3717
f 3707/4179/3717 3708/4180/3718 3706/4178/3716
f 3708/4180/3718 3707/4179/3717 3709/4181/3719
f 3710/4182/3720 3708/4180/3718 3709/4181/3719
f 3709/4181/3719 3711/4183/3721 3710/4182/3720
f 3712/4184/3722 3713/4185/3723 3489/3956/3499
f 3713/4185/3723 3712/4184/3722 3714/4186/3724
f 3715/4187/3725 3713/4185/3723 3714/4186/3724
f 3713/4185/3723 3715/4187/3725 3490/3957/3500
f 3490/3957/3500 3489/3956/3499 3713/4185/3723
f 3716/4188/3726 3490/3957/3500 3715/4187/3725
f 3490/3957/3500 3716/4188/3726 3512/3979/3522
f 3512/3979/3522 3491/3958/3501 3490/3957/3500
f 3717/4189/3727 3691/4162/3701 3703/4174/3713
f 3703/4174/3713 3718/4190/3728 3717/4189/3727
f 3718/4190/3728 3703/4174/3713 3704/4175/3714
f 3704/4175/3714 3719/4191/3729 3718/4190/3728
f 3719/4191/3729 3704/4175/3714 3705/4176/3715
f 3705/4176/3715 3720/4192/3730 3719/4191/3729
f 3720/4192/3730 3705/4176/3715 3706/4178/3716
f 3718/4190/3728 3719/4191/3729 3717/4189/3727
f 3508/3975/3518 3506/3973/3516 3512/3979/3522
f 3512/3979/3522 3721/4193/3731 3508/3975/3518
f 3721/4193/3731 3512/3979/3522 3722/4194/3732
f 3722/4194/3732 3512/3979/3522 3716/4188/3726
f 3716/4188/3726 3723/4195/3733 3722/4194/3732
f 3723/4195/3733 3716/4188/3726 3724/4196/3734
f 3715/4187/3725 3724/4196/3734 3716/4188/3726
f 3724/4196/3734 3715/4187/3725 3708/4180/3718
f 3714/4186/3724 3708/4180/3718 3715/4187/3725
f 3714/4186/3724 3706/4178/3716 3708/4180/3718
f 3706/4178/3716 3714/4186/3724 3712/4184/3722
f 3712/4184/3722 3720/4192/3730 3706/4178/3716
f 3720/4192/3730 3712/4184/3722 3489/3956/3499
f 3489/3956/3499 3719/4191/3729 3720/4192/3730
f 3719/4191/3729 3489/3956/3499 3492/3959/3502
f 3492/3959/3502 3717/4189/3727 3719/4191/3729
f 3717/4189/3727 3492/3959/3502 3494/3961/3504
f 3494/3961/3504 3691/4162/3701 3717/4189/3727
f 3708/4180/3718 3710/4182/3720 3724/4196/3734
f 3725/4197/3735 3724/4196/3734 3710/4182/3720
f 3724/4196/3734 3725/4197/3735 3723/4195/3733
f 3725/4197/3735 3710/4182/3720 3711/4183/3721
f 3711/4183/3721 3726/4198/3736 3725/4197/3735
f 3725/4197/3735 3726/4198/3736 3723/4195/3733
f 3727/4199/3737 3723/4195/3733 3726/4198/3736
f 3723/4195/3733 3727/4199/3737 3722/4194/3732
f 3728/4200/3738 3722/4194/3732 3727/4199/3737
f 3722/4194/3732 3728/4200/3738 3721/4193/3731
f 3721/4193/3731 3728/4200/3738 3729/4201/3739
f 3729/4201/3739 3508/3975/3518 3721/4193/3731
f 3730/4202/3740 3508/3975/3518 3729/4201/3739
f 3508/3975/3518 3730/4202/3740 3507/3974/3517
f 3731/4203/3741 3507/3974/3517 3730/4202/3740
f 3731/4203/3741 3505/3972/3515 3507/3974/3517
f 3505/3972/3515 3731/4203/3741 3732/4204/3742
f 3732/4204/3742 3503/3970/3513 3505/3972/3515
f 3503/3970/3513 3732/4204/3742 3733/4205/3743
f 3733/4205/3743 3501/3968/3511 3503/3970/3513
f 3686/4157/3696 3501/3968/3511 3733/4205/3743
f 3711/4183/3721 3709/4181/3719 3734/4206/3744
f 3734/4206/3744 3709/4181/3719 3525/4207/3535
f 3525/4207/3535 3709/4181/3719 3535/4208/3545
f 3535/4208/3545 3709/4181/3719 3707/4179/3717
f 3707/4179/3717 3537/4209/3547 3535/4208/3545
f 3537/4209/3547 3707/4179/3717 3538/4177/3548
f 3526/4210/3536 3527/4211/3537 3525/4207/3535
f 3525/4207/3535 3527/4211/3537 3734/4206/3744
f 3735/4212/3745 3734/4206/3744 3527/4211/3537
f 3734/4206/3744 3735/4212/3745 3711/4183/3721
f 3711/4183/3721 3735/4212/3745 3736/4213/3746
f 3736/4213/3746 3726/4198/3736 3711/4183/3721
f 3726/4198/3736 3736/4213/3746 3727/4199/3737
f 3736/4213/3746 3737/4214/3747 3727/4199/3737
f 3738/4215/3748 3727/4199/3737 3737/4214/3747
f 3727/4199/3737 3738/4215/3748 3728/4200/3738
f 3739/4216/3749 3728/4200/3738 3738/4215/3748
f 3729/4201/3739 3728/4200/3738 3739/4216/3749
f 3737/4214/3747 3736/4213/3746 3740/4217/3750
f 3740/4217/3750 3736/4213/3746 3741/4218/3751
f 3736/4213/3746 3742/4219/3752 3741/4220/3751
f 3742/4219/3752 3736/4213/3746 3735/4212/3745
f 3735/4212/3745 3528/4221/3538 3742/4219/3752
f 3528/4221/3538 3735/4212/3745 3527/4211/3537
f 3743/4222/3753 3744/4223/3754 3745/4224/3755
f 3746/4225/3756 3745/4224/3755 3744/4223/3754
f 3744/4223/3754 3747/4226/3757 3746/4225/3756
f 3747/4226/3757 3748/4227/3758 3746/4225/3756
f 3749/4228/3759 3750/4229/3760 3751/4230/3761
f 3752/4231/3762 3750/4229/3760 3749/4228/3759
f 3751/4230/3761 3753/4232/3763 3754/4233/3764
f 3750/4229/3760 3755/4234/3765 3751/4230/3761
f 3755/4234/3765 3753/4232/3763 3751/4230/3761
f 3752/4231/3762 3756/4235/3766 3750/4229/3760
f 3756/4235/3766 3755/4234/3765 3750/4229/3760
f 3757/4236/3767 3756/4235/3766 3752/4231/3762
f 3749/4228/3759 3758/4237/3768 3752/4231/3762
f 3758/4237/3768 3757/4236/3767 3752/4231/3762
f 3759/4238/3769 3758/4237/3768 3749/4228/3759
f 3760/4239/3770 3759/4238/3769 3749/4228/3759
f 3761/4240/3771 3760/4239/3770 3749/4228/3759
f 3751/4230/3761 3761/4240/3771 3749/4228/3759
f 3754/4233/3764 3761/4240/3771 3751/4230/3761
f 3756/4235/3766 3757/4236/3767 3762/4241/3772
f 3755/4234/3765 3756/4235/3766 3762/4241/3772
f 3762/4241/3772 3757/4236/3767 3763/4242/3773
f 3763/4242/3773 3764/4243/3774 3762/4241/3772
f 3764/4243/3774 3755/4234/3765 3762/4241/3772
f 3755/4234/3765 3765/4244/3775 3753/4232/3763
f 3766/4245/3776 3765/4244/3775 3755/4234/3765
f 3764/4243/3774 3766/4245/3776 3755/4234/3765
f 3767/4246/3777 3766/4245/3776 3764/4243/3774
f 3763/4242/3773 3767/4246/3777 3764/4243/3774
f 3768/4247/3778 3767/4246/3777 3763/4242/3773
f 3767/4246/3777 3768/4247/3778 3766/4245/3776
f 3769/4248/3779 3768/4247/3778 3763/4242/3773
f 3770/4249/3780 3768/4247/3778 3769/4248/3779
f 3771/4250/3781 3768/4247/3778 3770/4249/3780
f 3768/4247/3778 3771/4250/3781 3766/4245/3776
f 3766/4245/3776 3771/4250/3781 3772/4251/3782
f 3772/4251/3782 3771/4250/3781 3770/4249/3780
f 3766/4245/3776 3772/4251/3782 3773/4252/3783
f 3773/4252/3783 3765/4244/3775 3766/4245/3776
f 3774/4253/3784 3765/4244/3775 3773/4252/3783
f 3775/4254/3785 3774/4253/3784 3773/4252/3783
f 3776/4255/3786 3774/4253/3784 3775/4254/3785
f 3777/4256/3787 3776/4255/3786 3775/4254/3785
f 3778/4257/3788 3777/4256/3787 3775/4254/3785
f 3779/4258/3789 3777/4256/3787 3778/4257/3788
f 3780/4259/3790 3779/4258/3789 3778/4257/3788
f 3781/4260/3791 3780/4259/3790 3778/4257/3788
f 3782/4261/3792 3781/4260/3791 3778/4257/3788
f 3783/4262/3793 3781/4260/3791 3782/4261/3792
f 3784/4263/3794 3783/4262/3793 3782/4261/3792
f 3785/4264/3795 3783/4262/3793 3784/4263/3794
f 3770/4249/3780 3783/4262/3793 3785/4264/3795
f 3773/4252/3783 3772/4251/3782 3785/4264/3795
f 3784/4263/3794 3773/4252/3783 3785/4264/3795
f 3772/4251/3782 3770/4249/3780 3785/4264/3795
f 3786/4265/3796 3773/4252/3783 3784/4263/3794
f 3775/4254/3785 3786/4265/3796 3778/4257/3788
f 3782/4261/3792 3786/4265/3796 3784/4263/3794
f 3778/4257/3788 3786/4265/3796 3782/4261/3792
f 3773/4252/3783 3786/4265/3796 3775/4254/3785
f 3787/4266/3797 3788/4267/3798 3789/4268/3799
f 3790/4269/3800 3788/4267/3798 3787/4266/3797
f 3791/4270/3801 3790/4269/3800 3787/4266/3797
f 3792/4271/3802 3790/4269/3800 3791/4270/3801
f 3790/4269/3800 3793/4272/3803 3794/4273/3804
f 3792/4271/3802 3793/4272/3803 3790/4269/3800
f 3795/4274/3805 3793/4272/3803 3792/4271/3802
f 3791/4270/3801 3796/4275/3806 3792/4271/3802
f 3796/4275/3806 3795/4274/3805 3792/4271/3802
f 3797/4276/3807 3796/4275/3806 3791/4270/3801
f 3787/4266/3797 3798/4277/3808 3791/4270/3801
f 3798/4277/3808 3797/4276/3807 3791/4270/3801
f 3789/4268/3799 3799/4278/3809 3787/4266/3797
f 3799/4278/3809 3798/4277/3808 3787/4266/3797
f 3800/4279/3810 3799/4278/3809 3789/4268/3799
f 3801/4280/3811 3797/4276/3807 3802/4281/3812
f 3796/4275/3806 3797/4276/3807 3801/4280/3811
f 3795/4274/3805 3796/4275/3806 3801/4280/3811
f 3793/4272/3803 3795/4274/3805 3803/4282/3813
f 3794/4273/3804 3793/4272/3803 3803/4282/3813
f 3803/4282/3813 3795/4274/3805 3801/4280/3811
f 3804/4283/3814 3794/4273/3804 3803/4282/3813
f 3805/4284/3815 3794/4273/3804 3804/4283/3814
f 3806/4285/3816 3805/4284/3815 3804/4283/3814
f 3807/4286/3817 3806/4285/3816 3804/4283/3814
f 3808/4287/3818 3806/4285/3816 3807/4286/3817
f 3809/4288/3819 3808/4287/3818 3807/4286/3817
f 3810/4289/3820 3808/4287/3818 3809/4288/3819
f 3806/4285/3816 3808/4287/3818 3811/4290/3821
f 3811/4290/3821 3808/4287/3818 3810/4289/3820
f 3803/4282/3813 3801/4280/3811 3812/4291/3822
f 3802/4281/3812 3812/4291/3822 3801/4280/3811
f 3813/4292/3823 3803/4282/3813 3812/4291/3822
f 3813/4292/3823 3812/4291/3822 3802/4281/3812
f 3804/4283/3814 3803/4282/3813 3813/4292/3823
f 3814/4293/3824 3804/4283/3814 3813/4292/3823
f 3815/4294/3825 3804/4283/3814 3814/4293/3824
f 3807/4286/3817 3804/4283/3814 3815/4294/3825
f 3816/4295/3826 3807/4286/3817 3815/4294/3825
f 3817/4296/3827 3807/4286/3817 3816/4295/3826
f 3809/4288/3819 3807/4286/3817 3817/4296/3827
f 3818/4297/3828 3809/4288/3819 3817/4296/3827
f 3810/4289/3820 3809/4288/3819 3818/4297/3828
f 3811/4290/3821 3810/4289/3820 3819/4298/3829
f 3819/4298/3829 3810/4289/3820 3818/4297/3828
f 3820/4299/3830 3811/4290/3821 3819/4298/3829
f 3821/4300/3831 3811/4290/3821 3820/4299/3830
f 3822/4301/3832 3821/4300/3831 3820/4299/3830
f 3823/4302/3833 3822/4301/3832 3820/4299/3830
f 3824/4303/3834 3822/4301/3832 3823/4302/3833
f 3825/4304/3835 3813/4292/3823 3802/4281/3812
f 3815/4294/3825 3814/4293/3824 3825/4304/3835
f 3814/4293/3824 3813/4292/3823 3825/4304/3835
f 3826/4305/3836 3815/4294/3825 3825/4304/3835
f 3816/4295/3826 3815/4294/3825 3826/4305/3836
f 3817/4296/3827 3816/4295/3826 3826/4305/3836
f 3818/4297/3828 3817/4296/3827 3827/4306/3837
f 3819/4298/3829 3818/4297/3828 3827/4306/3837
f 3827/4306/3837 3817/4296/3827 3826/4305/3836
f 3820/4299/3830 3819/4298/3829 3828/4307/3838
f 3823/4302/3833 3820/4299/3830 3828/4307/3838
f 3828/4307/3838 3819/4298/3829 3827/4306/3837
f 3829/4308/3839 3823/4302/3833 3828/4307/3838
f 3830/4309/3840 3823/4302/3833 3829/4308/3839
f 3798/4277/3808 3799/4278/3809 3831/4310/3841
f 3831/4310/3841 3799/4278/3809 3832/4311/3842
f 3797/4276/3807 3798/4277/3808 3833/4312/3843
f 3833/4312/3843 3798/4277/3808 3831/4310/3841
f 3834/4313/3844 3797/4276/3807 3833/4312/3843
f 3802/4281/3812 3797/4276/3807 3834/4313/3844
f 3825/4304/3835 3802/4281/3812 3835/4314/3845
f 3826/4305/3836 3825/4304/3835 3835/4314/3845
f 3835/4314/3845 3802/4281/3812 3834/4313/3844
f 3836/4315/3846 3826/4305/3836 3835/4314/3845
f 3827/4306/3837 3826/4305/3836 3836/4315/3846
f 3828/4307/3838 3827/4306/3837 3837/4316/3847
f 3829/4308/3839 3828/4307/3838 3837/4316/3847
f 3837/4316/3847 3827/4306/3837 3836/4315/3846
f 3838/4317/3848 3839/4318/3849 3840/4319/3850
f 3841/4320/3851 3839/4318/3849 3838/4317/3848
f 3842/4321/3852 3841/4320/3851 3838/4317/3848
f 3843/4322/3853 3841/4320/3851 3842/4321/3852
f 3844/4323/3854 3843/4322/3853 3842/4321/3852
f 3845/4324/3855 3844/4323/3854 3842/4321/3852
f 3838/4317/3848 3845/4324/3855 3842/4321/3852
f 3840/4319/3850 3846/4325/3856 3838/4317/3848
f 3846/4325/3856 3845/4324/3855 3838/4317/3848
f 3844/4323/3854 3845/4324/3855 3821/4326/3831
f 3821/4326/3831 3845/4324/3855 3811/4327/3821
f 3847/4328/3857 3844/4323/3854 3821/4326/3831
f 3843/4322/3853 3844/4323/3854 3788/4329/3798
f 3788/4329/3798 3844/4323/3854 3847/4328/3857
f 3790/4330/3800 3843/4322/3853 3788/4329/3798
f 3794/4331/3804 3843/4322/3853 3790/4330/3800
f 3841/4320/3851 3843/4322/3853 3794/4331/3804
f 3839/4318/3849 3841/4320/3851 3794/4331/3804
f 3840/4319/3850 3839/4318/3849 3848/4332/3858
f 3848/4332/3858 3839/4318/3849 3794/4331/3804
f 3849/4333/3859 3840/4319/3850 3848/4332/3858
f 3850/4334/3860 3840/4319/3850 3849/4333/3859
f 3846/4325/3856 3840/4319/3850 3850/4334/3860
f 3845/4324/3855 3846/4325/3856 3806/4335/3816
f 3806/4335/3816 3846/4325/3856 3850/4334/3860
f 3811/4327/3821 3845/4324/3855 3806/4335/3816
f 3851/4336/3861 3852/4337/3862 3853/4338/3863
f 3853/4338/3863 3854/4339/3864 3851/4336/3861
f 3854/4339/3864 3855/4340/3865 3851/4336/3861
f 3854/4339/3864 3853/4338/3863 3856/4341/3866
f 3857/4342/3867 3855/4340/3865 3858/4343/3868
f 3851/4336/3861 3855/4340/3865 3857/4342/3867
f 3857/4342/3867 3859/4344/3869 3851/4336/3861
f 3860/4345/3870 3852/4337/3862 3851/4336/3861
f 3859/4344/3869 3860/4345/3870 3851/4336/3861
f 3861/4346/3871 3852/4337/3862 3862/4347/3872
f 3862/4347/3872 3852/4337/3862 3860/4345/3870
f 3852/4337/3862 3861/4346/3871 3853/4338/3863
f 3853/4338/3863 3861/4346/3871 3863/4348/3873
f 3855/4340/3865 3854/4339/3864 3858/4343/3868
f 3858/4343/3868 3854/4339/3864 3856/4341/3866
f 3863/4348/3873 3861/4346/3871 3862/4347/3872
f 3856/4341/3866 3853/4338/3863 3864/4349/3874
f 3853/4338/3863 3863/4348/3873 3864/4349/3874
f 3865/4350/3875 3866/4351/3876 3860/4345/3870
f 3867/4352/3877 3868/4353/3878 3857/4342/3867
f 3858/4343/3868 3867/4352/3877 3857/4342/3867
f 3869/4354/3879 3867/4352/3877 3858/4343/3868
f 3862/4347/3872 3870/4355/3880 3863/4348/3873
f 3860/4345/3870 3870/4355/3880 3862/4347/3872
f 3866/4351/3876 3870/4355/3880 3860/4345/3870
f 3856/4341/3866 3869/4354/3879 3858/4343/3868
f 3863/4348/3873 3871/4356/3881 3872/4357/3882
f 3870/4355/3880 3871/4356/3881 3863/4348/3873
f 3873/4358/3883 3874/4359/3884 3856/4341/3866
f 3874/4359/3884 3869/4354/3879 3856/4341/3866
f 3875/4360/3885 3876/4361/3886 3877/4362/3887
f 3876/4361/3886 3878/4363/3888 3877/4362/3887
f 3879/4364/3889 3877/4362/3887 3878/4363/3888
f 3878/4363/3888 3880/4365/3890 3879/4364/3889
f 3881/4366/3891 3879/4364/3889 3880/4365/3890
f 3880/4365/3890 3882/4367/3892 3881/4366/3891
f 3883/4368/3893 3881/4366/3891 3882/4367/3892
f 3882/4367/3892 3884/4369/3894 3883/4368/3893
f 3885/4370/3895 3883/4368/3893 3884/4369/3894
f 3884/4369/3894 3886/4371/3896 3885/4370/3895
f 3887/4372/3897 3885/4370/3895 3886/4371/3896
f 3886/4371/3896 3888/4373/3898 3887/4372/3897
o hair.005
v -0.077094 1.777892 -0.050336
v -0.054921 1.792097 -0.084914
v -0.071134 1.746470 -0.054904
v -0.045635 1.755283 -0.081261
v -0.063223 1.721699 -0.062960
v -0.036694 1.733751 -0.083501
v -0.050316 1.703193 -0.081944
v -0.024825 1.716585 -0.095418
v -0.036651 1.820115 0.133269
v -0.057682 1.814688 0.111977
v -0.067081 1.796169 0.108404
v -0.042142 1.842275 0.114778
v -0.071952 1.786959 0.104975
v -0.068588 1.759346 0.110242
v -0.048732 1.771448 0.121547
v -0.025948 1.794768 0.130259
v -0.005673 1.829925 0.131869
v -0.006229 1.865838 0.127103
v -0.037243 1.857714 0.114975
v 0.010384 1.860029 0.126497
v -0.029045 1.775360 0.135767
v -0.014420 1.767301 0.138727
v -0.020185 1.797705 0.139654
v -0.001622 1.787758 0.141202
v -0.011752 1.817220 0.139158
v 0.010190 1.804575 0.140894
v 0.014268 1.827941 0.140222
v 0.001692 1.842845 0.134778
v 0.023839 1.853319 0.132085
v 0.028281 1.827270 0.131007
v 0.039449 1.847884 0.119689
v 0.042260 1.861002 0.110133
v -0.088348 1.759065 -0.026894
v -0.087535 1.769668 -0.026640
v -0.094993 1.784648 -0.027727
v -0.064894 1.724771 0.028400
v -0.071880 1.735004 0.001533
v -0.075922 1.711548 0.005645
v -0.090600 1.777533 0.012767
v -0.077592 1.698974 0.046392
v -0.085361 1.692515 0.020135
v -0.065806 1.710795 0.063513
v -0.067530 1.723943 0.051478
v -0.069615 1.745956 0.052041
v -0.088404 1.783331 0.041141
v -0.073648 1.782358 0.059554
v 0.075115 1.695166 0.016855
v 0.072306 1.726829 0.009201
v 0.064749 1.697526 0.036338
v 0.059956 1.708371 0.031437
v 0.071333 1.742463 0.033060
v 0.087231 1.769992 0.026206
v 0.098223 1.787070 0.007134
v 0.077680 1.796541 -0.037827
v 0.068908 1.743755 -0.010640
v 0.066822 1.710512 -0.006828
v 0.070642 1.689744 0.001711
v -0.063342 1.732594 0.078127
v -0.058405 1.737677 0.095449
v -0.074232 1.756654 0.073731
v -0.070844 1.788740 0.099599
v -0.064101 1.786249 0.105258
v -0.061958 1.806749 0.110305
v -0.068330 1.757704 0.092349
v -0.085518 1.785134 0.071677
v -0.052952 1.742556 0.105304
v -0.063670 1.765439 0.103017
v 0.059124 1.716133 -0.029328
v 0.058821 1.687301 -0.029522
v 0.043789 1.695682 -0.065680
v 0.046628 1.717286 -0.058901
v 0.064009 1.738154 -0.035278
v 0.049141 1.741194 -0.060448
v 0.069541 1.739022 -0.001327
v 0.063766 1.711812 -0.032666
v 0.066813 1.720226 0.003328
v 0.069284 1.693810 -0.025443
v 0.068974 1.704462 0.008808
v 0.082382 1.679278 -0.010220
v 0.075865 1.691033 0.019654
v 0.056304 1.722146 0.093531
v 0.066504 1.714534 0.081502
v 0.065013 1.737870 0.084003
v 0.068722 1.737602 0.060953
v 0.073475 1.763308 0.072511
v 0.074755 1.780696 0.093553
v 0.095086 1.778095 0.081055
v 0.073098 1.810007 0.083148
v 0.095830 1.779933 0.039069
v 0.069174 1.738775 0.043678
v 0.075873 1.719163 0.054793
v 0.072767 1.705493 0.059689
v 0.078607 1.719886 0.056356
v 0.099203 1.703638 0.037552
v 0.063455 1.722490 0.041580
v 0.082326 1.712835 0.023927
v 0.064402 1.737607 0.039183
v 0.071272 1.729211 0.016156
v -0.065924 1.741359 -0.021350
v -0.048334 1.740281 -0.058670
v -0.061670 1.715285 -0.021433
v -0.047118 1.719151 -0.055474
v -0.044485 1.699352 -0.065245
v -0.067784 1.686211 -0.026811
v -0.048334 1.740281 -0.058670
v -0.033116 1.738790 -0.075801
v -0.047118 1.719151 -0.055474
v -0.030713 1.717895 -0.072468
v -0.041452 1.701942 -0.063458
v -0.031417 1.694167 -0.073849
v -0.005710 1.693947 -0.081643
v -0.031417 1.694167 -0.073849
v -0.006260 1.718345 -0.080173
v -0.030713 1.717895 -0.072468
v -0.007430 1.741968 -0.081836
v 0.021250 1.692877 -0.082944
v -0.003872 1.695370 -0.083538
v 0.020455 1.716766 -0.076556
v -0.006260 1.718345 -0.080173
v 0.018123 1.741703 -0.078446
v -0.067784 1.686211 -0.026811
v -0.066170 1.685458 0.003804
v -0.061670 1.715285 -0.021433
v -0.060155 1.712109 0.006984
v -0.065924 1.741359 -0.021350
v -0.062589 1.735317 0.001430
v -0.092528 1.726931 -0.064987
v -0.083376 1.720640 -0.060743
v -0.085443 1.740432 -0.070414
v -0.078261 1.736754 -0.061586
v -0.087928 1.764849 -0.071821
v -0.085035 1.765649 -0.053131
v -0.090701 1.786403 -0.049810
v -0.086533 1.787870 -0.068523
v -0.007837 1.789440 -0.105581
v 0.001092 1.768009 -0.121800
v -0.014696 1.777891 -0.112793
v 0.010884 1.794656 -0.110271
v 0.025883 1.761997 -0.107063
v 0.011455 1.742953 -0.116361
v -0.006822 1.735623 -0.128508
v -0.016670 1.755930 -0.132353
v -0.024750 1.770730 -0.120982
v 0.031755 1.788758 -0.095661
v 0.084583 1.751402 -0.078741
v 0.096753 1.757632 -0.078040
v 0.075738 1.768888 -0.085147
v 0.085580 1.772603 -0.091447
v 0.073517 1.788003 -0.085021
v 0.074463 1.789135 -0.095467
v 0.069640 1.814772 -0.078878
v 0.064898 1.815206 -0.089030
v 0.028538 1.919983 0.046538
v 0.029640 1.912313 0.068602
v 0.047016 1.926740 0.042467
v 0.048238 1.918374 0.066014
v 0.067565 1.921507 0.039104
v 0.067632 1.913159 0.062378
v 0.087955 1.903365 0.036402
v 0.085696 1.897189 0.059718
v 0.098080 1.877960 0.034414
v 0.097802 1.871926 0.057339
v 0.086810 1.750055 0.088447
v 0.079242 1.738617 0.083540
v 0.074721 1.756296 0.099245
v 0.067823 1.751518 0.093770
v 0.072164 1.766811 0.102390
v 0.064536 1.766289 0.096879
v 0.071504 1.783405 0.107607
v 0.068403 1.784503 0.098490
v 0.074154 1.807486 0.106847
v 0.075022 1.802675 0.101969
v 0.073063 1.824096 0.098433
v 0.075671 1.820223 0.104170
v 0.078066 1.847979 0.092106
v 0.071995 1.840416 0.098959
v 0.066622 1.872206 0.088771
v 0.059721 1.855440 0.094845
v 0.020406 1.694543 -0.078376
v 0.020455 1.716766 -0.076556
v 0.043789 1.695682 -0.065680
v 0.046628 1.717286 -0.058901
v 0.018123 1.741703 -0.078446
v 0.049141 1.741194 -0.060448
v 0.098223 1.787070 0.007134
v 0.109113 1.753275 0.014675
v 0.102305 1.765056 0.002299
v 0.106518 1.787073 0.023549
v 0.096009 1.750602 0.033304
v 0.095830 1.779933 0.039069
v -0.054921 1.792097 -0.084914
v -0.031569 1.797018 -0.104043
v -0.056322 1.770108 -0.086896
v -0.034947 1.762085 -0.107196
v -0.007837 1.789440 -0.105581
v -0.010102 1.758350 -0.103444
v -0.019197 1.729533 -0.093218
v -0.043670 1.737418 -0.098631
v -0.063215 1.750055 -0.079981
v 0.027627 1.804300 0.131994
v 0.040705 1.795790 0.123162
v 0.048440 1.834368 0.127132
v 0.062365 1.825833 0.115007
v 0.058990 1.864163 0.115459
v 0.072703 1.856332 0.103181
v 0.053398 1.892170 0.096156
v 0.067409 1.883049 0.084371
v 0.052047 1.906849 0.066418
v 0.036316 1.912400 0.075056
v -0.088095 1.787212 0.069623
v -0.081149 1.748702 0.032204
v -0.089800 1.759493 0.062568
v -0.104967 1.791041 0.047305
v -0.102447 1.791677 0.026411
v -0.104971 1.774058 0.020738
v -0.098873 1.760257 0.012512
v 0.017263 1.722884 -0.082751
v 0.026931 1.738166 -0.091052
v 0.042577 1.715740 -0.079316
v 0.057160 1.745473 -0.089363
v 0.032290 1.760094 -0.096360
v 0.031755 1.788758 -0.095661
v 0.056859 1.789183 -0.092235
v 0.075344 1.786476 -0.071832
v 0.072691 1.759358 -0.068843
v 0.065455 1.729818 -0.063281
v 0.057373 1.711818 -0.058118
v 0.076990 1.735453 -0.086348
v 0.076990 1.747221 -0.078298
v 0.092315 1.733268 -0.086076
v 0.091958 1.747997 -0.068554
v 0.077718 1.757237 -0.075928
v 0.083684 1.790220 -0.060335
v 0.077680 1.796541 -0.037827
v 0.092580 1.742352 -0.053942
v 0.095823 1.731978 -0.057608
v 0.098223 1.721955 -0.069718
v -0.097245 1.868963 0.044654
v -0.085715 1.877218 0.073987
v -0.079107 1.911698 0.028464
v -0.068557 1.914985 0.061707
v -0.052670 1.934393 0.018304
v -0.041840 1.937286 0.051404
v -0.027777 1.940806 0.013264
v -0.016385 1.945178 0.045549
v -0.005206 1.936877 0.011007
v 0.004705 1.941231 0.040269
v 0.012999 1.927842 0.009082
v 0.022660 1.923654 0.032269
vt 0.415600 0.499775
vt 0.324800 0.524976
vt 0.404800 0.398576
vt 0.306800 0.429375
vt 0.375400 0.323376
vt 0.279000 0.356976
vt 0.323800 0.264175
vt 0.239800 0.302975
vt 0.110400 0.482175
vt 0.021800 0.441776
vt 0.007600 0.364176
vt 0.042600 0.553776
vt 0.000800 0.293376
vt 0.108600 0.240976
vt 0.137000 0.317776
vt 0.170800 0.410576
vt 0.203800 0.553376
vt 0.133000 0.649376
vt 0.054600 0.629776
vt 0.209000 0.682976
vt 0.155200 0.348976
vt 0.241600 0.323376
vt 0.174000 0.423376
vt 0.267600 0.394175
vt 0.192000 0.496175
vt 0.292400 0.464575
vt 0.269600 0.551775
vt 0.209000 0.570176
vt 0.273400 0.651776
vt 0.325200 0.554576
vt 0.351200 0.660576
vt 0.351600 0.757776
vt 0.528800 0.383375
vt 0.603600 0.416176
vt 0.594800 0.494576
vt 0.895600 0.799776
vt 0.799600 0.838176
vt 0.806600 0.738576
vt 0.814800 0.928576
vt 0.919800 0.675776
vt 0.845400 0.653776
vt 0.990600 0.701376
vt 0.975200 0.772976
vt 0.972000 0.844575
vt 0.903600 0.963376
vt 0.980800 0.965376
vt 0.628400 0.207375
vt 0.670400 0.290576
vt 0.575400 0.244176
vt 0.609800 0.275376
vt 0.627200 0.347376
vt 0.684600 0.404576
vt 0.631400 0.414176
vt 0.743400 0.395776
vt 0.742200 0.301376
vt 0.721000 0.231376
vt 0.678600 0.178975
vt 0.387800 0.025776
vt 0.453400 0.046576
vt 0.363400 0.116175
vt 0.426400 0.196575
vt 0.492800 0.204576
vt 0.501400 0.263776
vt 0.424000 0.121376
vt 0.362400 0.200575
vt 0.508600 0.062176
vt 0.489000 0.137776
vt 0.467800 0.386176
vt 0.475000 0.288575
vt 0.244600 0.290976
vt 0.288400 0.418975
vt 0.466400 0.472976
vt 0.327400 0.534576
vt 0.601600 0.496175
vt 0.460000 0.418176
vt 0.595400 0.436575
vt 0.463800 0.349376
vt 0.608000 0.388576
vt 0.497000 0.298575
vt 0.631200 0.332176
vt 0.009800 0.750175
vt 0.065800 0.705376
vt 0.026000 0.788976
vt 0.113400 0.798576
vt 0.052000 0.852576
vt 0.063600 0.919776
vt 0.145400 0.910176
vt 0.066400 0.992576
vt 0.213200 0.908976
vt 0.206600 0.820976
vt 0.183600 0.739776
vt 0.148800 0.686575
vt 0.538000 0.059375
vt 0.419600 0.004976
vt 0.507400 0.122176
vt 0.380800 0.083376
vt 0.511800 0.260976
vt 0.366200 0.226976
vt 0.624200 0.417376
vt 0.765600 0.412175
vt 0.631200 0.341775
vt 0.775000 0.346976
vt 0.764000 0.190175
vt 0.593000 0.240976
vt 0.338600 0.972976
vt 0.462600 0.977776
vt 0.346200 0.886576
vt 0.451200 0.892176
vt 0.373400 0.792976
vt 0.465800 0.799776
vt 0.610600 0.777775
vt 0.477800 0.768576
vt 0.591400 0.845776
vt 0.458200 0.858975
vt 0.571800 0.984176
vt 0.746000 0.912976
vt 0.610400 0.844975
vt 0.700600 0.959776
vt 0.582400 0.916576
vt 0.677000 1.000176
vt 0.376000 0.769376
vt 0.232600 0.746176
vt 0.334200 0.850976
vt 0.216000 0.829776
vt 0.320000 0.919376
vt 0.214800 0.905776
vt 0.394800 0.304176
vt 0.452200 0.300976
vt 0.411000 0.386176
vt 0.457000 0.383775
vt 0.415400 0.447375
vt 0.457400 0.445776
vt 0.458600 0.511776
vt 0.419800 0.516976
vt 0.676200 0.999776
vt 0.649400 0.932976
vt 0.689600 0.964176
vt 0.630200 0.995776
vt 0.587600 0.919776
vt 0.622000 0.871776
vt 0.669200 0.846176
vt 0.695400 0.898576
vt 0.718600 0.943776
vt 0.575400 0.991776
vt 0.688400 0.624976
vt 0.738200 0.623375
vt 0.689200 0.713376
vt 0.739600 0.713376
vt 0.688200 0.780976
vt 0.739800 0.781776
vt 0.696600 0.842976
vt 0.737400 0.841375
vt 0.982000 0.641376
vt 0.849600 0.640176
vt 0.982000 0.528175
vt 0.849800 0.528175
vt 0.980400 0.412976
vt 0.851400 0.412976
vt 0.980400 0.302576
vt 0.851400 0.299776
vt 0.977400 0.180176
vt 0.850000 0.178576
vt 0.769600 0.168176
vt 0.838800 0.167376
vt 0.767600 0.228175
vt 0.838800 0.230176
vt 0.767600 0.293376
vt 0.838800 0.293376
vt 0.766600 0.360176
vt 0.837800 0.360176
vt 0.766600 0.426175
vt 0.838600 0.430976
vt 0.842400 0.507776
vt 0.765600 0.498576
vt 0.841000 0.577376
vt 0.766600 0.573776
vt 0.829000 0.661776
vt 0.767000 0.662576
vt 0.432000 0.544176
vt 0.392400 0.626975
vt 0.578200 0.582176
vt 0.541400 0.653376
vt 0.388200 0.722176
vt 0.529400 0.722576
vt 0.315200 0.915776
vt 0.279000 0.827776
vt 0.318400 0.867776
vt 0.262200 0.915776
vt 0.219400 0.830176
vt 0.220800 0.908576
vt 0.526000 0.715776
vt 0.447200 0.718976
vt 0.532600 0.655376
vt 0.456400 0.633376
vt 0.377200 0.716976
vt 0.383600 0.618976
vt 0.403200 0.558176
vt 0.480200 0.572576
vt 0.557200 0.600576
vt 0.857000 0.175376
vt 0.964600 0.178576
vt 0.860400 0.307376
vt 0.977600 0.326976
vt 0.853600 0.418575
vt 0.984600 0.434176
vt 0.855000 0.530976
vt 0.980200 0.548576
vt 0.965400 0.650576
vt 0.859600 0.642976
vt 0.360400 0.211776
vt 0.243000 0.120576
vt 0.336200 0.134576
vt 0.282400 0.212976
vt 0.221000 0.219776
vt 0.197800 0.178176
vt 0.179400 0.132976
vt 0.609800 0.802976
vt 0.591400 0.849776
vt 0.536000 0.781375
vt 0.508400 0.862976
vt 0.578400 0.910576
vt 0.569800 0.990576
vt 0.502200 0.978576
vt 0.455000 0.984176
vt 0.448600 0.898976
vt 0.457400 0.818176
vt 0.474400 0.762976
vt 0.463800 0.835376
vt 0.455400 0.868176
vt 0.441400 0.827776
vt 0.418800 0.874176
vt 0.450600 0.908576
vt 0.402600 0.970976
vt 0.332800 0.962576
vt 0.352200 0.872975
vt 0.366600 0.823775
vt 0.384800 0.794176
vt 0.982000 0.173376
vt 0.850800 0.173376
vt 0.982000 0.272976
vt 0.850800 0.271375
vt 0.985600 0.374176
vt 0.849000 0.374176
vt 0.985600 0.462976
vt 0.847400 0.462976
vt 0.987400 0.546976
vt 0.845600 0.546976
vt 0.987400 0.640576
vt 0.842000 0.640576
vn -0.8251 -0.0751 -0.5600
vn -0.7486 -0.1575 -0.6440
vn -0.7407 -0.1060 -0.6634
vn -0.6512 -0.1306 -0.7476
vn -0.6594 0.0365 -0.7509
vn -0.5987 0.1048 -0.7941
vn -0.6022 0.2295 -0.7647
vn -0.5373 0.1977 -0.8199
vn -0.4219 0.1337 0.8967
vn -0.7169 0.2895 0.6343
vn -0.6342 0.0837 0.7686
vn -0.5618 0.3100 0.7670
vn -0.6530 0.0644 0.7546
vn -0.5898 0.0643 0.8050
vn -0.4496 -0.0556 0.8915
vn -0.0521 -0.1394 0.9889
vn 0.0530 0.0592 0.9968
vn -0.2224 0.2191 0.9500
vn -0.3870 0.1111 0.9153
vn -0.0116 0.3043 0.9525
vn -0.2371 -0.0745 0.9686
vn -0.1740 -0.0629 0.9827
vn -0.1352 -0.0254 0.9905
vn -0.0719 0.0170 0.9973
vn -0.0749 0.0946 0.9927
vn 0.1537 0.0069 0.9881
vn 0.1403 0.1836 0.9729
vn -0.0291 0.3211 0.9466
vn 0.4469 0.2310 0.8642
vn 0.5795 0.0217 0.8147
vn 0.6521 0.2149 0.7270
vn 0.6543 0.3486 0.6711
vn -0.1657 -0.0109 0.9861
vn -0.9931 -0.0386 0.1103
vn -0.9714 -0.1080 0.2114
vn -0.8880 0.4179 0.1917
vn -0.9060 -0.4077 0.1136
vn -0.8417 0.5199 0.1461
vn -0.8481 0.5151 0.1242
vn -0.9850 0.1674 0.0410
vn -0.9795 -0.1633 -0.1177
vn -0.9396 -0.2477 0.2360
vn -0.8822 -0.3450 0.3204
vn -0.7683 -0.2099 0.6046
vn 0.9941 0.0865 -0.0658
vn 0.9926 -0.1032 0.0645
vn 0.7077 0.3731 0.6000
vn 0.8201 0.1241 0.5586
vn 0.8547 -0.2354 0.4626
vn 0.9848 -0.1734 0.0048
vn -0.8711 0.4865 -0.0664
vn 0.8866 -0.3037 -0.3488
vn 0.9060 -0.2326 -0.3536
vn 0.9569 -0.0106 -0.2902
vn 0.9526 0.0519 -0.2999
vn -0.8765 -0.3332 0.3476
vn -0.8467 -0.3404 0.4089
vn -0.8814 -0.3508 0.3162
vn -0.7414 -0.1732 0.6483
vn -0.7571 -0.1350 0.6392
vn -0.6629 -0.1129 0.7402
vn -0.8341 -0.2592 0.4870
vn -0.8832 -0.2583 0.3915
vn -0.7697 -0.2989 0.5641
vn -0.8429 -0.1877 0.5043
vn 0.9155 -0.1021 -0.3891
vn 0.9228 -0.0071 -0.3853
vn 0.9220 -0.0031 -0.3872
vn 0.8903 -0.1409 -0.4331
vn 0.9209 -0.1511 -0.3593
vn 0.8480 -0.1225 -0.5157
vn 0.9905 -0.0903 -0.1041
vn 0.9930 0.0202 -0.1166
vn 0.9948 0.0711 -0.0726
vn 0.9424 0.3146 -0.1137
vn 0.9180 0.3915 -0.0633
vn 0.8543 0.5139 -0.0781
vn 0.8860 0.4635 0.0109
vn 0.7557 -0.0219 0.6546
vn 0.9321 0.0471 0.3592
vn 0.9382 -0.0775 0.3372
vn 0.9365 -0.1838 0.2986
vn -0.2323 -0.3628 0.9025
vn -0.0504 -0.0308 0.9983
vn 0.7111 -0.3390 0.6160
vn 0.5263 0.3107 0.7915
vn 0.8393 -0.5436 -0.0119
vn 0.9937 -0.1106 0.0184
vn 0.8983 0.2216 0.3794
vn 0.8828 0.0930 0.4605
vn 0.4226 0.8615 -0.2815
vn 0.4504 0.8827 -0.1338
vn 0.6483 0.7394 0.1818
vn 0.7592 0.5818 0.2918
vn 0.8396 0.3533 0.4127
vn 0.8202 0.5710 0.0365
vn -0.8966 -0.1450 -0.4184
vn -0.9030 -0.1290 -0.4099
vn -0.9095 0.0181 -0.4154
vn -0.9184 -0.0226 -0.3951
vn -0.8961 0.1656 -0.4117
vn -0.8624 0.2615 -0.4334
vn -0.7462 -0.1413 -0.6506
vn -0.5138 -0.1548 -0.8438
vn -0.7299 -0.0817 -0.6786
vn -0.7128 -0.0133 -0.7013
vn -0.7040 0.0751 -0.7063
vn -0.6942 0.0623 -0.7171
vn -0.2894 0.0511 -0.9559
vn -0.2954 0.0579 -0.9536
vn -0.2769 -0.0370 -0.9602
vn -0.2990 -0.0601 -0.9524
vn -0.0447 -0.0724 -0.9964
vn 0.0486 0.2595 -0.9645
vn 0.0953 0.2092 -0.9732
vn 0.1079 0.1194 -0.9870
vn 0.1349 0.0107 -0.9908
vn 0.1304 -0.0630 -0.9895
vn -0.9791 0.1955 0.0564
vn -0.9770 0.2030 0.0657
vn -0.9950 0.0830 0.0563
vn -0.9968 -0.0081 0.0795
vn -0.9898 -0.1176 0.0801
vn -0.9894 -0.0738 0.1253
vn -0.1235 0.4252 0.8966
vn -0.4317 0.3592 0.8274
vn -0.5752 0.2286 0.7854
vn -0.8585 -0.0203 0.5124
vn -0.9718 -0.1350 0.1933
vn -0.9478 -0.2766 0.1586
vn -0.9946 -0.1008 -0.0266
vn -0.9737 0.0891 -0.2099
vn -0.2230 0.5275 -0.8198
vn 0.2553 0.3177 -0.9132
vn 0.0093 0.6336 -0.7736
vn 0.2970 0.3124 -0.9023
vn 0.5515 0.1304 -0.8239
vn 0.5286 0.0345 -0.8482
vn 0.5094 0.0534 -0.8589
vn 0.2174 0.4918 -0.8431
vn 0.1434 0.6510 -0.7454
vn 0.5991 0.1990 -0.7755
vn -0.1848 0.2543 0.9493
vn -0.0138 0.5153 0.8569
vn 0.1825 0.3784 0.9075
vn 0.5709 0.5186 0.6364
vn 0.8687 0.2811 0.4079
vn 0.9223 0.3836 -0.0477
vn 0.9521 0.2708 -0.1417
vn 0.8371 0.3994 -0.3739
vn -0.2597 0.9081 0.3286
vn -0.2545 0.9082 0.3322
vn -0.0783 0.9389 0.3351
vn 0.1152 0.9360 0.3327
vn 0.4236 0.8548 0.2996
vn 0.5523 0.7853 0.2800
vn 0.7641 0.6015 0.2331
vn 0.8436 0.5028 0.1887
vn 0.9099 0.3861 0.1519
vn 0.8995 0.4196 0.1214
vn -0.3703 0.5622 -0.7395
vn -0.1341 0.6387 -0.7577
vn 0.0570 0.5670 -0.8217
vn 0.3716 0.4533 -0.8102
vn 0.5079 0.3040 -0.8060
vn 0.7207 0.1387 -0.6792
vn 0.8563 -0.0038 -0.5165
vn 0.9685 -0.2424 -0.0575
vn 0.9833 -0.1663 -0.0734
vn 0.9387 -0.1468 0.3119
vn 0.9226 -0.1473 -0.3564
vn 0.9865 -0.1002 -0.1298
vn 0.8517 0.1589 0.4994
vn 0.3682 0.3266 0.8705
vn 0.2838 0.3358 0.8982
vn 0.0682 0.3149 0.9467
vn 0.4733 0.0709 -0.8780
vn 0.5288 0.0819 -0.8448
vn 0.5116 0.1279 -0.8497
vn 0.5390 0.0221 -0.8420
vn 0.5294 -0.0593 -0.8463
vn 0.4976 -0.1080 -0.8606
vn 0.9063 0.2103 -0.3665
vn 0.9901 0.1257 -0.0623
vn 0.9286 0.2352 -0.2869
vn 0.9683 -0.0004 0.2497
vn 0.8307 -0.0925 0.5490
vn 0.8403 -0.0996 0.5329
vn -0.6436 0.1093 -0.7575
vn -0.4684 0.1168 -0.8757
vn -0.6652 0.0762 -0.7428
vn -0.2788 -0.0926 -0.9559
vn 0.0517 0.0077 -0.9986
vn 0.1134 -0.2193 -0.9690
vn 0.0891 -0.3563 -0.9301
vn -0.3349 -0.2012 -0.9205
vn -0.6916 -0.0089 -0.7223
vn 0.4659 -0.1825 0.8658
vn 0.5203 -0.1900 0.8326
vn 0.5772 -0.1108 0.8091
vn 0.6481 -0.0317 0.7609
vn 0.7119 0.2014 0.6728
vn 0.7299 0.3508 0.5867
vn 0.6646 0.6183 0.4194
vn 0.7111 0.5813 0.3955
vn 0.5881 0.7355 0.3363
vn 0.4831 0.7936 0.3698
vn -0.9670 -0.2445 0.0721
vn -0.8903 -0.3678 0.2683
vn -0.9385 0.1383 -0.3165
vn -0.8327 -0.5280 0.1671
vn -0.8435 -0.3648 0.3943
vn -0.6969 -0.3797 0.6084
vn -0.7558 -0.5478 0.3588
vn -0.0132 -0.4708 -0.8821
vn 0.0827 -0.3725 -0.9244
vn 0.2787 -0.4808 -0.8314
vn 0.5458 -0.2591 -0.7969
vn 0.2043 -0.1175 -0.9718
vn 0.2120 -0.0177 -0.9771
vn 0.4646 -0.0549 -0.8838
vn 0.7285 0.0629 -0.6821
vn 0.8434 -0.2167 -0.4917
vn 0.7888 -0.3830 -0.4807
vn 0.6897 -0.4903 -0.5329
vn 0.0947 0.5621 -0.8217
vn 0.3442 0.5060 -0.7909
vn 0.5360 0.5814 -0.6121
vn 0.8853 0.3107 -0.3460
vn 0.5334 0.1590 -0.8308
vn 0.9469 0.2294 -0.2253
vn 0.9705 0.1991 0.1363
vn 0.9628 0.2632 0.0607
vn 0.9663 0.2554 0.0325
vn 0.9673 0.2367 -0.0910
vn -0.8672 0.4493 0.2144
vn -0.8623 0.4561 0.2203
vn -0.7966 0.5737 0.1905
vn -0.7079 0.6877 0.1612
vn -0.5020 0.8608 0.0842
vn -0.3926 0.9190 0.0352
vn -0.1367 0.9880 -0.0718
vn -0.0054 0.9907 -0.1360
vn 0.2324 0.9483 -0.2161
vn 0.4119 0.8877 -0.2058
vn 0.5392 0.8163 -0.2070
vn 0.6596 0.7382 -0.1415
usemtl hair.004
s 1
f 3889/4374/3899 3890/4375/3900 3891/4376/3901
f 3892/4377/3902 3891/4376/3901 3890/4375/3900
f 3891/4376/3901 3892/4377/3902 3893/4378/3903
f 3894/4379/3904 3893/4378/3903 3892/4377/3902
f 3893/4378/3903 3894/4379/3904 3895/4380/3905
f 3896/4381/3906 3895/4380/3905 3894/4379/3904
f 3897/4382/3907 3898/4383/3908 3899/4384/3909
f 3898/4383/3908 3897/4382/3907 3900/4385/3910
f 3901/4386/3911 3902/4387/3912 3899/4384/3909
f 3903/4388/3913 3899/4384/3909 3902/4387/3912
f 3899/4384/3909 3903/4388/3913 3897/4382/3907
f 3904/4389/3914 3897/4382/3907 3903/4388/3913
f 3905/4390/3915 3897/4382/3907 3904/4389/3914
f 3897/4382/3907 3905/4390/3915 3906/4391/3916
f 3906/4391/3916 3900/4385/3910 3897/4382/3907
f 3907/4392/3917 3900/4385/3910 3906/4391/3916
f 3908/4393/3918 3906/4391/3916 3905/4390/3915
f 3909/4394/3919 3910/4395/3920 3911/4396/3921
f 3912/4397/3922 3911/4396/3921 3910/4395/3920
f 3911/4396/3921 3912/4397/3922 3913/4398/3923
f 3914/4399/3924 3913/4398/3923 3912/4397/3922
f 3915/4400/3925 3913/4398/3923 3914/4399/3924
f 3913/4398/3923 3915/4400/3925 3916/4401/3926
f 3916/4401/3926 3915/4400/3925 3908/4393/3918
f 3908/4393/3918 3915/4400/3925 3917/4402/3927
f 3917/4402/3927 3915/4400/3925 3918/4403/3928
f 3918/4403/3928 3919/4404/3929 3917/4402/3927
f 3920/4405/3930 3917/4402/3927 3919/4404/3929
f 3914/4399/3924 3918/4403/3928 3915/4400/3925
f 3921/4406/3931 3922/4407/3931 3923/4408/3931
f 3924/4409/3932 3925/4410/3933 3926/4411/3934
f 3925/4410/3933 3924/4409/3932 3927/4412/3935
f 3928/4413/3936 3926/4411/3934 3929/4414/3937
f 3926/4411/3934 3928/4413/3936 3924/4409/3932
f 3930/4415/3938 3924/4409/3932 3928/4413/3936
f 3931/4416/3939 3924/4409/3932 3930/4415/3938
f 3932/4417/3940 3924/4409/3932 3931/4416/3939
f 3924/4409/3932 3932/4417/3940 3933/4418/3941
f 3933/4418/3941 3927/4412/3935 3924/4409/3932
f 3934/4419/3942 3933/4418/3941 3932/4417/3940
f 3935/4420/3943 3936/4421/3944 3937/4422/3945
f 3937/4422/3945 3936/4421/3944 3938/4423/3946
f 3938/4423/3946 3936/4421/3944 3939/4424/3947
f 3939/4424/3947 3940/4425/3948 3941/4426/3949
f 3940/4425/3948 3939/4424/3947 3936/4421/3944
f 3936/4421/3944 3942/4427/3950 3940/4425/3948
f 3942/4427/3950 3936/4421/3944 3943/4428/3951
f 3944/4429/3952 3943/4428/3951 3936/4421/3944
f 3936/4421/3944 3935/4420/3943 3944/4429/3952
f 3945/4430/3953 3944/4429/3952 3935/4420/3943
f 3946/4431/3954 3947/4432/3955 3948/4433/3956
f 3949/4434/3957 3950/4435/3958 3951/4436/3959
f 3950/4435/3958 3949/4434/3957 3952/4437/3960
f 3953/4438/3961 3952/4437/3960 3949/4434/3957
f 3948/4433/3956 3952/4437/3960 3953/4438/3961
f 3952/4437/3960 3948/4433/3956 3947/4432/3955
f 3947/4432/3955 3954/4439/3962 3952/4437/3960
f 3952/4437/3960 3955/4440/3963 3950/4435/3958
f 3955/4440/3963 3952/4437/3960 3954/4439/3962
f 3956/4441/3964 3957/4442/3965 3958/4443/3966
f 3958/4443/3966 3959/4444/3967 3956/4441/3964
f 3960/4445/3968 3956/4441/3964 3959/4444/3967
f 3959/4444/3967 3961/4446/3969 3960/4445/3968
f 3962/4447/3970 3963/4448/3971 3960/4445/3968
f 3963/4448/3971 3962/4447/3970 3964/4449/3972
f 3965/4450/3973 3963/4448/3971 3964/4449/3972
f 3965/4450/3973 3964/4449/3972 3966/4451/3974
f 3967/4452/3975 3965/4450/3973 3966/4451/3974
f 3968/4453/3976 3967/4452/3975 3966/4451/3974
f 3969/4454/3977 3970/4455/3978 3971/4456/3979
f 3972/4457/3980 3971/4456/3979 3970/4455/3978
f 3971/4456/3979 3972/4457/3980 3973/4458/3981
f 3973/4458/3981 3972/4457/3980 3974/4459/3982
f 3974/4459/3982 3975/4460/3983 3976/4461/3984
f 3975/4460/3983 3974/4459/3982 3972/4457/3980
f 3972/4457/3980 3977/4462/3985 3975/4460/3983
f 3977/4462/3985 3972/4457/3980 3978/4463/3986
f 3978/4463/3986 3972/4457/3980 3979/4464/3987
f 3979/4464/3987 3972/4457/3980 3980/4465/3988
f 3970/4455/3978 3980/4465/3988 3972/4457/3980
f 3981/4466/3989 3982/4467/3990 3983/4468/3991
f 3982/4467/3990 3984/4469/3992 3983/4468/3991
f 3984/4469/3992 3985/4470/3993 3983/4468/3991
f 3984/4469/3992 3986/4471/3994 3985/4470/3993
f 3987/4472/3995 3988/4473/3996 3989/4474/3997
f 3988/4473/3996 3990/4475/3998 3989/4474/3997
f 3990/4475/3998 3991/4476/3999 3989/4474/3997
f 3991/4476/3999 3992/4477/4000 3989/4474/3997
f 3993/4478/4001 3994/4479/4002 3995/4480/4003
f 3994/4479/4002 3996/4481/4004 3995/4480/4003
f 3996/4481/4004 3997/4482/4005 3995/4480/4003
f 3996/4481/4004 3998/4483/4006 3997/4482/4005
f 3999/4484/4007 4000/4485/4008 4001/4486/4009
f 4000/4485/4008 4002/4487/4010 4001/4486/4009
f 4002/4487/4010 3994/4479/4002 4001/4486/4009
f 3994/4479/4002 4003/4488/4011 4001/4486/4009
f 4004/4489/4012 4005/4490/4013 4006/4491/4014
f 4005/4490/4013 4007/4492/4015 4006/4491/4014
f 4007/4492/4015 4008/4493/4016 4006/4491/4014
f 4007/4492/4015 4003/4488/4011 4008/4493/4016
f 4009/4494/4017 4010/4495/4018 4011/4496/4019
f 4010/4495/4018 4012/4497/4020 4011/4496/4019
f 4012/4497/4020 4013/4498/4021 4011/4496/4019
f 4012/4497/4020 4014/4499/4022 4013/4498/4021
f 4015/4500/4023 4016/4501/4024 4017/4502/4025
f 4018/4503/4026 4017/4502/4025 4016/4501/4024
f 4017/4502/4025 4018/4503/4026 4019/4504/4027
f 4020/4505/4028 4019/4504/4027 4018/4503/4026
f 4021/4506/4029 4019/4504/4027 4020/4505/4028
f 4019/4504/4027 4021/4506/4029 4022/4507/4030
f 4023/4508/4031 4024/4509/4032 4025/4510/4033
f 4026/4511/4034 4024/4509/4032 4023/4508/4031
f 4024/4509/4032 4026/4511/4034 4027/4512/4035
f 4027/4512/4035 4028/4513/4036 4024/4509/4032
f 4029/4514/4037 4024/4509/4032 4028/4513/4036
f 4024/4509/4032 4029/4514/4037 4030/4515/4038
f 4030/4515/4038 4025/4510/4033 4024/4509/4032
f 4025/4510/4033 4030/4515/4038 4031/4516/4039
f 4032/4517/4040 4027/4512/4035 4026/4511/4034
f 4033/4518/4041 4034/4519/4042 4035/4520/4043
f 4036/4521/4044 4035/4520/4043 4034/4519/4042
f 4035/4520/4043 4036/4521/4044 4037/4522/4045
f 4038/4523/4046 4037/4522/4045 4036/4521/4044
f 4037/4522/4045 4038/4523/4046 4039/4524/4047
f 4040/4525/4048 4039/4524/4047 4038/4523/4046
f 4041/4526/4049 4042/4527/4050 4043/4528/4051
f 4044/4529/4052 4043/4528/4051 4042/4527/4050
f 4043/4528/4051 4044/4529/4052 4045/4530/4053
f 4046/4531/4054 4045/4530/4053 4044/4529/4052
f 4045/4530/4053 4046/4531/4054 4047/4532/4055
f 4048/4533/4056 4047/4532/4055 4046/4531/4054
f 4047/4532/4055 4048/4533/4056 4049/4534/4057
f 4050/4535/4058 4049/4534/4057 4048/4533/4056
f 4051/4536/4059 4052/4537/4060 4053/4538/4061
f 4054/4539/4062 4053/4538/4061 4052/4537/4060
f 4053/4538/4061 4054/4539/4062 4055/4540/4063
f 4056/4541/4064 4055/4540/4063 4054/4539/4062
f 4055/4540/4063 4056/4541/4064 4057/4542/4065
f 4058/4543/4066 4057/4542/4065 4056/4541/4064
f 4057/4542/4065 4058/4543/4066 4059/4544/4067
f 4060/4545/4068 4059/4544/4067 4058/4543/4066
f 4061/4546/4069 4059/4544/4067 4060/4545/4068
f 4059/4544/4067 4061/4546/4069 4062/4547/4070
f 4063/4548/4071 4062/4547/4070 4061/4546/4069
f 4062/4547/4070 4063/4548/4071 4064/4549/4072
f 4065/4550/4073 4064/4549/4072 4063/4548/4071
f 4064/4549/4072 4065/4550/4073 4066/4551/4074
f 4067/4552/4075 4068/4553/4076 4069/4554/4077
f 4068/4553/4076 4070/4555/4078 4069/4554/4077
f 4068/4553/4076 4071/4556/4079 4070/4555/4078
f 4071/4556/4079 4072/4557/4080 4070/4555/4078
f 4073/4558/4081 4074/4559/4082 4075/4560/4083
f 4076/4561/4084 4074/4559/4082 4073/4558/4081
f 4074/4559/4082 4076/4561/4084 4077/4562/4085
f 4078/4563/4086 4077/4562/4085 4076/4561/4084
f 4079/4564/4087 4080/4565/4088 4081/4566/4089
f 4082/4567/4090 4081/4566/4089 4080/4565/4088
f 4080/4565/4088 4083/4568/4091 4082/4567/4090
f 4084/4569/4092 4082/4567/4090 4083/4568/4091
f 4085/4570/4093 4082/4567/4090 4084/4569/4092
f 4086/4571/4094 4082/4567/4090 4085/4570/4093
f 4087/4572/4095 4082/4567/4090 4086/4571/4094
f 4081/4566/4089 4082/4567/4090 4087/4572/4095
f 4088/4573/4096 4089/4574/4097 4090/4575/4098
f 4091/4576/4099 4090/4575/4098 4089/4574/4097
f 4090/4575/4098 4091/4576/4099 4092/4577/4100
f 4093/4578/4101 4092/4577/4100 4091/4576/4099
f 4092/4577/4100 4093/4578/4101 4094/4579/4102
f 4095/4580/4103 4094/4579/4102 4093/4578/4101
f 4096/4581/4104 4094/4579/4102 4095/4580/4103
f 4094/4579/4102 4096/4581/4104 4097/4582/4105
f 4098/4583/4106 4099/4584/4107 4100/4585/4108
f 4101/4586/4109 4099/4584/4107 4098/4583/4106
f 4102/4587/4110 4099/4584/4107 4101/4586/4109
f 4103/4588/4111 4099/4584/4107 4102/4587/4110
f 4104/4589/4112 4099/4584/4107 4103/4588/4111
f 4105/4590/4113 4106/4591/4114 4107/4592/4115
f 4108/4593/4116 4107/4592/4115 4106/4591/4114
f 4106/4591/4114 4109/4594/4117 4108/4593/4116
f 4110/4595/4118 4108/4593/4116 4109/4594/4117
f 4111/4596/4119 4108/4593/4116 4110/4595/4118
f 4112/4597/4120 4108/4593/4116 4111/4596/4119
f 4113/4598/4121 4108/4593/4116 4112/4597/4120
f 4114/4599/4122 4108/4593/4116 4113/4598/4121
f 4115/4600/4123 4108/4593/4116 4114/4599/4122
f 4107/4592/4115 4108/4593/4116 4115/4600/4123
f 4116/4601/4124 4117/4602/4125 4118/4603/4126
f 4119/4604/4127 4118/4603/4126 4117/4602/4125
f 4117/4602/4125 4120/4605/4128 4119/4604/4127
f 4112/4597/4120 4119/4604/4127 4120/4605/4128
f 4121/4606/4129 4119/4604/4127 4112/4597/4120
f 4122/4607/4130 4119/4604/4127 4121/4606/4129
f 4123/4608/4131 4119/4604/4127 4122/4607/4130
f 4124/4609/4132 4119/4604/4127 4123/4608/4131
f 4125/4610/4133 4119/4604/4127 4124/4609/4132
f 4118/4603/4126 4119/4604/4127 4125/4610/4133
f 4126/4611/4134 4127/4612/4135 4128/4613/4136
f 4129/4614/4137 4128/4613/4136 4127/4612/4135
f 4128/4613/4136 4129/4614/4137 4130/4615/4138
f 4131/4616/4139 4130/4615/4138 4129/4614/4137
f 4130/4615/4138 4131/4616/4139 4132/4617/4140
f 4133/4618/4141 4132/4617/4140 4131/4616/4139
f 4132/4617/4140 4133/4618/4141 4134/4619/4142
f 4135/4620/4143 4134/4619/4142 4133/4618/4141
f 4134/4619/4142 4135/4620/4143 4136/4621/4144
f 4137/4622/4145 4136/4621/4144 4135/4620/4143
